Date,month,strike,cp,settle,Volume,OpenInterest
20260923,202609F4,40900,買權,7180.0,0,0
20260923,202609F4,40900,賣權,0.3,122,95
20260923,202609F4,41000,買權,7080.0,0,0
20260923,202609F4,41000,賣權,0.3,9,12
20260923,202609F4,41100,買權,6980.0,0,0
20260923,202609F4,41100,賣權,0.3,6,5
20260923,202609F4,41200,買權,6880.0,0,0
20260923,202609F4,41200,賣權,0.4,8,6
20260923,202609F4,41300,買權,6780.0,0,0
20260923,202609F4,41300,賣權,0.4,5,8
20260923,202609F4,41400,買權,6680.0,0,0
20260923,202609F4,41400,賣權,0.5,5,6
20260923,202609F4,41500,買權,6580.0,0,0
20260923,202609F4,41500,賣權,0.5,5,991
20260923,202609F4,41600,買權,6480.0,0,0
20260923,202609F4,41600,賣權,0.5,5,5
20260923,202609F4,41700,買權,6380.0,0,0
20260923,202609F4,41700,賣權,0.5,5,6
20260923,202609F4,41800,買權,6280.0,0,0
20260923,202609F4,41800,賣權,0.5,6,5
20260923,202609F4,41900,買權,6180.0,0,0
20260923,202609F4,41900,賣權,0.5,5,5
20260923,202609F4,42000,買權,6080.0,0,0
20260923,202609F4,42000,賣權,0.5,11,97
20260923,202609F4,42100,買權,5980.0,0,0
20260923,202609F4,42100,賣權,0.5,6,6
20260923,202609F4,42200,買權,5880.0,0,0
20260923,202609F4,42200,賣權,0.5,5,38
20260923,202609F4,42300,買權,5780.0,0,0
20260923,202609F4,42300,賣權,0.5,5,15
20260923,202609F4,42400,買權,5680.0,0,0
20260923,202609F4,42400,賣權,0.5,14,25
20260923,202609F4,42500,買權,5580.0,0,0
20260923,202609F4,42500,賣權,0.6,91,293
20260923,202609F4,42600,買權,5480.0,0,0
20260923,202609F4,42600,賣權,0.7,5,6
20260923,202609F4,42700,買權,5380.0,0,0
20260923,202609F4,42700,賣權,0.7,5,212
20260923,202609F4,42800,買權,5280.0,0,0
20260923,202609F4,42800,賣權,0.8,32,25
20260923,202609F4,42900,買權,5180.0,0,0
20260923,202609F4,42900,賣權,0.8,61,61
20260923,202609F4,43000,買權,5080.0,0,0
20260923,202609F4,43000,賣權,0.9,763,1268
20260923,202609F4,43100,買權,4980.0,0,0
20260923,202609F4,43100,賣權,1.0,5,7
20260923,202609F4,43200,買權,4880.0,0,0
20260923,202609F4,43200,賣權,1.1,5,7
20260923,202609F4,43300,買權,4780.0,0,0
20260923,202609F4,43300,賣權,1.3,5,10
20260923,202609F4,43400,買權,4680.0,0,0
20260923,202609F4,43400,賣權,1.5,7,17
20260923,202609F4,43500,買權,4580.0,0,0
20260923,202609F4,43500,賣權,1.6,6,18
20260923,202609F4,43600,買權,4480.0,0,0
20260923,202609F4,43600,賣權,1.7,7,14
20260923,202609F4,43700,買權,4380.0,0,0
20260923,202609F4,43700,賣權,1.9,7,23
20260923,202609F4,43800,買權,4280.0,0,0
20260923,202609F4,43800,賣權,2.1,8,26
20260923,202609F4,43900,買權,4180.0,0,0
20260923,202609F4,43900,賣權,2.2,7,12
20260923,202609F4,44000,買權,4080.0,0,0
20260923,202609F4,44000,賣權,2.4,13,79
20260923,202609F4,44100,買權,3980.0,0,0
20260923,202609F4,44100,賣權,2.6,6,6
20260923,202609F4,44150,買權,3930.0,0,0
20260923,202609F4,44150,賣權,2.6,15,21
20260923,202609F4,44200,買權,3880.0,0,0
20260923,202609F4,44200,賣權,2.9,26,29
20260923,202609F4,44250,買權,3830.0,0,0
20260923,202609F4,44250,賣權,3.0,30,35
20260923,202609F4,44300,買權,3780.0,0,0
20260923,202609F4,44300,賣權,3.3,23,13
20260923,202609F4,44350,買權,3730.0,0,0
20260923,202609F4,44350,賣權,3.3,26,87
20260923,202609F4,44400,買權,3680.0,0,2
20260923,202609F4,44400,賣權,3.5,6,16
20260923,202609F4,44450,買權,3630.0,0,1
20260923,202609F4,44450,賣權,3.7,9,6
20260923,202609F4,44500,買權,3580.0,0,0
20260923,202609F4,44500,賣權,3.8,24,279
20260923,202609F4,44550,買權,3530.0,0,0
20260923,202609F4,44550,賣權,4.0,6,8
20260923,202609F4,44600,買權,3480.0,0,0
20260923,202609F4,44600,賣權,4.2,13,10
20260923,202609F4,44650,買權,3430.0,0,0
20260923,202609F4,44650,賣權,4.5,8,7
20260923,202609F4,44700,買權,3390.0,0,2
20260923,202609F4,44700,賣權,4.7,24,28
20260923,202609F4,44750,買權,3340.0,0,1
20260923,202609F4,44750,賣權,4.9,14,16
20260923,202609F4,44800,買權,3290.0,0,1
20260923,202609F4,44800,賣權,5.3,14,27
20260923,202609F4,44850,買權,3240.0,0,0
20260923,202609F4,44850,賣權,5.5,12,16
20260923,202609F4,44900,買權,3190.0,0,0
20260923,202609F4,44900,賣權,5.9,16,36
20260923,202609F4,44950,買權,3140.0,0,1
20260923,202609F4,44950,賣權,6.0,15,20
20260923,202609F4,45000,買權,3090.0,0,1
20260923,202609F4,45000,賣權,6.4,80,72
20260923,202609F4,45050,買權,3040.0,0,0
20260923,202609F4,45050,賣權,6.7,5,11
20260923,202609F4,45100,買權,2990.0,0,1
20260923,202609F4,45100,賣權,7.0,25,30
20260923,202609F4,45150,買權,2940.0,0,0
20260923,202609F4,45150,賣權,7.6,19,15
20260923,202609F4,45200,買權,2890.0,0,1
20260923,202609F4,45200,賣權,7.8,19,22
20260923,202609F4,45250,買權,2840.0,0,0
20260923,202609F4,45250,賣權,8.2,12,9
20260923,202609F4,45300,買權,2790.0,0,1
20260923,202609F4,45300,賣權,8.5,25,26
20260923,202609F4,45350,買權,2740.0,0,0
20260923,202609F4,45350,賣權,9.1,39,33
20260923,202609F4,45400,買權,2690.0,0,551
20260923,202609F4,45400,賣權,9.5,67,76
20260923,202609F4,45450,買權,2640.0,0,1
20260923,202609F4,45450,賣權,10.0,23,21
20260923,202609F4,45500,買權,2590.0,0,1
20260923,202609F4,45500,賣權,11.0,142,137
20260923,202609F4,45550,買權,2540.0,0,0
20260923,202609F4,45550,賣權,11.5,34,31
20260923,202609F4,45600,買權,2490.0,0,551
20260923,202609F4,45600,賣權,12.0,14,199
20260923,202609F4,45650,買權,2440.0,0,5
20260923,202609F4,45650,賣權,12.0,64,39
20260923,202609F4,45700,買權,2390.0,0,5
20260923,202609F4,45700,賣權,13.0,66,40
20260923,202609F4,45750,買權,2340.0,0,7
20260923,202609F4,45750,賣權,14.5,35,23
20260923,202609F4,45800,買權,2300.0,0,5
20260923,202609F4,45800,賣權,15.0,226,120
20260923,202609F4,45850,買權,2250.0,0,5
20260923,202609F4,45850,賣權,16.5,95,14
20260923,202609F4,45900,買權,2200.0,0,6
20260923,202609F4,45900,賣權,16.5,96,120
20260923,202609F4,45950,買權,2150.0,0,5
20260923,202609F4,45950,賣權,18.0,134,116
20260923,202609F4,46000,買權,2100.0,0,6
20260923,202609F4,46000,賣權,19.5,447,368
20260923,202609F4,46050,買權,2050.0,0,5
20260923,202609F4,46050,賣權,20.0,15,10
20260923,202609F4,46100,買權,2000.0,0,11
20260923,202609F4,46100,賣權,21.5,49,27
20260923,202609F4,46150,買權,1950.0,1,7
20260923,202609F4,46150,賣權,23.5,7,1
20260923,202609F4,46200,買權,1910.0,2,4
20260923,202609F4,46200,賣權,27.0,129,90
20260923,202609F4,46250,買權,1860.0,2,5
20260923,202609F4,46250,賣權,28.0,30,25
20260923,202609F4,46300,買權,1810.0,451,456
20260923,202609F4,46300,賣權,28.5,288,252
20260923,202609F4,46350,買權,1760.0,0,3
20260923,202609F4,46350,賣權,33.0,93,69
20260923,202609F4,46400,買權,1720.0,0,4
20260923,202609F4,46400,賣權,35.5,126,112
20260923,202609F4,46450,買權,1670.0,1,7
20260923,202609F4,46450,賣權,39.5,126,94
20260923,202609F4,46500,買權,1620.0,501,502
20260923,202609F4,46500,賣權,40.5,614,527
20260923,202609F4,46550,買權,1570.0,0,4
20260923,202609F4,46550,賣權,44.0,117,72
20260923,202609F4,46600,買權,1530.0,0,8
20260923,202609F4,46600,賣權,49.0,124,76
20260923,202609F4,46650,買權,1480.0,2,6
20260923,202609F4,46650,賣權,56.0,85,59
20260923,202609F4,46700,買權,1440.0,453,450
20260923,202609F4,46700,賣權,59.0,214,176
20260923,202609F4,46750,買權,1390.0,4,2
20260923,202609F4,46750,賣權,65.0,28,28
20260923,202609F4,46800,買權,1350.0,1,5
20260923,202609F4,46800,賣權,70.0,176,151
20260923,202609F4,46850,買權,1300.0,1,4
20260923,202609F4,46850,賣權,76.0,86,41
20260923,202609F4,46900,買權,1260.0,458,451
20260923,202609F4,46900,賣權,79.0,157,96
20260923,202609F4,46950,買權,1220.0,5,1
20260923,202609F4,46950,賣權,92.0,69,28
20260923,202609F4,47000,買權,1170.0,12,20
20260923,202609F4,47000,賣權,94.0,700,369
20260923,202609F4,47050,買權,1130.0,1,5
20260923,202609F4,47050,賣權,108.0,63,33
20260923,202609F4,47100,買權,1090.0,1,4
20260923,202609F4,47100,賣權,115.0,143,93
20260923,202609F4,47150,買權,1050.0,0,6
20260923,202609F4,47150,賣權,127.0,44,45
20260923,202609F4,47200,買權,1010.0,12,32
20260923,202609F4,47200,賣權,137.0,111,108
20260923,202609F4,47250,買權,970.0,0,9
20260923,202609F4,47250,賣權,140.0,27,20
20260923,202609F4,47300,買權,930.0,0,553
20260923,202609F4,47300,賣權,160.0,99,72
20260923,202609F4,47350,買權,895.0,0,9
20260923,202609F4,47350,賣權,163.0,50,29
20260923,202609F4,47400,買權,860.0,6,13
20260923,202609F4,47400,賣權,188.0,205,118
20260923,202609F4,47450,買權,820.0,10,12
20260923,202609F4,47450,賣權,190.0,156,82
20260923,202609F4,47500,買權,785.0,46,43
20260923,202609F4,47500,賣權,211.0,480,237
20260923,202609F4,47550,買權,750.0,9,3
20260923,202609F4,47550,賣權,220.0,43,31
20260923,202609F4,47600,買權,715.0,45,76
20260923,202609F4,47600,賣權,240.0,135,71
20260923,202609F4,47650,買權,685.0,18,4
20260923,202609F4,47650,賣權,252.0,48,26
20260923,202609F4,47700,買權,650.0,62,58
20260923,202609F4,47700,賣權,275.0,227,65
20260923,202609F4,47750,買權,620.0,22,21
20260923,202609F4,47750,賣權,288.0,41,36
20260923,202609F4,47800,買權,585.0,72,60
20260923,202609F4,47800,賣權,305.0,188,101
20260923,202609F4,47850,買權,555.0,24,7
20260923,202609F4,47850,賣權,327.0,46,33
20260923,202609F4,47900,買權,530.0,32,13
20260923,202609F4,47900,賣權,356.0,119,67
20260923,202609F4,47950,買權,500.0,20,12
20260923,202609F4,47950,賣權,370.0,118,39
20260923,202609F4,48000,買權,466.0,290,175
20260923,202609F4,48000,賣權,396.0,444,224
20260923,202609F4,48050,買權,423.0,94,72
20260923,202609F4,48050,賣權,433.0,108,38
20260923,202609F4,48100,買權,422.0,134,69
20260923,202609F4,48100,賣權,446.0,111,65
20260923,202609F4,48150,買權,398.0,54,34
20260923,202609F4,48150,賣權,485.0,15,14
20260923,202609F4,48200,買權,375.0,268,98
20260923,202609F4,48200,賣權,510.0,201,133
20260923,202609F4,48250,買權,353.0,56,48
20260923,202609F4,48250,賣權,545.0,13,11
20260923,202609F4,48300,買權,326.0,172,98
20260923,202609F4,48300,賣權,550.0,14,15
20260923,202609F4,48350,買權,310.0,27,24
20260923,202609F4,48350,賣權,600.0,5,13
20260923,202609F4,48400,買權,274.0,163,155
20260923,202609F4,48400,賣權,635.0,15,14
20260923,202609F4,48450,買權,256.0,48,29
20260923,202609F4,48450,賣權,665.0,26,12
20260923,202609F4,48500,買權,245.0,332,254
20260923,202609F4,48500,賣權,670.0,16,14
20260923,202609F4,48550,買權,225.0,101,72
20260923,202609F4,48550,賣權,705.0,8,5
20260923,202609F4,48600,買權,209.0,248,198
20260923,202609F4,48600,賣權,735.0,4,7
20260923,202609F4,48650,買權,200.0,143,49
20260923,202609F4,48650,賣權,775.0,6,5
20260923,202609F4,48700,買權,190.0,118,76
20260923,202609F4,48700,賣權,815.0,5,4
20260923,202609F4,48750,買權,170.0,196,150
20260923,202609F4,48750,賣權,865.0,4,4
20260923,202609F4,48800,買權,155.0,180,140
20260923,202609F4,48800,賣權,880.0,5,6
20260923,202609F4,48850,買權,141.0,59,29
20260923,202609F4,48850,賣權,920.0,4,4
20260923,202609F4,48900,買權,137.0,107,67
20260923,202609F4,48900,賣權,955.0,4,4
20260923,202609F4,48950,買權,127.0,76,22
20260923,202609F4,48950,賣權,995.0,4,4
20260923,202609F4,49000,買權,119.0,762,422
20260923,202609F4,49000,賣權,1040.0,6,16
20260923,202609F4,49050,買權,105.0,64,55
20260923,202609F4,49050,賣權,1070.0,0,0
20260923,202609F4,49100,買權,97.0,207,80
20260923,202609F4,49100,賣權,1120.0,0,2
20260923,202609F4,49150,買權,89.0,35,29
20260923,202609F4,49150,賣權,1160.0,0,0
20260923,202609F4,49200,買權,78.0,249,145
20260923,202609F4,49200,賣權,1200.0,0,2
20260923,202609F4,49300,買權,66.0,210,98
20260923,202609F4,49300,賣權,1290.0,0,0
20260923,202609F4,49400,買權,54.0,374,165
20260923,202609F4,49400,賣權,1370.0,0,0
20260923,202609F4,49500,買權,42.0,738,608
20260923,202609F4,49500,賣權,1460.0,0,0
20260923,202609F4,49600,買權,35.5,623,529
20260923,202609F4,49600,賣權,1550.0,6,3
20260923,202609F4,49700,買權,26.0,287,110
20260923,202609F4,49700,賣權,1650.0,0,0
20260923,202609F4,49800,買權,21.5,360,171
20260923,202609F4,49800,賣權,1740.0,0,0
20260923,202609F4,49900,買權,17.5,197,59
20260923,202609F4,49900,賣權,1840.0,1,1
20260923,202609F4,50000,買權,13.0,482,338
20260923,202609F4,50000,賣權,1930.0,0,4
20260923,202609F4,50100,買權,10.5,89,70
20260923,202609F4,50100,賣權,2030.0,0,0
20260923,202609F4,50200,買權,9.1,153,143
20260923,202609F4,50200,賣權,2130.0,0,0
20260923,202609F4,50300,買權,7.2,591,537
20260923,202609F4,50300,賣權,2230.0,0,0
20260923,202609F4,50400,買權,5.4,96,99
20260923,202609F4,50400,賣權,2320.0,0,0
20260923,202609F4,50500,買權,4.2,35,38
20260923,202609F4,50500,賣權,2420.0,0,0
20260923,202609F4,50600,買權,4.0,26,54
20260923,202609F4,50600,賣權,2520.0,0,0
20260923,202609F4,50700,買權,2.4,130,128
20260923,202609F4,50700,賣權,2620.0,0,0
20260923,202609F4,50800,買權,2.1,23,39
20260923,202609F4,50800,賣權,2720.0,0,0
20260923,202609F4,50900,買權,1.8,1,7
20260923,202609F4,50900,賣權,2820.0,0,0
20260923,202609F4,51000,買權,1.6,1749,1750
20260923,202609F4,51000,賣權,2920.0,0,0
20260923,202609F4,51100,買權,1.4,14,13
20260923,202609F4,51100,賣權,3020.0,0,0
20260923,202609F4,51200,買權,1.2,0,1
20260923,202609F4,51200,賣權,3120.0,0,0
20260923,202609F4,51300,買權,1.0,3,5
20260923,202609F4,51300,賣權,3220.0,0,0
20260923,202609F4,51400,買權,0.8,0,0
20260923,202609F4,51400,賣權,3320.0,0,0
20260923,202609F4,51500,買權,0.7,1111,1109
20260923,202609F4,51500,賣權,3420.0,0,0
20260923,202609F4,51600,買權,0.7,1,11
20260923,202609F4,51600,賣權,3520.0,0,0
20260923,202609F4,51700,買權,0.6,2,21
20260923,202609F4,51700,賣權,3620.0,0,0
20260923,202609F4,51800,買權,0.5,0,0
20260923,202609F4,51800,賣權,3720.0,0,0
20260923,202609F4,51900,買權,0.5,0,2455
20260923,202609F4,51900,賣權,3820.0,0,0
20260923,202609F4,52000,買權,0.5,0,235
20260923,202609F4,52000,賣權,3920.0,0,0
20260923,202609F4,52100,買權,0.4,0,0
20260923,202609F4,52100,賣權,4020.0,0,0
20260923,202609F4,52200,買權,0.4,0,0
20260923,202609F4,52200,賣權,4120.0,0,0
20260923,202609F4,52300,買權,0.4,0,0
20260923,202609F4,52300,賣權,4220.0,0,0
20260923,202609F4,52400,買權,0.3,0,0
20260923,202609F4,52400,賣權,4320.0,0,0
20260923,202609F4,52500,買權,0.3,6,13
20260923,202609F4,52500,賣權,4420.0,0,0
20260923,202609F4,52600,買權,0.2,0,0
20260923,202609F4,52600,賣權,4520.0,0,0
20260923,202609W4,40900,買權,0.0,0,0
20260923,202609W4,40900,賣權,0.0,6,141
20260923,202609W4,41000,買權,0.0,0,0
20260923,202609W4,41000,賣權,0.0,0,99
20260923,202609W4,41100,買權,0.0,0,0
20260923,202609W4,41100,賣權,0.0,0,45
20260923,202609W4,41200,買權,0.0,0,0
20260923,202609W4,41200,賣權,0.0,0,95
20260923,202609W4,41300,買權,0.0,0,0
20260923,202609W4,41300,賣權,0.0,0,44
20260923,202609W4,41400,買權,0.0,0,0
20260923,202609W4,41400,賣權,0.0,0,27
20260923,202609W4,41500,買權,0.0,0,0
20260923,202609W4,41500,賣權,0.0,0,237
20260923,202609W4,41600,買權,0.0,0,0
20260923,202609W4,41600,賣權,0.0,0,11
20260923,202609W4,41700,買權,0.0,0,0
20260923,202609W4,41700,賣權,0.0,0,389
20260923,202609W4,41800,買權,0.0,0,0
20260923,202609W4,41800,賣權,0.0,1,29
20260923,202609W4,41900,買權,0.0,0,0
20260923,202609W4,41900,賣權,0.0,1,40
20260923,202609W4,42000,買權,0.0,0,0
20260923,202609W4,42000,賣權,0.0,5,246
20260923,202609W4,42100,買權,0.0,0,0
20260923,202609W4,42100,賣權,0.0,1,52
20260923,202609W4,42200,買權,0.0,0,0
20260923,202609W4,42200,賣權,0.0,1,108
20260923,202609W4,42300,買權,0.0,0,0
20260923,202609W4,42300,賣權,0.0,1,447
20260923,202609W4,42400,買權,0.0,0,0
20260923,202609W4,42400,賣權,0.0,1,57
20260923,202609W4,42500,買權,0.0,0,0
20260923,202609W4,42500,賣權,0.0,4,911
20260923,202609W4,42600,買權,0.0,0,0
20260923,202609W4,42600,賣權,0.0,9,186
20260923,202609W4,42700,買權,0.0,0,0
20260923,202609W4,42700,賣權,0.0,0,65
20260923,202609W4,42800,買權,0.0,0,0
20260923,202609W4,42800,賣權,0.0,25,65
20260923,202609W4,42900,買權,0.0,0,0
20260923,202609W4,42900,賣權,0.0,1,50
20260923,202609W4,43000,買權,0.0,0,0
20260923,202609W4,43000,賣權,0.0,0,674
20260923,202609W4,43100,買權,0.0,0,0
20260923,202609W4,43100,賣權,0.0,0,238
20260923,202609W4,43200,買權,0.0,0,1
20260923,202609W4,43200,賣權,0.0,22,76
20260923,202609W4,43300,買權,0.0,0,0
20260923,202609W4,43300,賣權,0.0,9,73
20260923,202609W4,43400,買權,0.0,0,1
20260923,202609W4,43400,賣權,0.0,22,42
20260923,202609W4,43500,買權,0.0,0,1
20260923,202609W4,43500,賣權,0.0,15,259
20260923,202609W4,43600,買權,0.0,0,0
20260923,202609W4,43600,賣權,0.0,1,35
20260923,202609W4,43700,買權,0.0,0,1
20260923,202609W4,43700,賣權,0.0,59,73
20260923,202609W4,43800,買權,0.0,0,1
20260923,202609W4,43800,賣權,0.0,74,121
20260923,202609W4,43900,買權,0.0,0,3
20260923,202609W4,43900,賣權,0.0,25,60
20260923,202609W4,44000,買權,0.0,0,1
20260923,202609W4,44000,賣權,0.0,78,1027
20260923,202609W4,44100,買權,0.0,0,0
20260923,202609W4,44100,賣權,0.0,12,44
20260923,202609W4,44150,買權,0.0,0,0
20260923,202609W4,44150,賣權,0.0,2,17
20260923,202609W4,44200,買權,0.0,0,1
20260923,202609W4,44200,賣權,0.0,52,84
20260923,202609W4,44250,買權,0.0,0,1
20260923,202609W4,44250,賣權,0.0,0,22
20260923,202609W4,44300,買權,0.0,0,490
20260923,202609W4,44300,賣權,0.0,71,282
20260923,202609W4,44350,買權,0.0,0,0
20260923,202609W4,44350,賣權,0.0,1,21
20260923,202609W4,44400,買權,0.0,0,0
20260923,202609W4,44400,賣權,0.0,173,204
20260923,202609W4,44450,買權,0.0,0,0
20260923,202609W4,44450,賣權,0.0,1,62
20260923,202609W4,44500,買權,0.0,0,500
20260923,202609W4,44500,賣權,0.0,90,415
20260923,202609W4,44550,買權,0.0,0,1
20260923,202609W4,44550,賣權,0.0,0,72
20260923,202609W4,44600,買權,0.0,0,1
20260923,202609W4,44600,賣權,0.0,310,177
20260923,202609W4,44650,買權,0.0,0,0
20260923,202609W4,44650,賣權,0.0,2,35
20260923,202609W4,44700,買權,0.0,0,0
20260923,202609W4,44700,賣權,0.0,26,101
20260923,202609W4,44750,買權,0.0,0,0
20260923,202609W4,44750,賣權,0.0,17,59
20260923,202609W4,44800,買權,0.0,0,0
20260923,202609W4,44800,賣權,0.0,16,117
20260923,202609W4,44850,買權,0.0,0,0
20260923,202609W4,44850,賣權,0.0,21,46
20260923,202609W4,44900,買權,0.0,0,4
20260923,202609W4,44900,賣權,0.0,86,171
20260923,202609W4,44950,買權,0.0,0,3
20260923,202609W4,44950,賣權,0.0,36,62
20260923,202609W4,45000,買權,0.0,0,516
20260923,202609W4,45000,賣權,0.0,376,1311
20260923,202609W4,45050,買權,0.0,0,0
20260923,202609W4,45050,賣權,0.0,0,69
20260923,202609W4,45100,買權,0.0,0,11
20260923,202609W4,45100,賣權,0.0,77,158
20260923,202609W4,45150,買權,0.0,0,8
20260923,202609W4,45150,賣權,0.0,1,50
20260923,202609W4,45200,買權,0.0,0,13
20260923,202609W4,45200,賣權,0.0,4,163
20260923,202609W4,45250,買權,0.0,0,14
20260923,202609W4,45250,賣權,0.0,19,78
20260923,202609W4,45300,買權,0.0,0,4
20260923,202609W4,45300,賣權,0.0,70,302
20260923,202609W4,45350,買權,0.0,0,8
20260923,202609W4,45350,賣權,0.0,15,58
20260923,202609W4,45400,買權,0.0,0,10
20260923,202609W4,45400,賣權,0.0,21,222
20260923,202609W4,45450,買權,0.0,0,15
20260923,202609W4,45450,賣權,0.0,13,163
20260923,202609W4,45500,買權,0.0,0,48
20260923,202609W4,45500,賣權,0.0,155,539
20260923,202609W4,45550,買權,0.0,0,12
20260923,202609W4,45550,賣權,0.0,21,151
20260923,202609W4,45600,買權,0.0,0,500
20260923,202609W4,45600,賣權,0.0,14,463
20260923,202609W4,45650,買權,0.0,0,15
20260923,202609W4,45650,賣權,0.0,45,89
20260923,202609W4,45700,買權,0.0,0,29
20260923,202609W4,45700,賣權,0.0,87,884
20260923,202609W4,45750,買權,0.0,1,25
20260923,202609W4,45750,賣權,0.0,51,208
20260923,202609W4,45800,買權,0.0,0,514
20260923,202609W4,45800,賣權,0.0,41,418
20260923,202609W4,45850,買權,0.0,0,26
20260923,202609W4,45850,賣權,0.0,29,251
20260923,202609W4,45900,買權,0.0,2,24
20260923,202609W4,45900,賣權,0.0,64,670
20260923,202609W4,45950,買權,0.0,0,24
20260923,202609W4,45950,賣權,0.0,69,225
20260923,202609W4,46000,買權,0.0,1,53
20260923,202609W4,46000,賣權,0.0,224,1250
20260923,202609W4,46050,買權,0.0,1,22
20260923,202609W4,46050,賣權,0.0,9,190
20260923,202609W4,46100,買權,0.0,0,502
20260923,202609W4,46100,賣權,0.0,35,381
20260923,202609W4,46150,買權,0.0,1,16
20260923,202609W4,46150,賣權,0.0,10,204
20260923,202609W4,46200,買權,0.0,0,23
20260923,202609W4,46200,賣權,0.0,63,328
20260923,202609W4,46250,買權,0.0,0,8
20260923,202609W4,46250,賣權,0.0,11,243
20260923,202609W4,46300,買權,0.0,1,30
20260923,202609W4,46300,賣權,0.0,114,566
20260923,202609W4,46350,買權,0.0,0,10
20260923,202609W4,46350,賣權,0.0,57,215
20260923,202609W4,46400,買權,0.0,0,713
20260923,202609W4,46400,賣權,0.0,1047,661
20260923,202609W4,46450,買權,0.0,0,27
20260923,202609W4,46450,賣權,0.0,85,266
20260923,202609W4,46500,買權,0.0,3,175
20260923,202609W4,46500,賣權,0.0,610,938
20260923,202609W4,46550,買權,0.0,1,16
20260923,202609W4,46550,賣權,0.0,90,203
20260923,202609W4,46600,買權,0.0,2,82
20260923,202609W4,46600,賣權,0.0,153,458
20260923,202609W4,46650,買權,0.0,0,23
20260923,202609W4,46650,賣權,0.0,163,403
20260923,202609W4,46700,買權,0.0,7,47
20260923,202609W4,46700,賣權,0.0,179,590
20260923,202609W4,46750,買權,0.0,0,48
20260923,202609W4,46750,賣權,0.0,112,226
20260923,202609W4,46800,買權,0.0,0,126
20260923,202609W4,46800,賣權,0.0,240,720
20260923,202609W4,46850,買權,0.0,1,128
20260923,202609W4,46850,賣權,0.0,96,199
20260923,202609W4,46900,買權,0.0,12,905
20260923,202609W4,46900,賣權,0.0,436,603
20260923,202609W4,46950,買權,0.0,2,68
20260923,202609W4,46950,賣權,0.0,246,253
20260923,202609W4,47000,買權,0.0,12,335
20260923,202609W4,47000,賣權,0.0,897,1975
20260923,202609W4,47050,買權,0.0,10,96
20260923,202609W4,47050,賣權,0.0,451,354
20260923,202609W4,47100,買權,0.0,10,265
20260923,202609W4,47100,賣權,0.0,573,683
20260923,202609W4,47150,買權,0.0,12,150
20260923,202609W4,47150,賣權,0.0,759,499
20260923,202609W4,47200,買權,0.0,109,631
20260923,202609W4,47200,賣權,0.0,1296,1055
20260923,202609W4,47250,買權,0.0,52,156
20260923,202609W4,47250,賣權,0.0,765,579
20260923,202609W4,47300,買權,0.0,77,446
20260923,202609W4,47300,賣權,0.0,763,1014
20260923,202609W4,47350,買權,0.0,40,179
20260923,202609W4,47350,賣權,0.0,358,532
20260923,202609W4,47400,買權,0.0,52,418
20260923,202609W4,47400,賣權,0.0,824,1584
20260923,202609W4,47450,買權,0.0,30,127
20260923,202609W4,47450,賣權,0.0,876,705
20260923,202609W4,47500,買權,0.0,364,646
20260923,202609W4,47500,賣權,0.0,3111,2983
20260923,202609W4,47550,買權,0.0,38,126
20260923,202609W4,47550,賣權,0.0,1212,930
20260923,202609W4,47600,買權,0.0,202,338
20260923,202609W4,47600,賣權,0.0,2849,1847
20260923,202609W4,47650,買權,0.0,169,136
20260923,202609W4,47650,賣權,0.0,1766,860
20260923,202609W4,47700,買權,0.0,586,451
20260923,202609W4,47700,賣權,0.0,4109,2570
20260923,202609W4,47750,買權,0.0,558,190
20260923,202609W4,47750,賣權,0.0,2767,941
20260923,202609W4,47800,買權,0.0,1702,615
20260923,202609W4,47800,賣權,0.0,7809,3217
20260923,202609W4,47850,買權,0.0,965,247
20260923,202609W4,47850,賣權,0.0,5560,1130
20260923,202609W4,47900,買權,0.0,3372,523
20260923,202609W4,47900,賣權,0.0,13220,2648
20260923,202609W4,47950,買權,0.0,2846,276
20260923,202609W4,47950,賣權,0.0,9989,2040
20260923,202609W4,48000,買權,0.0,18254,2264
20260923,202609W4,48000,賣權,0.0,32430,6354
20260923,202609W4,48050,買權,0.0,14181,1202
20260923,202609W4,48050,賣權,0.0,19744,4120
20260923,202609W4,48100,買權,0.0,26057,4930
20260923,202609W4,48100,賣權,0.0,29999,2247
20260923,202609W4,48150,買權,0.0,16411,3193
20260923,202609W4,48150,賣權,0.0,14550,951
20260923,202609W4,48200,買權,0.0,24262,5489
20260923,202609W4,48200,賣權,0.0,16017,1282
20260923,202609W4,48250,買權,0.0,11711,2226
20260923,202609W4,48250,賣權,0.0,6408,405
20260923,202609W4,48300,買權,0.0,19238,3675
20260923,202609W4,48300,賣權,0.0,7840,704
20260923,202609W4,48350,買權,0.0,9033,1642
20260923,202609W4,48350,賣權,0.0,2562,133
20260923,202609W4,48400,買權,0.0,12596,3228
20260923,202609W4,48400,賣權,0.0,3243,383
20260923,202609W4,48450,買權,0.0,5645,1376
20260923,202609W4,48450,賣權,0.0,1359,241
20260923,202609W4,48500,買權,0.0,11933,4787
20260923,202609W4,48500,賣權,0.0,2028,534
20260923,202609W4,48550,買權,0.0,3696,1231
20260923,202609W4,48550,賣權,0.0,564,88
20260923,202609W4,48600,買權,0.0,6318,2521
20260923,202609W4,48600,賣權,0.0,800,239
20260923,202609W4,48650,買權,0.0,2187,1178
20260923,202609W4,48650,賣權,0.0,27,46
20260923,202609W4,48700,買權,0.0,4295,1972
20260923,202609W4,48700,賣權,0.0,383,92
20260923,202609W4,48750,買權,0.0,1255,631
20260923,202609W4,48750,賣權,0.0,107,19
20260923,202609W4,48800,買權,0.0,2278,1745
20260923,202609W4,48800,賣權,0.0,92,94
20260923,202609W4,48850,買權,0.0,795,408
20260923,202609W4,48850,賣權,0.0,13,27
20260923,202609W4,48900,買權,0.0,2073,1325
20260923,202609W4,48900,賣權,0.0,10,30
20260923,202609W4,48950,買權,0.0,195,215
20260923,202609W4,48950,賣權,0.0,39,43
20260923,202609W4,49000,買權,0.0,1784,2899
20260923,202609W4,49000,賣權,0.0,20,30
20260923,202609W4,49050,買權,0.0,184,793
20260923,202609W4,49050,賣權,0.0,18,17
20260923,202609W4,49100,買權,0.0,534,872
20260923,202609W4,49100,賣權,0.0,23,19
20260923,202609W4,49150,買權,0.0,215,255
20260923,202609W4,49150,賣權,0.0,5,7
20260923,202609W4,49200,買權,0.0,568,992
20260923,202609W4,49200,賣權,0.0,16,35
20260923,202609W4,49300,買權,0.0,533,1385
20260923,202609W4,49300,賣權,0.0,3,5
20260923,202609W4,49400,買權,0.0,543,1916
20260923,202609W4,49400,賣權,0.0,0,4
20260923,202609W4,49500,買權,0.0,148,884
20260923,202609W4,49500,賣權,0.0,0,3
20260923,202609W4,49600,買權,0.0,186,672
20260923,202609W4,49600,賣權,0.0,0,5
20260923,202609W4,49700,買權,0.0,99,186
20260923,202609W4,49700,賣權,0.0,0,1
20260923,202609W4,49800,買權,0.0,40,191
20260923,202609W4,49800,賣權,0.0,0,0
20260923,202609W4,49900,買權,0.0,62,128
20260923,202609W4,49900,賣權,0.0,0,0
20260923,202609W4,50000,買權,0.0,155,2994
20260923,202609W4,50000,賣權,0.0,0,6
20260923,202609W4,50100,買權,0.0,53,64
20260923,202609W4,50100,賣權,0.0,0,5
20260923,202609W4,50200,買權,0.0,28,115
20260923,202609W4,50200,賣權,0.0,4,0
20260923,202609W4,50300,買權,0.0,68,78
20260923,202609W4,50300,賣權,0.0,0,0
20260923,202609W4,50400,買權,0.0,49,101
20260923,202609W4,50400,賣權,0.0,0,0
20260923,202609W4,50500,買權,0.0,50,2454
20260923,202609W4,50500,賣權,0.0,0,0
20260923,202609W4,50600,買權,0.0,27,48
20260923,202609W4,50600,賣權,0.0,0,0
20260923,202609W4,50700,買權,0.0,0,26
20260923,202609W4,50700,賣權,0.0,0,0
20260923,202609W4,50800,買權,0.0,3,15
20260923,202609W4,50800,賣權,0.0,0,0
20260923,202609W4,50900,買權,0.0,0,78
20260923,202609W4,50900,賣權,0.0,0,0
20260923,202609W4,51000,買權,0.0,3,482
20260923,202609W4,51000,賣權,0.0,0,1
20260923,202609W4,51100,買權,0.0,0,5
20260923,202609W4,51100,賣權,0.0,0,1
20260923,202609W4,51200,買權,0.0,0,4
20260923,202609W4,51200,賣權,0.0,0,0
20260923,202609W4,51300,買權,0.0,0,15
20260923,202609W4,51300,賣權,0.0,0,0
20260923,202609W4,51400,買權,0.0,0,3
20260923,202609W4,51400,賣權,0.0,0,0
20260923,202609W4,51500,買權,0.0,3,2
20260923,202609W4,51500,賣權,0.0,0,0
20260923,202609W4,51600,買權,0.0,0,0
20260923,202609W4,51600,賣權,0.0,0,0
20260923,202609W4,51700,買權,0.0,0,0
20260923,202609W4,51700,賣權,0.0,0,0
20260923,202609W4,51800,買權,0.0,0,7
20260923,202609W4,51800,賣權,0.0,0,0
20260923,202609W4,51900,買權,0.0,0,5
20260923,202609W4,51900,賣權,0.0,0,0
20260923,202609W4,52000,買權,0.0,3,1045
20260923,202609W4,52000,賣權,0.0,0,0
20260923,202609W4,52100,買權,0.0,0,0
20260923,202609W4,52100,賣權,0.0,0,0
20260923,202609W4,52200,買權,0.0,0,0
20260923,202609W4,52200,賣權,0.0,0,0
20260923,202609W4,52300,買權,0.0,0,0
20260923,202609W4,52300,賣權,0.0,0,0
20260923,202609W4,52400,買權,0.0,0,0
20260923,202609W4,52400,賣權,0.0,0,0
20260923,202609W4,52500,買權,0.0,0,0
20260923,202609W4,52500,賣權,0.0,0,0
20260923,202609W4,52600,買權,0.0,0,0
20260923,202609W4,52600,賣權,0.0,0,0
20260923,202609W5,40900,買權,7190.0,0,0
20260923,202609W5,40900,賣權,2.2,73,221
20260923,202609W5,41000,買權,7090.0,0,0
20260923,202609W5,41000,賣權,2.2,0,12
20260923,202609W5,41100,買權,6990.0,0,0
20260923,202609W5,41100,賣權,2.3,0,10
20260923,202609W5,41200,買權,6890.0,0,0
20260923,202609W5,41200,賣權,2.4,1,160
20260923,202609W5,41300,買權,6790.0,0,0
20260923,202609W5,41300,賣權,2.5,0,123
20260923,202609W5,41400,買權,6690.0,0,0
20260923,202609W5,41400,賣權,2.6,0,7
20260923,202609W5,41500,買權,6590.0,0,0
20260923,202609W5,41500,賣權,2.7,561,567
20260923,202609W5,41600,買權,6490.0,0,0
20260923,202609W5,41600,賣權,2.8,2,13
20260923,202609W5,41700,買權,6390.0,0,0
20260923,202609W5,41700,賣權,3.0,1,13
20260923,202609W5,41800,買權,6290.0,0,0
20260923,202609W5,41800,賣權,3.2,1,18
20260923,202609W5,41900,買權,6190.0,0,0
20260923,202609W5,41900,賣權,3.3,0,13
20260923,202609W5,42000,買權,6090.0,0,0
20260923,202609W5,42000,賣權,3.6,14,99
20260923,202609W5,42100,買權,5990.0,0,0
20260923,202609W5,42100,賣權,3.7,0,17
20260923,202609W5,42200,買權,5890.0,0,0
20260923,202609W5,42200,賣權,4.0,31,235
20260923,202609W5,42300,買權,5790.0,0,0
20260923,202609W5,42300,賣權,4.0,3,3
20260923,202609W5,42400,買權,5690.0,0,0
20260923,202609W5,42400,賣權,4.4,5,1
20260923,202609W5,42500,買權,5590.0,0,0
20260923,202609W5,42500,賣權,4.5,0,7
20260923,202609W5,42600,買權,5490.0,0,0
20260923,202609W5,42600,賣權,4.8,0,14
20260923,202609W5,42700,買權,5390.0,0,0
20260923,202609W5,42700,賣權,5.3,1,3
20260923,202609W5,42800,買權,5290.0,0,0
20260923,202609W5,42800,賣權,5.3,8,12
20260923,202609W5,42900,買權,5190.0,0,0
20260923,202609W5,42900,賣權,5.8,0,2
20260923,202609W5,43000,買權,5090.0,0,0
20260923,202609W5,43000,賣權,6.1,23,35
20260923,202609W5,43100,買權,4990.0,0,0
20260923,202609W5,43100,賣權,6.5,10,11
20260923,202609W5,43200,買權,4890.0,0,0
20260923,202609W5,43200,賣權,6.7,1,7
20260923,202609W5,43300,買權,4790.0,0,0
20260923,202609W5,43300,賣權,7.0,2,5
20260923,202609W5,43400,買權,4690.0,0,0
20260923,202609W5,43400,賣權,7.5,9,9
20260923,202609W5,43500,買權,4600.0,0,0
20260923,202609W5,43500,賣權,8.3,40,49
20260923,202609W5,43600,買權,4500.0,0,0
20260923,202609W5,43600,賣權,8.8,0,7
20260923,202609W5,43700,買權,4400.0,0,0
20260923,202609W5,43700,賣權,9.4,0,3
20260923,202609W5,43800,買權,4300.0,0,0
20260923,202609W5,43800,賣權,9.7,4,7
20260923,202609W5,43900,買權,4200.0,0,6
20260923,202609W5,43900,賣權,10.5,1,5
20260923,202609W5,44000,買權,4100.0,0,5
20260923,202609W5,44000,賣權,11.0,30,33
20260923,202609W5,44100,買權,4000.0,0,0
20260923,202609W5,44100,賣權,11.5,1,5
20260923,202609W5,44150,買權,3950.0,0,0
20260923,202609W5,44150,賣權,12.0,1,9
20260923,202609W5,44200,買權,3900.0,0,0
20260923,202609W5,44200,賣權,12.0,8,15
20260923,202609W5,44250,買權,3850.0,0,0
20260923,202609W5,44250,賣權,13.0,1,3
20260923,202609W5,44300,買權,3800.0,0,0
20260923,202609W5,44300,賣權,13.0,0,4
20260923,202609W5,44350,買權,3750.0,0,0
20260923,202609W5,44350,賣權,13.5,0,2
20260923,202609W5,44400,買權,3700.0,0,0
20260923,202609W5,44400,賣權,14.0,3,5
20260923,202609W5,44450,買權,3650.0,0,0
20260923,202609W5,44450,賣權,14.5,0,0
20260923,202609W5,44500,買權,3600.0,0,0
20260923,202609W5,44500,賣權,14.5,18,37
20260923,202609W5,44550,買權,3550.0,0,0
20260923,202609W5,44550,賣權,15.0,1,2
20260923,202609W5,44600,買權,3500.0,0,0
20260923,202609W5,44600,賣權,15.5,2,154
20260923,202609W5,44650,買權,3450.0,0,0
20260923,202609W5,44650,賣權,16.0,0,2
20260923,202609W5,44700,買權,3400.0,0,0
20260923,202609W5,44700,賣權,16.5,11,164
20260923,202609W5,44750,買權,3350.0,0,0
20260923,202609W5,44750,賣權,17.5,4,4
20260923,202609W5,44800,買權,3310.0,0,0
20260923,202609W5,44800,賣權,17.5,22,32
20260923,202609W5,44850,買權,3260.0,0,0
20260923,202609W5,44850,賣權,18.0,0,0
20260923,202609W5,44900,買權,3210.0,0,0
20260923,202609W5,44900,賣權,19.0,5,7
20260923,202609W5,44950,買權,3160.0,0,0
20260923,202609W5,44950,賣權,19.0,3,5
20260923,202609W5,45000,買權,3110.0,0,0
20260923,202609W5,45000,賣權,19.5,192,197
20260923,202609W5,45050,買權,3060.0,0,0
20260923,202609W5,45050,賣權,20.5,51,51
20260923,202609W5,45100,買權,3010.0,0,0
20260923,202609W5,45100,賣權,21.0,5,2
20260923,202609W5,45150,買權,2960.0,0,0
20260923,202609W5,45150,賣權,22.0,0,6
20260923,202609W5,45200,買權,2910.0,0,2
20260923,202609W5,45200,賣權,22.5,18,31
20260923,202609W5,45250,買權,2860.0,0,0
20260923,202609W5,45250,賣權,23.5,0,0
20260923,202609W5,45300,買權,2810.0,0,0
20260923,202609W5,45300,賣權,24.0,87,84
20260923,202609W5,45350,買權,2760.0,0,0
20260923,202609W5,45350,賣權,25.0,1,2
20260923,202609W5,45400,買權,2710.0,0,0
20260923,202609W5,45400,賣權,26.0,17,19
20260923,202609W5,45450,買權,2670.0,0,0
20260923,202609W5,45450,賣權,28.0,30,2
20260923,202609W5,45500,買權,2620.0,0,0
20260923,202609W5,45500,賣權,28.0,54,49
20260923,202609W5,45550,買權,2570.0,0,0
20260923,202609W5,45550,賣權,29.5,20,13
20260923,202609W5,45600,買權,2520.0,0,3
20260923,202609W5,45600,賣權,31.5,52,50
20260923,202609W5,45650,買權,2470.0,0,1
20260923,202609W5,45650,賣權,32.5,0,0
20260923,202609W5,45700,買權,2420.0,0,0
20260923,202609W5,45700,賣權,33.5,25,15
20260923,202609W5,45750,買權,2370.0,0,0
20260923,202609W5,45750,賣權,35.0,0,2
20260923,202609W5,45800,買權,2330.0,1,0
20260923,202609W5,45800,賣權,37.5,149,320
20260923,202609W5,45850,買權,2280.0,0,0
20260923,202609W5,45850,賣權,38.5,2,12
20260923,202609W5,45900,買權,2230.0,0,0
20260923,202609W5,45900,賣權,40.5,10,15
20260923,202609W5,45950,買權,2180.0,0,0
20260923,202609W5,45950,賣權,42.5,7,9
20260923,202609W5,46000,買權,2130.0,0,3
20260923,202609W5,46000,賣權,44.5,123,702
20260923,202609W5,46050,買權,2090.0,0,0
20260923,202609W5,46050,賣權,47.5,5,4
20260923,202609W5,46100,買權,2040.0,0,1
20260923,202609W5,46100,賣權,49.5,9,14
20260923,202609W5,46150,買權,1990.0,0,0
20260923,202609W5,46150,賣權,53.0,2,2
20260923,202609W5,46200,買權,1950.0,0,2
20260923,202609W5,46200,賣權,56.0,25,26
20260923,202609W5,46250,買權,1900.0,1,1
20260923,202609W5,46250,賣權,58.0,1,4
20260923,202609W5,46300,買權,1850.0,501,500
20260923,202609W5,46300,賣權,62.0,182,211
20260923,202609W5,46350,買權,1810.0,0,0
20260923,202609W5,46350,賣權,66.0,6,5
20260923,202609W5,46400,買權,1760.0,1,3
20260923,202609W5,46400,賣權,69.0,54,97
20260923,202609W5,46450,買權,1710.0,0,0
20260923,202609W5,46450,賣權,75.0,8,8
20260923,202609W5,46500,買權,1670.0,500,502
20260923,202609W5,46500,賣權,78.0,231,189
20260923,202609W5,46550,買權,1620.0,0,0
20260923,202609W5,46550,賣權,87.0,1,2
20260923,202609W5,46600,買權,1580.0,1,7
20260923,202609W5,46600,賣權,88.0,17,17
20260923,202609W5,46650,買權,1530.0,0,0
20260923,202609W5,46650,賣權,95.0,2,3
20260923,202609W5,46700,買權,1490.0,506,505
20260923,202609W5,46700,賣權,100.0,130,126
20260923,202609W5,46750,買權,1450.0,1,1
20260923,202609W5,46750,賣權,107.0,1,2
20260923,202609W5,46800,買權,1400.0,0,1
20260923,202609W5,46800,賣權,113.0,32,33
20260923,202609W5,46850,買權,1360.0,0,1
20260923,202609W5,46850,賣權,120.0,0,4
20260923,202609W5,46900,買權,1320.0,0,2
20260923,202609W5,46900,賣權,133.0,13,42
20260923,202609W5,46950,買權,1280.0,0,0
20260923,202609W5,46950,賣權,135.0,2,2
20260923,202609W5,47000,買權,1240.0,0,7
20260923,202609W5,47000,賣權,145.0,178,167
20260923,202609W5,47050,買權,1200.0,0,0
20260923,202609W5,47050,賣權,158.0,20,13
20260923,202609W5,47100,買權,1160.0,0,0
20260923,202609W5,47100,賣權,163.0,44,50
20260923,202609W5,47150,買權,1120.0,0,1
20260923,202609W5,47150,賣權,173.0,1,9
20260923,202609W5,47200,買權,1080.0,3,4
20260923,202609W5,47200,賣權,186.0,41,50
20260923,202609W5,47250,買權,1040.0,0,1
20260923,202609W5,47250,賣權,196.0,54,52
20260923,202609W5,47300,買權,1000.0,5,17
20260923,202609W5,47300,賣權,212.0,33,30
20260923,202609W5,47350,買權,965.0,6,11
20260923,202609W5,47350,賣權,225.0,7,12
20260923,202609W5,47400,買權,930.0,14,15
20260923,202609W5,47400,賣權,249.0,69,42
20260923,202609W5,47450,買權,890.0,9,16
20260923,202609W5,47450,賣權,263.0,14,15
20260923,202609W5,47500,買權,860.0,17,36
20260923,202609W5,47500,賣權,279.0,179,117
20260923,202609W5,47550,買權,845.0,5,12
20260923,202609W5,47550,賣權,283.0,28,26
20260923,202609W5,47600,買權,795.0,119,90
20260923,202609W5,47600,賣權,313.0,56,50
20260923,202609W5,47650,買權,755.0,9,10
20260923,202609W5,47650,賣權,315.0,31,24
20260923,202609W5,47700,買權,725.0,10,12
20260923,202609W5,47700,賣權,337.0,39,40
20260923,202609W5,47750,買權,695.0,9,11
20260923,202609W5,47750,賣權,369.0,16,11
20260923,202609W5,47800,買權,660.0,39,35
20260923,202609W5,47800,賣權,389.0,64,50
20260923,202609W5,47850,買權,630.0,15,10
20260923,202609W5,47850,賣權,394.0,6,10
20260923,202609W5,47900,買權,605.0,13,17
20260923,202609W5,47900,賣權,410.0,45,58
20260923,202609W5,47950,買權,595.0,7,10
20260923,202609W5,47950,賣權,438.0,22,18
20260923,202609W5,48000,買權,545.0,58,52
20260923,202609W5,48000,賣權,478.0,58,61
20260923,202609W5,48050,買權,515.0,9,9
20260923,202609W5,48050,賣權,495.0,11,10
20260923,202609W5,48100,買權,489.0,35,27
20260923,202609W5,48100,賣權,505.0,56,41
20260923,202609W5,48150,買權,440.0,3,2
20260923,202609W5,48150,賣權,505.0,2,3
20260923,202609W5,48200,買權,418.0,62,50
20260923,202609W5,48200,賣權,550.0,4,10
20260923,202609W5,48250,買權,395.0,22,13
20260923,202609W5,48250,賣權,560.0,0,0
20260923,202609W5,48300,買權,380.0,26,18
20260923,202609W5,48300,賣權,570.0,34,19
20260923,202609W5,48350,買權,335.0,2,3
20260923,202609W5,48350,賣權,620.0,0,0
20260923,202609W5,48400,買權,335.0,40,18
20260923,202609W5,48400,賣權,670.0,3,2
20260923,202609W5,48450,買權,324.0,5,4
20260923,202609W5,48450,賣權,675.0,0,0
20260923,202609W5,48500,買權,291.0,53,79
20260923,202609W5,48500,賣權,720.0,6,5
20260923,202609W5,48550,買權,287.0,16,14
20260923,202609W5,48550,賣權,740.0,1,2
20260923,202609W5,48600,買權,257.0,39,30
20260923,202609W5,48600,賣權,775.0,3,5
20260923,202609W5,48650,買權,230.0,17,13
20260923,202609W5,48650,賣權,805.0,0,0
20260923,202609W5,48700,買權,229.0,20,20
20260923,202609W5,48700,賣權,840.0,0,0
20260923,202609W5,48750,買權,206.0,15,11
20260923,202609W5,48750,賣權,875.0,0,0
20260923,202609W5,48800,買權,198.0,42,46
20260923,202609W5,48800,賣權,915.0,0,18
20260923,202609W5,48850,買權,186.0,19,15
20260923,202609W5,48850,賣權,950.0,0,0
20260923,202609W5,48900,買權,174.0,37,27
20260923,202609W5,48900,賣權,990.0,21,2
20260923,202609W5,48950,買權,157.0,12,5
20260923,202609W5,48950,賣權,1030.0,0,0
20260923,202609W5,49000,買權,154.0,141,413
20260923,202609W5,49000,賣權,1070.0,16,3
20260923,202609W5,49050,買權,142.0,9,7
20260923,202609W5,49050,賣權,1100.0,0,0
20260923,202609W5,49100,買權,126.0,41,50
20260923,202609W5,49100,賣權,1140.0,0,4
20260923,202609W5,49150,買權,121.0,13,9
20260923,202609W5,49150,賣權,1190.0,0,0
20260923,202609W5,49200,買權,118.0,24,55
20260923,202609W5,49200,賣權,1230.0,0,3
20260923,202609W5,49300,買權,98.0,37,32
20260923,202609W5,49300,賣權,1310.0,0,0
20260923,202609W5,49400,買權,86.0,35,30
20260923,202609W5,49400,賣權,1400.0,0,0
20260923,202609W5,49500,買權,73.0,69,95
20260923,202609W5,49500,賣權,1480.0,0,1
20260923,202609W5,49600,買權,61.0,53,52
20260923,202609W5,49600,賣權,1570.0,2,2
20260923,202609W5,49700,買權,51.0,44,41
20260923,202609W5,49700,賣權,1660.0,0,0
20260923,202609W5,49800,買權,44.0,68,54
20260923,202609W5,49800,賣權,1760.0,0,0
20260923,202609W5,49900,買權,37.0,59,51
20260923,202609W5,49900,賣權,1850.0,0,0
20260923,202609W5,50000,買權,32.0,415,469
20260923,202609W5,50000,賣權,1940.0,0,1
20260923,202609W5,50100,買權,29.0,45,54
20260923,202609W5,50100,賣權,2040.0,0,0
20260923,202609W5,50200,買權,22.0,264,50
20260923,202609W5,50200,賣權,2130.0,0,0
20260923,202609W5,50300,買權,19.0,18,17
20260923,202609W5,50300,賣權,2230.0,0,0
20260923,202609W5,50400,買權,16.0,11,23
20260923,202609W5,50400,賣權,2330.0,0,0
20260923,202609W5,50500,買權,15.5,54,91
20260923,202609W5,50500,賣權,2430.0,0,0
20260923,202609W5,50600,買權,11.5,16,17
20260923,202609W5,50600,賣權,2520.0,0,0
20260923,202609W5,50700,買權,10.5,5,3
20260923,202609W5,50700,賣權,2620.0,0,0
20260923,202609W5,50800,買權,8.3,30,46
20260923,202609W5,50800,賣權,2720.0,0,0
20260923,202609W5,50900,買權,8.0,3,8
20260923,202609W5,50900,賣權,2820.0,0,0
20260923,202609W5,51000,買權,7.5,82,180
20260923,202609W5,51000,賣權,2920.0,0,0
20260923,202609W5,51100,買權,6.0,0,2
20260923,202609W5,51100,賣權,3020.0,0,0
20260923,202609W5,51200,買權,5.5,7,5
20260923,202609W5,51200,賣權,3120.0,0,0
20260923,202609W5,51300,買權,4.9,0,1
20260923,202609W5,51300,賣權,3220.0,0,0
20260923,202609W5,51400,買權,4.4,1,2
20260923,202609W5,51400,賣權,3320.0,0,0
20260923,202609W5,51500,買權,3.9,0,1
20260923,202609W5,51500,賣權,3420.0,0,0
20260923,202609W5,51600,買權,3.6,0,2
20260923,202609W5,51600,賣權,3510.0,0,0
20260923,202609W5,51700,買權,3.3,1,1
20260923,202609W5,51700,賣權,3610.0,0,0
20260923,202609W5,51800,買權,3.0,0,1
20260923,202609W5,51800,賣權,3710.0,0,0
20260923,202609W5,51900,買權,2.6,5,52
20260923,202609W5,51900,賣權,3810.0,0,0
20260923,202609W5,52000,買權,2.4,0,2
20260923,202609W5,52000,賣權,3910.0,0,0
20260923,202609W5,52100,買權,2.2,0,0
20260923,202609W5,52100,賣權,4010.0,0,0
20260923,202609W5,52200,買權,2.0,1,1
20260923,202609W5,52200,賣權,4110.0,0,0
20260923,202609W5,52300,買權,1.8,0,1
20260923,202609W5,52300,賣權,4210.0,0,0
20260923,202609W5,52400,買權,1.6,0,4
20260923,202609W5,52400,賣權,4310.0,0,0
20260923,202609W5,52500,買權,1.5,0,51
20260923,202609W5,52500,賣權,4410.0,0,0
20260923,202609W5,52600,買權,1.1,350,348
20260923,202609W5,52600,賣權,4510.0,0,0
20260923,202610F1,41600,買權,6590.0,0,0
20260923,202610F1,41600,賣權,7.2,7,43
20260923,202610F1,41700,買權,6490.0,0,0
20260923,202610F1,41700,賣權,7.7,2,1
20260923,202610F1,41800,買權,6390.0,0,0
20260923,202610F1,41800,賣權,8.3,1,6
20260923,202610F1,41900,買權,6290.0,0,0
20260923,202610F1,41900,賣權,8.6,0,2
20260923,202610F1,42000,買權,6190.0,0,0
20260923,202610F1,42000,賣權,9.0,11,15
20260923,202610F1,42100,買權,6090.0,0,0
20260923,202610F1,42100,賣權,9.1,0,0
20260923,202610F1,42200,買權,5990.0,0,0
20260923,202610F1,42200,賣權,9.3,5,5
20260923,202610F1,42300,買權,5890.0,0,0
20260923,202610F1,42300,賣權,9.9,6,18
20260923,202610F1,42400,買權,5790.0,0,0
20260923,202610F1,42400,賣權,10.0,5,6
20260923,202610F1,42500,買權,5690.0,0,0
20260923,202610F1,42500,賣權,10.5,6,14
20260923,202610F1,42600,買權,5590.0,0,0
20260923,202610F1,42600,賣權,11.0,5,5
20260923,202610F1,42700,買權,5490.0,0,0
20260923,202610F1,42700,賣權,11.5,5,5
20260923,202610F1,42800,買權,5390.0,0,0
20260923,202610F1,42800,賣權,12.0,6,6
20260923,202610F1,42900,買權,5290.0,0,0
20260923,202610F1,42900,賣權,12.5,5,9
20260923,202610F1,43000,買權,5190.0,0,0
20260923,202610F1,43000,賣權,13.0,6,15
20260923,202610F1,43100,買權,5090.0,0,0
20260923,202610F1,43100,賣權,13.5,5,21
20260923,202610F1,43200,買權,4990.0,0,0
20260923,202610F1,43200,賣權,14.5,5,12
20260923,202610F1,43300,買權,4890.0,0,0
20260923,202610F1,43300,賣權,15.0,5,12
20260923,202610F1,43400,買權,4790.0,0,0
20260923,202610F1,43400,賣權,16.0,5,6
20260923,202610F1,43500,買權,4690.0,0,0
20260923,202610F1,43500,賣權,16.5,1,8
20260923,202610F1,43600,買權,4600.0,0,0
20260923,202610F1,43600,賣權,17.0,0,6
20260923,202610F1,43700,買權,4500.0,0,0
20260923,202610F1,43700,賣權,17.5,0,5
20260923,202610F1,43800,買權,4400.0,0,0
20260923,202610F1,43800,賣權,18.5,0,2
20260923,202610F1,43900,買權,4300.0,0,0
20260923,202610F1,43900,賣權,19.5,1,2
20260923,202610F1,44000,買權,4200.0,0,0
20260923,202610F1,44000,賣權,20.0,17,38
20260923,202610F1,44100,買權,4100.0,0,0
20260923,202610F1,44100,賣權,21.5,0,3
20260923,202610F1,44200,買權,4000.0,0,0
20260923,202610F1,44200,賣權,22.5,0,10
20260923,202610F1,44300,買權,3900.0,0,0
20260923,202610F1,44300,賣權,24.0,167,165
20260923,202610F1,44400,買權,3800.0,0,0
20260923,202610F1,44400,賣權,25.0,0,1
20260923,202610F1,44500,買權,3710.0,0,0
20260923,202610F1,44500,賣權,26.5,7,9
20260923,202610F1,44600,買權,3610.0,0,0
20260923,202610F1,44600,賣權,28.5,1,8
20260923,202610F1,44700,買權,3510.0,0,0
20260923,202610F1,44700,賣權,30.0,0,2
20260923,202610F1,44800,買權,3410.0,0,0
20260923,202610F1,44800,賣權,32.0,0,0
20260923,202610F1,44900,買權,3310.0,0,0
20260923,202610F1,44900,賣權,34.0,1,2
20260923,202610F1,44950,買權,3260.0,0,0
20260923,202610F1,44950,賣權,35.5,0,1
20260923,202610F1,45000,買權,3220.0,0,0
20260923,202610F1,45000,賣權,37.5,5,12
20260923,202610F1,45050,買權,3170.0,0,0
20260923,202610F1,45050,賣權,38.0,0,0
20260923,202610F1,45100,買權,3120.0,0,0
20260923,202610F1,45100,賣權,39.5,0,1
20260923,202610F1,45150,買權,3070.0,0,0
20260923,202610F1,45150,賣權,41.0,0,0
20260923,202610F1,45200,買權,3020.0,0,0
20260923,202610F1,45200,賣權,42.5,2,3
20260923,202610F1,45250,買權,2970.0,0,0
20260923,202610F1,45250,賣權,44.0,0,0
20260923,202610F1,45300,買權,2920.0,0,0
20260923,202610F1,45300,賣權,46.0,3,6
20260923,202610F1,45350,買權,2880.0,0,0
20260923,202610F1,45350,賣權,47.5,0,0
20260923,202610F1,45400,買權,2830.0,0,0
20260923,202610F1,45400,賣權,49.5,0,0
20260923,202610F1,45450,買權,2780.0,0,0
20260923,202610F1,45450,賣權,52.0,1,1
20260923,202610F1,45500,買權,2730.0,0,0
20260923,202610F1,45500,賣權,54.0,0,5
20260923,202610F1,45550,買權,2690.0,0,0
20260923,202610F1,45550,賣權,56.0,0,1
20260923,202610F1,45600,買權,2640.0,0,0
20260923,202610F1,45600,賣權,59.0,1,5
20260923,202610F1,45650,買權,2590.0,0,0
20260923,202610F1,45650,賣權,61.0,0,2
20260923,202610F1,45700,買權,2540.0,0,0
20260923,202610F1,45700,賣權,64.0,0,7
20260923,202610F1,45750,買權,2500.0,0,0
20260923,202610F1,45750,賣權,67.0,0,0
20260923,202610F1,45800,買權,2450.0,0,0
20260923,202610F1,45800,賣權,70.0,0,1
20260923,202610F1,45850,買權,2400.0,0,0
20260923,202610F1,45850,賣權,75.0,4,8
20260923,202610F1,45900,買權,2360.0,0,0
20260923,202610F1,45900,賣權,77.0,2,4
20260923,202610F1,45950,買權,2310.0,0,0
20260923,202610F1,45950,賣權,79.0,0,1
20260923,202610F1,46000,買權,2260.0,0,0
20260923,202610F1,46000,賣權,84.0,4,22
20260923,202610F1,46050,買權,2220.0,0,5
20260923,202610F1,46050,賣權,87.0,0,6
20260923,202610F1,46100,買權,2170.0,0,0
20260923,202610F1,46100,賣權,91.0,13,11
20260923,202610F1,46150,買權,2130.0,0,3
20260923,202610F1,46150,賣權,96.0,0,3
20260923,202610F1,46200,買權,2080.0,0,0
20260923,202610F1,46200,賣權,103.0,4,4
20260923,202610F1,46250,買權,2030.0,0,4
20260923,202610F1,46250,賣權,105.0,1,6
20260923,202610F1,46300,買權,1990.0,0,0
20260923,202610F1,46300,賣權,110.0,1,6
20260923,202610F1,46350,買權,1950.0,0,12
20260923,202610F1,46350,賣權,116.0,0,13
20260923,202610F1,46400,買權,1900.0,0,4
20260923,202610F1,46400,賣權,122.0,0,9
20260923,202610F1,46450,買權,1860.0,0,8
20260923,202610F1,46450,賣權,127.0,0,8
20260923,202610F1,46500,買權,1810.0,0,3
20260923,202610F1,46500,賣權,134.0,2,9
20260923,202610F1,46550,買權,1770.0,0,4
20260923,202610F1,46550,賣權,140.0,0,7
20260923,202610F1,46600,買權,1730.0,0,0
20260923,202610F1,46600,賣權,146.0,11,11
20260923,202610F1,46650,買權,1680.0,0,1
20260923,202610F1,46650,賣權,154.0,0,1
20260923,202610F1,46700,買權,1640.0,0,8
20260923,202610F1,46700,賣權,161.0,171,169
20260923,202610F1,46750,買權,1600.0,0,0
20260923,202610F1,46750,賣權,169.0,0,2
20260923,202610F1,46800,買權,1560.0,2,4
20260923,202610F1,46800,賣權,178.0,2,9
20260923,202610F1,46850,買權,1520.0,0,0
20260923,202610F1,46850,賣權,186.0,0,3
20260923,202610F1,46900,買權,1480.0,0,0
20260923,202610F1,46900,賣權,196.0,0,5
20260923,202610F1,46950,買權,1440.0,0,0
20260923,202610F1,46950,賣權,205.0,0,3
20260923,202610F1,47000,買權,1400.0,0,1
20260923,202610F1,47000,賣權,222.0,4,16
20260923,202610F1,47050,買權,1360.0,0,0
20260923,202610F1,47050,賣權,226.0,0,2
20260923,202610F1,47100,買權,1320.0,0,0
20260923,202610F1,47100,賣權,237.0,1,3
20260923,202610F1,47150,買權,1280.0,0,0
20260923,202610F1,47150,賣權,248.0,0,0
20260923,202610F1,47200,買權,1240.0,6,3
20260923,202610F1,47200,賣權,266.0,2,8
20260923,202610F1,47250,買權,1200.0,0,0
20260923,202610F1,47250,賣權,272.0,0,0
20260923,202610F1,47300,買權,1160.0,2,1
20260923,202610F1,47300,賣權,285.0,2,5
20260923,202610F1,47350,買權,1130.0,0,1
20260923,202610F1,47350,賣權,298.0,0,1
20260923,202610F1,47400,買權,1090.0,0,0
20260923,202610F1,47400,賣權,312.0,0,1
20260923,202610F1,47450,買權,1060.0,0,0
20260923,202610F1,47450,賣權,326.0,8,1
20260923,202610F1,47500,買權,1020.0,1,1
20260923,202610F1,47500,賣權,342.0,31,34
20260923,202610F1,47550,買權,990.0,0,0
20260923,202610F1,47550,賣權,358.0,0,3
20260923,202610F1,47600,買權,955.0,11,12
20260923,202610F1,47600,賣權,373.0,0,2
20260923,202610F1,47650,買權,920.0,0,0
20260923,202610F1,47650,賣權,391.0,0,0
20260923,202610F1,47700,買權,890.0,0,0
20260923,202610F1,47700,賣權,409.0,3,2
20260923,202610F1,47750,買權,855.0,0,0
20260923,202610F1,47750,賣權,426.0,0,0
20260923,202610F1,47800,買權,825.0,8,4
20260923,202610F1,47800,賣權,445.0,5,1
20260923,202610F1,47850,買權,795.0,0,1
20260923,202610F1,47850,賣權,464.0,0,1
20260923,202610F1,47900,買權,765.0,0,0
20260923,202610F1,47900,賣權,484.0,0,2
20260923,202610F1,47950,買權,730.0,0,0
20260923,202610F1,47950,賣權,505.0,5,5
20260923,202610F1,48000,買權,680.0,7,4
20260923,202610F1,48000,賣權,545.0,16,23
20260923,202610F1,48050,買權,670.0,0,0
20260923,202610F1,48050,賣權,550.0,0,1
20260923,202610F1,48100,買權,650.0,0,2
20260923,202610F1,48100,賣權,570.0,0,5
20260923,202610F1,48150,買權,625.0,5,0
20260923,202610F1,48150,賣權,595.0,3,4
20260923,202610F1,48200,買權,590.0,8,11
20260923,202610F1,48200,賣權,610.0,1,4
20260923,202610F1,48250,買權,575.0,0,0
20260923,202610F1,48250,賣權,645.0,0,0
20260923,202610F1,48300,買權,525.0,3,4
20260923,202610F1,48300,賣權,670.0,0,1
20260923,202610F1,48350,買權,520.0,0,0
20260923,202610F1,48350,賣權,695.0,0,0
20260923,202610F1,48400,買權,500.0,1,1
20260923,202610F1,48400,賣權,720.0,0,0
20260923,202610F1,48450,買權,478.0,0,0
20260923,202610F1,48450,賣權,750.0,0,0
20260923,202610F1,48500,買權,456.0,15,29
20260923,202610F1,48500,賣權,800.0,1,4
20260923,202610F1,48550,買權,434.0,0,0
20260923,202610F1,48550,賣權,805.0,0,0
20260923,202610F1,48600,買權,414.0,0,3
20260923,202610F1,48600,賣權,835.0,0,0
20260923,202610F1,48650,買權,394.0,0,0
20260923,202610F1,48650,賣權,865.0,0,0
20260923,202610F1,48700,買權,375.0,4,5
20260923,202610F1,48700,賣權,895.0,0,0
20260923,202610F1,48750,買權,357.0,0,1
20260923,202610F1,48750,賣權,925.0,0,0
20260923,202610F1,48800,買權,340.0,1,16
20260923,202610F1,48800,賣權,960.0,0,1
20260923,202610F1,48850,買權,323.0,0,0
20260923,202610F1,48850,賣權,990.0,0,0
20260923,202610F1,48900,買權,306.0,1,3
20260923,202610F1,48900,賣權,1030.0,0,0
20260923,202610F1,48950,買權,291.0,0,0
20260923,202610F1,48950,賣權,1060.0,0,0
20260923,202610F1,49000,買權,288.0,15,28
20260923,202610F1,49000,賣權,1100.0,0,0
20260923,202610F1,49050,買權,261.0,0,0
20260923,202610F1,49050,賣權,1130.0,0,0
20260923,202610F1,49100,買權,247.0,0,7
20260923,202610F1,49100,賣權,1170.0,0,0
20260923,202610F1,49150,買權,234.0,0,0
20260923,202610F1,49150,賣權,1200.0,0,0
20260923,202610F1,49200,買權,205.0,11,2
20260923,202610F1,49200,賣權,1240.0,0,0
20260923,202610F1,49300,買權,198.0,1,3
20260923,202610F1,49300,賣權,1320.0,0,0
20260923,202610F1,49400,買權,176.0,0,2
20260923,202610F1,49400,賣權,1400.0,0,0
20260923,202610F1,49500,買權,162.0,2,10
20260923,202610F1,49500,賣權,1480.0,0,0
20260923,202610F1,49600,買權,139.0,0,2
20260923,202610F1,49600,賣權,1560.0,0,0
20260923,202610F1,49700,買權,119.0,1,7
20260923,202610F1,49700,賣權,1640.0,0,0
20260923,202610F1,49800,買權,109.0,5,15
20260923,202610F1,49800,賣權,1730.0,0,0
20260923,202610F1,49900,買權,95.0,2,2
20260923,202610F1,49900,賣權,1820.0,0,0
20260923,202610F1,50000,買權,79.0,81,96
20260923,202610F1,50000,賣權,1900.0,0,0
20260923,202610F1,50100,買權,74.0,0,3
20260923,202610F1,50100,賣權,1990.0,0,0
20260923,202610F1,50200,買權,66.0,3,3
20260923,202610F1,50200,賣權,2080.0,0,0
20260923,202610F1,50300,買權,52.0,4,5
20260923,202610F1,50300,賣權,2180.0,0,0
20260923,202610F1,50400,買權,50.0,0,4
20260923,202610F1,50400,賣權,2270.0,0,0
20260923,202610F1,50500,買權,43.5,0,2
20260923,202610F1,50500,賣權,2360.0,0,0
20260923,202610F1,50600,買權,40.0,1,2
20260923,202610F1,50600,賣權,2460.0,0,0
20260923,202610F1,50700,買權,34.0,2,2
20260923,202610F1,50700,賣權,2550.0,0,0
20260923,202610F1,50800,買權,29.5,0,2
20260923,202610F1,50800,賣權,2650.0,0,0
20260923,202610F1,50900,買權,26.0,0,5
20260923,202610F1,50900,賣權,2740.0,0,0
20260923,202610F1,51000,買權,23.0,18,38
20260923,202610F1,51000,賣權,2840.0,0,0
20260923,202610F1,51100,買權,20.0,1,1
20260923,202610F1,51100,賣權,2940.0,0,0
20260923,202610F1,51200,買權,18.5,0,0
20260923,202610F1,51200,賣權,3040.0,0,0
20260923,202610F1,51300,買權,16.5,0,0
20260923,202610F1,51300,賣權,3140.0,0,0
20260923,202610F1,51400,買權,14.5,0,0
20260923,202610F1,51400,賣權,3230.0,0,0
20260923,202610F1,51500,買權,12.0,1,1
20260923,202610F1,51500,賣權,3330.0,0,0
20260923,202610F1,51600,買權,11.5,0,0
20260923,202610F1,51600,賣權,3430.0,0,0
20260923,202610F1,51700,買權,11.0,4,8
20260923,202610F1,51700,賣權,3530.0,0,0
20260923,202610F1,51800,買權,10.0,0,3
20260923,202610F1,51800,賣權,3630.0,0,0
20260923,202610F1,51900,買權,8.5,2,27
20260923,202610F1,51900,賣權,3730.0,0,0
20260923,202610F1,52000,買權,7.8,1,4
20260923,202610F1,52000,賣權,3830.0,0,0
20260923,202610F1,52100,買權,7.6,0,0
20260923,202610F1,52100,賣權,3930.0,0,0
20260923,202610F1,52200,買權,7.3,0,0
20260923,202610F1,52200,賣權,4030.0,0,0
20260923,202610F1,52300,買權,6.8,0,0
20260923,202610F1,52300,賣權,4130.0,0,0
20260923,202610F1,52400,買權,6.2,0,0
20260923,202610F1,52400,賣權,4220.0,0,0
20260923,202610F1,52500,買權,5.8,3,8
20260923,202610F1,52500,賣權,4320.0,0,0
20260923,202610F1,52600,買權,5.5,0,0
20260923,202610F1,52600,賣權,4420.0,0,0
20260923,202610W1,43000,買權,5240.0,0,0
20260923,202610W1,43000,賣權,23.0,41,38
20260923,202610W1,43100,買權,5150.0,0,0
20260923,202610W1,43100,賣權,23.5,0,0
20260923,202610W1,43200,買權,5050.0,0,0
20260923,202610W1,43200,賣權,24.5,8,7
20260923,202610W1,43300,買權,4950.0,0,0
20260923,202610W1,43300,賣權,25.0,0,0
20260923,202610W1,43400,買權,4850.0,0,0
20260923,202610W1,43400,賣權,26.5,0,0
20260923,202610W1,43500,買權,4750.0,0,0
20260923,202610W1,43500,賣權,27.5,2,2
20260923,202610W1,43600,買權,4650.0,0,0
20260923,202610W1,43600,賣權,29.0,0,0
20260923,202610W1,43700,買權,4550.0,0,0
20260923,202610W1,43700,賣權,30.0,0,0
20260923,202610W1,43800,買權,4450.0,0,0
20260923,202610W1,43800,賣權,31.5,0,0
20260923,202610W1,43900,買權,4360.0,0,0
20260923,202610W1,43900,賣權,33.5,6,5
20260923,202610W1,44000,買權,4260.0,0,0
20260923,202610W1,44000,賣權,36.0,5,5
20260923,202610W1,44100,買權,4160.0,0,0
20260923,202610W1,44100,賣權,37.0,0,0
20260923,202610W1,44200,買權,4060.0,0,0
20260923,202610W1,44200,賣權,39.0,0,0
20260923,202610W1,44300,買權,3960.0,0,0
20260923,202610W1,44300,賣權,41.5,329,329
20260923,202610W1,44400,買權,3870.0,0,0
20260923,202610W1,44400,賣權,44.0,0,0
20260923,202610W1,44500,買權,3770.0,0,0
20260923,202610W1,44500,賣權,47.0,14,13
20260923,202610W1,44600,買權,3670.0,0,0
20260923,202610W1,44600,賣權,50.0,14,14
20260923,202610W1,44700,買權,3580.0,0,0
20260923,202610W1,44700,賣權,54.0,12,12
20260923,202610W1,44800,買權,3480.0,0,0
20260923,202610W1,44800,賣權,57.0,12,12
20260923,202610W1,44900,買權,3380.0,0,0
20260923,202610W1,44900,賣權,61.0,12,12
20260923,202610W1,45000,買權,3290.0,0,0
20260923,202610W1,45000,賣權,68.0,8,8
20260923,202610W1,45100,買權,3190.0,0,0
20260923,202610W1,45100,賣權,71.0,6,6
20260923,202610W1,45200,買權,3100.0,0,0
20260923,202610W1,45200,賣權,76.0,3,2
20260923,202610W1,45300,買權,3010.0,0,0
20260923,202610W1,45300,賣權,82.0,0,0
20260923,202610W1,45400,買權,2910.0,0,0
20260923,202610W1,45400,賣權,88.0,8,8
20260923,202610W1,45500,買權,2820.0,0,0
20260923,202610W1,45500,賣權,99.0,24,17
20260923,202610W1,45600,買權,2730.0,0,0
20260923,202610W1,45600,賣權,103.0,5,5
20260923,202610W1,45700,買權,2640.0,0,0
20260923,202610W1,45700,賣權,111.0,1,1
20260923,202610W1,45800,買權,2540.0,0,0
20260923,202610W1,45800,賣權,120.0,0,0
20260923,202610W1,45900,買權,2450.0,0,0
20260923,202610W1,45900,賣權,125.0,2,2
20260923,202610W1,46000,買權,2370.0,0,0
20260923,202610W1,46000,賣權,144.0,84,10
20260923,202610W1,46100,買權,2280.0,0,0
20260923,202610W1,46100,賣權,153.0,0,0
20260923,202610W1,46200,買權,2190.0,0,0
20260923,202610W1,46200,賣權,165.0,1,1
20260923,202610W1,46300,買權,2110.0,0,0
20260923,202610W1,46300,賣權,167.0,1,1
20260923,202610W1,46400,買權,2020.0,0,0
20260923,202610W1,46400,賣權,193.0,0,0
20260923,202610W1,46450,買權,1970.0,0,0
20260923,202610W1,46450,賣權,201.0,4,4
20260923,202610W1,46500,買權,1930.0,0,0
20260923,202610W1,46500,賣權,209.0,12,6
20260923,202610W1,46550,買權,1890.0,0,0
20260923,202610W1,46550,賣權,218.0,0,0
20260923,202610W1,46600,買權,1850.0,0,0
20260923,202610W1,46600,賣權,226.0,0,0
20260923,202610W1,46650,買權,1810.0,0,0
20260923,202610W1,46650,賣權,234.0,0,0
20260923,202610W1,46700,買權,1770.0,0,0
20260923,202610W1,46700,賣權,245.0,336,334
20260923,202610W1,46750,買權,1730.0,0,0
20260923,202610W1,46750,賣權,254.0,0,0
20260923,202610W1,46800,買權,1690.0,0,0
20260923,202610W1,46800,賣權,264.0,0,0
20260923,202610W1,46850,買權,1650.0,0,0
20260923,202610W1,46850,賣權,274.0,0,0
20260923,202610W1,46900,買權,1610.0,0,0
20260923,202610W1,46900,賣權,285.0,0,0
20260923,202610W1,46950,買權,1570.0,0,0
20260923,202610W1,46950,賣權,296.0,0,0
20260923,202610W1,47000,買權,1530.0,2,2
20260923,202610W1,47000,賣權,316.0,3,2
20260923,202610W1,47050,買權,1490.0,0,0
20260923,202610W1,47050,賣權,320.0,1,1
20260923,202610W1,47100,買權,1460.0,1,1
20260923,202610W1,47100,賣權,332.0,1,1
20260923,202610W1,47150,買權,1420.0,0,0
20260923,202610W1,47150,賣權,345.0,0,0
20260923,202610W1,47200,買權,1380.0,0,0
20260923,202610W1,47200,賣權,359.0,2,2
20260923,202610W1,47250,買權,1350.0,0,0
20260923,202610W1,47250,賣權,372.0,0,0
20260923,202610W1,47300,買權,1310.0,2,2
20260923,202610W1,47300,賣權,385.0,0,0
20260923,202610W1,47350,買權,1270.0,0,0
20260923,202610W1,47350,賣權,400.0,2,2
20260923,202610W1,47400,買權,1240.0,4,0
20260923,202610W1,47400,賣權,415.0,1,1
20260923,202610W1,47450,買權,1200.0,0,0
20260923,202610W1,47450,賣權,440.0,1,1
20260923,202610W1,47500,買權,1170.0,0,0
20260923,202610W1,47500,賣權,446.0,2,2
20260923,202610W1,47550,買權,1140.0,0,0
20260923,202610W1,47550,賣權,463.0,0,0
20260923,202610W1,47600,買權,1110.0,0,0
20260923,202610W1,47600,賣權,481.0,4,3
20260923,202610W1,47650,買權,1070.0,0,0
20260923,202610W1,47650,賣權,498.0,0,0
20260923,202610W1,47700,買權,1040.0,0,0
20260923,202610W1,47700,賣權,515.0,2,2
20260923,202610W1,47750,買權,1010.0,0,0
20260923,202610W1,47750,賣權,535.0,0,0
20260923,202610W1,47800,買權,980.0,0,0
20260923,202610W1,47800,賣權,555.0,5,5
20260923,202610W1,47850,買權,950.0,0,0
20260923,202610W1,47850,賣權,575.0,0,0
20260923,202610W1,47900,買權,920.0,0,0
20260923,202610W1,47900,賣權,595.0,5,5
20260923,202610W1,47950,買權,890.0,0,0
20260923,202610W1,47950,賣權,615.0,0,0
20260923,202610W1,48000,買權,855.0,66,66
20260923,202610W1,48000,賣權,635.0,2,2
20260923,202610W1,48050,買權,835.0,0,0
20260923,202610W1,48050,賣權,660.0,0,0
20260923,202610W1,48100,買權,805.0,3,3
20260923,202610W1,48100,賣權,680.0,1,1
20260923,202610W1,48150,買權,780.0,0,0
20260923,202610W1,48150,賣權,705.0,0,0
20260923,202610W1,48200,買權,755.0,0,0
20260923,202610W1,48200,賣權,730.0,0,0
20260923,202610W1,48250,買權,730.0,0,0
20260923,202610W1,48250,賣權,755.0,0,0
20260923,202610W1,48300,買權,705.0,0,0
20260923,202610W1,48300,賣權,780.0,0,0
20260923,202610W1,48350,買權,680.0,0,0
20260923,202610W1,48350,賣權,805.0,1,1
20260923,202610W1,48400,買權,655.0,2,2
20260923,202610W1,48400,賣權,830.0,0,0
20260923,202610W1,48450,買權,630.0,0,0
20260923,202610W1,48450,賣權,855.0,0,0
20260923,202610W1,48500,買權,610.0,1,1
20260923,202610W1,48500,賣權,885.0,0,0
20260923,202610W1,48550,買權,585.0,2,2
20260923,202610W1,48550,賣權,910.0,0,0
20260923,202610W1,48600,買權,560.0,1,1
20260923,202610W1,48600,賣權,935.0,0,0
20260923,202610W1,48650,買權,540.0,0,0
20260923,202610W1,48650,賣權,965.0,0,0
20260923,202610W1,48700,買權,515.0,2,0
20260923,202610W1,48700,賣權,995.0,0,0
20260923,202610W1,48750,買權,499.0,0,0
20260923,202610W1,48750,賣權,1020.0,0,0
20260923,202610W1,48800,買權,480.0,18,13
20260923,202610W1,48800,賣權,1050.0,0,0
20260923,202610W1,48850,買權,458.0,0,0
20260923,202610W1,48850,賣權,1080.0,0,0
20260923,202610W1,48900,買權,440.0,0,0
20260923,202610W1,48900,賣權,1110.0,0,0
20260923,202610W1,48950,買權,422.0,0,0
20260923,202610W1,48950,賣權,1150.0,0,0
20260923,202610W1,49000,買權,397.0,7,4
20260923,202610W1,49000,賣權,1180.0,0,0
20260923,202610W1,49050,買權,388.0,0,0
20260923,202610W1,49050,賣權,1210.0,0,0
20260923,202610W1,49100,買權,371.0,1,1
20260923,202610W1,49100,賣權,1250.0,0,0
20260923,202610W1,49150,買權,356.0,0,0
20260923,202610W1,49150,賣權,1280.0,0,0
20260923,202610W1,49200,買權,340.0,0,0
20260923,202610W1,49200,賣權,1310.0,0,0
20260923,202610W1,49300,買權,311.0,0,0
20260923,202610W1,49300,賣權,1390.0,0,0
20260923,202610W1,49400,買權,283.0,4,4
20260923,202610W1,49400,賣權,1460.0,0,0
20260923,202610W1,49500,買權,258.0,0,0
20260923,202610W1,49500,賣權,1530.0,0,0
20260923,202610W1,49600,買權,235.0,0,0
20260923,202610W1,49600,賣權,1610.0,0,0
20260923,202610W1,49700,買權,214.0,0,0
20260923,202610W1,49700,賣權,1690.0,0,0
20260923,202610W1,49800,買權,194.0,0,0
20260923,202610W1,49800,賣權,1770.0,0,0
20260923,202610W1,49900,買權,166.0,5,3
20260923,202610W1,49900,賣權,1850.0,0,0
20260923,202610W1,50000,買權,153.0,44,2
20260923,202610W1,50000,賣權,1930.0,0,0
20260923,202610W1,50100,買權,144.0,0,0
20260923,202610W1,50100,賣權,2020.0,0,0
20260923,202610W1,50200,買權,130.0,0,0
20260923,202610W1,50200,賣權,2100.0,0,0
20260923,202610W1,50300,買權,108.0,5,1
20260923,202610W1,50300,賣權,2190.0,0,0
20260923,202610W1,50400,買權,105.0,0,0
20260923,202610W1,50400,賣權,2280.0,0,0
20260923,202610W1,50500,買權,91.0,8,7
20260923,202610W1,50500,賣權,2370.0,0,0
20260923,202610W1,50600,買權,84.0,0,0
20260923,202610W1,50600,賣權,2460.0,0,0
20260923,202610W1,50700,買權,75.0,1,1
20260923,202610W1,50700,賣權,2550.0,0,0
20260923,202610W1,50800,買權,67.0,0,0
20260923,202610W1,50800,賣權,2640.0,0,0
20260923,202610W1,50900,買權,61.0,1,1
20260923,202610W1,50900,賣權,2730.0,0,0
20260923,202610W1,51000,買權,58.0,1,1
20260923,202610W1,51000,賣權,2830.0,0,0
20260923,202610W1,51100,買權,48.5,1,1
20260923,202610W1,51100,賣權,2920.0,0,0
20260923,202610W1,51200,買權,43.5,1,1
20260923,202610W1,51200,賣權,3020.0,0,0
20260923,202610W1,51300,買權,36.0,1,1
20260923,202610W1,51300,賣權,3110.0,0,0
20260923,202610W1,51400,買權,35.0,0,0
20260923,202610W1,51400,賣權,3210.0,0,0
20260923,202610W1,51500,買權,31.5,0,0
20260923,202610W1,51500,賣權,3300.0,0,0
20260923,202610W1,51600,買權,28.5,1,1
20260923,202610W1,51600,賣權,3400.0,0,0
20260923,202610W1,51700,買權,25.0,1,1
20260923,202610W1,51700,賣權,3500.0,0,0
20260923,202610W1,51800,買權,24.5,1,1
20260923,202610W1,51800,賣權,3600.0,0,0
20260923,202610W1,51900,買權,21.0,0,0
20260923,202610W1,51900,賣權,3690.0,0,0
20260923,202610W1,52000,買權,19.0,0,0
20260923,202610W1,52000,賣權,3790.0,0,0
20260923,202610W1,52100,買權,17.5,0,0
20260923,202610W1,52100,賣權,3890.0,0,0
20260923,202610W1,52200,買權,16.5,3,2
20260923,202610W1,52200,賣權,3990.0,0,0
20260923,202610W1,52300,買權,14.5,0,0
20260923,202610W1,52300,賣權,4090.0,0,0
20260923,202610W1,52400,買權,13.5,0,0
20260923,202610W1,52400,賣權,4190.0,0,0
20260923,202610W1,52500,買權,12.5,0,0
20260923,202610W1,52500,賣權,4290.0,0,0
20260923,202610W1,52600,買權,12.0,2,2
20260923,202610W1,52600,賣權,4380.0,0,0
20260923,202610,33900,買權,14430.0,0,0
20260923,202610,33900,賣權,7.2,16,346
20260923,202610,34000,買權,14330.0,0,0
20260923,202610,34000,賣權,7.5,18,143
20260923,202610,34100,買權,14230.0,0,0
20260923,202610,34100,賣權,7.6,2,12
20260923,202610,34200,買權,14130.0,0,0
20260923,202610,34200,賣權,7.8,5,119
20260923,202610,34300,買權,14030.0,0,0
20260923,202610,34300,賣權,7.9,1,1
20260923,202610,34400,買權,13930.0,0,0
20260923,202610,34400,賣權,8.0,1,3
20260923,202610,34500,買權,13840.0,0,0
20260923,202610,34500,賣權,8.2,1,4
20260923,202610,34600,買權,13740.0,0,0
20260923,202610,34600,賣權,8.5,10,6
20260923,202610,34700,買權,13640.0,0,0
20260923,202610,34700,賣權,8.5,2,0
20260923,202610,34800,買權,13540.0,0,0
20260923,202610,34800,賣權,8.7,0,35
20260923,202610,34900,買權,13440.0,0,0
20260923,202610,34900,賣權,8.8,0,7
20260923,202610,35000,買權,13340.0,0,0
20260923,202610,35000,賣權,9.0,15,180
20260923,202610,35100,買權,13240.0,0,0
20260923,202610,35100,賣權,9.2,0,10
20260923,202610,35200,買權,13140.0,0,0
20260923,202610,35200,賣權,9.3,0,10
20260923,202610,35300,買權,13040.0,0,0
20260923,202610,35300,賣權,9.5,0,14
20260923,202610,35400,買權,12940.0,0,0
20260923,202610,35400,賣權,9.6,0,4
20260923,202610,35500,買權,12840.0,0,0
20260923,202610,35500,賣權,9.6,0,32
20260923,202610,35600,買權,12740.0,0,0
20260923,202610,35600,賣權,10.0,0,10
20260923,202610,35700,買權,12640.0,0,0
20260923,202610,35700,賣權,10.5,1,6
20260923,202610,35800,買權,12540.0,0,0
20260923,202610,35800,賣權,10.5,0,5
20260923,202610,35900,買權,12440.0,0,0
20260923,202610,35900,賣權,10.5,0,6
20260923,202610,36000,買權,12340.0,0,0
20260923,202610,36000,賣權,11.0,1,107
20260923,202610,36100,買權,12240.0,0,0
20260923,202610,36100,賣權,11.0,0,9
20260923,202610,36200,買權,12140.0,0,0
20260923,202610,36200,賣權,11.0,0,49
20260923,202610,36300,買權,12040.0,0,0
20260923,202610,36300,賣權,11.5,0,13
20260923,202610,36400,買權,11940.0,0,0
20260923,202610,36400,賣權,11.5,0,60
20260923,202610,36500,買權,11840.0,0,0
20260923,202610,36500,賣權,12.0,0,31
20260923,202610,36600,買權,11740.0,0,0
20260923,202610,36600,賣權,12.0,0,41
20260923,202610,36700,買權,11640.0,0,0
20260923,202610,36700,賣權,12.5,0,3
20260923,202610,36800,買權,11540.0,0,0
20260923,202610,36800,賣權,12.5,0,6
20260923,202610,36900,買權,11440.0,0,0
20260923,202610,36900,賣權,13.0,0,13
20260923,202610,37000,買權,11340.0,0,0
20260923,202610,37000,賣權,13.0,22,199
20260923,202610,37100,買權,11240.0,0,0
20260923,202610,37100,賣權,13.5,0,18
20260923,202610,37200,買權,11140.0,0,0
20260923,202610,37200,賣權,13.5,0,8
20260923,202610,37300,買權,11040.0,0,0
20260923,202610,37300,賣權,14.0,0,3
20260923,202610,37400,買權,10940.0,0,0
20260923,202610,37400,賣權,14.0,0,7
20260923,202610,37500,買權,10840.0,0,0
20260923,202610,37500,賣權,14.5,23,70
20260923,202610,37600,買權,10750.0,0,0
20260923,202610,37600,賣權,14.5,0,9
20260923,202610,37700,買權,10650.0,0,0
20260923,202610,37700,賣權,15.0,0,28
20260923,202610,37800,買權,10550.0,0,0
20260923,202610,37800,賣權,15.5,0,7
20260923,202610,37900,買權,10450.0,0,0
20260923,202610,37900,賣權,15.5,1,59
20260923,202610,38000,買權,10350.0,0,0
20260923,202610,38000,賣權,16.5,13,283
20260923,202610,38100,買權,10250.0,0,0
20260923,202610,38100,賣權,16.5,0,69
20260923,202610,38200,買權,10150.0,0,0
20260923,202610,38200,賣權,17.0,0,7
20260923,202610,38300,買權,10050.0,0,0
20260923,202610,38300,賣權,17.5,0,1
20260923,202610,38400,買權,9950.0,0,0
20260923,202610,38400,賣權,17.5,0,10
20260923,202610,38500,買權,9850.0,0,0
20260923,202610,38500,賣權,18.5,33,148
20260923,202610,38600,買權,9750.0,0,0
20260923,202610,38600,賣權,18.5,5,34
20260923,202610,38700,買權,9650.0,0,0
20260923,202610,38700,賣權,19.0,0,12
20260923,202610,38800,買權,9550.0,0,0
20260923,202610,38800,賣權,19.5,0,55
20260923,202610,38900,買權,9450.0,0,1
20260923,202610,38900,賣權,20.0,78,429
20260923,202610,39000,買權,9350.0,0,0
20260923,202610,39000,賣權,20.5,125,677
20260923,202610,39100,買權,9250.0,0,0
20260923,202610,39100,賣權,21.0,1,10
20260923,202610,39200,買權,9150.0,0,0
20260923,202610,39200,賣權,21.5,0,22
20260923,202610,39300,買權,9050.0,0,0
20260923,202610,39300,賣權,22.0,0,22
20260923,202610,39400,買權,8960.0,0,0
20260923,202610,39400,賣權,22.5,1,8
20260923,202610,39500,買權,8860.0,0,1
20260923,202610,39500,賣權,23.0,0,266
20260923,202610,39600,買權,8760.0,0,0
20260923,202610,39600,賣權,23.5,0,34
20260923,202610,39700,買權,8660.0,0,0
20260923,202610,39700,賣權,24.5,0,44
20260923,202610,39800,買權,8560.0,0,0
20260923,202610,39800,賣權,25.0,0,52
20260923,202610,39900,買權,8460.0,0,4
20260923,202610,39900,賣權,25.5,2,52
20260923,202610,40000,買權,8360.0,1,1
20260923,202610,40000,賣權,26.5,97,1070
20260923,202610,40100,買權,8260.0,0,0
20260923,202610,40100,賣權,27.0,0,51
20260923,202610,40200,買權,8160.0,0,0
20260923,202610,40200,賣權,27.5,11,70
20260923,202610,40300,買權,8060.0,0,0
20260923,202610,40300,賣權,28.5,0,33
20260923,202610,40400,買權,7960.0,0,0
20260923,202610,40400,賣權,29.0,0,37
20260923,202610,40500,買權,7860.0,0,0
20260923,202610,40500,賣權,30.0,38,90
20260923,202610,40600,買權,7770.0,0,0
20260923,202610,40600,賣權,31.0,11,51
20260923,202610,40700,買權,7670.0,0,0
20260923,202610,40700,賣權,31.5,0,28
20260923,202610,40800,買權,7570.0,0,1
20260923,202610,40800,賣權,32.5,1,45
20260923,202610,40900,買權,7470.0,0,0
20260923,202610,40900,賣權,33.5,1,59
20260923,202610,41000,買權,7370.0,0,0
20260923,202610,41000,賣權,35.0,110,370
20260923,202610,41100,買權,7270.0,0,0
20260923,202610,41100,賣權,35.5,6,30
20260923,202610,41200,買權,7170.0,0,0
20260923,202610,41200,賣權,36.5,0,36
20260923,202610,41300,買權,7070.0,0,5
20260923,202610,41300,賣權,38.0,0,26
20260923,202610,41400,買權,6970.0,0,0
20260923,202610,41400,賣權,39.5,1,23
20260923,202610,41500,買權,6880.0,0,0
20260923,202610,41500,賣權,40.0,48,195
20260923,202610,41600,買權,6780.0,0,6
20260923,202610,41600,賣權,42.5,2,27
20260923,202610,41700,買權,6680.0,0,2
20260923,202610,41700,賣權,43.0,0,26
20260923,202610,41800,買權,6580.0,0,4
20260923,202610,41800,賣權,46.0,1,49
20260923,202610,41900,買權,6480.0,0,0
20260923,202610,41900,賣權,46.5,5,13
20260923,202610,42000,買權,6380.0,0,1
20260923,202610,42000,賣權,48.5,148,488
20260923,202610,42100,買權,6290.0,0,0
20260923,202610,42100,賣權,50.0,2,44
20260923,202610,42200,買權,6190.0,0,2
20260923,202610,42200,賣權,52.0,0,189
20260923,202610,42300,買權,6090.0,0,0
20260923,202610,42300,賣權,55.0,1,30
20260923,202610,42400,買權,5990.0,1,3
20260923,202610,42400,賣權,56.0,1,31
20260923,202610,42500,買權,5890.0,0,0
20260923,202610,42500,賣權,60.0,23,198
20260923,202610,42600,買權,5800.0,0,1
20260923,202610,42600,賣權,60.0,4,33
20260923,202610,42700,買權,5700.0,0,1
20260923,202610,42700,賣權,63.0,6,33
20260923,202610,42800,買權,5600.0,0,5
20260923,202610,42800,賣權,65.0,3,147
20260923,202610,42900,買權,5500.0,0,5
20260923,202610,42900,賣權,68.0,0,95
20260923,202610,43000,買權,5410.0,0,3
20260923,202610,43000,賣權,74.0,72,1006
20260923,202610,43100,買權,5310.0,0,0
20260923,202610,43100,賣權,74.0,0,38
20260923,202610,43200,買權,5220.0,0,0
20260923,202610,43200,賣權,78.0,3,57
20260923,202610,43300,買權,5120.0,0,0
20260923,202610,43300,賣權,85.0,7,94
20260923,202610,43400,買權,5020.0,0,0
20260923,202610,43400,賣權,85.0,5,84
20260923,202610,43500,買權,4930.0,0,210
20260923,202610,43500,賣權,89.0,19,306
20260923,202610,43600,買權,4830.0,0,70
20260923,202610,43600,賣權,93.0,4,97
20260923,202610,43700,買權,4740.0,0,35
20260923,202610,43700,賣權,98.0,1,49
20260923,202610,43800,買權,4640.0,0,225
20260923,202610,43800,賣權,103.0,0,59
20260923,202610,43900,買權,4550.0,0,70
20260923,202610,43900,賣權,109.0,0,79
20260923,202610,44000,買權,4450.0,0,226
20260923,202610,44000,賣權,115.0,93,685
20260923,202610,44100,買權,4360.0,0,55
20260923,202610,44100,賣權,122.0,1,109
20260923,202610,44200,買權,4270.0,1,5
20260923,202610,44200,賣權,128.0,1,98
20260923,202610,44300,買權,4170.0,0,1
20260923,202610,44300,賣權,137.0,7,36
20260923,202610,44400,買權,4080.0,0,20
20260923,202610,44400,賣權,141.0,8,186
20260923,202610,44500,買權,3990.0,0,71
20260923,202610,44500,賣權,150.0,21,387
20260923,202610,44600,買權,3890.0,0,165
20260923,202610,44600,賣權,156.0,2,172
20260923,202610,44700,買權,3800.0,0,74
20260923,202610,44700,賣權,166.0,9,40
20260923,202610,44800,買權,3710.0,0,340
20260923,202610,44800,賣權,180.0,32,159
20260923,202610,44900,買權,3620.0,0,204
20260923,202610,44900,賣權,193.0,8,216
20260923,202610,45000,買權,3520.0,1,566
20260923,202610,45000,賣權,200.0,253,671
20260923,202610,45100,買權,3440.0,0,1
20260923,202610,45100,賣權,213.0,6,73
20260923,202610,45200,買權,3350.0,0,1
20260923,202610,45200,賣權,220.0,9,81
20260923,202610,45300,買權,3270.0,0,8
20260923,202610,45300,賣權,230.0,128,80
20260923,202610,45400,買權,3180.0,0,2
20260923,202610,45400,賣權,240.0,9,43
20260923,202610,45500,買權,3090.0,0,64
20260923,202610,45500,賣權,267.0,37,172
20260923,202610,45600,買權,3010.0,1,71
20260923,202610,45600,賣權,275.0,24,82
20260923,202610,45700,買權,2930.0,0,71
20260923,202610,45700,賣權,286.0,29,47
20260923,202610,45800,買權,2840.0,0,71
20260923,202610,45800,賣權,299.0,33,80
20260923,202610,45900,買權,2760.0,0,26
20260923,202610,45900,賣權,316.0,15,61
20260923,202610,46000,買權,2670.0,8,128
20260923,202610,46000,賣權,345.0,140,490
20260923,202610,46100,買權,2590.0,0,76
20260923,202610,46100,賣權,353.0,6,66
20260923,202610,46200,買權,2510.0,0,33
20260923,202610,46200,賣權,371.0,16,57
20260923,202610,46300,買權,2430.0,3,42
20260923,202610,46300,賣權,395.0,48,70
20260923,202610,46400,買權,2350.0,0,347
20260923,202610,46400,賣權,413.0,8,28
20260923,202610,46500,買權,2280.0,8,114
20260923,202610,46500,賣權,448.0,26,345
20260923,202610,46600,買權,2200.0,0,197
20260923,202610,46600,賣權,476.0,22,100
20260923,202610,46700,買權,2130.0,0,95
20260923,202610,46700,賣權,485.0,15,55
20260923,202610,46800,買權,2050.0,0,119
20260923,202610,46800,賣權,530.0,15,118
20260923,202610,46900,買權,1980.0,7,110
20260923,202610,46900,賣權,540.0,3,48
20260923,202610,47000,買權,1890.0,30,909
20260923,202610,47000,賣權,575.0,68,316
20260923,202610,47100,買權,1840.0,5,383
20260923,202610,47100,賣權,605.0,13,17
20260923,202610,47200,買權,1770.0,5,443
20260923,202610,47200,賣權,630.0,11,104
20260923,202610,47300,買權,1700.0,1,68
20260923,202610,47300,賣權,670.0,8,74
20260923,202610,47400,買權,1630.0,6,55
20260923,202610,47400,賣權,690.0,3,30
20260923,202610,47500,買權,1550.0,34,235
20260923,202610,47500,賣權,740.0,37,443
20260923,202610,47600,買權,1520.0,6,43
20260923,202610,47600,賣權,775.0,17,42
20260923,202610,47700,買權,1450.0,1,68
20260923,202610,47700,賣權,805.0,47,65
20260923,202610,47800,買權,1380.0,5,64
20260923,202610,47800,賣權,845.0,43,76
20260923,202610,47900,買權,1330.0,2,33
20260923,202610,47900,賣權,885.0,52,83
20260923,202610,48000,買權,1270.0,44,756
20260923,202610,48000,賣權,945.0,99,333
20260923,202610,48100,買權,1200.0,11,78
20260923,202610,48100,賣權,965.0,61,70
20260923,202610,48200,買權,1150.0,73,198
20260923,202610,48200,賣權,1010.0,104,113
20260923,202610,48300,買權,1100.0,110,200
20260923,202610,48300,賣權,1060.0,55,77
20260923,202610,48400,買權,1040.0,48,173
20260923,202610,48400,賣權,1110.0,26,49
20260923,202610,48500,買權,1000.0,139,321
20260923,202610,48500,賣權,1160.0,57,143
20260923,202610,48600,買權,960.0,105,176
20260923,202610,48600,賣權,1240.0,16,77
20260923,202610,48700,買權,910.0,81,158
20260923,202610,48700,賣權,1290.0,2,27
20260923,202610,48800,買權,865.0,53,128
20260923,202610,48800,賣權,1320.0,1,7
20260923,202610,48900,買權,820.0,20,115
20260923,202610,48900,賣權,1380.0,1,7
20260923,202610,49000,買權,780.0,167,454
20260923,202610,49000,賣權,1460.0,14,43
20260923,202610,49100,買權,735.0,11,115
20260923,202610,49100,賣權,1490.0,4,2
20260923,202610,49200,買權,690.0,9,141
20260923,202610,49200,賣權,1550.0,0,3
20260923,202610,49300,買權,655.0,3,66
20260923,202610,49300,賣權,1610.0,2,0
20260923,202610,49400,買權,640.0,5,72
20260923,202610,49400,賣權,1670.0,0,1
20260923,202610,49500,買權,570.0,88,586
20260923,202610,49500,賣權,1750.0,1,2
20260923,202610,49600,買權,555.0,13,92
20260923,202610,49600,賣權,1810.0,0,1
20260923,202610,49700,買權,530.0,6,62
20260923,202610,49700,賣權,1870.0,20,45
20260923,202610,49800,買權,472.0,20,103
20260923,202610,49800,賣權,1940.0,0,3
20260923,202610,49900,買權,448.0,9,45
20260923,202610,49900,賣權,2010.0,0,2
20260923,202610,50000,買權,426.0,345,1084
20260923,202610,50000,賣權,2090.0,3,18
20260923,202610,50100,買權,392.0,25,94
20260923,202610,50100,賣權,2160.0,0,1
20260923,202610,50200,買權,372.0,24,85
20260923,202610,50200,賣權,2230.0,0,6
20260923,202610,50300,買權,349.0,5,47
20260923,202610,50300,賣權,2310.0,0,0
20260923,202610,50400,買權,329.0,2,30
20260923,202610,50400,賣權,2390.0,1,1
20260923,202610,50500,買權,295.0,49,223
20260923,202610,50500,賣權,2460.0,0,0
20260923,202610,50600,買權,288.0,8,59
20260923,202610,50600,賣權,2540.0,0,1
20260923,202610,50700,買權,260.0,17,34
20260923,202610,50700,賣權,2620.0,0,0
20260923,202610,50800,買權,259.0,10,316
20260923,202610,50800,賣權,2710.0,0,4
20260923,202610,50900,買權,230.0,4,61
20260923,202610,50900,賣權,2790.0,0,0
20260923,202610,51000,買權,210.0,144,591
20260923,202610,51000,賣權,2870.0,5,6
20260923,202610,51100,買權,203.0,1,12
20260923,202610,51100,賣權,2960.0,0,0
20260923,202610,51200,買權,181.0,15,43
20260923,202610,51200,賣權,3040.0,0,1
20260923,202610,51300,買權,174.0,1,16
20260923,202610,51300,賣權,3130.0,0,0
20260923,202610,51400,買權,160.0,6,17
20260923,202610,51400,賣權,3220.0,0,0
20260923,202610,51500,買權,148.0,33,183
20260923,202610,51500,賣權,3300.0,0,0
20260923,202610,51600,買權,140.0,10,43
20260923,202610,51600,賣權,3390.0,0,0
20260923,202610,51700,買權,136.0,10,13
20260923,202610,51700,賣權,3480.0,0,1
20260923,202610,51800,買權,117.0,11,52
20260923,202610,51800,賣權,3570.0,0,0
20260923,202610,51900,買權,106.0,6,24
20260923,202610,51900,賣權,3660.0,0,0
20260923,202610,52000,買權,100.0,101,800
20260923,202610,52000,賣權,3760.0,0,0
20260923,202610,52100,買權,95.0,2,24
20260923,202610,52100,賣權,3850.0,0,0
20260923,202610,52200,買權,87.0,1,72
20260923,202610,52200,賣權,3940.0,0,1
20260923,202610,52300,買權,81.0,1,17
20260923,202610,52300,賣權,4030.0,0,0
20260923,202610,52400,買權,75.0,1,83
20260923,202610,52400,賣權,4130.0,0,0
20260923,202610,52500,買權,71.0,20,173
20260923,202610,52500,賣權,4220.0,0,0
20260923,202610,52600,買權,64.0,7,62
20260923,202610,52600,賣權,4320.0,0,0
20260923,202610,52700,買權,59.0,0,28
20260923,202610,52700,賣權,4410.0,0,0
20260923,202610,52800,買權,53.0,2,34
20260923,202610,52800,賣權,4510.0,0,0
20260923,202610,52900,買權,49.5,2,29
20260923,202610,52900,賣權,4600.0,0,0
20260923,202610,53000,買權,45.0,129,498
20260923,202610,53000,賣權,4700.0,0,0
20260923,202610,53100,買權,43.5,11,11
20260923,202610,53100,賣權,4790.0,0,0
20260923,202610,53200,買權,40.0,14,36
20260923,202610,53200,賣權,4890.0,0,0
20260923,202610,53300,買權,36.0,5,37
20260923,202610,53300,賣權,4990.0,0,0
20260923,202610,53400,買權,33.5,1,4
20260923,202610,53400,賣權,5080.0,0,0
20260923,202610,53500,買權,31.0,1,67
20260923,202610,53500,賣權,5180.0,0,0
20260923,202610,53600,買權,28.0,1,5
20260923,202610,53600,賣權,5280.0,0,0
20260923,202610,53700,買權,25.0,2,20
20260923,202610,53700,賣權,5380.0,0,0
20260923,202610,53800,買權,24.0,8,420
20260923,202610,53800,賣權,5470.0,0,0
20260923,202610,53900,買權,21.5,6,261
20260923,202610,53900,賣權,5570.0,0,0
20260923,202610,54000,買權,21.0,70,403
20260923,202610,54000,賣權,5670.0,0,0
20260923,202610,54100,買權,20.0,0,401
20260923,202610,54100,賣權,5770.0,0,0
20260923,202610,54200,買權,18.5,0,403
20260923,202610,54200,賣權,5870.0,0,0
20260923,202610,54300,買權,17.0,5,445
20260923,202610,54300,賣權,5970.0,0,0
20260923,202610,54400,買權,16.0,5,500
20260923,202610,54400,賣權,6070.0,0,0
20260923,202610,54500,買權,16.0,10,586
20260923,202610,54500,賣權,6160.0,0,0
20260923,202610,54600,買權,14.5,0,9
20260923,202610,54600,賣權,6260.0,0,0
20260923,202610,54700,買權,13.5,1,3
20260923,202610,54700,賣權,6360.0,0,0
20260923,202610,54800,買權,12.5,0,0
20260923,202610,54800,賣權,6460.0,0,0
20260923,202610,54900,買權,12.0,1,26
20260923,202610,54900,賣權,6560.0,0,0
20260923,202610,55000,買權,11.0,9,8
20260923,202610,55000,賣權,6660.0,0,0
20260923,202611,38000,買權,10470.0,0,0
20260923,202611,38000,賣權,66.0,1,106
20260923,202611,38100,買權,10370.0,0,0
20260923,202611,38100,賣權,67.0,0,6
20260923,202611,38200,買權,10280.0,0,0
20260923,202611,38200,賣權,69.0,0,1
20260923,202611,38300,買權,10180.0,0,0
20260923,202611,38300,賣權,70.0,2,5
20260923,202611,38400,買權,10080.0,0,0
20260923,202611,38400,賣權,72.0,2,9
20260923,202611,38500,買權,9980.0,0,0
20260923,202611,38500,賣權,74.0,1,27
20260923,202611,38600,買權,9880.0,0,0
20260923,202611,38600,賣權,75.0,0,8
20260923,202611,38700,買權,9790.0,0,0
20260923,202611,38700,賣權,77.0,0,7
20260923,202611,38800,買權,9690.0,0,0
20260923,202611,38800,賣權,78.0,0,1
20260923,202611,38900,買權,9590.0,0,0
20260923,202611,38900,賣權,80.0,0,15
20260923,202611,39000,買權,9490.0,0,0
20260923,202611,39000,賣權,84.0,1,45
20260923,202611,39100,買權,9390.0,0,0
20260923,202611,39100,賣權,85.0,0,4
20260923,202611,39200,買權,9300.0,0,0
20260923,202611,39200,賣權,86.0,0,3
20260923,202611,39300,買權,9200.0,0,0
20260923,202611,39300,賣權,87.0,3,6
20260923,202611,39400,買權,9100.0,0,0
20260923,202611,39400,賣權,90.0,0,0
20260923,202611,39500,買權,9000.0,0,0
20260923,202611,39500,賣權,93.0,3,51
20260923,202611,39600,買權,8910.0,0,0
20260923,202611,39600,賣權,95.0,0,0
20260923,202611,39700,買權,8810.0,0,0
20260923,202611,39700,賣權,97.0,0,1
20260923,202611,39800,買權,8710.0,0,0
20260923,202611,39800,賣權,99.0,0,3
20260923,202611,39900,買權,8610.0,0,0
20260923,202611,39900,賣權,102.0,0,5
20260923,202611,40000,買權,8520.0,0,0
20260923,202611,40000,賣權,105.0,5,71
20260923,202611,40100,買權,8420.0,0,0
20260923,202611,40100,賣權,108.0,0,7
20260923,202611,40200,買權,8320.0,0,0
20260923,202611,40200,賣權,111.0,0,1
20260923,202611,40300,買權,8230.0,0,0
20260923,202611,40300,賣權,114.0,0,5
20260923,202611,40400,買權,8130.0,0,0
20260923,202611,40400,賣權,117.0,0,6
20260923,202611,40500,買權,8030.0,0,0
20260923,202611,40500,賣權,120.0,0,27
20260923,202611,40600,買權,7940.0,0,0
20260923,202611,40600,賣權,124.0,0,2
20260923,202611,40700,買權,7840.0,0,0
20260923,202611,40700,賣權,128.0,0,5
20260923,202611,40800,買權,7750.0,0,0
20260923,202611,40800,賣權,132.0,0,3
20260923,202611,40900,買權,7650.0,0,0
20260923,202611,40900,賣權,136.0,0,1
20260923,202611,41000,買權,7560.0,0,0
20260923,202611,41000,賣權,140.0,0,26
20260923,202611,41100,買權,7460.0,0,0
20260923,202611,41100,賣權,144.0,0,6
20260923,202611,41200,買權,7360.0,0,0
20260923,202611,41200,賣權,149.0,0,5
20260923,202611,41300,買權,7270.0,0,0
20260923,202611,41300,賣權,154.0,0,5
20260923,202611,41400,買權,7180.0,0,0
20260923,202611,41400,賣權,159.0,0,5
20260923,202611,41500,買權,7080.0,0,0
20260923,202611,41500,賣權,164.0,0,15
20260923,202611,41600,買權,6990.0,0,0
20260923,202611,41600,賣權,170.0,0,10
20260923,202611,41700,買權,6890.0,0,0
20260923,202611,41700,賣權,175.0,0,5
20260923,202611,41800,買權,6800.0,0,0
20260923,202611,41800,賣權,181.0,0,7
20260923,202611,41900,買權,6700.0,0,0
20260923,202611,41900,賣權,186.0,0,5
20260923,202611,42000,買權,6610.0,0,0
20260923,202611,42000,賣權,194.0,0,51
20260923,202611,42100,買權,6520.0,0,0
20260923,202611,42100,賣權,201.0,0,15
20260923,202611,42200,買權,6430.0,0,0
20260923,202611,42200,賣權,208.0,0,10
20260923,202611,42300,買權,6330.0,0,0
20260923,202611,42300,賣權,215.0,0,8
20260923,202611,42400,買權,6240.0,0,0
20260923,202611,42400,賣權,222.0,0,5
20260923,202611,42500,買權,6150.0,0,0
20260923,202611,42500,賣權,230.0,6,27
20260923,202611,42600,買權,6060.0,0,0
20260923,202611,42600,賣權,235.0,0,14
20260923,202611,42700,買權,5970.0,0,0
20260923,202611,42700,賣權,247.0,0,1
20260923,202611,42800,買權,5880.0,0,0
20260923,202611,42800,賣權,255.0,0,3
20260923,202611,42900,買權,5790.0,0,0
20260923,202611,42900,賣權,265.0,0,1
20260923,202611,43000,買權,5700.0,0,1
20260923,202611,43000,賣權,276.0,5,129
20260923,202611,43100,買權,5610.0,0,0
20260923,202611,43100,賣權,284.0,0,6
20260923,202611,43200,買權,5510.0,0,1
20260923,202611,43200,賣權,291.0,0,10
20260923,202611,43300,買權,5430.0,0,0
20260923,202611,43300,賣權,302.0,0,15
20260923,202611,43400,買權,5340.0,0,0
20260923,202611,43400,賣權,314.0,0,10
20260923,202611,43500,買權,5250.0,0,0
20260923,202611,43500,賣權,328.0,0,11
20260923,202611,43600,買權,5160.0,0,0
20260923,202611,43600,賣權,336.0,0,1
20260923,202611,43700,買權,5080.0,0,0
20260923,202611,43700,賣權,352.0,0,5
20260923,202611,43800,買權,4990.0,0,1
20260923,202611,43800,賣權,361.0,0,4
20260923,202611,43900,買權,4900.0,0,0
20260923,202611,43900,賣權,375.0,0,6
20260923,202611,44000,買權,4820.0,0,0
20260923,202611,44000,賣權,389.0,0,47
20260923,202611,44100,買權,4730.0,0,0
20260923,202611,44100,賣權,402.0,0,0
20260923,202611,44200,買權,4640.0,0,0
20260923,202611,44200,賣權,417.0,0,2
20260923,202611,44300,買權,4560.0,0,0
20260923,202611,44300,賣權,423.0,1,32
20260923,202611,44400,買權,4480.0,0,1
20260923,202611,44400,賣權,448.0,0,2
20260923,202611,44500,買權,4390.0,0,0
20260923,202611,44500,賣權,464.0,0,6
20260923,202611,44600,買權,4310.0,0,0
20260923,202611,44600,賣權,481.0,0,23
20260923,202611,44700,買權,4230.0,0,0
20260923,202611,44700,賣權,499.0,0,0
20260923,202611,44800,買權,4150.0,0,0
20260923,202611,44800,賣權,525.0,0,6
20260923,202611,44900,買權,4070.0,0,0
20260923,202611,44900,賣權,535.0,0,1
20260923,202611,45000,買權,3990.0,0,7
20260923,202611,45000,賣權,560.0,4,47
20260923,202611,45100,買權,3910.0,0,0
20260923,202611,45100,賣權,575.0,0,1
20260923,202611,45200,買權,3830.0,0,0
20260923,202611,45200,賣權,600.0,0,0
20260923,202611,45300,買權,3760.0,0,0
20260923,202611,45300,賣權,630.0,1,16
20260923,202611,45400,買權,3680.0,0,0
20260923,202611,45400,賣權,650.0,0,10
20260923,202611,45500,買權,3600.0,0,1
20260923,202611,45500,賣權,665.0,0,20
20260923,202611,45600,買權,3530.0,0,1
20260923,202611,45600,賣權,695.0,0,10
20260923,202611,45700,買權,3450.0,0,0
20260923,202611,45700,賣權,715.0,0,20
20260923,202611,45800,買權,3380.0,0,0
20260923,202611,45800,賣權,745.0,0,21
20260923,202611,45900,買權,3300.0,0,0
20260923,202611,45900,賣權,765.0,0,23
20260923,202611,46000,買權,3220.0,0,4
20260923,202611,46000,賣權,790.0,13,35
20260923,202611,46100,買權,3150.0,0,0
20260923,202611,46100,賣權,815.0,0,1
20260923,202611,46200,買權,3080.0,0,2
20260923,202611,46200,賣權,845.0,2,2
20260923,202611,46300,買權,3010.0,0,1
20260923,202611,46300,賣權,875.0,0,3
20260923,202611,46400,買權,2940.0,0,1
20260923,202611,46400,賣權,900.0,0,5
20260923,202611,46500,買權,2870.0,0,2
20260923,202611,46500,賣權,940.0,4,6
20260923,202611,46600,買權,2820.0,0,0
20260923,202611,46600,賣權,965.0,0,11
20260923,202611,46700,買權,2740.0,0,5
20260923,202611,46700,賣權,1000.0,0,6
20260923,202611,46800,買權,2680.0,0,2
20260923,202611,46800,賣權,1030.0,0,4
20260923,202611,46900,買權,2610.0,0,6
20260923,202611,46900,賣權,1070.0,0,6
20260923,202611,47000,買權,2550.0,1,13
20260923,202611,47000,賣權,1090.0,0,77
20260923,202611,47100,買權,2480.0,0,1
20260923,202611,47100,賣權,1150.0,1,7
20260923,202611,47200,買權,2410.0,0,1
20260923,202611,47200,賣權,1200.0,1,5
20260923,202611,47300,買權,2350.0,0,1
20260923,202611,47300,賣權,1230.0,1,7
20260923,202611,47400,買權,2280.0,0,1
20260923,202611,47400,賣權,1240.0,0,6
20260923,202611,47500,買權,2220.0,0,23
20260923,202611,47500,賣權,1310.0,3,12
20260923,202611,47600,買權,2190.0,0,0
20260923,202611,47600,賣權,1320.0,0,0
20260923,202611,47700,買權,2130.0,0,5
20260923,202611,47700,賣權,1360.0,0,5
20260923,202611,47800,買權,2070.0,0,6
20260923,202611,47800,賣權,1400.0,0,6
20260923,202611,47900,買權,2020.0,1,12
20260923,202611,47900,賣權,1450.0,0,9
20260923,202611,48000,買權,1960.0,1,48
20260923,202611,48000,賣權,1490.0,1,8
20260923,202611,48100,買權,1900.0,0,5
20260923,202611,48100,賣權,1560.0,0,5
20260923,202611,48200,買權,1850.0,0,11
20260923,202611,48200,賣權,1610.0,0,10
20260923,202611,48300,買權,1800.0,0,11
20260923,202611,48300,賣權,1660.0,0,0
20260923,202611,48400,買權,1740.0,0,5
20260923,202611,48400,賣權,1710.0,0,0
20260923,202611,48500,買權,1700.0,2,9
20260923,202611,48500,賣權,1760.0,0,4
20260923,202611,48600,買權,1640.0,0,6
20260923,202611,48600,賣權,1810.0,0,1
20260923,202611,48700,買權,1590.0,0,0
20260923,202611,48700,賣權,1860.0,0,0
20260923,202611,48800,買權,1550.0,0,2
20260923,202611,48800,賣權,1910.0,0,0
20260923,202611,48900,買權,1490.0,0,5
20260923,202611,48900,賣權,1940.0,0,0
20260923,202611,49000,買權,1440.0,0,13
20260923,202611,49000,賣權,1990.0,0,4
20260923,202611,49100,買權,1400.0,0,3
20260923,202611,49100,賣權,2050.0,0,0
20260923,202611,49200,買權,1350.0,0,5
20260923,202611,49200,賣權,2100.0,0,0
20260923,202611,49300,買權,1310.0,0,6
20260923,202611,49300,賣權,2160.0,0,1
20260923,202611,49400,買權,1260.0,0,0
20260923,202611,49400,賣權,2210.0,0,0
20260923,202611,49500,買權,1220.0,2,6
20260923,202611,49500,賣權,2270.0,0,0
20260923,202611,49600,買權,1180.0,0,5
20260923,202611,49600,賣權,2330.0,0,0
20260923,202611,49700,買權,1140.0,0,5
20260923,202611,49700,賣權,2390.0,0,0
20260923,202611,49800,買權,1100.0,0,5
20260923,202611,49800,賣權,2450.0,0,0
20260923,202611,49900,買權,1060.0,0,8
20260923,202611,49900,賣權,2510.0,0,0
20260923,202611,50000,買權,1010.0,4,150
20260923,202611,50000,賣權,2570.0,0,0
20260923,202611,50100,買權,980.0,0,8
20260923,202611,50100,賣權,2640.0,0,0
20260923,202611,50200,買權,955.0,0,6
20260923,202611,50200,賣權,2700.0,0,0
20260923,202611,50300,買權,920.0,0,5
20260923,202611,50300,賣權,2770.0,0,0
20260923,202611,50400,買權,885.0,0,34
20260923,202611,50400,賣權,2840.0,0,0
20260923,202611,50500,買權,855.0,1,15
20260923,202611,50500,賣權,2900.0,0,0
20260923,202611,50600,買權,815.0,0,7
20260923,202611,50600,賣權,2960.0,0,0
20260923,202611,50700,買權,785.0,0,5
20260923,202611,50700,賣權,3040.0,0,0
20260923,202611,50800,買權,755.0,2,14
20260923,202611,50800,賣權,3110.0,0,0
20260923,202611,50900,買權,730.0,2,11
20260923,202611,50900,賣權,3180.0,0,0
20260923,202611,51000,買權,700.0,2,49
20260923,202611,51000,賣權,3250.0,0,0
20260923,202611,51100,買權,675.0,0,5
20260923,202611,51100,賣權,3330.0,0,0
20260923,202611,51200,買權,645.0,0,5
20260923,202611,51200,賣權,3400.0,0,0
20260923,202611,51300,買權,620.0,0,5
20260923,202611,51300,賣權,3470.0,0,0
20260923,202611,51400,買權,595.0,6,11
20260923,202611,51400,賣權,3550.0,0,0
20260923,202611,51500,買權,565.0,0,24
20260923,202611,51500,賣權,3620.0,0,0
20260923,202611,51600,買權,550.0,0,7
20260923,202611,51600,賣權,3700.0,0,0
20260923,202611,51700,買權,525.0,5,7
20260923,202611,51700,賣權,3780.0,0,0
20260923,202611,51800,買權,510.0,0,6
20260923,202611,51800,賣權,3860.0,0,0
20260923,202611,51900,買權,498.0,3,8
20260923,202611,51900,賣權,3940.0,0,0
20260923,202611,52000,買權,478.0,3,41
20260923,202611,52000,賣權,4020.0,0,0
20260923,202611,52100,買權,450.0,7,15
20260923,202611,52100,賣權,4100.0,0,0
20260923,202611,52200,買權,425.0,0,6
20260923,202611,52200,賣權,4180.0,0,0
20260923,202611,52300,買權,407.0,10,11
20260923,202611,52300,賣權,4260.0,0,0
20260923,202611,52400,買權,398.0,6,5
20260923,202611,52400,賣權,4340.0,0,0
20260923,202611,52500,買權,375.0,0,16
20260923,202611,52500,賣權,4420.0,0,0
20260923,202611,52600,買權,359.0,0,2
20260923,202611,52600,賣權,4510.0,0,0
20260923,202611,52700,買權,345.0,0,1
20260923,202611,52700,賣權,4590.0,0,0
20260923,202611,52800,買權,329.0,0,7
20260923,202611,52800,賣權,4680.0,0,0
20260923,202611,52900,買權,313.0,0,4
20260923,202611,52900,賣權,4760.0,0,0
20260923,202611,53000,買權,302.0,1,44
20260923,202611,53000,賣權,4850.0,0,0
20260923,202611,53100,買權,287.0,0,0
20260923,202611,53100,賣權,4940.0,0,0
20260923,202611,53200,買權,277.0,0,3
20260923,202611,53200,賣權,5030.0,0,0
20260923,202611,53300,買權,265.0,0,4
20260923,202611,53300,賣權,5110.0,0,0
20260923,202611,53400,買權,253.0,0,4
20260923,202611,53400,賣權,5200.0,0,0
20260923,202611,53500,買權,243.0,1,8
20260923,202611,53500,賣權,5290.0,0,0
20260923,202611,53600,買權,231.0,1,1
20260923,202611,53600,賣權,5380.0,0,0
20260923,202611,53700,買權,222.0,0,3
20260923,202611,53700,賣權,5470.0,0,0
20260923,202611,53800,買權,212.0,0,2
20260923,202611,53800,賣權,5560.0,0,0
20260923,202611,53900,買權,203.0,0,1
20260923,202611,53900,賣權,5650.0,0,0
20260923,202611,54000,買權,196.0,3,111
20260923,202611,54000,賣權,5740.0,0,0
20260923,202611,54100,買權,185.0,0,1
20260923,202611,54100,賣權,5830.0,0,0
20260923,202611,54200,買權,176.0,0,1
20260923,202611,54200,賣權,5930.0,0,0
20260923,202611,54300,買權,168.0,4,4
20260923,202611,54300,賣權,6020.0,0,0
20260923,202611,54400,買權,160.0,0,0
20260923,202611,54400,賣權,6110.0,0,0
20260923,202611,54500,買權,154.0,1,27
20260923,202611,54500,賣權,6200.0,0,0
20260923,202611,54600,買權,146.0,0,1
20260923,202611,54600,賣權,6290.0,0,0
20260923,202611,54700,買權,140.0,0,0
20260923,202611,54700,賣權,6390.0,0,0
20260923,202611,54800,買權,133.0,0,1
20260923,202611,54800,賣權,6480.0,0,0
20260923,202611,54900,買權,127.0,1,12
20260923,202611,54900,賣權,6570.0,0,0
20260923,202611,55000,買權,122.0,4,3
20260923,202611,55000,賣權,6670.0,0,0
20260923,202612,25200,買權,23380.0,0,5
20260923,202612,25200,賣權,22.5,1,204
20260923,202612,25400,買權,23180.0,0,0
20260923,202612,25400,賣權,23.5,0,6
20260923,202612,25600,買權,22980.0,0,0
20260923,202612,25600,賣權,24.0,0,15
20260923,202612,25800,買權,22780.0,0,0
20260923,202612,25800,賣權,24.5,0,10
20260923,202612,26000,買權,22580.0,0,1
20260923,202612,26000,賣權,25.0,0,124
20260923,202612,26200,買權,22390.0,0,0
20260923,202612,26200,賣權,25.5,0,7
20260923,202612,26400,買權,22190.0,0,0
20260923,202612,26400,賣權,26.5,0,13
20260923,202612,26600,買權,21990.0,0,0
20260923,202612,26600,賣權,27.0,0,1
20260923,202612,26800,買權,21790.0,0,119
20260923,202612,26800,賣權,27.5,0,42
20260923,202612,27000,買權,21590.0,0,1
20260923,202612,27000,賣權,28.5,0,7
20260923,202612,27200,買權,21390.0,0,0
20260923,202612,27200,賣權,29.0,0,1
20260923,202612,27400,買權,21200.0,0,0
20260923,202612,27400,賣權,30.0,0,16
20260923,202612,27600,買權,21000.0,0,0
20260923,202612,27600,賣權,30.5,0,2
20260923,202612,27800,買權,20800.0,0,0
20260923,202612,27800,賣權,31.5,0,12
20260923,202612,28000,買權,20600.0,0,0
20260923,202612,28000,賣權,32.5,0,43
20260923,202612,28200,買權,20400.0,0,0
20260923,202612,28200,賣權,33.0,0,8
20260923,202612,28400,買權,20200.0,0,0
20260923,202612,28400,賣權,34.0,0,4
20260923,202612,28600,買權,20000.0,0,0
20260923,202612,28600,賣權,34.5,0,7
20260923,202612,28800,買權,19810.0,0,0
20260923,202612,28800,賣權,35.5,0,6
20260923,202612,29000,買權,19610.0,0,0
20260923,202612,29000,賣權,36.0,0,3
20260923,202612,29200,買權,19410.0,0,0
20260923,202612,29200,賣權,36.5,0,3
20260923,202612,29400,買權,19210.0,0,0
20260923,202612,29400,賣權,36.5,0,5
20260923,202612,29600,買權,19010.0,0,0
20260923,202612,29600,賣權,37.0,0,1
20260923,202612,29800,買權,18810.0,0,0
20260923,202612,29800,賣權,37.5,0,4
20260923,202612,30000,買權,18610.0,0,0
20260923,202612,30000,賣權,37.5,0,73
20260923,202612,30200,買權,18420.0,0,0
20260923,202612,30200,賣權,39.0,0,2
20260923,202612,30400,買權,18220.0,0,0
20260923,202612,30400,賣權,40.5,0,3
20260923,202612,30600,買權,18020.0,0,0
20260923,202612,30600,賣權,41.5,0,2
20260923,202612,30800,買權,17820.0,0,1
20260923,202612,30800,賣權,43.0,0,10
20260923,202612,31000,買權,17630.0,0,0
20260923,202612,31000,賣權,44.5,0,25
20260923,202612,31200,買權,17430.0,0,0
20260923,202612,31200,賣權,46.0,0,4
20260923,202612,31400,買權,17230.0,0,0
20260923,202612,31400,賣權,47.5,0,3
20260923,202612,31600,買權,17030.0,0,0
20260923,202612,31600,賣權,49.5,0,2
20260923,202612,31800,買權,16830.0,0,0
20260923,202612,31800,賣權,51.0,0,1
20260923,202612,32000,買權,16640.0,0,0
20260923,202612,32000,賣權,53.0,0,14
20260923,202612,32200,買權,16440.0,0,0
20260923,202612,32200,賣權,54.0,0,2
20260923,202612,32400,買權,16240.0,0,0
20260923,202612,32400,賣權,55.0,0,3
20260923,202612,32600,買權,16040.0,0,0
20260923,202612,32600,賣權,56.0,0,11
20260923,202612,32800,買權,15850.0,0,0
20260923,202612,32800,賣權,57.0,1,8
20260923,202612,33000,買權,15650.0,0,0
20260923,202612,33000,賣權,59.0,0,15
20260923,202612,33200,買權,15450.0,0,0
20260923,202612,33200,賣權,60.0,0,1
20260923,202612,33400,買權,15250.0,0,0
20260923,202612,33400,賣權,62.0,0,9
20260923,202612,33600,買權,15050.0,0,0
20260923,202612,33600,賣權,63.0,0,5
20260923,202612,33800,買權,14860.0,0,0
20260923,202612,33800,賣權,64.0,0,0
20260923,202612,34000,買權,14660.0,0,0
20260923,202612,34000,賣權,65.0,1,20
20260923,202612,34200,買權,14460.0,0,0
20260923,202612,34200,賣權,68.0,0,1
20260923,202612,34400,買權,14260.0,0,0
20260923,202612,34400,賣權,69.0,0,0
20260923,202612,34600,買權,14070.0,0,0
20260923,202612,34600,賣權,70.0,0,3
20260923,202612,34800,買權,13870.0,0,0
20260923,202612,34800,賣權,72.0,0,1
20260923,202612,35000,買權,13670.0,0,0
20260923,202612,35000,賣權,75.0,2,89
20260923,202612,35200,買權,13470.0,0,0
20260923,202612,35200,賣權,76.0,0,2
20260923,202612,35400,買權,13280.0,0,0
20260923,202612,35400,賣權,77.0,0,0
20260923,202612,35600,買權,13080.0,0,0
20260923,202612,35600,賣權,80.0,0,1
20260923,202612,35800,買權,12880.0,0,1
20260923,202612,35800,賣權,81.0,0,1
20260923,202612,36000,買權,12690.0,0,0
20260923,202612,36000,賣權,84.0,0,75
20260923,202612,36200,買權,12490.0,0,0
20260923,202612,36200,賣權,86.0,0,0
20260923,202612,36400,買權,12290.0,0,0
20260923,202612,36400,賣權,89.0,0,1
20260923,202612,36600,買權,12090.0,0,0
20260923,202612,36600,賣權,91.0,0,5
20260923,202612,36800,買權,11900.0,0,0
20260923,202612,36800,賣權,94.0,0,51
20260923,202612,37000,買權,11700.0,0,4
20260923,202612,37000,賣權,97.0,0,101
20260923,202612,37200,買權,11510.0,0,0
20260923,202612,37200,賣權,101.0,1,10
20260923,202612,37400,買權,11310.0,0,0
20260923,202612,37400,賣權,106.0,0,11
20260923,202612,37600,買權,11120.0,0,2
20260923,202612,37600,賣權,109.0,0,7
20260923,202612,37800,買權,10920.0,0,0
20260923,202612,37800,賣權,111.0,0,14
20260923,202612,38000,買權,10730.0,0,18
20260923,202612,38000,賣權,120.0,5,164
20260923,202612,38200,買權,10530.0,0,0
20260923,202612,38200,賣權,120.0,0,7
20260923,202612,38400,買權,10340.0,0,0
20260923,202612,38400,賣權,125.0,0,4
20260923,202612,38600,買權,10140.0,0,3
20260923,202612,38600,賣權,130.0,0,11
20260923,202612,38800,買權,9950.0,0,0
20260923,202612,38800,賣權,136.0,0,2
20260923,202612,38900,買權,9850.0,0,0
20260923,202612,38900,賣權,140.0,0,0
20260923,202612,39000,買權,9760.0,0,4
20260923,202612,39000,賣權,143.0,0,75
20260923,202612,39100,買權,9660.0,0,0
20260923,202612,39100,賣權,146.0,0,1
20260923,202612,39200,買權,9570.0,0,0
20260923,202612,39200,賣權,150.0,0,1
20260923,202612,39300,買權,9470.0,0,0
20260923,202612,39300,賣權,154.0,0,0
20260923,202612,39400,買權,9370.0,0,0
20260923,202612,39400,賣權,158.0,0,1
20260923,202612,39500,買權,9280.0,0,0
20260923,202612,39500,賣權,162.0,0,1
20260923,202612,39600,買權,9180.0,0,0
20260923,202612,39600,賣權,166.0,0,3
20260923,202612,39700,買權,9090.0,0,0
20260923,202612,39700,賣權,170.0,0,0
20260923,202612,39800,買權,8990.0,0,0
20260923,202612,39800,賣權,174.0,0,7
20260923,202612,39900,買權,8900.0,0,0
20260923,202612,39900,賣權,179.0,0,2
20260923,202612,40000,買權,8800.0,0,12
20260923,202612,40000,賣權,184.0,2,88
20260923,202612,40100,買權,8710.0,0,0
20260923,202612,40100,賣權,189.0,0,5
20260923,202612,40200,買權,8610.0,0,0
20260923,202612,40200,賣權,194.0,0,1
20260923,202612,40300,買權,8520.0,0,0
20260923,202612,40300,賣權,199.0,0,0
20260923,202612,40400,買權,8420.0,0,1
20260923,202612,40400,賣權,204.0,0,1
20260923,202612,40500,買權,8330.0,0,0
20260923,202612,40500,賣權,211.0,0,1
20260923,202612,40600,買權,8240.0,0,0
20260923,202612,40600,賣權,213.0,1,1
20260923,202612,40700,買權,8140.0,0,0
20260923,202612,40700,賣權,222.0,0,0
20260923,202612,40800,買權,8050.0,0,16
20260923,202612,40800,賣權,229.0,0,300
20260923,202612,40900,買權,7960.0,0,0
20260923,202612,40900,賣權,235.0,0,2
20260923,202612,41000,買權,7870.0,0,5
20260923,202612,41000,賣權,242.0,0,15
20260923,202612,41100,買權,7770.0,0,0
20260923,202612,41100,賣權,249.0,0,0
20260923,202612,41200,買權,7680.0,0,0
20260923,202612,41200,賣權,257.0,0,31
20260923,202612,41300,買權,7590.0,0,0
20260923,202612,41300,賣權,264.0,0,0
20260923,202612,41400,買權,7500.0,0,30
20260923,202612,41400,賣權,272.0,0,20
20260923,202612,41500,買權,7410.0,0,0
20260923,202612,41500,賣權,280.0,0,0
20260923,202612,41600,買權,7320.0,0,11
20260923,202612,41600,賣權,289.0,0,12
20260923,202612,41700,買權,7220.0,0,0
20260923,202612,41700,賣權,303.0,1,1
20260923,202612,41800,買權,7130.0,0,15
20260923,202612,41800,賣權,307.0,0,11
20260923,202612,41900,買權,7040.0,0,0
20260923,202612,41900,賣權,317.0,0,1
20260923,202612,42000,買權,6950.0,0,71
20260923,202612,42000,賣權,326.0,2,97
20260923,202612,42100,買權,6860.0,0,0
20260923,202612,42100,賣權,336.0,0,0
20260923,202612,42200,買權,6770.0,0,2
20260923,202612,42200,賣權,345.0,0,19
20260923,202612,42300,買權,6690.0,0,0
20260923,202612,42300,賣權,357.0,0,0
20260923,202612,42400,買權,6600.0,0,0
20260923,202612,42400,賣權,368.0,0,1
20260923,202612,42500,買權,6510.0,0,0
20260923,202612,42500,賣權,382.0,0,0
20260923,202612,42600,買權,6430.0,0,2
20260923,202612,42600,賣權,395.0,0,2
20260923,202612,42700,買權,6340.0,0,0
20260923,202612,42700,賣權,409.0,0,0
20260923,202612,42800,買權,6250.0,0,1
20260923,202612,42800,賣權,423.0,0,0
20260923,202612,42900,買權,6160.0,0,0
20260923,202612,42900,賣權,431.0,0,0
20260923,202612,43000,買權,6080.0,0,65
20260923,202612,43000,賣權,445.0,6,71
20260923,202612,43100,買權,5990.0,0,0
20260923,202612,43100,賣權,458.0,0,0
20260923,202612,43200,買權,5900.0,0,0
20260923,202612,43200,賣權,471.0,0,0
20260923,202612,43300,買權,5820.0,0,0
20260923,202612,43300,賣權,488.0,0,0
20260923,202612,43400,買權,5740.0,0,0
20260923,202612,43400,賣權,505.0,0,2
20260923,202612,43500,買權,5650.0,0,0
20260923,202612,43500,賣權,520.0,0,0
20260923,202612,43600,買權,5570.0,0,1
20260923,202612,43600,賣權,535.0,0,0
20260923,202612,43700,買權,5490.0,0,0
20260923,202612,43700,賣權,550.0,0,4
20260923,202612,43800,買權,5410.0,0,1
20260923,202612,43800,賣權,570.0,0,12
20260923,202612,43900,買權,5330.0,0,0
20260923,202612,43900,賣權,590.0,0,1
20260923,202612,44000,買權,5240.0,0,4
20260923,202612,44000,賣權,600.0,0,20
20260923,202612,44100,買權,5160.0,0,0
20260923,202612,44100,賣權,620.0,0,0
20260923,202612,44200,買權,5080.0,0,2
20260923,202612,44200,賣權,640.0,0,65
20260923,202612,44300,買權,5000.0,0,0
20260923,202612,44300,賣權,660.0,0,0
20260923,202612,44400,買權,4920.0,0,1
20260923,202612,44400,賣權,680.0,0,38
20260923,202612,44500,買權,4840.0,0,0
20260923,202612,44500,賣權,700.0,0,0
20260923,202612,44600,買權,4760.0,0,11
20260923,202612,44600,賣權,725.0,0,12
20260923,202612,44700,買權,4690.0,0,0
20260923,202612,44700,賣權,745.0,0,1
20260923,202612,44800,買權,4610.0,0,2
20260923,202612,44800,賣權,765.0,0,8
20260923,202612,44900,買權,4530.0,0,0
20260923,202612,44900,賣權,790.0,0,0
20260923,202612,45000,買權,4450.0,1,4
20260923,202612,45000,賣權,800.0,60,58
20260923,202612,45100,買權,4380.0,0,0
20260923,202612,45100,賣權,835.0,0,0
20260923,202612,45200,買權,4300.0,0,1
20260923,202612,45200,賣權,860.0,0,6
20260923,202612,45300,買權,4230.0,0,0
20260923,202612,45300,賣權,885.0,0,0
20260923,202612,45400,買權,4160.0,0,1
20260923,202612,45400,賣權,915.0,5,10
20260923,202612,45500,買權,4090.0,0,0
20260923,202612,45500,賣權,945.0,5,5
20260923,202612,45600,買權,4010.0,0,3
20260923,202612,45600,賣權,970.0,0,3
20260923,202612,45700,買權,3950.0,0,0
20260923,202612,45700,賣權,1000.0,0,0
20260923,202612,45800,買權,3880.0,0,7
20260923,202612,45800,賣權,1030.0,0,2
20260923,202612,45900,買權,3810.0,0,0
20260923,202612,45900,賣權,1060.0,0,1
20260923,202612,46000,買權,3740.0,0,259
20260923,202612,46000,賣權,1100.0,181,34
20260923,202612,46100,買權,3660.0,0,0
20260923,202612,46100,賣權,1120.0,0,0
20260923,202612,46200,買權,3590.0,0,2
20260923,202612,46200,賣權,1150.0,0,2
20260923,202612,46300,買權,3520.0,0,0
20260923,202612,46300,賣權,1180.0,0,0
20260923,202612,46400,買權,3450.0,0,3
20260923,202612,46400,賣權,1210.0,0,2
20260923,202612,46500,買權,3390.0,0,0
20260923,202612,46500,賣權,1240.0,0,0
20260923,202612,46600,買權,3320.0,1,53
20260923,202612,46600,賣權,1280.0,0,7
20260923,202612,46700,買權,3260.0,0,0
20260923,202612,46700,賣權,1310.0,0,0
20260923,202612,46800,買權,3190.0,0,12
20260923,202612,46800,賣權,1350.0,0,5
20260923,202612,46900,買權,3130.0,0,0
20260923,202612,46900,賣權,1380.0,0,0
20260923,202612,47000,買權,3070.0,1,237
20260923,202612,47000,賣權,1420.0,0,31
20260923,202612,47100,買權,3010.0,0,0
20260923,202612,47100,賣權,1460.0,0,0
20260923,202612,47200,買權,2940.0,0,62
20260923,202612,47200,賣權,1490.0,0,1
20260923,202612,47300,買權,2880.0,0,0
20260923,202612,47300,賣權,1530.0,0,0
20260923,202612,47400,買權,2820.0,3,68
20260923,202612,47400,賣權,1570.0,0,1
20260923,202612,47500,買權,2760.0,0,0
20260923,202612,47500,賣權,1610.0,0,0
20260923,202612,47600,買權,2700.0,0,53
20260923,202612,47600,賣權,1650.0,0,6
20260923,202612,47700,買權,2640.0,0,0
20260923,202612,47700,賣權,1690.0,0,0
20260923,202612,47800,買權,2610.0,1,9
20260923,202612,47800,賣權,1730.0,0,2
20260923,202612,47900,買權,2530.0,0,0
20260923,202612,47900,賣權,1780.0,0,0
20260923,202612,48000,買權,2470.0,2,59
20260923,202612,48000,賣權,1820.0,1,9
20260923,202612,48100,買權,2420.0,0,0
20260923,202612,48100,賣權,1870.0,0,0
20260923,202612,48200,買權,2370.0,0,7
20260923,202612,48200,賣權,1910.0,0,5
20260923,202612,48300,買權,2320.0,0,0
20260923,202612,48300,賣權,1960.0,0,1
20260923,202612,48400,買權,2260.0,0,5
20260923,202612,48400,賣權,2010.0,0,4
20260923,202612,48500,買權,2210.0,0,3
20260923,202612,48500,賣權,2060.0,0,2
20260923,202612,48600,買權,2150.0,0,5
20260923,202612,48600,賣權,2100.0,0,0
20260923,202612,48700,買權,2090.0,0,0
20260923,202612,48700,賣權,2130.0,0,0
20260923,202612,48800,買權,2040.0,0,0
20260923,202612,48800,賣權,2180.0,0,1
20260923,202612,48900,買權,1990.0,0,0
20260923,202612,48900,賣權,2230.0,0,0
20260923,202612,49000,買權,1940.0,0,422
20260923,202612,49000,賣權,2280.0,0,5
20260923,202612,49100,買權,1890.0,0,0
20260923,202612,49100,賣權,2340.0,0,0
20260923,202612,49200,買權,1850.0,0,16
20260923,202612,49200,賣權,2390.0,0,1
20260923,202612,49300,買權,1790.0,0,0
20260923,202612,49300,賣權,2430.0,0,0
20260923,202612,49400,買權,1730.0,0,5
20260923,202612,49400,賣權,2470.0,0,3
20260923,202612,49500,買權,1690.0,0,0
20260923,202612,49500,賣權,2530.0,0,0
20260923,202612,49600,買權,1640.0,0,10
20260923,202612,49600,賣權,2580.0,0,0
20260923,202612,49700,買權,1600.0,0,1
20260923,202612,49700,賣權,2640.0,0,0
20260923,202612,49800,買權,1560.0,0,0
20260923,202612,49800,賣權,2700.0,0,0
20260923,202612,49900,買權,1520.0,0,0
20260923,202612,49900,賣權,2760.0,0,0
20260923,202612,50000,買權,1480.0,1,145
20260923,202612,50000,賣權,2820.0,1,14
20260923,202612,50100,買權,1430.0,0,0
20260923,202612,50100,賣權,2870.0,0,0
20260923,202612,50200,買權,1390.0,0,5
20260923,202612,50200,賣權,2930.0,0,2
20260923,202612,50300,買權,1360.0,0,0
20260923,202612,50300,賣權,3000.0,0,0
20260923,202612,50400,買權,1320.0,0,40
20260923,202612,50400,賣權,3060.0,0,4
20260923,202612,50500,買權,1280.0,0,0
20260923,202612,50500,賣權,3120.0,0,0
20260923,202612,50600,買權,1250.0,0,1
20260923,202612,50600,賣權,3180.0,0,2
20260923,202612,50700,買權,1220.0,0,0
20260923,202612,50700,賣權,3250.0,0,0
20260923,202612,50800,買權,1180.0,0,13
20260923,202612,50800,賣權,3320.0,0,0
20260923,202612,50900,買權,1150.0,0,0
20260923,202612,50900,賣權,3380.0,0,0
20260923,202612,51000,買權,1120.0,1,33
20260923,202612,51000,賣權,3450.0,0,0
20260923,202612,51100,買權,1090.0,0,1
20260923,202612,51100,賣權,3520.0,0,0
20260923,202612,51200,買權,1060.0,0,5
20260923,202612,51200,賣權,3590.0,0,0
20260923,202612,51300,買權,1030.0,0,0
20260923,202612,51300,賣權,3660.0,0,0
20260923,202612,51400,買權,1000.0,0,2
20260923,202612,51400,賣權,3730.0,0,0
20260923,202612,51500,買權,970.0,0,0
20260923,202612,51500,賣權,3800.0,0,0
20260923,202612,51600,買權,940.0,0,0
20260923,202612,51600,賣權,3870.0,0,0
20260923,202612,51700,買權,910.0,0,0
20260923,202612,51700,賣權,3940.0,0,0
20260923,202612,51800,買權,880.0,0,4
20260923,202612,51800,賣權,4010.0,0,0
20260923,202612,51900,買權,855.0,0,1
20260923,202612,51900,賣權,4080.0,0,0
20260923,202612,52000,買權,825.0,0,548
20260923,202612,52000,賣權,4160.0,0,0
20260923,202612,52100,買權,800.0,0,5
20260923,202612,52100,賣權,4230.0,0,0
20260923,202612,52200,買權,775.0,0,1
20260923,202612,52200,賣權,4310.0,0,0
20260923,202612,52300,買權,750.0,0,0
20260923,202612,52300,賣權,4380.0,0,0
20260923,202612,52400,買權,730.0,0,15
20260923,202612,52400,賣權,4460.0,0,0
20260923,202612,52500,買權,705.0,0,1
20260923,202612,52500,賣權,4530.0,0,0
20260923,202612,52600,買權,680.0,0,1
20260923,202612,52600,賣權,4610.0,0,0
20260923,202612,52700,買權,655.0,0,0
20260923,202612,52700,賣權,4680.0,0,0
20260923,202612,52800,買權,635.0,0,6
20260923,202612,52800,賣權,4760.0,0,0
20260923,202612,52900,買權,620.0,0,0
20260923,202612,52900,賣權,4840.0,0,0
20260923,202612,53000,買權,600.0,0,392
20260923,202612,53000,賣權,4930.0,0,0
20260923,202612,53100,買權,585.0,0,2
20260923,202612,53100,賣權,5010.0,0,0
20260923,202612,53200,買權,565.0,0,12
20260923,202612,53200,賣權,5090.0,0,0
20260923,202612,53300,買權,545.0,0,1
20260923,202612,53300,賣權,5170.0,0,0
20260923,202612,53400,買權,530.0,0,4
20260923,202612,53400,賣權,5250.0,0,0
20260923,202612,53500,買權,515.0,0,0
20260923,202612,53500,賣權,5340.0,0,0
20260923,202612,53600,買權,497.0,0,3
20260923,202612,53600,賣權,5420.0,0,0
20260923,202612,53700,買權,481.0,0,0
20260923,202612,53700,賣權,5500.0,0,0
20260923,202612,53800,買權,466.0,0,2
20260923,202612,53800,賣權,5590.0,0,0
20260923,202612,53900,買權,451.0,0,0
20260923,202612,53900,賣權,5670.0,0,0
20260923,202612,54000,買權,433.0,1,320
20260923,202612,54000,賣權,5760.0,0,0
20260923,202612,54100,買權,422.0,0,0
20260923,202612,54100,賣權,5840.0,0,0
20260923,202612,54200,買權,408.0,0,1
20260923,202612,54200,賣權,5930.0,0,0
20260923,202612,54300,買權,395.0,0,0
20260923,202612,54300,賣權,6010.0,0,0
20260923,202612,54400,買權,382.0,0,5
20260923,202612,54400,賣權,6100.0,0,0
20260923,202612,54500,買權,372.0,7,7
20260923,202612,54500,賣權,6190.0,0,0
20260923,202612,54600,買權,357.0,0,1
20260923,202612,54600,賣權,6280.0,0,0
20260923,202612,54700,買權,345.0,0,0
20260923,202612,54700,賣權,6360.0,0,0
20260923,202612,54800,買權,333.0,0,22
20260923,202612,54800,賣權,6450.0,0,0
20260923,202612,54900,買權,322.0,0,0
20260923,202612,54900,賣權,6540.0,0,0
20260923,202612,55000,買權,311.0,5,50
20260923,202612,55000,賣權,6630.0,0,0
20260923,202612,55200,買權,290.0,0,1
20260923,202612,55200,賣權,6810.0,0,0
20260923,202612,55400,買權,270.0,0,6
20260923,202612,55400,賣權,6990.0,0,0
20260923,202612,55600,買權,253.0,0,113
20260923,202612,55600,賣權,7170.0,0,0
20260923,202612,55800,買權,236.0,0,17
20260923,202612,55800,賣權,7350.0,0,0
20260923,202612,56000,買權,222.0,0,9
20260923,202612,56000,賣權,7530.0,0,0
20260923,202612,56200,買權,208.0,0,4
20260923,202612,56200,賣權,7720.0,0,0
20260923,202612,56400,買權,194.0,0,1
20260923,202612,56400,賣權,7900.0,0,0
20260923,202612,56600,買權,181.0,0,3
20260923,202612,56600,賣權,8090.0,0,0
20260923,202612,56800,買權,170.0,0,1
20260923,202612,56800,賣權,8280.0,0,0
20260923,202612,57000,買權,158.0,0,498
20260923,202612,57000,賣權,8470.0,0,0
20260923,202612,57200,買權,148.0,0,8
20260923,202612,57200,賣權,8660.0,0,121
20260923,202612,57400,買權,137.0,1,255
20260923,202612,57400,賣權,8840.0,0,0
20260923,202703,31800,買權,17340.0,0,1
20260923,202703,31800,賣權,110.0,1,103
20260923,202703,32000,買權,17140.0,0,0
20260923,202703,32000,賣權,115.0,0,19
20260923,202703,32200,買權,16950.0,0,0
20260923,202703,32200,賣權,121.0,0,1
20260923,202703,32400,買權,16750.0,0,0
20260923,202703,32400,賣權,124.0,0,0
20260923,202703,32600,買權,16560.0,0,0
20260923,202703,32600,賣權,128.0,0,0
20260923,202703,32800,買權,16360.0,0,0
20260923,202703,32800,賣權,131.0,0,1
20260923,202703,33000,買權,16170.0,0,0
20260923,202703,33000,賣權,135.0,0,11
20260923,202703,33200,買權,15980.0,0,0
20260923,202703,33200,賣權,139.0,0,2
20260923,202703,33400,買權,15780.0,0,0
20260923,202703,33400,賣權,143.0,0,0
20260923,202703,33600,買權,15590.0,0,0
20260923,202703,33600,賣權,147.0,0,1
20260923,202703,33800,買權,15390.0,0,0
20260923,202703,33800,賣權,152.0,0,21
20260923,202703,34000,買權,15200.0,0,0
20260923,202703,34000,賣權,155.0,4,8
20260923,202703,34200,買權,15010.0,0,0
20260923,202703,34200,賣權,163.0,0,1
20260923,202703,34400,買權,14820.0,0,0
20260923,202703,34400,賣權,168.0,0,0
20260923,202703,34600,買權,14620.0,0,0
20260923,202703,34600,賣權,174.0,0,3
20260923,202703,34800,買權,14430.0,0,0
20260923,202703,34800,賣權,180.0,0,2
20260923,202703,35000,買權,14240.0,0,0
20260923,202703,35000,賣權,187.0,0,42
20260923,202703,35200,買權,14050.0,0,0
20260923,202703,35200,賣權,193.0,0,3
20260923,202703,35400,買權,13860.0,0,0
20260923,202703,35400,賣權,201.0,0,10
20260923,202703,35600,買權,13670.0,0,0
20260923,202703,35600,賣權,209.0,0,28
20260923,202703,35800,買權,13480.0,0,0
20260923,202703,35800,賣權,217.0,0,0
20260923,202703,36000,買權,13290.0,0,0
20260923,202703,36000,賣權,227.0,1,60
20260923,202703,36200,買權,13100.0,0,0
20260923,202703,36200,賣權,235.0,0,1
20260923,202703,36400,買權,12910.0,0,0
20260923,202703,36400,賣權,248.0,1,2
20260923,202703,36600,買權,12720.0,0,4
20260923,202703,36600,賣權,257.0,1,17
20260923,202703,36800,買權,12540.0,0,0
20260923,202703,36800,賣權,266.0,0,2
20260923,202703,37000,買權,12350.0,0,0
20260923,202703,37000,賣權,279.0,3,33
20260923,202703,37200,買權,12160.0,0,0
20260923,202703,37200,賣權,290.0,0,2
20260923,202703,37400,買權,11980.0,0,0
20260923,202703,37400,賣權,303.0,0,5
20260923,202703,37600,買權,11790.0,0,0
20260923,202703,37600,賣權,317.0,0,5
20260923,202703,37800,買權,11610.0,0,0
20260923,202703,37800,賣權,331.0,0,5
20260923,202703,38000,買權,11430.0,0,1
20260923,202703,38000,賣權,347.0,1,41
20260923,202703,38200,買權,11250.0,0,0
20260923,202703,38200,賣權,363.0,0,1
20260923,202703,38400,買權,11060.0,0,1
20260923,202703,38400,賣權,379.0,0,2
20260923,202703,38600,買權,10880.0,0,0
20260923,202703,38600,賣權,397.0,0,3
20260923,202703,38800,買權,10700.0,0,0
20260923,202703,38800,賣權,415.0,0,1
20260923,202703,39000,買權,10520.0,0,0
20260923,202703,39000,賣權,436.0,0,6
20260923,202703,39200,買權,10350.0,0,0
20260923,202703,39200,賣權,457.0,0,1
20260923,202703,39400,買權,10170.0,0,0
20260923,202703,39400,賣權,478.0,0,4
20260923,202703,39600,買權,9990.0,0,0
20260923,202703,39600,賣權,500.0,0,6
20260923,202703,39800,買權,9820.0,0,0
20260923,202703,39800,賣權,525.0,0,3
20260923,202703,40000,買權,9650.0,0,2
20260923,202703,40000,賣權,555.0,1,37
20260923,202703,40200,買權,9470.0,0,0
20260923,202703,40200,賣權,575.0,0,4
20260923,202703,40400,買權,9300.0,0,0
20260923,202703,40400,賣權,600.0,0,1
20260923,202703,40600,買權,9130.0,0,0
20260923,202703,40600,賣權,625.0,0,0
20260923,202703,40800,買權,8960.0,0,0
20260923,202703,40800,賣權,660.0,0,2
20260923,202703,41000,買權,8790.0,0,0
20260923,202703,41000,賣權,685.0,0,2
20260923,202703,41200,買權,8630.0,0,0
20260923,202703,41200,賣權,715.0,0,2
20260923,202703,41400,買權,8460.0,0,0
20260923,202703,41400,賣權,750.0,0,3
20260923,202703,41600,買權,8300.0,0,0
20260923,202703,41600,賣權,785.0,0,0
20260923,202703,41800,買權,8130.0,0,0
20260923,202703,41800,賣權,815.0,0,1
20260923,202703,42000,買權,7970.0,0,1
20260923,202703,42000,賣權,855.0,0,10
20260923,202703,42200,買權,7810.0,0,0
20260923,202703,42200,賣權,890.0,0,1
20260923,202703,42400,買權,7650.0,0,0
20260923,202703,42400,賣權,930.0,0,1
20260923,202703,42600,買權,7500.0,0,1
20260923,202703,42600,賣權,975.0,0,1
20260923,202703,42800,買權,7340.0,0,1
20260923,202703,42800,賣權,1020.0,0,1
20260923,202703,43000,買權,7180.0,0,0
20260923,202703,43000,賣權,1080.0,1,2
20260923,202703,43200,買權,7030.0,0,1
20260923,202703,43200,賣權,1110.0,0,1
20260923,202703,43400,買權,6880.0,0,1
20260923,202703,43400,賣權,1150.0,0,1
20260923,202703,43600,買權,6730.0,0,1
20260923,202703,43600,賣權,1200.0,0,0
20260923,202703,43800,買權,6580.0,0,0
20260923,202703,43800,賣權,1250.0,0,1
20260923,202703,44000,買權,6430.0,0,13
20260923,202703,44000,賣權,1300.0,0,19
20260923,202703,44200,買權,6280.0,0,2
20260923,202703,44200,賣權,1350.0,0,1
20260923,202703,44400,買權,6150.0,0,1
20260923,202703,44400,賣權,1410.0,0,1
20260923,202703,44600,買權,6000.0,0,2
20260923,202703,44600,賣權,1460.0,0,1
20260923,202703,44800,買權,5860.0,0,1
20260923,202703,44800,賣權,1520.0,0,4
20260923,202703,45000,買權,5720.0,0,1
20260923,202703,45000,賣權,1600.0,2,3
20260923,202703,45200,買權,5580.0,0,2
20260923,202703,45200,賣權,1640.0,0,1
20260923,202703,45400,買權,5450.0,0,1
20260923,202703,45400,賣權,1700.0,0,2
20260923,202703,45600,買權,5310.0,0,1
20260923,202703,45600,賣權,1760.0,0,1
20260923,202703,45800,買權,5180.0,0,2
20260923,202703,45800,賣權,1830.0,0,1
20260923,202703,46000,買權,5050.0,0,9
20260923,202703,46000,賣權,1900.0,0,5
20260923,202703,46200,買權,4910.0,0,1
20260923,202703,46200,賣權,1960.0,0,1
20260923,202703,46400,買權,4780.0,0,1
20260923,202703,46400,賣權,2030.0,0,1
20260923,202703,46600,買權,4660.0,0,2
20260923,202703,46600,賣權,2110.0,0,1
20260923,202703,46800,買權,4540.0,0,8
20260923,202703,46800,賣權,2180.0,0,1
20260923,202703,47000,買權,4420.0,0,150
20260923,202703,47000,賣權,2250.0,0,52
20260923,202703,47200,買權,4300.0,0,1
20260923,202703,47200,賣權,2330.0,0,1
20260923,202703,47400,買權,4180.0,0,1
20260923,202703,47400,賣權,2410.0,0,3
20260923,202703,47600,買權,4060.0,0,1
20260923,202703,47600,賣權,2490.0,0,3
20260923,202703,47800,買權,3940.0,0,1
20260923,202703,47800,賣權,2570.0,0,3
20260923,202703,48000,買權,3830.0,20,72
20260923,202703,48000,賣權,2660.0,1,60
20260923,202703,48200,買權,3730.0,0,3
20260923,202703,48200,賣權,2750.0,0,1
20260923,202703,48400,買權,3620.0,0,3
20260923,202703,48400,賣權,2850.0,0,1
20260923,202703,48600,買權,3520.0,0,5
20260923,202703,48600,賣權,2940.0,0,1
20260923,202703,48800,買權,3400.0,18,18
20260923,202703,48800,賣權,3040.0,0,1
20260923,202703,49000,買權,3310.0,10,47
20260923,202703,49000,賣權,3140.0,0,6
20260923,202703,49200,買權,3170.0,0,5
20260923,202703,49200,賣權,3190.0,0,1
20260923,202703,49400,買權,3040.0,0,6
20260923,202703,49400,賣權,3260.0,0,1
20260923,202703,49600,買權,2940.0,0,1
20260923,202703,49600,賣權,3360.0,0,1
20260923,202703,49800,買權,2850.0,0,1
20260923,202703,49800,賣權,3470.0,0,1
20260923,202703,50000,買權,2770.0,0,26
20260923,202703,50000,賣權,3580.0,0,21
20260923,202703,50200,買權,2680.0,0,2
20260923,202703,50200,賣權,3690.0,0,1
20260923,202703,50400,買權,2600.0,0,1
20260923,202703,50400,賣權,3800.0,0,1
20260923,202703,50600,買權,2510.0,0,1
20260923,202703,50600,賣權,3920.0,0,1
20260923,202703,50800,買權,2420.0,0,2
20260923,202703,50800,賣權,4030.0,0,1
20260923,202703,51000,買權,2340.0,0,1426
20260923,202703,51000,賣權,4150.0,0,4
20260923,202703,51200,買權,2270.0,0,2
20260923,202703,51200,賣權,4270.0,0,1
20260923,202703,51400,買權,2190.0,0,0
20260923,202703,51400,賣權,4380.0,0,1
20260923,202703,51600,買權,2110.0,0,3
20260923,202703,51600,賣權,4510.0,0,1
20260923,202703,51800,買權,2040.0,0,1
20260923,202703,51800,賣權,4640.0,0,1
20260923,202703,52000,買權,1960.0,0,11
20260923,202703,52000,賣權,4750.0,0,1
20260923,202703,52200,買權,1890.0,0,1
20260923,202703,52200,賣權,4880.0,0,1
20260923,202703,52400,買權,1820.0,0,11
20260923,202703,52400,賣權,5010.0,0,1
20260923,202703,52600,買權,1750.0,1,1
20260923,202703,52600,賣權,5140.0,0,1
20260923,202703,52800,買權,1690.0,0,0
20260923,202703,52800,賣權,5280.0,0,1
20260923,202703,53000,買權,1630.0,0,12
20260923,202703,53000,賣權,5410.0,0,0
20260923,202703,53200,買權,1570.0,0,1
20260923,202703,53200,賣權,5550.0,0,1
20260923,202703,53400,買權,1510.0,0,6
20260923,202703,53400,賣權,5690.0,0,1
20260923,202703,53600,買權,1450.0,0,2
20260923,202703,53600,賣權,5830.0,0,0
20260923,202703,53800,買權,1400.0,0,1
20260923,202703,53800,賣權,5970.0,0,0
20260923,202703,54000,買權,1340.0,0,17
20260923,202703,54000,賣權,6120.0,0,0
20260923,202703,54200,買權,1290.0,0,4
20260923,202703,54200,賣權,6270.0,0,0
20260923,202703,54400,買權,1240.0,0,11
20260923,202703,54400,賣權,6420.0,0,0
20260923,202703,54600,買權,1200.0,0,3
20260923,202703,54600,賣權,6570.0,0,0
20260923,202703,54800,買權,1150.0,0,3
20260923,202703,54800,賣權,6720.0,0,0
20260923,202703,55000,買權,1110.0,0,28
20260923,202703,55000,賣權,6870.0,0,0
20260923,202703,55200,買權,1060.0,0,7
20260923,202703,55200,賣權,7030.0,0,0
20260923,202703,55400,買權,1020.0,0,6
20260923,202703,55400,賣權,7190.0,0,0
20260923,202703,55600,買權,980.0,0,1
20260923,202703,55600,賣權,7340.0,0,0
20260923,202703,55800,買權,945.0,0,4
20260923,202703,55800,賣權,7500.0,0,0
20260923,202703,56000,買權,905.0,0,1442
20260923,202703,56000,賣權,7660.0,0,0
20260923,202703,56200,買權,870.0,0,6
20260923,202703,56200,賣權,7820.0,0,0
20260923,202703,56400,買權,835.0,0,12
20260923,202703,56400,賣權,7990.0,0,0
20260923,202703,56600,買權,800.0,0,8
20260923,202703,56600,賣權,8150.0,0,0
20260923,202703,56800,買權,765.0,0,1
20260923,202703,56800,賣權,8320.0,0,0
20260923,202703,57000,買權,730.0,0,18
20260923,202703,57000,賣權,8480.0,0,0
20260923,202703,57200,買權,705.0,0,17
20260923,202703,57200,賣權,8650.0,0,0
20260923,202703,57400,買權,675.0,0,222
20260923,202703,57400,賣權,8820.0,0,0
20260923,202706,36600,買權,13460.0,0,1
20260923,202706,36600,賣權,486.0,2,18
20260923,202706,36800,買權,13280.0,0,0
20260923,202706,36800,賣權,510.0,0,3
20260923,202706,37000,買權,13100.0,0,0
20260923,202706,37000,賣權,530.0,1,8
20260923,202706,37200,買權,12920.0,0,0
20260923,202706,37200,賣權,550.0,0,5
20260923,202706,37400,買權,12750.0,0,0
20260923,202706,37400,賣權,575.0,0,5
20260923,202706,37600,買權,12580.0,0,0
20260923,202706,37600,賣權,600.0,0,9
20260923,202706,37800,買權,12400.0,0,0
20260923,202706,37800,賣權,625.0,0,7
20260923,202706,38000,買權,12230.0,0,0
20260923,202706,38000,賣權,650.0,0,17
20260923,202706,38200,買權,12060.0,0,0
20260923,202706,38200,賣權,675.0,0,11
20260923,202706,38400,買權,11890.0,0,0
20260923,202706,38400,賣權,700.0,0,15
20260923,202706,38600,買權,11720.0,0,0
20260923,202706,38600,賣權,725.0,0,12
20260923,202706,38800,買權,11550.0,0,0
20260923,202706,38800,賣權,755.0,0,10
20260923,202706,39000,買權,11380.0,0,0
20260923,202706,39000,賣權,785.0,0,4
20260923,202706,39200,買權,11220.0,0,0
20260923,202706,39200,賣權,815.0,0,0
20260923,202706,39400,買權,11050.0,0,0
20260923,202706,39400,賣權,845.0,1,7
20260923,202706,39600,買權,10890.0,0,0
20260923,202706,39600,賣權,880.0,0,10
20260923,202706,39800,買權,10720.0,0,0
20260923,202706,39800,賣權,910.0,0,10
20260923,202706,40000,買權,10560.0,1,1
20260923,202706,40000,賣權,945.0,1,3
20260923,202706,40200,買權,10400.0,0,0
20260923,202706,40200,賣權,985.0,0,0
20260923,202706,40400,買權,10240.0,0,0
20260923,202706,40400,賣權,1020.0,0,0
20260923,202706,40600,買權,10070.0,0,0
20260923,202706,40600,賣權,1050.0,1,1
20260923,202706,40800,買權,9920.0,0,0
20260923,202706,40800,賣權,1090.0,0,1
20260923,202706,41000,買權,9760.0,1,2
20260923,202706,41000,賣權,1130.0,0,1
20260923,202706,41200,買權,9610.0,0,0
20260923,202706,41200,賣權,1180.0,0,0
20260923,202706,41400,買權,9450.0,0,0
20260923,202706,41400,賣權,1220.0,0,0
20260923,202706,41600,買權,9290.0,0,0
20260923,202706,41600,賣權,1260.0,1,1
20260923,202706,41800,買權,9140.0,0,0
20260923,202706,41800,賣權,1310.0,1,3
20260923,202706,42000,買權,8990.0,0,0
20260923,202706,42000,賣權,1350.0,1,2
20260923,202706,42200,買權,8840.0,0,0
20260923,202706,42200,賣權,1400.0,0,0
20260923,202706,42400,買權,8690.0,0,0
20260923,202706,42400,賣權,1440.0,0,0
20260923,202706,42600,買權,8540.0,0,0
20260923,202706,42600,賣權,1490.0,0,0
20260923,202706,42800,買權,8390.0,0,0
20260923,202706,42800,賣權,1540.0,0,0
20260923,202706,43000,買權,8250.0,0,1
20260923,202706,43000,賣權,1590.0,0,3
20260923,202706,43200,買權,8100.0,0,0
20260923,202706,43200,賣權,1640.0,0,0
20260923,202706,43400,買權,7960.0,0,0
20260923,202706,43400,賣權,1700.0,0,2
20260923,202706,43600,買權,7810.0,0,0
20260923,202706,43600,賣權,1750.0,0,2
20260923,202706,43800,買權,7680.0,0,0
20260923,202706,43800,賣權,1810.0,0,0
20260923,202706,44000,買權,7530.0,0,1
20260923,202706,44000,賣權,1860.0,0,2
20260923,202706,44200,買權,7390.0,0,0
20260923,202706,44200,賣權,1920.0,0,0
20260923,202706,44400,買權,7260.0,0,0
20260923,202706,44400,賣權,1980.0,0,2
20260923,202706,44600,買權,7120.0,0,0
20260923,202706,44600,賣權,2050.0,0,5
20260923,202706,44800,買權,6990.0,0,0
20260923,202706,44800,賣權,2110.0,0,2
20260923,202706,45000,買權,6850.0,1,1
20260923,202706,45000,賣權,2170.0,0,3
20260923,202706,45200,買權,6720.0,0,0
20260923,202706,45200,賣權,2240.0,0,0
20260923,202706,45400,買權,6590.0,0,0
20260923,202706,45400,賣權,2310.0,0,0
20260923,202706,45600,買權,6470.0,0,0
20260923,202706,45600,賣權,2380.0,0,0
20260923,202706,45800,買權,6340.0,0,0
20260923,202706,45800,賣權,2450.0,0,0
20260923,202706,46000,買權,6210.0,0,1
20260923,202706,46000,賣權,2520.0,0,2
20260923,202706,46200,買權,6090.0,0,1
20260923,202706,46200,賣權,2590.0,0,0
20260923,202706,46400,買權,5960.0,0,0
20260923,202706,46400,賣權,2660.0,0,0
20260923,202706,46600,買權,5840.0,0,0
20260923,202706,46600,賣權,2730.0,0,0
20260923,202706,46800,買權,5710.0,0,0
20260923,202706,46800,賣權,2810.0,0,0
20260923,202706,47000,買權,5600.0,0,0
20260923,202706,47000,賣權,2870.0,25,70
20260923,202706,47200,買權,5470.0,0,0
20260923,202706,47200,賣權,2960.0,0,0
20260923,202706,47400,買權,5360.0,0,0
20260923,202706,47400,賣權,3050.0,0,25
20260923,202706,47600,買權,5250.0,0,0
20260923,202706,47600,賣權,3130.0,0,0
20260923,202706,47800,買權,5130.0,0,0
20260923,202706,47800,賣權,3210.0,0,0
20260923,202706,48000,買權,5020.0,0,7
20260923,202706,48000,賣權,3280.0,20,20
20260923,202706,48200,買權,4910.0,0,0
20260923,202706,48200,賣權,3380.0,0,0
20260923,202706,48400,買權,4800.0,0,0
20260923,202706,48400,賣權,3470.0,0,2
20260923,202706,48600,買權,4690.0,0,0
20260923,202706,48600,賣權,3560.0,0,1
20260923,202706,48800,買權,4590.0,0,0
20260923,202706,48800,賣權,3660.0,0,0
20260923,202706,49000,買權,4470.0,25,26
20260923,202706,49000,賣權,3740.0,6,7
20260923,202706,49200,買權,4380.0,0,0
20260923,202706,49200,賣權,3840.0,0,0
20260923,202706,49400,買權,4270.0,0,0
20260923,202706,49400,賣權,3930.0,0,0
20260923,202706,49600,買權,4170.0,0,0
20260923,202706,49600,賣權,4030.0,0,0
20260923,202706,49800,買權,4080.0,15,15
20260923,202706,49800,賣權,4130.0,0,0
20260923,202706,50000,買權,3980.0,58,58
20260923,202706,50000,賣權,4220.0,12,12
20260923,202706,50200,買權,3880.0,22,22
20260923,202706,50200,賣權,4320.0,1,0
20260923,202706,50400,買權,3780.0,23,24
20260923,202706,50400,賣權,4430.0,0,0
20260923,202706,50600,買權,3690.0,2,2
20260923,202706,50600,賣權,4530.0,0,0
20260923,202706,50800,買權,3580.0,8,8
20260923,202706,50800,賣權,4620.0,0,0
20260923,202706,51000,買權,3480.0,0,0
20260923,202706,51000,賣權,4720.0,0,0
20260923,202706,51200,買權,3390.0,0,0
20260923,202706,51200,賣權,4830.0,0,0
20260923,202706,51400,買權,3310.0,0,0
20260923,202706,51400,賣權,4940.0,0,0
20260923,202706,51600,買權,3220.0,0,0
20260923,202706,51600,賣權,5050.0,0,0
20260923,202706,51800,買權,3140.0,0,0
20260923,202706,51800,賣權,5170.0,0,0
20260923,202706,52000,買權,3070.0,0,1
20260923,202706,52000,賣權,5290.0,0,0
20260923,202706,52200,買權,2980.0,0,1
20260923,202706,52200,賣權,5400.0,0,0
20260923,202706,52400,買權,2900.0,0,1
20260923,202706,52400,賣權,5520.0,0,0
20260923,202706,52600,買權,2830.0,0,0
20260923,202706,52600,賣權,5640.0,0,0
20260923,202706,52800,買權,2750.0,0,0
20260923,202706,52800,賣權,5760.0,0,0
20260923,202706,53000,買權,2680.0,0,2
20260923,202706,53000,賣權,5880.0,0,0
20260923,202706,53200,買權,2610.0,0,0
20260923,202706,53200,賣權,6010.0,0,0
20260923,202706,53400,買權,2530.0,0,0
20260923,202706,53400,賣權,6130.0,0,0
20260923,202706,53600,買權,2470.0,0,0
20260923,202706,53600,賣權,6270.0,0,0
20260923,202706,53800,買權,2400.0,0,0
20260923,202706,53800,賣權,6390.0,0,0
20260923,202706,54000,買權,2330.0,0,0
20260923,202706,54000,賣權,6530.0,0,0
20260923,202706,54200,買權,2270.0,0,0
20260923,202706,54200,賣權,6660.0,0,0
20260923,202706,54400,買權,2200.0,0,0
20260923,202706,54400,賣權,6790.0,0,0
20260923,202706,54600,買權,2140.0,0,0
20260923,202706,54600,賣權,6930.0,0,0
20260923,202706,54800,買權,2080.0,0,0
20260923,202706,54800,賣權,7060.0,0,0
20260923,202706,55000,買權,2020.0,0,13
20260923,202706,55000,賣權,7200.0,0,0
20260923,202706,55200,買權,1970.0,0,22
20260923,202706,55200,賣權,7340.0,0,0
20260923,202706,55400,買權,1910.0,0,0
20260923,202706,55400,賣權,7490.0,0,0
20260923,202706,55600,買權,1860.0,1,15
20260923,202706,55600,賣權,7630.0,0,0
20260923,202706,55800,買權,1800.0,0,1
20260923,202706,55800,賣權,7770.0,0,0
20260923,202706,56000,買權,1750.0,2,4
20260923,202706,56000,賣權,7920.0,0,0
20260923,202706,56200,買權,1700.0,0,2
20260923,202706,56200,賣權,8060.0,0,0
20260923,202706,56400,買權,1650.0,0,1
20260923,202706,56400,賣權,8210.0,0,0
20260923,202706,56600,買權,1600.0,1,2
20260923,202706,56600,賣權,8350.0,0,0
20260923,202706,56800,買權,1540.0,20,15
20260923,202706,56800,賣權,8510.0,0,0
20260923,202706,57000,買權,1510.0,0,0
20260923,202706,57000,賣權,8660.0,0,0
20260923,202706,57200,買權,1470.0,0,0
20260923,202706,57200,賣權,8820.0,0,0
20260923,202706,57400,買權,1420.0,9,11
20260923,202706,57400,賣權,8970.0,0,0
