wcode,kind,uname,ucode
03001T,put,啟碁,6285
03002T,put,台積電,2330
03003T,put,聯發科,2454
03006X,call,富邦金,2881
030079,call,南亞,1303
03007T,put,元大台灣50,0050
03007X,call,中信金,2891
030088,call,玉晶光,3406
030090,call,達興材料,5234
030092,call,訊芯-KY,6451
030095,call,南電,8046
03009T,put,聯發科,2454
03010T,put,台化,1326
03010X,call,鴻海,2317
03011T,put,台積電,2330
030129,call,欣興,3037
03012T,put,聯發科,2454
03012X,call,國泰金,2882
030135,call,飛捷,6206
03013T,put,大立光,3008
03013X,call,台新新光金,2887
03014X,call,第一金,2892
03015X,call,玉山金,2884
030169,call,元大台灣50,0050
03016X,call,凱基金,2883
030174,call,鴻海,2317
03017T,put,毅嘉,2402
03017X,call,永豐金,2890
03018T,put,玉晶光,3406
03019T,put,元大台灣50,0050
03019X,call,合庫金,5880
03020T,put,元大台灣50,0050
03020X,call,彰銀,2801
03021T,put,華泰,2329
03022T,put,大立光,3008
03022X,call,鴻海,2317
030239,call,南亞,1303
03023T,put,眾達-KY,4977
030240,call,南亞,1303
030241,call,南亞,1303
030242,call,台化,1326
030243,call,台化,1326
030244,call,台玻,1802
030245,call,台玻,1802
030246,call,宇隆,2233
030248,call,TPK-KY,3673
030250,call,同欣電,6271
030251,call,AES-KY,6781
030256,call,國喬,1312
030264,call,國巨*,2327
03026X,call,元大寶滬深,0061
030276,call,同欣電,6271
03027T,put,華邦電,2344
03028T,put,南亞科,2408
03029X,call,大聯大,3702
03030T,put,元大台灣50,0050
03031T,put,元大台灣50,0050
03032T,put,國巨*,2327
030344,call,南電,8046
03035T,put,台積電,2330
03035X,call,遠東新,1402
03036T,put,華邦電,2344
03037T,put,南亞科,2408
030388,call,南電,8046
03038T,put,群創,3481
03038X,call,和碩,4938
03039X,call,華碩,2357
03040T,put,力積電,6770
030412,call,元大台灣50,0050
03041T,put,聯發科,2454
03042T,put,群創,3481
03045T,put,鴻海,2317
03046T,put,台積電,2330
03047T,put,元大台灣50,0050
03047X,call,華新,1605
030481,call,奇鋐,3017
03048T,put,元大台灣50,0050
030499,call,台光電,2383
03049T,put,元大台灣50,0050
03049X,call,宏全,9939
03050X,call,潤泰新,9945
030549,call,亞泥,1102
030551,call,台塑,1301
030552,call,台塑,1301
030553,call,三芳,1307
030554,call,台化,1326
030555,call,台化,1326
030557,call,華城,1519
030562,call,台玻,1802
030564,call,大成鋼,2027
030567,call,川湖,2059
030569,call,光寶科,2301
030570,call,華通,2313
030571,call,華通,2313
030573,call,台積電,2330
030574,call,智邦,2345
030575,call,智邦,2345
030576,call,智邦,2345
030578,call,金像電,2368
030579,call,台光電,2383
03057T,put,台積電,2330
030580,call,台光電,2383
030581,call,南亞科,2408
030582,call,鉅祥,2476
030586,call,漢翔,2634
030587,call,長榮航太,2645
030589,call,文曄,3036
030590,call,欣興,3037
030591,call,緯創,3231
030592,call,緯創,3231
030593,call,玉晶光,3406
030594,call,健策,3653
030595,call,健策,3653
030596,call,貿聯-KY,3665
030597,call,TPK-KY,3673
030599,call,南寶,4766
030600,call,致伸,4915
030601,call,臻鼎-KY,4958
030603,call,聯茂,6213
030604,call,同欣電,6271
030605,call,台塑化,6505
030606,call,台塑化,6505
030607,call,愛普*,6531
030608,call,緯穎,6669
030609,call,緯穎,6669
030611,call,AES-KY,6781
030612,call,南電,8046
030613,call,億豐,8464
030679,call,景碩,3189
03068T,put,台積電,2330
03069T,put,台積電,2330
03070T,put,華邦電,2344
03071T,put,聯發科,2454
03072T,put,聯發科,2454
03073T,put,力積電,6770
03074T,put,台積電,2330
03074X,call,台新新光金,2887
03075T,put,群創,3481
030769,call,台達電,2308
03076T,put,緯穎,6669
030771,call,元大台灣50,0050
03077T,put,台積電,2330
030791,call,光寶科,2301
030793,call,鴻海,2317
03079T,put,元大台灣50,0050
03080T,put,台積電,2330
03081T,put,南亞科,2408
030827,call,大成鋼,2027
03082T,put,聯發科,2454
03083T,put,聯發科,2454
03086T,put,燿華,2367
030887,call,台塑,1301
030888,call,元大台灣50,0050
03088T,put,元大台灣50,0050
03089T,put,台玻,1802
030903,call,智邦,2345
030904,call,智邦,2345
03090T,put,燿華,2367
03092T,put,毅嘉,2402
030931,call,嘉澤,3533
03093X,call,永豐金,2890
03094T,put,台玻,1802
03095T,put,京元電子,2449
030967,call,鴻海,2317
03096T,put,玉晶光,3406
03097T,put,威盛,2388
03098T,put,威盛,2388
030996,call,大成鋼,2027
03099T,put,南亞科,2408
031000,call,楠梓電,2316
031019,call,欣興,3037
03101T,put,聯發科,2454
031026,call,材料*-KY,4763
03102T,put,元大台灣50,0050
031030,call,亞翔,6139
03103T,put,元大台灣50,0050
03104T,put,台玻,1802
03105T,put,台積電,2330
03106T,put,聯發科,2454
03107T,put,玉晶光,3406
03108T,put,華邦電,2344
03109T,put,聯發科,2454
03110T,put,緯穎,6669
031116,call,奇鋐,3017
03111T,put,緯穎,6669
031123,call,緯穎,6669
03113T,put,南亞科,2408
03114T,put,元大台灣50,0050
03115T,put,元大台灣50,0050
031189,call,中興電,1513
03119T,put,南亞科,2408
031207,call,德律,3030
03120T,put,元大台灣50,0050
03122T,put,聯發科,2454
031254,call,材料*-KY,4763
031256,call,亞翔,6139
03125T,put,台積電,2330
031261,call,富世達,6805
031266,call,台塑,1301
031267,call,和大,1536
031268,call,川湖,2059
031269,call,川湖,2059
03126T,put,聯發科,2454
031272,call,台達電,2308
031273,call,鴻海,2317
031274,call,鴻海,2317
031275,call,廣宇,2328
031277,call,致茂,2360
031278,call,致茂,2360
03127T,put,國巨*,2327
031280,call,金像電,2368
031281,call,大同,2371
031283,call,群光,2385
031286,call,建準,2421
031288,call,長榮航太,2645
031289,call,長榮航太,2645
03128T,put,聯發科,2454
031291,call,奇鋐,3017
031292,call,奇鋐,3017
031294,call,亞光,3019
031295,call,亞光,3019
031296,call,亞光,3019
031297,call,亞光,3019
031298,call,智原,3035
03129T,put,元大台灣50,0050
031300,call,玉晶光,3406
031301,call,玉晶光,3406
031303,call,嘉澤,3533
031304,call,嘉澤,3533
031305,call,貿聯-KY,3665
031307,call,智伸科,4551
031308,call,智伸科,4551
031309,call,南寶,4766
031310,call,南寶,4766
031311,call,上品,4770
031313,call,立積,4968
031315,call,飛捷,6206
031316,call,台塑化,6505
031317,call,愛普*,6531
031318,call,緯穎,6669
031319,call,緯穎,6669
03131T,put,鴻海,2317
031320,call,視陽,6782
031321,call,昇陽半導體,8028
031323,call,億豐,8464
03132T,put,智邦,2345
03133T,put,南亞科,2408
03134T,put,盟立,2464
03135T,put,力積電,6770
031367,call,長榮航太,2645
03137T,put,聯發科,2454
031387,call,奇鋐,3017
03138T,put,AES-KY,6781
031404,call,光寶科,2301
03140T,put,華邦電,2344
03141T,put,群創,3481
03142T,put,力積電,6770
03144T,put,元大台灣50,0050
03145T,put,元大台灣50,0050
031473,call,光寶科,2301
03147T,put,AES-KY,6781
03150T,put,台積電,2330
031510,call,聯茂,6213
031512,call,富世達,6805
031518,call,中興電,1513
03151T,put,華邦電,2344
031526,call,鴻海,2317
03152T,put,群創,3481
03153T,put,群創,3481
031549,call,大亞,1609
03154T,put,元大台灣50,0050
031552,call,川湖,2059
03155T,put,川湖,2059
03156T,put,啟碁,6285
03157T,put,力積電,6770
031590,call,鴻海,2317
03159T,put,元大台灣50,0050
03162T,put,聯電,2303
031638,call,大成鋼,2027
03163T,put,台積電,2330
031643,call,鴻海,2317
031645,call,台積電,2330
03164T,put,日月光投控,3711
03165T,put,華邦電,2344
03166T,put,勤誠,8210
031678,call,台積電,2330
03168T,put,金寶,2312
03169T,put,群創,3481
03170T,put,鈞興-KY,4571
03171T,put,昇陽半導體,8028
03174T,put,啟碁,6285
03175T,put,力積電,6770
03178T,put,聯發科,2454
031804,call,南亞,1303
031805,call,鴻海,2317
031806,call,鴻海,2317
031808,call,金像電,2368
031809,call,漢唐,2404
031813,call,緯穎,6669
03182T,put,台積電,2330
031834,call,鴻海,2317
03183T,put,台積電,2330
03184T,put,聯發科,2454
031853,call,富世達,6805
03185T,put,元大台灣50,0050
03186T,put,元大台灣50,0050
031874,call,奇鋐,3017
031878,call,大銀微系統,4576
03190T,put,聯發科,2454
03191T,put,貿聯-KY,3665
031940,call,奇鋐,3017
03194T,put,台積電,2330
03195T,put,台積電,2330
03196T,put,台積電,2330
03197T,put,台積電,2330
03198T,put,台積電,2330
03199T,put,台積電,2330
03200T,put,威盛,2388
03201T,put,聯發科,2454
032027,call,奇鋐,3017
03202T,put,聯發科,2454
03203T,put,眾達-KY,4977
032043,call,宏達電,2498
03204T,put,元大台灣50,0050
03206T,put,台積電,2330
032075,call,鴻海,2317
03207T,put,聯發科,2454
032089,call,大銀微系統,4576
03208T,put,晶豪科,3006
032097,call,南電,8046
03209T,put,嘉晶,3016
03212T,put,台積電,2330
03213T,put,台積電,2330
032149,call,元大台灣50,0050
032154,call,京元電子,2449
03215T,put,智邦,2345
03216T,put,漢唐,2404
03217T,put,漢唐,2404
03218T,put,南亞科,2408
03219T,put,京元電子,2449
03220T,put,緯創,3231
03221T,put,日月光投控,3711
032223,call,世芯-KY,3661
03222T,put,jpp-KY,5284
03223T,put,台積電,2330
03224T,put,南亞,1303
03225T,put,晶豪科,3006
03227T,put,台積電,2330
03228T,put,兆赫,2485
03229T,put,世芯-KY,3661
03230T,put,世芯-KY,3661
032312,call,宏達電,2498
032332,call,台達電,2308
032334,call,金像電,2368
03233T,put,台積電,2330
03234T,put,智邦,2345
032356,call,緯創,3231
032357,call,臻鼎-KY,4958
03235T,put,緯創,3231
032361,call,元大台灣50,0050
03237T,put,南亞科,2408
032385,call,鴻海,2317
032388,call,台積電,2330
03238T,put,世芯-KY,3661
03241T,put,元大台灣50,0050
03242T,put,元大台灣50,0050
032433,call,緯穎,6669
03243T,put,元大台灣50,0050
03246T,put,台積電,2330
032511,call,世芯-KY,3661
03251T,put,聯電,2303
032525,call,欣興,3037
03252T,put,台積電,2330
03253T,put,元大台灣50,0050
03255T,put,創見,2451
032564,call,鴻海,2317
032566,call,智邦,2345
032568,call,漢唐,2404
032573,call,神基,3005
032575,call,健策,3653
032579,call,晶心科,6533
03257T,put,元大台灣50,0050
032582,call,富世達,6805
03259T,put,鴻海,2317
03260T,put,鴻準,2354
03261T,put,漢唐,2404
03262T,put,緯創,3231
03263T,put,福懋科,8131
032670,call,聯茂,6213
03267T,put,台積電,2330
032685,call,鴻海,2317
032686,call,台積電,2330
03268T,put,華邦電,2344
032693,call,穎崴,6515
03269T,put,南亞科,2408
03271T,put,元大台灣50,0050
03272T,put,川湖,2059
03273T,put,群創,3481
03274T,put,達發,6526
03276T,put,元大台灣50,0050
03278T,put,川湖,2059
03279T,put,聯電,2303
032802,call,穎崴,6515
03280T,put,南亞科,2408
032819,call,鴻海,2317
03281T,put,元大台灣50,0050
03283T,put,創見,2451
032840,call,台積電,2330
032842,call,聯發科,2454
03284T,put,聯詠,3034
03285T,put,緯創,3231
03286T,put,台積電,2330
03287T,put,聯詠,3034
03288T,put,元大台灣50,0050
03289T,put,文曄,3036
032905,call,穎崴,6515
032906,call,緯穎,6669
032907,call,緯穎,6669
032908,call,緯穎,6669
032910,call,緯穎,6669
03291T,put,元大台灣50,0050
032929,call,金像電,2368
03293T,put,元大台灣50,0050
032942,call,鴻海,2317
032944,call,漢唐,2404
032946,call,建準,2421
032947,call,長榮航太,2645
03294T,put,台積電,2330
032950,call,亞光,3019
032951,call,德律,3030
032952,call,台灣精銳,4583
032955,call,臻鼎-KY,4958
032956,call,臻鼎-KY,4958
032957,call,達興材料,5234
032958,call,達興材料,5234
032959,call,精成科,6191
03295T,put,群創,3481
032960,call,精成科,6191
032961,call,富世達,6805
032987,call,世芯-KY,3661
03298T,put,光寶科,2301
03299T,put,漢唐,2404
03300T,put,昇貿,3305
03301T,put,緯穎,6669
03306T,put,台積電,2330
03307T,put,聯電,2303
033087,call,元大台灣50,0050
033102,call,智邦,2345
033122,call,富世達,6805
03312T,put,上銀,2049
03313T,put,國巨*,2327
03314T,put,大立光,3008
03315T,put,臻鼎-KY,4958
03316T,put,眾達-KY,4977
03317T,put,力積電,6770
03318T,put,晶豪科,3006
03320T,put,元大台灣50,0050
03321T,put,元大台灣50,0050
03322T,put,國巨*,2327
03323T,put,微星,2377
03324T,put,上銀,2049
03325T,put,聯電,2303
03326T,put,國巨*,2327
03327T,put,大立光,3008
03328T,put,臻鼎-KY,4958
03329T,put,眾達-KY,4977
03330T,put,力積電,6770
033353,call,台達電,2308
03336T,put,國巨*,2327
03337T,put,晶豪科,3006
033393,call,宏達電,2498
03339T,put,國巨*,2327
033407,call,啟碁,6285
033408,call,矽力*-KY,6415
033413,call,台積電,2330
033414,call,台積電,2330
03341T,put,聯電,2303
03342T,put,晶豪科,3006
033438,call,神基,3005
03343T,put,大立光,3008
03344T,put,臻鼎-KY,4958
033450,call,富世達,6805
03346T,put,貿聯-KY,3665
03347T,put,貿聯-KY,3665
03348T,put,元大台灣50,0050
03350T,put,中砂,1560
03351T,put,國巨*,2327
03352T,put,聯電,2303
033535,call,精成科,6191
03353T,put,臻鼎-KY,4958
033542,call,南亞,1303
033543,call,華新,1605
033544,call,華新,1605
033545,call,允強,2034
033546,call,台達電,2308
033547,call,金寶,2312
033548,call,華通,2313
033549,call,鴻海,2317
03354T,put,臻鼎-KY,4958
033550,call,鴻海,2317
033551,call,台積電,2330
033552,call,台積電,2330
033553,call,鴻準,2354
033555,call,燿華,2367
033556,call,金像電,2368
033557,call,威盛,2388
033558,call,漢唐,2404
033559,call,聯發科,2454
033560,call,強茂,2481
033561,call,長榮,2603
033562,call,陽明,2609
033563,call,萬海,2615
033565,call,長榮航太,2645
033566,call,長榮航太,2645
033567,call,長榮航太,2645
033568,call,神基,3005
033569,call,神基,3005
03356T,put,台積電,2330
033570,call,大立光,3008
033571,call,零壹,3029
033573,call,德律,3030
033574,call,德律,3030
033575,call,欣興,3037
033576,call,玉晶光,3406
033577,call,創意,3443
033578,call,群創,3481
033579,call,嘉澤,3533
03357T,put,台積電,2330
033580,call,神達,3706
033581,call,日月光投控,3711
033583,call,臻鼎-KY,4958
033584,call,臻鼎-KY,4958
033586,call,達興材料,5234
033587,call,佳必琪,6197
033588,call,矽力*-KY,6415
033589,call,迅得,6438
03358T,put,元大台灣50,0050
033590,call,鈺邦,6449
033591,call,鈺邦,6449
033592,call,緯穎,6669
033593,call,洋基工程,6691
033594,call,AES-KY,6781
033595,call,采鈺,6789
033596,call,富世達,6805
033597,call,富世達,6805
033598,call,台虹,8039
033600,call,台達電,2308
033601,call,京元電子,2449
033602,call,世紀鋼,9958
033611,call,奇鋐,3017
03361T,put,國巨*,2327
033620,call,LINEPAY,7722
033628,call,欣興,3037
03362T,put,國巨*,2327
033634,call,台化,1326
033635,call,大亞,1609
033636,call,聯電,2303
033637,call,燿華,2367
033638,call,燿華,2367
033639,call,技嘉,2376
033640,call,威盛,2388
033641,call,正崴,2392
033642,call,正崴,2392
033643,call,漢唐,2404
033644,call,友達,2409
033645,call,建準,2421
033646,call,建準,2421
033647,call,京元電子,2449
033648,call,京元電子,2449
033649,call,強茂,2481
033650,call,強茂,2481
033651,call,長榮航,2618
033652,call,漢翔,2634
033654,call,神基,3005
033655,call,德律,3030
033656,call,健策,3653
033657,call,神達,3706
033658,call,臻鼎-KY,4958
033659,call,達興材料,5234
03365T,put,中砂,1560
033660,call,帆宣,6196
033661,call,鈺邦,6449
033662,call,鈺邦,6449
033663,call,洋基工程,6691
033664,call,AES-KY,6781
033665,call,富世達,6805
033666,call,泓德能源,6873
033667,call,世紀鋼,9958
03366T,put,聯電,2303
03367T,put,牧德,3563
033682,call,奇鋐,3017
03368T,put,保瑞,6472
033694,call,富世達,6805
03371T,put,聯電,2303
03372T,put,國巨*,2327
033735,call,健策,3653
03373T,put,華邦電,2344
03374T,put,力積電,6770
03375T,put,華通,2313
03376T,put,元大台灣50,0050
03377T,put,元大台灣50,0050
03378T,put,牧德,3563
03379T,put,華邦電,2344
03380T,put,晶豪科,3006
03381T,put,元大台灣50,0050
03382T,put,元大台灣50,0050
03383T,put,盟立,2464
033845,call,臻鼎-KY,4958
033849,call,國巨*,2327
03384T,put,康舒,6282
033853,call,緯創,3231
033856,call,佳能,2374
03385T,put,啟碁,6285
03386T,put,晶豪科,3006
03387T,put,臻鼎-KY,4958
033888,call,元大台灣50,0050
03388T,put,啟碁,6285
03389T,put,南亞科,2408
033900,call,廣宇,2328
033908,call,緯創,3231
03390T,put,信錦,1582
033912,call,創意,3443
03391T,put,南亞科,2408
033926,call,廣宇,2328
03393T,put,緯穎,6669
033941,call,大亞,1609
033942,call,聯電,2303
033943,call,鴻海,2317
033944,call,鴻海,2317
033945,call,國巨*,2327
033946,call,國巨*,2327
033948,call,華泰,2329
033949,call,智邦,2345
033950,call,鴻準,2354
033951,call,佳能,2374
033952,call,威盛,2388
033953,call,建準,2421
033954,call,盟立,2464
033955,call,盟立,2464
033957,call,鉅祥,2476
033958,call,長榮航,2618
033960,call,長榮航太,2645
033962,call,奇鋐,3017
033963,call,威強電,3022
033964,call,零壹,3029
033965,call,零壹,3029
033966,call,新日興,3376
033967,call,神達,3706
033968,call,神達,3706
033969,call,臻鼎-KY,4958
03396T,put,臻鼎-KY,4958
033970,call,佳必琪,6197
033971,call,迅得,6438
033973,call,龍德造船,6753
033974,call,泓德能源,6873
033975,call,泓德能源,6873
033976,call,台虹,8039
033977,call,南電,8046
033978,call,世紀鋼,9958
03397T,put,緯穎,6669
03400T,put,益登,3048
03402T,put,金像電,2368
03403T,put,陽明,2609
03404T,put,萬海,2615
034059,call,世芯-KY,3661
03405T,put,臻鼎-KY,4958
03406T,put,瑞儀,6176
034074,call,聯發科,2454
03407T,put,力成,6239
03408T,put,力智,6719
034106,call,聯發科,2454
03410T,put,元大台灣50,0050
03412T,put,元大台灣50,0050
03413T,put,南亞科,2408
03414T,put,日月光投控,3711
03415T,put,力積電,6770
03416T,put,矽統,2363
03417T,put,金像電,2368
03418T,put,南亞科,2408
03419T,put,臻鼎-KY,4958
03420T,put,矽格,6257
03422T,put,金像電,2368
03423T,put,萬海,2615
034241,call,京元電子,2449
034247,call,緯創,3231
03424T,put,京元電子,2449
034251,call,群創,3481
034265,call,AES-KY,6781
03426T,put,華通,2313
034279,call,台光電,2383
03427T,put,元大台灣50,0050
034283,call,昇貿,3305
03428T,put,矽統,2363
03429T,put,日月光投控,3711
03430T,put,矽格,6257
034323,call,臻鼎-KY,4958
034344,call,緯穎,6669
03434T,put,台玻,1802
03435T,put,華通,2313
034361,call,穎崴,6515
03436T,put,仁寶,2324
03437T,put,金像電,2368
03438T,put,盟立,2464
03439T,put,臻鼎-KY,4958
03440T,put,達興材料,5234
03441T,put,緯穎,6669
034429,call,台達電,2308
03442T,put,緯穎,6669
034458,call,緯創,3231
034460,call,群創,3481
034469,call,亞翔,6139
03446T,put,元大台灣50,0050
034474,call,AES-KY,6781
03447T,put,東元,1504
034507,call,亞翔,6139
03451T,put,立隆電,2472
03452T,put,力成,6239
034538,call,奇鋐,3017
034572,call,光寶科,2301
034573,call,台達電,2308
034574,call,華通,2313
03458T,put,立隆電,2472
034591,call,亞光,3019
034597,call,群創,3481
034598,call,辛耘,3583
034599,call,貿聯-KY,3665
03459T,put,力成,6239
034603,call,臻鼎-KY,4958
034604,call,臻鼎-KY,4958
03461T,put,華城,1519
034622,call,華邦電,2344
03462T,put,力成,6239
03464T,put,元大台灣50,0050
03467T,put,日月光投控,3711
03468T,put,元大台灣50,0050
03469T,put,元大台灣50,0050
034716,call,南電,8046
034741,call,樺漢,6414
03475T,put,力積電,6770
034768,call,台達電,2308
034769,call,台達電,2308
03476T,put,元大台灣50,0050
034772,call,華通,2313
034779,call,京元電子,2449
03477T,put,力積電,6770
034783,call,漢翔,2634
034786,call,辛耘,3583
034788,call,貿聯-KY,3665
034790,call,神達,3706
034791,call,神達,3706
034795,call,臻鼎-KY,4958
034796,call,臻鼎-KY,4958
03480T,put,聯電,2303
034811,call,京元電子,2449
034814,call,奇鋐,3017
034819,call,京元電子,2449
03481T,put,南亞科,2408
03482T,put,力積電,6770
03483T,put,聯電,2303
034841,call,群創,3481
034842,call,辛耘,3583
03484T,put,佳世達,2352
034857,call,光寶科,2301
034859,call,智邦,2345
03485T,put,宏碁,2353
03486T,put,英業達,2356
034870,call,京元電子,2449
03487T,put,微星,2377
034880,call,緯創,3231
034888,call,精成科,6191
03488T,put,緯創,3231
034897,call,AES-KY,6781
034901,call,昇陽半導體,8028
03491T,put,華碩,2357
034924,call,漢唐,2404
03492T,put,元大台灣50,0050
034930,call,創意,3443
034939,call,穎崴,6515
03493T,put,仁寶,2324
03494T,put,華碩,2357
03495T,put,南亞科,2408
03496T,put,宏碁,2353
03497T,put,華碩,2357
03498T,put,緯創,3231
034994,call,祥碩,5269
03499T,put,華邦電,2344
03500T,put,微星,2377
03501T,put,華邦電,2344
035036,call,辛耘,3583
035046,call,中興電,1513
035047,call,中砂,1560
035051,call,台達電,2308
035052,call,華通,2313
035053,call,國巨*,2327
035054,call,華邦電,2344
035055,call,智邦,2345
035056,call,佳能,2374
035057,call,台光電,2383
035059,call,漢唐,2404
035060,call,建準,2421
035061,call,京元電子,2449
035062,call,京元電子,2449
035063,call,京元電子,2449
035065,call,志聖,2467
035068,call,強茂,2481
035069,call,強茂,2481
03506T,put,可成,2474
035070,call,長榮航太,2645
035071,call,長榮航太,2645
035073,call,神基,3005
035074,call,晟銘電,3013
035075,call,奇鋐,3017
035077,call,德律,3030
035078,call,健鼎,3044
03507T,put,宏碁,2353
035080,call,創意,3443
035081,call,世芯-KY,3661
035082,call,神達,3706
035083,call,神達,3706
035087,call,達興材料,5234
035088,call,瀚宇博,5469
035089,call,亞翔,6139
03508T,put,華碩,2357
035092,call,AES-KY,6781
035094,call,台虹,8039
035098,call,聯發科,2454
03509T,put,緯創,3231
035117,call,日月光投控,3711
03512T,put,南亞科,2408
03513T,put,鴻海,2317
035148,call,華新,1605
03514T,put,廣宇,2328
035152,call,佳能,2374
03515T,put,亞力,1514
035167,call,晟銘電,3013
03516T,put,鴻海,2317
035170,call,亞光,3019
035172,call,緯創,3231
035177,call,南寶,4766
035185,call,AES-KY,6781
035187,call,采鈺,6789
035188,call,昇陽半導體,8028
03518T,put,元大台灣50,0050
03519T,put,元大台灣50,0050
035214,call,神達,3706
035218,call,台積電,2330
03522T,put,鴻海,2317
03523T,put,士電,1503
035241,call,華通,2313
035245,call,大立光,3008
03524T,put,金寶,2312
035265,call,神基,3005
03526T,put,聯電,2303
03527T,put,康舒,6282
035306,call,緯創,3231
03530T,put,華邦電,2344
035311,call,臻鼎-KY,4958
03531T,put,華邦電,2344
035323,call,和大,1536
035324,call,和大,1536
035325,call,美時,1795
035327,call,華通,2313
035328,call,華通,2313
035329,call,鴻海,2317
03532T,put,國泰金,2882
035330,call,鴻準,2354
035331,call,致茂,2360
035332,call,毅嘉,2402
035333,call,漢唐,2404
035335,call,京元電子,2449
035337,call,義隆,2458
035338,call,義隆,2458
03533T,put,華邦電,2344
035341,call,盟立,2464
035342,call,志聖,2467
035343,call,志聖,2467
035344,call,志聖,2467
035346,call,鉅祥,2476
035347,call,鉅祥,2476
035348,call,強茂,2481
035349,call,強茂,2481
035350,call,皇昌,2543
035351,call,長榮航太,2645
035352,call,神基,3005
035353,call,零壹,3029
035355,call,健鼎,3044
035356,call,辛耘,3583
035357,call,貿聯-KY,3665
035359,call,TPK-KY,3673
03535T,put,中砂,1560
035360,call,神達,3706
035361,call,日月光投控,3711
035362,call,智伸科,4551
035363,call,智伸科,4551
035364,call,南寶,4766
035365,call,南寶,4766
035366,call,南寶,4766
035367,call,南寶,4766
035368,call,上品,4770
035369,call,臻鼎-KY,4958
03536T,put,華邦電,2344
035370,call,立積,4968
035371,call,達興材料,5234
035372,call,達興材料,5234
035373,call,達興材料,5234
035374,call,瀚宇博,5469
035375,call,瀚宇博,5469
035378,call,矽格,6257
035379,call,洋基工程,6691
03537T,put,奇鋐,3017
035380,call,AES-KY,6781
035381,call,泓德能源,6873
035382,call,昇陽半導體,8028
035384,call,台虹,8039
035385,call,台虹,8039
035386,call,台虹,8039
035393,call,華新,1605
035409,call,漢唐,2404
03540T,put,晶技,3042
03541T,put,松川精密,7788
035422,call,緯創,3231
035424,call,創意,3443
035426,call,南寶,4766
035455,call,長榮航太,2645
035456,call,神基,3005
035457,call,亞光,3019
035458,call,神達,3706
035460,call,佳必琪,6197
035461,call,佳必琪,6197
035462,call,鈺邦,6449
035463,call,富世達,6805
035464,call,昇陽半導體,8028
035465,call,台虹,8039
03546T,put,永光,1711
035472,call,神達,3706
03547T,put,漢唐,2404
035480,call,創意,3443
035483,call,緯穎,6669
03548T,put,友達,2409
035518,call,采鈺,6789
035528,call,台積電,2330
035532,call,奇鋐,3017
035537,call,祥碩,5269
035538,call,AES-KY,6781
035539,call,昇陽半導體,8028
035543,call,為升,2231
03554T,put,元大台灣50,0050
035555,call,貿聯-KY,3665
03556T,put,晶豪科,3006
035586,call,漢唐,2404
03558T,put,光寶科,2301
03559T,put,南亞科,2408
035600,call,德律,3030
035602,call,華晶科,3059
035611,call,南寶,4766
035616,call,佳必琪,6197
035623,call,富世達,6805
035636,call,鴻海,2317
03564T,put,南亞,1303
035652,call,萬海,2615
035659,call,創意,3443
03565T,put,華城,1519
035665,call,南寶,4766
03566T,put,鴻海,2317
03567T,put,智邦,2345
035682,call,所羅門,2359
035689,call,台積電,2330
03568T,put,南亞科,2408
035699,call,奇鋐,3017
03569T,put,瑞軒,2489
03570T,put,奇鋐,3017
035718,call,光寶科,2301
035719,call,台達電,2308
03571T,put,健鼎,3044
03572T,put,日月光投控,3711
035730,call,創意,3443
035735,call,AES-KY,6781
035737,call,士電,1503
035738,call,中砂,1560
035739,call,川湖,2059
03573T,put,啟碁,6285
035740,call,川湖,2059
035741,call,川湖,2059
035742,call,光寶科,2301
035744,call,海悅,2348
035745,call,所羅門,2359
035746,call,致茂,2360
035747,call,鉅祥,2476
035748,call,強茂,2481
03574T,put,可成,2474
035751,call,神基,3005
035752,call,晟銘電,3013
035753,call,緯創,3231
035754,call,玉晶光,3406
035755,call,聯鈞,3450
035756,call,貿聯-KY,3665
035757,call,上品,4770
035759,call,達興材料,5234
03575T,put,元大台灣50,0050
035760,call,達興材料,5234
035761,call,長虹,5534
035762,call,達麗,6177
035763,call,佳必琪,6197
035764,call,矽格,6257
035765,call,鈺邦,6449
035766,call,AES-KY,6781
035767,call,采鈺,6789
035768,call,采鈺,6789
035769,call,采鈺,6789
035770,call,泓德能源,6873
035779,call,華邦電,2344
03580T,put,元大台灣50,0050
035818,call,廣宇,2328
03581T,put,南亞科,2408
035828,call,長榮航太,2645
03582T,put,華城,1519
035835,call,德律,3030
035839,call,宏致,3605
03583T,put,鴻海,2317
035846,call,達興材料,5234
03584T,put,智邦,2345
035852,call,緯穎,6669
035853,call,采鈺,6789
03585T,put,日月光投控,3711
03586T,put,聯茂,6213
035870,call,鴻海,2317
03588T,put,宏碁,2353
035897,call,玉晶光,3406
035927,call,楠梓電,2316
035938,call,緯穎,6669
035944,call,華新,1605
035948,call,華邦電,2344
035957,call,貿聯-KY,3665
035997,call,南亞,1303
035998,call,台達電,2308
036009,call,京元電子,2449
036016,call,奇鋐,3017
036022,call,牧德,3563
036028,call,佳必琪,6197
036038,call,光寶科,2301
036039,call,台達電,2308
03603T,put,元大台灣50,0050
036045,call,亞光,3019
036047,call,欣興,3037
03604T,put,元大台灣50,0050
03607T,put,華通,2313
03608T,put,揚博,2493
036097,call,聯發科,2454
03610T,put,聯電,2303
03611T,put,元大台灣50,0050
036124,call,漢翔,2634
036128,call,緯穎,6669
036129,call,昇陽半導體,8028
036130,call,台達電,2308
036131,call,金像電,2368
036133,call,京元電子,2449
036136,call,創意,3443
036139,call,緯穎,6669
03615T,put,南亞科,2408
036163,call,光寶科,2301
036168,call,台光電,2383
036172,call,緯創,3231
03618T,put,華邦電,2344
03619T,put,華邦電,2344
036215,call,昇陽半導體,8028
036224,call,台積電,2330
036226,call,台光電,2383
03622T,put,南亞科,2408
03623T,put,華邦電,2344
036246,call,潤泰新,9945
036250,call,台達電,2308
03625T,put,華邦電,2344
036262,call,漢翔,2634
03626T,put,台積電,2330
036274,call,達興材料,5234
036275,call,佳必琪,6197
03627T,put,台積電,2330
036282,call,富世達,6805
036286,call,華邦電,2344
036287,call,緯穎,6669
036288,call,元大台灣50,0050
03628T,put,南亞科,2408
036295,call,台達電,2308
036297,call,金像電,2368
036299,call,聯發科,2454
03629T,put,元大台灣50,0050
036303,call,神達,3706
036306,call,緯穎,6669
03630T,put,元大台灣50,0050
03632T,put,南亞,1303
036339,call,智邦,2345
03633T,put,華邦電,2344
036346,call,嘉澤,3533
036347,call,貿聯-KY,3665
03634T,put,南亞科,2408
03635T,put,晶豪科,3006
036369,call,華邦電,2344
03636T,put,南亞科,2408
036376,call,漢翔,2634
03637T,put,南亞,1303
036385,call,定穎投控,3715
03638T,put,元大台灣50,0050
03639T,put,台積電,2330
03640T,put,南亞科,2408
03641T,put,南亞科,2408
036427,call,智邦,2345
03642T,put,南亞科,2408
03643T,put,友達,2409
036449,call,鴻海,2317
03644T,put,南亞,1303
036450,call,台積電,2330
036451,call,華碩,2357
036456,call,緯穎,6669
03645T,put,南亞科,2408
036479,call,貿聯-KY,3665
03647T,put,元大台灣50,0050
036498,call,光寶科,2301
03649T,put,台積電,2330
036500,call,智邦,2345
036505,call,宏達電,2498
036507,call,亞光,3019
03650T,put,矽統,2363
03651T,put,聯詠,3034
036521,call,國巨*,2327
03652T,put,日月光投控,3711
03653T,put,聯茂,6213
036555,call,華邦電,2344
036556,call,金像電,2368
03655T,put,台積電,2330
036574,call,達邁,3645
03657T,put,聯電,2303
036583,call,緯穎,6669
03658T,put,聯電,2303
03659T,put,瑞昱,2379
036605,call,AES-KY,6781
036606,call,台虹,8039
03660T,put,元大台灣50,0050
036627,call,國巨*,2327
036644,call,華邦電,2344
036650,call,奇鋐,3017
03665T,put,強茂,2481
036662,call,台達電,2308
03666T,put,台化,1326
03667T,put,友達,2409
036681,call,精成科,6191
03668T,put,可成,2474
03669T,put,聯茂,6213
036700,call,聯發科,2454
036701,call,宏達電,2498
036708,call,光寶科,2301
03670T,put,聯茂,6213
036713,call,台光電,2383
036715,call,創見,2451
03672T,put,台化,1326
03673T,put,矽統,2363
03674T,put,力智,6719
03677T,put,元大台灣50,0050
036782,call,華邦電,2344
036785,call,佳能,2374
036792,call,奇鋐,3017
036805,call,緯穎,6669
036808,call,昇陽半導體,8028
036821,call,台達電,2308
036832,call,創見,2451
036833,call,貿聯-KY,3665
03683T,put,華通,2313
036842,call,光寶科,2301
036843,call,光寶科,2301
036844,call,台達電,2308
036845,call,台達電,2308
036846,call,華通,2313
036847,call,國巨*,2327
036848,call,國巨*,2327
036849,call,廣宇,2328
03684T,put,台積電,2330
036851,call,華邦電,2344
036852,call,華邦電,2344
036853,call,順德,2351
036855,call,創見,2451
036857,call,強茂,2481
036859,call,漢翔,2634
036860,call,漢翔,2634
036861,call,偉訓,3032
036863,call,健鼎,3044
036864,call,聯鈞,3450
036865,call,牧德,3563
036866,call,辛耘,3583
036868,call,日月光投控,3711
036869,call,上品,4770
036870,call,精成科,6191
036871,call,精成科,6191
036872,call,帆宣,6196
036874,call,力成,6239
036875,call,力成,6239
036876,call,矽格,6257
036877,call,矽格,6257
036878,call,同欣電,6271
036879,call,同欣電,6271
03687T,put,華通,2313
036880,call,天虹,6937
03688T,put,友達,2409
03689T,put,可成,2474
03691T,put,宇隆,2233
036926,call,創意,3443
03692T,put,鴻海,2317
036930,call,緯穎,6669
036936,call,奇鋐,3017
036937,call,奇鋐,3017
03693T,put,金像電,2368
03694T,put,日月光投控,3711
03695T,put,緯穎,6669
03696T,put,騰輝電子-KY,6672
036981,call,華邦電,2344
03699T,put,日月光投控,3711
03700T,put,京元電子,2449
037012,call,昇陽半導體,8028
037022,call,光寶科,2301
037024,call,台達電,2308
037025,call,鴻海,2317
037026,call,仁寶,2324
037027,call,國巨*,2327
037028,call,台積電,2330
037029,call,旺宏,2337
037030,call,華邦電,2344
037031,call,華邦電,2344
037032,call,海悅,2348
037033,call,宏碁,2353
037034,call,大同,2371
037035,call,台光電,2383
037037,call,南亞科,2408
037038,call,南亞科,2408
037039,call,南亞科,2408
037040,call,南亞科,2408
037041,call,南亞科,2408
037044,call,南亞科,2408
037045,call,創見,2451
037046,call,聯發科,2454
037047,call,宏達電,2498
037048,call,漢翔,2634
037049,call,漢翔,2634
03704T,put,南亞科,2408
037050,call,晶豪科,3006
037051,call,亞光,3019
037052,call,欣興,3037
037053,call,貿聯-KY,3665
037054,call,達麗,6177
037056,call,力成,6239
037057,call,矽格,6257
037058,call,矽格,6257
037059,call,鈺邦,6449
03705T,put,南亞科,2408
037060,call,鈺邦,6449
037061,call,采鈺,6789
037062,call,天虹,6937
037063,call,昇陽半導體,8028
037064,call,台虹,8039
037065,call,南電,8046
037066,call,南電,8046
037067,call,東哥遊艇,8478
03706T,put,華擎,3515
03707T,put,元大台灣50,0050
03708T,put,南亞科,2408
037090,call,南亞科,2408
037091,call,宏達電,2498
037095,call,奇鋐,3017
037098,call,神達,3706
03709T,put,台積電,2330
037104,call,台積電,2330
03710T,put,緯穎,6669
037114,call,奇鋐,3017
03711T,put,台積電,2330
037120,call,AES-KY,6781
037132,call,南亞科,2408
037133,call,南亞科,2408
03713T,put,元大台灣50,0050
03714T,put,元大台灣50,0050
03718T,put,台積電,2330
03719T,put,台積電,2330
037200,call,景碩,3189
037203,call,力成,6239
03720T,put,台積電,2330
03721T,put,台積電,2330
03722T,put,台積電,2330
03723T,put,台積電,2330
037242,call,國巨*,2327
037247,call,國巨*,2327
037248,call,華泰,2329
037249,call,金像電,2368
03724T,put,台積電,2330
037250,call,毅嘉,2402
037251,call,牧德,3563
037252,call,jpp-KY,5284
037254,call,力積電,6770
03725T,put,台積電,2330
03726B,put,台積電,2330
03726T,put,台積電,2330
03727T,put,台積電,2330
037282,call,元大台灣50,0050
03728T,put,元大台灣50,0050
03729T,put,元大台灣50,0050
03730T,put,元大台灣50,0050
03734T,put,金像電,2368
037370,call,聯發科,2454
03738T,put,台積電,2330
03739T,put,元大台灣50,0050
03740T,put,元大台灣50,0050
03741T,put,華通,2313
03742T,put,大立光,3008
03743T,put,盟立,2464
037442,call,台積電,2330
03744T,put,旭隼,6409
03745T,put,富鼎,8261
03746T,put,富鼎,8261
037489,call,聯鈞,3450
037493,call,旺宏,2337
037494,call,華邦電,2344
037495,call,晶豪科,3006
037496,call,嘉澤,3533
037497,call,愛普*,6531
037498,call,台積電,2330
037503,call,聯詠,3034
03750T,put,大立光,3008
037519,call,奇鋐,3017
03751T,put,奇鋐,3017
037520,call,亞光,3019
03752T,put,晶技,3042
03753T,put,榮科,4989
03754T,put,台化,1326
03755T,put,日月光投控,3711
03756T,put,大立光,3008
03757T,put,南亞科,2408
03758T,put,元大台灣50,0050
03760T,put,南亞科,2408
03761T,put,日月光投控,3711
03762T,put,元大台灣50,0050
03763T,put,美時,1795
037643,call,台積電,2330
037645,call,智原,3035
037648,call,國巨*,2327
037649,call,智原,3035
03764T,put,大立光,3008
037650,call,定穎投控,3715
037651,call,瀚宇博,5469
037652,call,南電,8046
037660,call,國巨*,2327
03766T,put,友達,2409
037679,call,華邦電,2344
037686,call,貿聯-KY,3665
03768T,put,京元電子,2449
037696,call,欣興,3037
03769T,put,全漢,3015
037707,call,光寶科,2301
037708,call,台達電,2308
037711,call,旺宏,2337
037712,call,旺宏,2337
037713,call,華邦電,2344
037739,call,欣興,3037
03773T,put,京元電子,2449
03774T,put,定穎投控,3715
03775T,put,晶豪科,3006
03776T,put,台積電,2330
03777T,put,南亞科,2408
03778T,put,金像電,2368
03779T,put,南亞科,2408
03780T,put,南亞科,2408
03781T,put,創見,2451
03782T,put,元大台灣50,0050
03783T,put,南亞科,2408
037840,call,國巨*,2327
037848,call,京元電子,2449
03786T,put,台積電,2330
03788T,put,臻鼎-KY,4958
03789T,put,臻鼎-KY,4958
037932,call,聯發科,2454
03794T,put,台積電,2330
037954,call,為升,2231
03795T,put,元大台灣50,0050
037987,call,華邦電,2344
037988,call,光寶科,2301
037989,call,華邦電,2344
03798T,put,華通,2313
03799T,put,光罩,2338
038005,call,世紀鋼,9958
03800T,put,智邦,2345
03803T,put,元大台灣50,0050
038047,call,台積電,2330
03804T,put,元大台灣50,0050
03805T,put,力成,6239
038062,call,華邦電,2344
038066,call,德律,3030
03807T,put,新唐,4919
03808T,put,龍德造船,6753
03812T,put,友達,2409
03813T,put,華通,2313
038147,call,鴻海,2317
03814T,put,力積電,6770
038159,call,台積電,2330
03816T,put,力積電,6770
038175,call,楠梓電,2316
03817T,put,華通,2313
03818T,put,智邦,2345
03819T,put,晶技,3042
038204,call,鴻海,2317
038207,call,廣宇,2328
038209,call,台積電,2330
03820T,put,力成,6239
03821T,put,力積電,6770
03822T,put,友達,2409
03823T,put,台積電,2330
03824T,put,台積電,2330
03825T,put,旺宏,2337
03826T,put,旺宏,2337
03827T,put,友達,2409
038286,call,中鋼,2002
03828T,put,旺宏,2337
038292,call,佳能,2374
038293,call,佳能,2374
03829T,put,希華,2484
03830T,put,台虹,8039
038311,call,美時,1795
038312,call,第一銅,2009
038313,call,鴻海,2317
038314,call,仁寶,2324
038315,call,國巨*,2327
038316,call,國巨*,2327
038317,call,國巨*,2327
038318,call,台積電,2330
03831T,put,台虹,8039
038320,call,毅嘉,2402
038321,call,聯發科,2454
038322,call,立隆電,2472
038323,call,強茂,2481
038324,call,文曄,3036
038325,call,辛耘,3583
038326,call,南電,8046
038327,call,南電,8046
038329,call,鴻海,2317
038336,call,南電,8046
03833T,put,旺宏,2337
03834T,put,晶技,3042
03835T,put,力成,6239
038363,call,達興材料,5234
03836T,put,力積電,6770
038371,call,國巨*,2327
03837T,put,富世達,6805
038385,call,聯發科,2454
03839T,put,台積電,2330
038400,call,美時,1795
038403,call,鴻海,2317
038404,call,鴻海,2317
03840T,put,台積電,2330
03841T,put,旺宏,2337
038450,call,鴻海,2317
03849T,put,群創,3481
03850T,put,元大台灣50,0050
03851T,put,台積電,2330
038524,call,華新,1605
038525,call,美時,1795
038526,call,第一銅,2009
038527,call,仁寶,2324
038528,call,台光電,2383
038529,call,聯發科,2454
03852T,put,群創,3481
038530,call,聯發科,2454
038531,call,全新,2455
038532,call,全新,2455
038533,call,jpp-KY,5284
038534,call,南電,8046
038535,call,南電,8046
038538,call,美時,1795
038539,call,鴻海,2317
03853T,put,元大台灣50,0050
038540,call,國巨*,2327
038542,call,世芯-KY,3661
03854T,put,台積電,2330
038556,call,台積電,2330
038557,call,台積電,2330
038558,call,台積電,2330
038559,call,偉詮電,2436
038562,call,正新,2105
038564,call,富華新,3056
038567,call,神達,3706
038581,call,緯創,3231
03858T,put,新纖,1409
038592,call,南電,8046
03859T,put,華城,1519
038606,call,智邦,2345
03860T,put,中砂,1560
03861T,put,上銀,2049
038626,call,緯創,3231
03862T,put,光寶科,2301
03863T,put,金像電,2368
038640,call,士紙,1903
038648,call,蔚華科,3055
03864T,put,漢唐,2404
038652,call,瑞智,4532
03865T,put,立隆電,2472
038660,call,光寶科,2301
038662,call,台達電,2308
03866T,put,漢翔,2634
03867T,put,大立光,3008
038682,call,奇鋐,3017
038683,call,亞光,3019
038686,call,華晶科,3059
03868T,put,德律,3030
03869T,put,智原,3035
03870T,put,京鼎,3413
03871T,put,嘉澤,3533
03872T,put,定穎投控,3715
038730,call,弘憶股,3312
03873T,put,力成,6239
038743,call,創意,3443
038744,call,世芯-KY,3661
038748,call,美時,1795
03874T,put,台塑化,6505
03875T,put,富世達,6805
038767,call,宏達電,2498
03876T,put,南茂,8150
038771,call,緯創,3231
03877T,put,宇瞻,8271
03878T,put,群創,3481
038795,call,緯創,3231
03879T,put,啟碁,6285
038807,call,美時,1795
038808,call,美時,1795
038809,call,士紙,1903
03880T,put,群創,3481
038810,call,第一銅,2009
038811,call,第一銅,2009
038812,call,光寶科,2301
038813,call,光寶科,2301
038815,call,聯電,2303
038816,call,聯電,2303
038817,call,台達電,2308
038818,call,鴻海,2317
038819,call,鴻海,2317
03881T,put,台積電,2330
038820,call,國巨*,2327
038821,call,台積電,2330
038822,call,台積電,2330
038823,call,旺宏,2337
038824,call,旺宏,2337
038825,call,智邦,2345
038826,call,宏碁,2353
038827,call,鴻準,2354
038828,call,金像電,2368
038829,call,技嘉,2376
03882T,put,力積電,6770
038830,call,技嘉,2376
038831,call,友達,2409
038832,call,聯發科,2454
038834,call,宏達電,2498
038835,call,宏達電,2498
038836,call,宏達電,2498
038837,call,宏達電,2498
038838,call,宏達電,2498
038839,call,漢翔,2634
03883T,put,台積電,2330
038840,call,全漢,3015
038841,call,聯詠,3034
038842,call,華晶科,3059
038843,call,緯創,3231
038844,call,緯創,3231
038845,call,緯創,3231
038846,call,緯創,3231
038847,call,緯創,3231
038848,call,緯創,3231
038849,call,群創,3481
03884T,put,華城,1519
038850,call,群創,3481
038851,call,群創,3481
038852,call,辛耘,3583
038853,call,永信,3705
038854,call,定穎投控,3715
038855,call,瑞智,4532
038856,call,jpp-KY,5284
038857,call,瀚宇博,5469
038858,call,台郡,6269
038859,call,群電,6412
03885T,put,光寶科,2301
038860,call,帝寶,6605
038861,call,緯穎,6669
038862,call,緯穎,6669
038863,call,南電,8046
038864,call,羅昇,8374
038865,call,羅昇,8374
038866,call,東哥遊艇,8478
038867,call,世紀鋼,9958
03886T,put,力積電,6770
038877,call,光寶科,2301
03887T,put,新纖,1409
038886,call,金像電,2368
03888T,put,上銀,2049
038893,call,奇鋐,3017
038895,call,創意,3443
03889T,put,金像電,2368
03890T,put,漢唐,2404
03891T,put,立隆電,2472
038928,call,士紙,1903
03892T,put,漢翔,2634
038939,call,緯創,3231
03893T,put,德律,3030
038942,call,世芯-KY,3661
038944,call,瑞智,4532
03894T,put,智原,3035
03895T,put,京鼎,3413
038960,call,東元,1504
03896T,put,新唐,4919
038981,call,東元,1504
038982,call,東元,1504
038983,call,東元,1504
038984,call,東元,1504
038985,call,東元,1504
038986,call,東元,1504
038987,call,光寶科,2301
038988,call,楠梓電,2316
038989,call,仁寶,2324
03898T,put,華通,2313
038990,call,國巨*,2327
038992,call,華泰,2329
038993,call,光罩,2338
038994,call,台亞,2340
038995,call,華邦電,2344
038996,call,華邦電,2344
038997,call,華邦電,2344
038998,call,智邦,2345
038999,call,金像電,2368
03899T,put,創見,2451
039000,call,興勤,2428
039001,call,興勤,2428
039002,call,宏達電,2498
039003,call,宏達電,2498
039004,call,宏達電,2498
039006,call,嘉晶,3016
039007,call,嘉晶,3016
039008,call,嘉晶,3016
039009,call,奇鋐,3017
03900T,put,緯創,3231
039010,call,欣興,3037
039011,call,欣興,3037
039012,call,欣興,3037
039014,call,緯創,3231
039015,call,緯創,3231
039016,call,昇貿,3305
039017,call,昇貿,3305
039018,call,昇貿,3305
039019,call,昇貿,3305
03901T,put,群創,3481
039020,call,昇貿,3305
039021,call,昇貿,3305
039022,call,創意,3443
039023,call,辛耘,3583
039024,call,宏致,3605
039025,call,宏致,3605
039026,call,世芯-KY,3661
039027,call,精成科,6191
039028,call,緯穎,6669
039029,call,中台,6923
03902T,put,牧德,3563
039030,call,中台,6923
039031,call,兆聯實業,6944
039032,call,兆聯實業,6944
039033,call,意騰-KY,7749
039034,call,意騰-KY,7749
039035,call,昇陽半導體,8028
039036,call,南電,8046
039037,call,富鼎,8261
039038,call,富鼎,8261
03903T,put,貿聯-KY,3665
039040,call,華邦電,2344
039042,call,聯發科,2454
039044,call,神達,3706
03904T,put,日月光投控,3711
039050,call,東元,1504
03905T,put,帆宣,6196
03906T,put,洋基工程,6691
039098,call,華邦電,2344
03911T,put,元大台灣50,0050
039120,call,惠特,6706
03913T,put,元大台灣50,0050
03914T,put,元大台灣50,0050
03915T,put,元大台灣50,0050
039162,call,聯電,2303
039164,call,鴻海,2317
039169,call,旺宏,2337
039177,call,宏達電,2498
039182,call,奇鋐,3017
039187,call,新日興,3376
03918T,put,群創,3481
039191,call,創意,3443
039195,call,jpp-KY,5284
03919T,put,牧德,3563
039202,call,南電,8046
03920T,put,貿聯-KY,3665
03921T,put,帆宣,6196
039224,call,楠梓電,2316
03922T,put,富世達,6805
039230,call,金像電,2368
039252,call,定穎投控,3715
03926T,put,菱生,2369
039282,call,鴻海,2317
03928T,put,力積電,6770
03929T,put,南亞科,2408
03930T,put,臻鼎-KY,4958
03931T,put,奇鋐,3017
03932T,put,群創,3481
039333,call,華邦電,2344
03933T,put,奇鋐,3017
03934T,put,元大台灣50,0050
039354,call,台達電,2308
039355,call,台積電,2330
039358,call,奇鋐,3017
039385,call,元大台灣50,0050
039399,call,東元,1504
03939T,put,華通,2313
039400,call,東元,1504
039408,call,智邦,2345
03940T,put,華通,2313
039418,call,緯創,3231
03941T,put,日月光投控,3711
03942T,put,元大台灣50,0050
039437,call,東元,1504
039438,call,東元,1504
039439,call,中興電,1513
03943T,put,元大台灣50,0050
039440,call,上銀,2049
039441,call,楠梓電,2316
039442,call,楠梓電,2316
039443,call,楠梓電,2316
039444,call,楠梓電,2316
039445,call,鴻海,2317
039446,call,台積電,2330
039448,call,旺宏,2337
039449,call,台亞,2340
03944T,put,南亞科,2408
039450,call,華邦電,2344
039451,call,敬鵬,2355
039452,call,技嘉,2376
039453,call,瑞昱,2379
039454,call,台光電,2383
039455,call,興勤,2428
039456,call,全新,2455
039457,call,宏達電,2498
039458,call,嘉晶,3016
039459,call,嘉晶,3016
03945T,put,友達,2409
039460,call,奇鋐,3017
039461,call,欣興,3037
039462,call,昇貿,3305
039463,call,新日興,3376
039464,call,融程電,3416
039465,call,融程電,3416
039466,call,群創,3481
039467,call,台勝科,3532
039468,call,辛耘,3583
039469,call,宏致,3605
03946T,put,群創,3481
039470,call,宏致,3605
039471,call,定穎投控,3715
039472,call,材料*-KY,4763
039473,call,全訊,5222
039474,call,全訊,5222
039475,call,祥碩,5269
039476,call,華孚,6235
039477,call,康舒,6282
039478,call,康舒,6282
039479,call,兆聯實業,6944
03947T,put,華邦電,2344
039480,call,南電,8046
039481,call,富鼎,8261
039482,call,富鼎,8261
039483,call,宏全,9939
03948T,put,旺宏,2337
039495,call,鴻海,2317
039499,call,旺宏,2337
03949T,put,華邦電,2344
039505,call,技嘉,2376
039507,call,友達,2409
03950T,put,貿聯-KY,3665
039514,call,奇鋐,3017
03951T,put,樺漢,6414
039520,call,定穎投控,3715
039527,call,南電,8046
03952T,put,華邦電,2344
039532,call,東元,1504
03953T,put,愛普*,6531
03954T,put,華邦電,2344
039551,call,元大台灣50,0050
03955T,put,奇鋐,3017
03956T,put,愛普*,6531
039571,call,十銓,4967
03957T,put,旺宏,2337
039584,call,鴻海,2317
03958T,put,微星,2377
03959T,put,智邦,2345
039603,call,中砂,1560
039605,call,光罩,2338
039606,call,台亞,2340
039607,call,華邦電,2344
039609,call,毅嘉,2402
039610,call,華新科,2492
039611,call,華新科,2492
039612,call,華新科,2492
039613,call,華新科,2492
039615,call,台勝科,3532
039616,call,台勝科,3532
039617,call,材料*-KY,4763
039618,call,祥碩,5269
039619,call,華孚,6235
039620,call,華孚,6235
039622,call,華孚,6235
039623,call,鈺邦,6449
039624,call,台虹,8039
039646,call,旺宏,2337
03964T,put,華通,2313
03965T,put,華邦電,2344
03966T,put,智邦,2345
03967T,put,漢唐,2404
039689,call,技嘉,2376
03968T,put,日月光投控,3711
03969T,put,力成,6239
039702,call,晶豪科,3006
03970T,put,中砂,1560
03971T,put,台積電,2330
03972T,put,智邦,2345
03973T,put,緯穎,6669
039747,call,台積電,2330
039748,call,台積電,2330
03974T,put,英業達,2356
03975T,put,健鼎,3044
039767,call,富世達,6805
03976T,put,嘉澤,3533
03977T,put,矽格,6257
039780,call,華邦電,2344
039784,call,華新科,2492
039785,call,奇鋐,3017
039788,call,台勝科,3532
03978T,put,台玻,1802
03979T,put,鴻海,2317
039803,call,華邦電,2344
03980T,put,志聖,2467
03981T,put,立隆電,2472
039820,call,南電,8046
039822,call,華邦電,2344
03982T,put,緯創,3231
03983T,put,定穎投控,3715
03984T,put,新唐,4919
03985T,put,兆聯實業,6944
03986T,put,意騰-KY,7749
039874,call,東元,1504
03987T,put,大立光,3008
039880,call,國巨*,2327
039881,call,台積電,2330
039886,call,聯發科,2454
03988T,put,緯創,3231
039890,call,神達,3706
03989T,put,台玻,1802
039909,call,聯電,2303
03990T,put,華通,2313
039915,call,旺宏,2337
03991T,put,華邦電,2344
039922,call,技嘉,2376
039926,call,宏達電,2498
03992T,put,瑞昱,2379
03993T,put,志聖,2467
039946,call,力積電,6770
03994T,put,國泰金,2882
03995T,put,緯創,3231
039964,call,台達電,2308
039965,call,華通,2313
039969,call,微星,2377
03996T,put,日月光投控,3711
039972,call,奇鋐,3017
03998T,put,瑞昱,2379
039996,call,台光電,2383
03999T,put,奇鋐,3017
040000,call,神達,3706
040002,call,緯穎,6669
04000T,put,力積電,6770
040023,call,十銓,4967
040024,call,十銓,4967
040028,call,華東,8110
040029,call,華東,8110
040044,call,台達電,2308
040046,call,台積電,2330
04004T,put,國泰金,2882
040058,call,力積電,6770
04005T,put,大立光,3008
04006T,put,達明,4585
040070,call,旺宏,2337
040072,call,英業達,2356
040075,call,技嘉,2376
04007T,put,愛普*,6531
040086,call,晶豪科,3006
04008T,put,力積電,6770
040094,call,聯鈞,3450
040099,call,jpp-KY,5284
04009T,put,群創,3481
040112,call,力積電,6770
04011T,put,力積電,6770
04012T,put,元大台灣50,0050
040133,call,富世達,6805
04013T,put,元大台灣50,0050
040142,call,華通,2313
040145,call,佳能,2374
040153,call,世芯-KY,3661
04015T,put,中興電,1513
04016T,put,大成鋼,2027
04017T,put,光寶科,2301
04018T,put,金寶,2312
04019T,put,仁寶,2324
04020T,put,華邦電,2344
04021T,put,英業達,2356
04022T,put,金像電,2368
040231,call,台虹,8039
04023T,put,微星,2377
04024T,put,漢唐,2404
04025T,put,長榮,2603
04026T,put,萬海,2615
040276,call,旺宏,2337
04027T,put,神基,3005
04028T,put,信邦,3023
040291,call,聯鈞,3450
040293,call,定穎投控,3715
040294,call,jpp-KY,5284
040296,call,力成,6239
04029T,put,智原,3035
040303,call,力積電,6770
040304,call,力積電,6770
04030T,put,京鼎,3413
04031T,put,中磊,5388
04032T,put,力成,6239
040338,call,台積電,2330
04033T,put,矽格,6257
040344,call,台達電,2308
04034T,put,啟碁,6285
04035T,put,緯穎,6669
040362,call,旺宏,2337
04036T,put,矽創,8016
04037T,put,至上,8112
040384,call,緯穎,6669
040386,call,南電,8046
04038T,put,南茂,8150
040392,call,台積電,2330
040393,call,台積電,2330
040397,call,聯發科,2454
04039T,put,華邦電,2344
040408,call,科妍,1786
04040T,put,力積電,6770
040411,call,台達電,2308
040412,call,台達電,2308
040413,call,台達電,2308
040414,call,台達電,2308
040415,call,台達電,2308
04041T,put,華通,2313
040420,call,微星,2377
040424,call,景碩,3189
040426,call,全訊,5222
04042T,put,台積電,2330
04044T,put,中砂,1560
04045T,put,台玻,1802
040466,call,景碩,3189
040468,call,昇貿,3305
04046T,put,鴻海,2317
040470,call,聯鈞,3450
040474,call,jpp-KY,5284
040476,call,力成,6239
04047T,put,立隆電,2472
040482,call,力積電,6770
040483,call,力積電,6770
04048T,put,漢翔,2634
04049T,put,晶技,3042
040501,call,奇鋐,3017
040504,call,昇貿,3305
04050T,put,TPK-KY,3673
040517,call,台積電,2330
040518,call,長榮,2603
04051T,put,材料*-KY,4763
040520,call,力積電,6770
040521,call,力積電,6770
040528,call,世芯-KY,3661
04052T,put,新唐,4919
04053T,put,康舒,6282
04054T,put,旭隼,6409
04055T,put,群電,6412
040567,call,創見,2451
04056T,put,富世達,6805
04057T,put,旺宏,2337
04058T,put,華邦電,2344
04059T,put,南亞科,2408
040605,call,南亞,1303
040606,call,東元,1504
040607,call,華新,1605
040608,call,川湖,2059
040609,call,川湖,2059
04060T,put,奇鋐,3017
040610,call,華通,2313
040611,call,楠梓電,2316
040612,call,華泰,2329
040613,call,正崴,2392
040614,call,聯發科,2454
040615,call,一詮,2486
040616,call,華新科,2492
040617,call,華新科,2492
040618,call,長榮,2603
040619,call,長榮,2603
04061T,put,金像電,2368
040620,call,新興,2605
040621,call,裕民,2606
040622,call,陽明,2609
040623,call,陽明,2609
040624,call,慧洋-KY,2637
040626,call,景碩,3189
040627,call,景碩,3189
040628,call,京鼎,3413
040629,call,創意,3443
04062T,put,大立光,3008
040630,call,創意,3443
040631,call,jpp-KY,5284
040632,call,亞翔,6139
040633,call,帆宣,6196
040634,call,華孚,6235
040635,call,華孚,6235
040636,call,華孚,6235
040637,call,康舒,6282
040638,call,鈺邦,6449
040639,call,緯穎,6669
04063T,put,華邦電,2344
040640,call,龍德造船,6753
040641,call,龍德造船,6753
040642,call,力積電,6770
040643,call,力積電,6770
040644,call,力積電,6770
040645,call,力積電,6770
040646,call,力積電,6770
040647,call,力積電,6770
040648,call,力積電,6770
040649,call,力積電,6770
04064T,put,微星,2377
040650,call,天虹,6937
040651,call,台虹,8039
040652,call,南電,8046
040653,call,南電,8046
040654,call,元大台灣50,0050
04065T,put,京元電子,2449
04066T,put,緯穎,6669
04067T,put,至上,8112
040682,call,景碩,3189
040683,call,景碩,3189
040685,call,昇貿,3305
040687,call,聯鈞,3450
040688,call,聯鈞,3450
04068T,put,南茂,8150
040691,call,定穎投控,3715
04069T,put,元大台灣50,0050
040702,call,南電,8046
04072T,put,金像電,2368
04073T,put,友達,2409
04074T,put,南亞科,2408
040750,call,金寶,2312
04075T,put,訊芯-KY,6451
040764,call,龍德造船,6753
040766,call,寶成,9904
04076T,put,采鈺,6789
040772,call,緯穎,6669
040773,call,南電,8046
04077T,put,元大台灣50,0050
04078T,put,元大台灣50,0050
040791,call,康舒,6282
040792,call,龍德造船,6753
040793,call,至上,8112
040799,call,建準,2421
040804,call,台勝科,3532
040807,call,旭隼,6409
040810,call,富世達,6805
040812,call,東元,1504
04081T,put,南亞科,2408
040826,call,華新,1605
040828,call,光寶科,2301
04082T,put,日月光投控,3711
040837,call,旺宏,2337
040838,call,金像電,2368
040839,call,京元電子,2449
04084T,put,旺宏,2337
04085T,put,華邦電,2344
040869,call,南電,8046
04086T,put,日月光投控,3711
040871,call,元大台灣50,0050
04088T,put,鴻海,2317
04089T,put,緯創,3231
04090T,put,華邦電,2344
04091T,put,金像電,2368
04092T,put,漢唐,2404
040939,call,鴻海,2317
04093T,put,大立光,3008
04094T,put,緯創,3231
040951,call,奇鋐,3017
04095T,put,力成,6239
040969,call,大成鋼,2027
04096T,put,啟碁,6285
040970,call,川湖,2059
040971,call,宇隆,2233
040972,call,仁寶,2324
040973,call,致茂,2360
040974,call,佳能,2374
040975,call,毅嘉,2402
040978,call,創見,2451
040979,call,強茂,2481
04097T,put,富世達,6805
040980,call,景碩,3189
040981,call,世芯-KY,3661
040982,call,南電,8046
040983,call,元大台灣50,0050
04098T,put,宇瞻,8271
040991,call,台積電,2330
040994,call,長榮,2603
04102T,put,緯穎,6669
04103T,put,緯穎,6669
041043,call,華新,1605
041046,call,光寶科,2301
04104T,put,鴻海,2317
041059,call,漢翔,2634
04105T,put,金像電,2368
041061,call,大立光,3008
04106T,put,緯創,3231
041075,call,康舒,6282
04107T,put,啟碁,6285
041093,call,聯詠,3034
04109T,put,台積電,2330
04110T,put,和碩,4938
041113,call,光寶科,2301
04111T,put,元大台灣50,0050
041121,call,景碩,3189
04112T,put,台積電,2330
041158,call,台積電,2330
04115T,put,緯穎,6669
041162,call,飛宏,2457
041165,call,富邦金,2881
041166,call,奇鋐,3017
04116T,put,元大台灣50,0050
041170,call,景碩,3189
041193,call,亞翔,6139
041196,call,元大台灣50,0050
041197,call,欣興,3037
04119T,put,國精化,4722
041207,call,飛宏,2457
041208,call,晶豪科,3006
041209,call,至上,8112
04120T,put,汎銓,6830
041214,call,世芯-KY,3661
041216,call,昇陽半導體,8028
04121T,put,元大台灣50,0050
041227,call,鴻海,2317
041229,call,奇鋐,3017
04122T,put,元大台灣50,0050
041232,call,神達,3706
04123T,put,元大台灣50,0050
04124T,put,鴻海,2317
04125T,put,南亞科,2408
04126T,put,南亞科,2408
04127T,put,緯創,3231
041284,call,強茂,2481
04128T,put,元大台灣50,0050
041298,call,日月光投控,3711
04129T,put,新代,7750
04130T,put,松川精密,7788
04131T,put,緯穎,6669
041320,call,台積電,2330
04132T,put,奇鋐,3017
04133T,put,大立光,3008
041344,call,創意,3443
041345,call,貿聯-KY,3665
04135T,put,華邦電,2344
04136T,put,南亞科,2408
04137T,put,元大台灣50,0050
04138T,put,南亞科,2408
04139T,put,台積電,2330
04140T,put,盟立,2464
04141T,put,奇鋐,3017
04142T,put,富世達,6805
041432,call,鴻海,2317
041433,call,可成,2474
041434,call,聯鈞,3450
041435,call,至上,8112
041436,call,可寧衛*,8422
041437,call,可寧衛*,8422
041438,call,鴻海,2317
041439,call,台積電,2330
04143T,put,汎銓,6830
041448,call,鴻海,2317
041449,call,台積電,2330
04144T,put,汎銓,6830
041450,call,台積電,2330
041451,call,台積電,2330
04145T,put,南亞,1303
04146T,put,晶豪科,3006
041477,call,康舒,6282
04147T,put,晶豪科,3006
04148T,put,光寶科,2301
041494,call,華新科,2492
041497,call,禾伸堂,3026
041498,call,緯穎,6669
04149T,put,華邦電,2344
041507,call,鴻海,2317
04150T,put,南亞科,2408
041511,call,台積電,2330
041513,call,金像電,2368
041538,call,日月光投控,3711
04153T,put,南亞,1303
041542,call,愛普*,6531
041546,call,富世達,6805
04154T,put,光寶科,2301
041552,call,至上,8112
04155T,put,台積電,2330
04156T,put,宇瞻,8271
04157T,put,南亞,1303
041589,call,台積電,2330
04158T,put,南亞科,2408
04159T,put,南亞科,2408
041605,call,國巨*,2327
041606,call,京元電子,2449
041607,call,華新科,2492
041609,call,禾伸堂,3026
04160T,put,群創,3481
041610,call,禾伸堂,3026
041611,call,聯鈞,3450
041612,call,台勝科,3532
041613,call,富世達,6805
04161T,put,群創,3481
04162T,put,臻鼎-KY,4958
041633,call,鴻海,2317
041636,call,旺宏,2337
04163T,put,南亞,1303
041643,call,和碩,4938
04164T,put,光寶科,2301
041659,call,鴻海,2317
041660,call,鴻海,2317
041661,call,國巨*,2327
041662,call,京元電子,2449
041667,call,創意,3443
041669,call,緯穎,6669
04166T,put,台積電,2330
04169T,put,元大台灣50,0050
04170T,put,元大台灣50,0050
04171T,put,金像電,2368
041723,call,創意,3443
04172T,put,南亞,1303
041737,call,創意,3443
041740,call,富世達,6805
041742,call,富鼎,8261
04175T,put,華通,2313
04176T,put,群創,3481
04177T,put,華邦電,2344
041780,call,華新科,2492
041787,call,景碩,3189
04178T,put,所羅門,2359
041790,call,昇貿,3305
041836,call,可寧衛*,8422
041840,call,智原,3035
041842,call,臻鼎-KY,4958
041856,call,緯穎,6669
041859,call,晶豪科,3006
04185T,put,國巨*,2327
041861,call,緯穎,6669
04186T,put,奇鋐,3017
04187T,put,國巨*,2327
04188T,put,智邦,2345
04189T,put,富世達,6805
04190T,put,元大台灣50,0050
04191T,put,元大台灣50,0050
041950,call,立隆電,2472
04195T,put,國巨*,2327
04196T,put,國巨*,2327
04197T,put,大亞,1609
04198T,put,毅嘉,2402
041992,call,仁寶,2324
04199T,put,新興,2605
042004,call,萬海,2615
04200T,put,陽明,2609
042011,call,昇貿,3305
04201T,put,嘉晶,3016
04202T,put,德律,3030
042030,call,國巨*,2327
042031,call,國巨*,2327
042032,call,國巨*,2327
042038,call,康舒,6282
042039,call,緯穎,6669
04203T,put,玉晶光,3406
04204T,put,牧德,3563
04205T,put,辛耘,3583
042068,call,大立光,3008
04206T,put,帆宣,6196
04207T,put,旭隼,6409
04208T,put,AES-KY,6781
04209T,put,勤誠,8210
042123,call,華新科,2492
042137,call,同欣電,6271
042138,call,台表科,6278
04213T,put,國巨*,2327
04214T,put,力積電,6770
04215T,put,台積電,2330
04216T,put,台積電,2330
04217T,put,台積電,2330
042186,call,仁寶,2324
042187,call,仁寶,2324
04218T,put,南亞,1303
042195,call,佳能,2374
04219T,put,聯電,2303
042207,call,萬海,2615
04220T,put,華邦電,2344
042217,call,聯鈞,3450
04221T,put,南亞科,2408
04222T,put,強茂,2481
04223T,put,大立光,3008
042255,call,光寶科,2301
042257,call,鴻海,2317
04226T,put,國巨*,2327
04227T,put,南亞科,2408
04228T,put,元大台灣50,0050
04231T,put,國巨*,2327
04233T,put,大立光,3008
04234T,put,聯電,2303
04236T,put,仁寶,2324
042373,call,華新科,2492
042374,call,華新科,2492
04237T,put,華碩,2357
042387,call,力成,6239
04238T,put,日月光投控,3711
042395,call,南電,8046
04239T,put,國巨*,2327
042406,call,鴻海,2317
04240T,put,京元電子,2449
042413,call,智邦,2345
04241T,put,萬海,2615
042420,call,晶豪科,3006
04242T,put,光寶科,2301
042439,call,國巨*,2327
04243T,put,奇鋐,3017
042447,call,台積電,2330
04244T,put,大立光,3008
04245T,put,嘉澤,3533
04246T,put,矽力*-KY,6415
04247T,put,晶碩,6491
04248T,put,嘉基,6715
04249T,put,倍利科,7822
04250T,put,聯電,2303
042518,call,華新,1605
04251T,put,台積電,2330
04252T,put,力積電,6770
04253T,put,台達電,2308
042551,call,力成,6239
042552,call,力成,6239
042555,call,康舒,6282
04255T,put,力積電,6770
042562,call,南電,8046
04256T,put,台達電,2308
042572,call,奇鋐,3017
042581,call,緯穎,6669
04258T,put,國巨*,2327
04259T,put,南亞科,2408
04260T,put,陽明,2609
042622,call,光寶科,2301
042623,call,鴻海,2317
042626,call,緯創,3231
042627,call,貿聯-KY,3665
04262T,put,南亞,1303
042633,call,楠梓電,2316
042636,call,台積電,2330
04263T,put,中砂,1560
042645,call,世芯-KY,3661
04264T,put,大成鋼,2027
04265T,put,光寶科,2301
042664,call,楠梓電,2316
04266T,put,華通,2313
042670,call,旺宏,2337
042673,call,創見,2451
042675,call,奇鋐,3017
042677,call,緯創,3231
042678,call,貿聯-KY,3665
04267T,put,國巨*,2327
04268T,put,華邦電,2344
042691,call,鴻海,2317
042699,call,奇鋐,3017
04269T,put,南亞科,2408
04270T,put,揚博,2493
042716,call,金寶,2312
042717,call,金寶,2312
04271T,put,奇鋐,3017
042721,call,鴻海,2317
042728,call,智邦,2345
04272T,put,緯穎,6669
042736,call,晶豪科,3006
042737,call,大立光,3008
04273T,put,至上,8112
042747,call,定穎投控,3715
042748,call,祥碩,5269
042749,call,祥碩,5269
042750,call,jpp-KY,5284
042754,call,康舒,6282
04277T,put,台達電,2308
04278T,put,國巨*,2327
04279T,put,群創,3481
04280T,put,台達電,2308
042822,call,奇鋐,3017
042826,call,旭隼,6409
04282T,put,元大台灣50,0050
042837,call,台積電,2330
042846,call,旭隼,6409
042852,call,京元電子,2449
042857,call,鴻海,2317
042858,call,國巨*,2327
04285T,put,華邦電,2344
042862,call,智邦,2345
04286T,put,南亞科,2408
042874,call,亞翔,6139
04287T,put,陽明,2609
042886,call,鴻海,2317
04288T,put,萬海,2615
042892,call,仁寶,2324
04289T,put,萬海,2615
042904,call,京元電子,2449
042908,call,晶豪科,3006
042909,call,奇鋐,3017
04290T,put,光寶科,2301
042910,call,奇鋐,3017
042915,call,貿聯-KY,3665
042916,call,祥碩,5269
04291T,put,京元電子,2449
04292T,put,萬海,2615
042939,call,鴻海,2317
04293T,put,萬海,2615
042944,call,智邦,2345
042946,call,金像電,2368
04294T,put,萬海,2615
042954,call,晶豪科,3006
042958,call,智原,3035
042959,call,景碩,3189
042970,call,康舒,6282
042973,call,力積電,6770
04298T,put,南亞,1303
042990,call,飛宏,2457
042996,call,奇鋐,3017
04299T,put,大成鋼,2027
043008,call,力積電,6770
04300T,put,國巨*,2327
04301T,put,華邦電,2344
04302T,put,南亞科,2408
043030,call,華通,2313
043032,call,佳能,2374
043036,call,萬海,2615
04303T,put,萬海,2615
043041,call,台光電,2383
043045,call,華新,1605
04304T,put,群創,3481
04305T,put,元大台灣50,0050
043060,call,金像電,2368
043067,call,慧洋-KY,2637
04306T,put,萬海,2615
043072,call,大立光,3008
043077,call,景碩,3189
04307T,put,國巨*,2327
043080,call,神達,3706
043082,call,日月光投控,3711
043083,call,祥碩,5269
04308T,put,聯電,2303
04309T,put,南亞科,2408
043104,call,矽格,6257
04310T,put,台積電,2330
043114,call,京元電子,2449
043117,call,京鼎,3413
043118,call,AES-KY,6781
04311T,put,台積電,2330
043125,call,鴻海,2317
04312T,put,致茂,2360
043135,call,奇鋐,3017
04313T,put,陽明,2609
043151,call,光寶科,2301
043152,call,楠梓電,2316
043153,call,仁寶,2324
043169,call,昇貿,3305
043171,call,世芯-KY,3661
043173,call,材料*-KY,4763
043180,call,光寶科,2301
043185,call,京鼎,3413
043193,call,科妍,1786
04319T,put,陽明,2609
043201,call,欣興,3037
043209,call,中興電,1513
04320T,put,台達電,2308
043218,call,奇鋐,3017
04321T,put,長榮,2603
043224,call,矽格,6257
04322T,put,裕民,2606
043237,call,楠梓電,2316
04323T,put,南亞科,2408
04324T,put,奇鋐,3017
043258,call,康舒,6282
043259,call,旭隼,6409
04326T,put,元大台灣50,0050
04327T,put,致茂,2360
043287,call,佳能,2374
043289,call,台光電,2383
04328T,put,保瑞,6472
043291,call,宏達電,2498
043294,call,奇鋐,3017
043297,call,神達,3706
04329T,put,南亞科,2408
043300,call,上緯投控,3708
043301,call,定穎投控,3715
04330T,put,長榮,2603
043314,call,亞力,1514
04331T,put,陽明,2609
04332T,put,長榮,2603
04333T,put,玉晶光,3406
043344,call,日月光投控,3711
043348,call,矽格,6257
04334T,put,順德,2351
043355,call,華城,1519
043356,call,金寶,2312
04335T,put,佳能,2374
043367,call,漢唐,2404
04336T,put,同欣電,6271
043374,call,大立光,3008
04337T,put,視陽,6782
043385,call,定穎投控,3715
043387,call,祥碩,5269
043388,call,祥碩,5269
04338T,put,大立光,3008
043392,call,康舒,6282
043394,call,AES-KY,6781
04339T,put,玉晶光,3406
043401,call,神達,3706
043408,call,光寶科,2301
04340T,put,大立光,3008
04341T,put,元大台灣50,0050
04342T,put,陽明,2609
043431,call,至上,8112
04343T,put,大立光,3008
043442,call,至上,8112
043450,call,中興電,1513
04345T,put,元大台灣50,0050
043466,call,至上,8112
04346T,put,致茂,2360
043472,call,智邦,2345
04347T,put,大立光,3008
04348T,put,南亞科,2408
043499,call,金寶,2312
04349T,put,大立光,3008
043506,call,智邦,2345
04350T,put,力積電,6770
043513,call,台光電,2383
043514,call,漢唐,2404
043518,call,萬海,2615
04351T,put,南亞科,2408
043521,call,貿聯-KY,3665
043522,call,神達,3706
043524,call,定穎投控,3715
043525,call,祥碩,5269
04352T,put,力積電,6770
043531,call,力積電,6770
043533,call,南電,8046
043535,call,至上,8112
043536,call,至上,8112
04353T,put,元大台灣50,0050
043544,call,智邦,2345
043558,call,神達,3706
04355T,put,元大台灣50,0050
04356T,put,玉晶光,3406
04357T,put,大立光,3008
043589,call,美律,2439
04358T,put,玉晶光,3406
04359T,put,玉晶光,3406
04360T,put,眾達-KY,4977
043614,call,祥碩,5269
04361T,put,國巨*,2327
043624,call,貿聯-KY,3665
04362T,put,元大台灣50,0050
043634,call,漢唐,2404
043643,call,貿聯-KY,3665
043644,call,神達,3706
043646,call,祥碩,5269
043656,call,亞力,1514
043657,call,國巨*,2327
043658,call,國巨*,2327
043659,call,國巨*,2327
04365T,put,玉晶光,3406
043660,call,國巨*,2327
043663,call,台光電,2383
043664,call,京元電子,2449
043665,call,晶豪科,3006
043666,call,貿聯-KY,3665
043667,call,上緯投控,3708
043668,call,上緯投控,3708
043669,call,日月光投控,3711
04366T,put,玉晶光,3406
043670,call,崇越,5434
043671,call,精成科,6191
043672,call,力成,6239
043674,call,長華*,8070
043675,call,至上,8112
043676,call,至上,8112
04367T,put,富世達,6805
043681,call,光寶科,2301
043682,call,鴻海,2317
043687,call,智邦,2345
043689,call,金像電,2368
04368T,put,國巨*,2327
043693,call,台光電,2383
043696,call,建準,2421
043697,call,建準,2421
04369T,put,玉晶光,3406
043704,call,萬海,2615
04370T,put,玉晶光,3406
043713,call,貿聯-KY,3665
043714,call,神達,3706
043715,call,上緯投控,3708
043717,call,日月光投控,3711
04371T,put,緯穎,6669
043720,call,jpp-KY,5284
043725,call,力積電,6770
043728,call,至上,8112
04372T,put,緯穎,6669
04373T,put,南亞科,2408
04374T,put,玉晶光,3406
04375T,put,南亞,1303
04376T,put,光寶科,2301
04377T,put,金像電,2368
043785,call,勤誠,8210
04378T,put,南亞科,2408
04379T,put,玉晶光,3406
04380T,put,富世達,6805
043815,call,世芯-KY,3661
04381T,put,松川精密,7788
043820,call,勤誠,8210
043829,call,勤誠,8210
04382T,put,台達電,2308
043830,call,元大台灣50,0050
04383T,put,台達電,2308
043841,call,定穎投控,3715
04384T,put,元大台灣50,0050
043851,call,世芯-KY,3661
043853,call,勤誠,8210
04385T,put,元大台灣50,0050
04386T,put,南亞,1303
043871,call,宏達電,2498
043872,call,萬海,2615
043874,call,緯創,3231
043878,call,聯鈞,3450
04387T,put,光寶科,2301
043888,call,國巨*,2327
043889,call,國巨*,2327
04388T,put,金像電,2368
043890,call,旺宏,2337
043891,call,旺宏,2337
043892,call,旺宏,2337
043893,call,京元電子,2449
043894,call,晶豪科,3006
043896,call,奇鋐,3017
043897,call,奇鋐,3017
043898,call,奇鋐,3017
043899,call,聯鈞,3450
04389T,put,南亞科,2408
043900,call,貿聯-KY,3665
043901,call,日月光投控,3711
043902,call,勤誠,8210
043903,call,勤誠,8210
043904,call,勤誠,8210
04390T,put,晶技,3042
043913,call,祥碩,5269
04391T,put,光寶科,2301
043924,call,鴻海,2317
043927,call,旺宏,2337
043929,call,鴻準,2354
04392T,put,金像電,2368
043931,call,金像電,2368
043937,call,建準,2421
043938,call,京元電子,2449
04393T,put,台達電,2308
043947,call,京鼎,3413
04394T,put,萬海,2615
043950,call,聯鈞,3450
043953,call,貿聯-KY,3665
043954,call,jpp-KY,5284
043957,call,康舒,6282
04395T,put,緯穎,6669
043964,call,至上,8112
043965,call,至上,8112
04396T,put,緯穎,6669
043972,call,台積電,2330
04397T,put,元大台灣50,0050
043985,call,世芯-KY,3661
04398T,put,金像電,2368
043991,call,楠梓電,2316
043992,call,台積電,2330
04399T,put,京元電子,2449
044008,call,元大台灣50,0050
04400T,put,元大台灣50,0050
044019,call,強茂,2481
04401T,put,聯電,2303
04402T,put,新日興,3376
04403T,put,光寶科,2301
04404T,put,台達電,2308
04405T,put,金像電,2368
04406T,put,萬海,2615
044074,call,友達,2409
044089,call,鴻準,2354
04408T,put,華新科,2492
044091,call,微星,2377
044094,call,建準,2421
044095,call,建準,2421
044098,call,長榮,2603
04409T,put,緯穎,6669
044104,call,祥碩,5269
044105,call,jpp-KY,5284
044109,call,康舒,6282
04410T,put,華新科,2492
044122,call,鴻海,2317
044129,call,金像電,2368
044130,call,漢唐,2404
044131,call,友達,2409
044134,call,建準,2421
044138,call,萬海,2615
044142,call,智原,3035
044143,call,緯創,3231
044145,call,昇貿,3305
044147,call,聯鈞,3450
04414T,put,台化,1326
044151,call,貿聯-KY,3665
044155,call,jpp-KY,5284
044157,call,康舒,6282
04415T,put,群光,2385
044169,call,至上,8112
04416T,put,建準,2421
044170,call,旺宏,2337
044171,call,旺宏,2337
044172,call,建準,2421
044173,call,建準,2421
044174,call,建準,2421
044175,call,創見,2451
044176,call,飛宏,2457
044177,call,晟銘電,3013
044178,call,奇鋐,3017
044179,call,力積電,6770
04417T,put,臻鼎-KY,4958
044180,call,勤誠,8210
044181,call,勤誠,8210
044182,call,旺宏,2337
044183,call,致茂,2360
044184,call,金像電,2368
044185,call,京元電子,2449
044186,call,聯發科,2454
044187,call,南電,8046
04418T,put,力積電,6770
04420T,put,台積電,2330
044229,call,保瑞,6472
044232,call,至上,8112
044233,call,至上,8112
044235,call,元大台灣50,0050
044238,call,華新,1605
04423T,put,辛耘,3583
044246,call,佳能,2374
044247,call,建準,2421
044250,call,萬海,2615
044251,call,晶豪科,3006
044259,call,精成科,6191
044260,call,康舒,6282
044266,call,至上,8112
044267,call,至上,8112
044268,call,至上,8112
04426T,put,元大台灣50,0050
044271,call,元大台灣50,0050
044275,call,台積電,2330
044277,call,創見,2451
044292,call,華東,8110
044295,call,中鋼,2002
04431T,put,仁寶,2324
044320,call,創見,2451
044325,call,南亞,1303
04432T,put,國巨*,2327
044334,call,旺宏,2337
04433T,put,南亞科,2408
044340,call,漢唐,2404
044349,call,智原,3035
04434T,put,南亞科,2408
044350,call,緯創,3231
044354,call,貿聯-KY,3665
044355,call,定穎投控,3715
044357,call,祥碩,5269
04435T,put,國泰金,2882
044364,call,愛普*,6531
04436T,put,玉山金,2884
044375,call,台積電,2330
044378,call,創見,2451
044379,call,世芯-KY,3661
04437T,put,緯創,3231
044381,call,神達,3706
044383,call,緯穎,6669
044384,call,力積電,6770
044387,call,鴻海,2317
044390,call,聯發科,2454
044397,call,緯穎,6669
044398,call,南亞,1303
044399,call,旺宏,2337
044400,call,創見,2451
044401,call,創見,2451
044402,call,緯穎,6669
044403,call,力積電,6770
044404,call,力積電,6770
044405,call,至上,8112
044406,call,南亞,1303
044407,call,旺宏,2337
04440T,put,仁寶,2324
04441T,put,南亞科,2408
044421,call,勤誠,8210
044426,call,東元,1504
044428,call,金寶,2312
04442T,put,緯創,3231
044437,call,智邦,2345
044438,call,鴻準,2354
04443T,put,穎崴,6515
044441,call,漢唐,2404
044442,call,建準,2421
044443,call,建準,2421
04444T,put,緯穎,6669
044450,call,強茂,2481
04445T,put,元大台灣50,0050
044467,call,力成,6239
04447T,put,大銀微系統,4576
04448T,put,穎崴,6515
044491,call,緯穎,6669
04449T,put,穎崴,6515
04450T,put,昇陽半導體,8028
044517,call,智邦,2345
04451T,put,鴻海,2317
04452T,put,智邦,2345
044533,call,神達,3706
04453T,put,矽力*-KY,6415
044545,call,力積電,6770
044548,call,南電,8046
04454T,put,穎崴,6515
04455T,put,昇陽半導體,8028
044561,call,鴻海,2317
044568,call,晶豪科,3006
04456T,put,華城,1519
044575,call,緯穎,6669
04457T,put,上銀,2049
04458T,put,致茂,2360
044593,call,創見,2451
04459T,put,華新科,2492
044608,call,南亞,1303
044609,call,金像電,2368
04460T,put,鴻勁,7769
044610,call,台光電,2383
044611,call,建準,2421
044612,call,創見,2451
044613,call,創見,2451
044614,call,晟銘電,3013
044615,call,緯穎,6669
044616,call,力積電,6770
044617,call,南茂,8150
044618,call,南茂,8150
044619,call,金像電,2368
04461T,put,鴻勁,7769
044625,call,鴻海,2317
04462T,put,鴻海,2317
04463T,put,智邦,2345
044642,call,元大台灣50,0050
044644,call,創見,2451
044646,call,奇鋐,3017
044647,call,奇鋐,3017
04464T,put,矽力*-KY,6415
044651,call,南電,8046
04465T,put,松川精密,7788
044665,call,定穎投控,3715
04466T,put,昇陽半導體,8028
04467T,put,仁寶,2324
044684,call,創見,2451
04468T,put,緯創,3231
044698,call,至上,8112
04469T,put,穎崴,6515
044707,call,定穎投控,3715
04470T,put,勤誠,8210
044712,call,力積電,6770
04471T,put,元大台灣50,0050
04472T,put,元大台灣50,0050
044731,call,智邦,2345
044732,call,致茂,2360
044737,call,建準,2421
044738,call,建準,2421
04473T,put,元大台灣50,0050
044754,call,陽明,2609
04475T,put,晶技,3042
044766,call,聯鈞,3450
04476T,put,元大台灣50,0050
044770,call,神達,3706
044773,call,台塑化,6505
04477T,put,元大台灣50,0050
044788,call,南亞,1303
044789,call,華新,1605
044790,call,華新,1605
044791,call,鴻海,2317
044792,call,國巨*,2327
044793,call,國巨*,2327
044795,call,國巨*,2327
044796,call,台積電,2330
044797,call,金像電,2368
044798,call,金像電,2368
044799,call,華新科,2492
044800,call,日電貿,3090
044801,call,乙盛-KY,5243
044802,call,台塑化,6505
044803,call,愛普*,6531
044804,call,來億-KY,6890
044815,call,元大台灣50,0050
044818,call,南亞,1303
044821,call,台化,1326
044822,call,國巨*,2327
044823,call,台塑化,6505
044824,call,南茂,8150
044829,call,元大台灣50,0050
04482T,put,臻鼎-KY,4958
044830,call,華新,1605
04483T,put,臻鼎-KY,4958
044840,call,元大台灣50,0050
044841,call,元大台灣50,0050
04484T,put,元大台灣50,0050
044850,call,台積電,2330
044858,call,強茂,2481
04485T,put,台積電,2330
04486T,put,智邦,2345
044870,call,台塑化,6505
044877,call,國巨*,2327
04487T,put,元大台灣50,0050
044906,call,緯創,3231
044914,call,南亞,1303
044917,call,南亞,1303
044926,call,佳能,2374
044931,call,台光電,2383
044935,call,建準,2421
044937,call,立隆電,2472
044939,call,強茂,2481
044942,call,萬海,2615
044944,call,晟銘電,3013
044953,call,日月光投控,3711
044957,call,祥碩,5269
044960,call,康舒,6282
044961,call,旭隼,6409
044969,call,至上,8112
044991,call,智邦,2345
044992,call,欣興,3037
044994,call,AES-KY,6781
045004,call,南亞,1303
045013,call,建準,2421
045014,call,京元電子,2449
045016,call,全新,2455
045023,call,世芯-KY,3661
045025,call,貿聯-KY,3665
045028,call,康舒,6282
045029,call,旭隼,6409
045030,call,保瑞,6472
045038,call,凱美,2375
045044,call,南茂,8150
045045,call,南茂,8150
045049,call,凱美,2375
045053,call,一詮,2486
045055,call,智原,3035
045082,call,台光電,2383
045083,call,建準,2421
045087,call,萬海,2615
045096,call,旭隼,6409
045104,call,東元,1504
045105,call,光寶科,2301
045117,call,立隆電,2472
045119,call,華新科,2492
045120,call,華新科,2492
045122,call,萬海,2615
045123,call,晟銘電,3013
045124,call,晟銘電,3013
045132,call,貿聯-KY,3665
045134,call,日月光投控,3711
045137,call,祥碩,5269
045183,call,台光電,2383
045188,call,華新科,2492
045189,call,貿聯-KY,3665
045190,call,乙盛-KY,5243
045195,call,南亞,1303
045197,call,東元,1504
045211,call,景碩,3189
045224,call,金像電,2368
04523U,put,台積電,2330
045258,call,光寶科,2301
045264,call,鴻準,2354
045266,call,致茂,2360
045269,call,台光電,2383
045278,call,萬海,2615
045287,call,晟銘電,3013
045307,call,愛普*,6531
045318,call,智邦,2345
045320,call,愛普*,6531
045335,call,AES-KY,6781
045338,call,南亞,1303
045345,call,致茂,2360
045349,call,強茂,2481
045356,call,昇貿,3305
045360,call,神達,3706
045393,call,力成,6239
045431,call,台光電,2383
045432,call,建準,2421
045439,call,萬海,2615
045450,call,世芯-KY,3661
045454,call,祥碩,5269
045458,call,旭隼,6409
045460,call,愛普*,6531
045463,call,至上,8112
045482,call,台積電,2330
045486,call,國喬,1312
045513,call,旭隼,6409
045558,call,金像電,2368
045565,call,晟銘電,3013
045573,call,旭隼,6409
045575,call,緯穎,6669
045589,call,金寶,2312
045621,call,強茂,2481
045623,call,奇鋐,3017
045624,call,欣興,3037
045627,call,群創,3481
045631,call,世芯-KY,3661
045633,call,祥碩,5269
045634,call,jpp-KY,5284
045640,call,兆聯實業,6944
045642,call,聯發科,2454
045643,call,亞翔,6139
045644,call,精成科,6191
045679,call,至上,8112
045709,call,金寶,2312
045716,call,矽統,2363
045738,call,禾伸堂,3026
045746,call,祥碩,5269
045751,call,南亞,1303
045776,call,台積電,2330
045777,call,台積電,2330
045778,call,台積電,2330
045779,call,台積電,2330
045780,call,奇鋐,3017
045797,call,愛普*,6531
045824,call,惠特,6706
045827,call,兆聯實業,6944
045829,call,元大台灣50,0050
045831,call,奇鋐,3017
045855,call,奇鋐,3017
045864,call,緯穎,6669
045885,call,富世達,6805
045897,call,鴻海,2317
045904,call,台光電,2383
045930,call,智邦,2345
045943,call,奇鋐,3017
045956,call,愛普*,6531
045965,call,金像電,2368
045966,call,矽統,2363
045967,call,興勤,2428
045970,call,世芯-KY,3661
045971,call,精成科,6191
045972,call,富世達,6805
045978,call,奇鋐,3017
045980,call,奇鋐,3017
045986,call,達麗,6177
046001,call,玉山金,2884
046072,call,緯創,3231
046122,call,智邦,2345
046139,call,奇鋐,3017
046142,call,聯鈞,3450
046153,call,旭隼,6409
046168,call,金像電,2368
046169,call,世芯-KY,3661
046172,call,力積電,6770
046174,call,力積電,6770
046188,call,緯穎,6669
046192,call,台泥,1101
046266,call,祥碩,5269
046281,call,智邦,2345
046283,call,致茂,2360
046294,call,奇鋐,3017
046307,call,旭隼,6409
046330,call,立隆電,2472
046331,call,華新科,2492
046338,call,大立光,3008
046341,call,世芯-KY,3661
046344,call,旭隼,6409
046348,call,力積電,6770
046351,call,寶成,9904
046364,call,奇鋐,3017
046370,call,緯穎,6669
046375,call,聯發科,2454
046378,call,貿聯-KY,3665
046379,call,緯穎,6669
046381,call,貿聯-KY,3665
046382,call,瀚宇博,5469
046385,call,金像電,2368
046396,call,奇鋐,3017
046401,call,世芯-KY,3661
046402,call,旭隼,6409
046416,call,聯發科,2454
046417,call,智原,3035
046418,call,智原,3035
046419,call,智原,3035
046422,call,緯創,3231
046429,call,鴻海,2317
046436,call,精成科,6191
046437,call,海悅,2348
046444,call,威盛,2388
046517,call,旺宏,2337
046529,call,奇鋐,3017
046545,call,旭隼,6409
046560,call,鴻海,2317
046561,call,鴻海,2317
046564,call,佳能,2374
046565,call,聯發科,2454
046567,call,欣興,3037
046568,call,欣興,3037
046571,call,世芯-KY,3661
046572,call,世芯-KY,3661
046573,call,世芯-KY,3661
046579,call,旺宏,2337
046580,call,金像電,2368
046581,call,聯發科,2454
046582,call,欣興,3037
046592,call,京元電子,2449
046596,call,強茂,2481
046607,call,聯鈞,3450
046612,call,世芯-KY,3661
046614,call,祥碩,5269
046624,call,智邦,2345
046625,call,金像電,2368
046626,call,可成,2474
046627,call,一詮,2486
046628,call,嘉澤,3533
046629,call,世芯-KY,3661
046630,call,緯穎,6669
046631,call,新興,2605
046632,call,欣興,3037
046635,call,百和,9938
046638,call,鴻海,2317
046641,call,友達,2409
046662,call,楠梓電,2316
046709,call,京元電子,2449
046713,call,世芯-KY,3661
046714,call,世芯-KY,3661
046720,call,台積電,2330
046778,call,勤誠,8210
046781,call,智邦,2345
046782,call,智邦,2345
046784,call,AES-KY,6781
046785,call,富世達,6805
046786,call,台虹,8039
046790,call,國巨*,2327
046792,call,聯發科,2454
046795,call,奇鋐,3017
046796,call,奇鋐,3017
046801,call,緯穎,6669
046802,call,緯穎,6669
046805,call,南亞,1303
046806,call,國巨*,2327
046807,call,國巨*,2327
046809,call,奇鋐,3017
046810,call,欣興,3037
046811,call,統一,1216
046812,call,台達電,2308
046813,call,鴻海,2317
046814,call,台積電,2330
046815,call,台積電,2330
046816,call,聯發科,2454
046824,call,台達電,2308
046827,call,聯發科,2454
046833,call,新日興,3376
046834,call,牧德,3563
046843,call,AES-KY,6781
046844,call,AES-KY,6781
046851,call,南亞,1303
046853,call,楠梓電,2316
046855,call,鴻海,2317
046872,call,台積電,2330
046875,call,台積電,2330
046881,call,聯發科,2454
046884,call,長榮航,2618
046889,call,聯鈞,3450
046893,call,祥碩,5269
046901,call,洋基工程,6691
046913,call,鴻海,2317
046914,call,鴻海,2317
046921,call,智邦,2345
046934,call,欣興,3037
046935,call,聯鈞,3450
046939,call,世芯-KY,3661
046940,call,貿聯-KY,3665
046943,call,瀚宇博,5469
046944,call,瀚宇博,5469
046949,call,力積電,6770
046950,call,力積電,6770
046958,call,元大台灣50,0050
046961,call,南亞,1303
046962,call,川湖,2059
046964,call,聯發科,2454
046966,call,景碩,3189
046967,call,世芯-KY,3661
046971,call,緯穎,6669
046981,call,AES-KY,6781
046983,call,富世達,6805
047002,call,金像電,2368
047005,call,漢唐,2404
047015,call,祥碩,5269
047016,call,精成科,6191
047020,call,愛普*,6531
047036,call,聯發科,2454
047041,call,AES-KY,6781
047042,call,台虹,8039
047044,call,台泥,1101
047045,call,川湖,2059
047046,call,川湖,2059
047049,call,鴻海,2317
047050,call,鴻海,2317
047053,call,智邦,2345
047069,call,欣興,3037
047072,call,世芯-KY,3661
047073,call,貿聯-KY,3665
047074,call,愛普*,6531
047076,call,力積電,6770
047092,call,台達電,2308
047097,call,強茂,2481
047101,call,川湖,2059
047102,call,鴻海,2317
047110,call,亞光,3019
047114,call,國喬,1312
047117,call,川湖,2059
047139,call,AES-KY,6781
047146,call,台達電,2308
047175,call,旭隼,6409
047179,call,國喬,1312
047199,call,台達電,2308
047200,call,台塑,1301
047202,call,南亞,1303
047203,call,台達電,2308
047204,call,台達電,2308
047205,call,鴻海,2317
047206,call,國巨*,2327
047207,call,金像電,2368
047208,call,京元電子,2449
047209,call,京元電子,2449
047212,call,亞翔,6139
047215,call,南亞,1303
047216,call,南亞,1303
047218,call,台達電,2308
047219,call,鴻海,2317
047220,call,漢唐,2404
047222,call,京元電子,2449
047223,call,全新,2455
047224,call,長榮,2603
047225,call,裕民,2606
047228,call,景碩,3189
047230,call,嘉澤,3533
047231,call,世芯-KY,3661
047232,call,祥碩,5269
047234,call,旭隼,6409
047235,call,保瑞,6472
047236,call,愛普*,6531
047237,call,緯穎,6669
047238,call,勤誠,8210
047247,call,川湖,2059
047277,call,奇鋐,3017
047279,call,貿聯-KY,3665
047281,call,緯穎,6669
047287,call,勤誠,8210
047289,call,元大台灣50,0050
047292,call,南亞,1303
047293,call,東元,1504
047294,call,華新,1605
047295,call,川湖,2059
047312,call,京元電子,2449
047316,call,裕民,2606
047322,call,緯創,3231
047326,call,世芯-KY,3661
047330,call,日月光投控,3711
047331,call,緯穎,6669
047333,call,AES-KY,6781
047341,call,南亞,1303
047349,call,漢唐,2404
047353,call,欣興,3037
047356,call,洋基工程,6691
047358,call,台積電,2330
047367,call,台積電,2330
047368,call,台積電,2330
047371,call,鴻海,2317
047372,call,國巨*,2327
047376,call,亞翔,6139
047385,call,國巨*,2327
047386,call,德律,3030
047388,call,旭隼,6409
047399,call,聯發科,2454
047402,call,華立,3010
047403,call,世芯-KY,3661
047406,call,惠特,6706
047408,call,來億-KY,6890
047420,call,元大台灣50,0050
047423,call,南亞,1303
047425,call,台達電,2308
047427,call,台積電,2330
047431,call,台積電,2330
047434,call,富世達,6805
047439,call,台積電,2330
047440,call,台積電,2330
047441,call,台積電,2330
047446,call,台積電,2330
047459,call,惠特,6706
047464,call,南亞,1303
047465,call,南亞,1303
047466,call,南亞,1303
047469,call,川湖,2059
047482,call,京元電子,2449
047491,call,緯創,3231
047502,call,亞翔,6139
047504,call,緯穎,6669
047507,call,AES-KY,6781
047518,call,南亞,1303
047519,call,華新,1605
047520,call,川湖,2059
047521,call,光寶科,2301
047524,call,台光電,2383
047531,call,長榮航,2618
047544,call,jpp-KY,5284
047548,call,緯穎,6669
047549,call,富世達,6805
047553,call,台塑,1301
047567,call,亞翔,6139
047569,call,聯茂,6213
047577,call,亞光,3019
047580,call,元大台灣50,0050
047581,call,台積電,2330
047584,call,日月光投控,3711
047598,call,華新,1605
047602,call,國巨*,2327
047608,call,慧洋-KY,2637
047611,call,惠特,6706
047617,call,元大台灣50,0050
047618,call,富邦科技,0052
047623,call,台達電,2308
047625,call,國巨*,2327
047636,call,世芯-KY,3661
047648,call,富世達,6805
047657,call,華新,1605
047660,call,光寶科,2301
047667,call,新興,2605
047670,call,長榮航,2618
047671,call,慧洋-KY,2637
047676,call,聯茂,6213
047681,call,惠特,6706
047684,call,南亞,1303
047685,call,南亞,1303
047686,call,南亞,1303
047688,call,中砂,1560
047690,call,川湖,2059
047699,call,漢唐,2404
047700,call,漢唐,2404
047701,call,建準,2421
047702,call,京元電子,2449
047703,call,新興,2605
047708,call,晟銘電,3013
047711,call,欣興,3037
047713,call,景碩,3189
047714,call,緯創,3231
047716,call,世芯-KY,3661
047718,call,亞翔,6139
047719,call,愛普*,6531
047723,call,AES-KY,6781
047733,call,穎崴,6515
047737,call,欣興,3037
047752,call,欣興,3037
047754,call,緯穎,6669
047755,call,兆聯實業,6944
047756,call,南電,8046
047757,call,南電,8046
047758,call,至上,8112
047760,call,第一銅,2009
047767,call,台達電,2308
047771,call,華航,2610
047792,call,聯發科,2454
047794,call,慧洋-KY,2637
047795,call,欣興,3037
047796,call,元大台灣50,0050
047802,call,華新,1605
047807,call,友達,2409
047811,call,晟銘電,3013
047815,call,緯創,3231
047817,call,貿聯-KY,3665
047826,call,至上,8112
047830,call,光寶科,2301
047844,call,jpp-KY,5284
047852,call,台塑,1301
047855,call,南亞,1303
047857,call,華新,1605
047870,call,金像電,2368
047872,call,京元電子,2449
047873,call,強茂,2481
047879,call,欣興,3037
047881,call,緯創,3231
047884,call,世芯-KY,3661
047886,call,日月光投控,3711
047887,call,jpp-KY,5284
047888,call,瀚宇博,5469
047890,call,愛普*,6531
047908,call,國泰金,2882
047923,call,旺宏,2337
047924,call,裕民,2606
047934,call,中航,2612
047938,call,AES-KY,6781
047939,call,昇陽半導體,8028
047942,call,鼎炫-KY,8499
047953,call,國巨*,2327
047972,call,台塑,1301
047975,call,國巨*,2327
047979,call,致茂,2360
047988,call,慧洋-KY,2637
047994,call,愛普*,6531
047998,call,來億-KY,6890
048002,call,南亞,1303
048003,call,中砂,1560
048004,call,中砂,1560
048005,call,華新,1605
048008,call,川湖,2059
048009,call,台達電,2308
048020,call,金像電,2368
048022,call,強茂,2481
048030,call,緯創,3231
048034,call,貿聯-KY,3665
048036,call,日月光投控,3711
048037,call,亞翔,6139
048039,call,緯穎,6669
048043,call,AES-KY,6781
048051,call,緯創,3231
048061,call,晟銘電,3013
048076,call,辛耘,3583
048082,call,尼得科超眾,6230
048086,call,和椿,6215
048088,call,洋基工程,6691
048089,call,力積電,6770
048094,call,鼎炫-KY,8499
048095,call,鼎炫-KY,8499
048098,call,台達電,2308
048099,call,鴻海,2317
048100,call,國巨*,2327
048101,call,智邦,2345
048102,call,京元電子,2449
048106,call,定穎投控,3715
048107,call,亞翔,6139
048108,call,愛普*,6531
048119,call,八方雲集,2753
048121,call,欣興,3037
048131,call,欣興,3037
048134,call,材料*-KY,4763
048143,call,中砂,1560
048144,call,旺宏,2337
048145,call,定穎投控,3715
048146,call,jpp-KY,5284
048148,call,金像電,2368
048149,call,台光電,2383
048150,call,威盛,2388
048151,call,立隆電,2472
048154,call,定穎投控,3715
048156,call,中砂,1560
048162,call,智邦,2345
048172,call,華立,3010
048173,call,晟銘電,3013
048177,call,緯創,3231
048180,call,定穎投控,3715
048185,call,緯穎,6669
048186,call,力積電,6770
048202,call,康普,4739
048217,call,川湖,2059
048218,call,川湖,2059
048220,call,台達電,2308
048231,call,京元電子,2449
048239,call,日電貿,3090
048244,call,貿聯-KY,3665
048245,call,日月光投控,3711
048248,call,瀚宇博,5469
048249,call,瀚宇博,5469
048257,call,AES-KY,6781
048261,call,南茂,8150
048264,call,國巨*,2327
048267,call,金像電,2368
048268,call,威盛,2388
048270,call,華新科,2492
048271,call,凱基金,2883
048273,call,台虹,8039
048276,call,國巨*,2327
048280,call,金像電,2368
048286,call,漢唐,2404
048290,call,緯創,3231
048296,call,台虹,8039
048302,call,鴻海,2317
048308,call,京元電子,2449
048317,call,jpp-KY,5284
048318,call,瀚宇博,5469
048320,call,愛普*,6531
048330,call,台達電,2308
048333,call,金像電,2368
048337,call,中航,2612
048338,call,慧洋-KY,2637
048347,call,貿聯-KY,3665
048348,call,日月光投控,3711
048349,call,定穎投控,3715
048352,call,瀚宇博,5469
048356,call,緯穎,6669
048360,call,兆聯實業,6944
048362,call,台虹,8039
048363,call,台虹,8039
048368,call,南亞,1303
048370,call,中砂,1560
048371,call,鴻海,2317
048373,call,陽明,2609
048378,call,大立光,3008
048379,call,景碩,3189
048380,call,世芯-KY,3661
048381,call,定穎投控,3715
048382,call,材料*-KY,4763
048383,call,達興材料,5234
048386,call,AES-KY,6781
048387,call,AES-KY,6781
048388,call,富世達,6805
048390,call,南電,8046
048394,call,台達電,2308
048399,call,欣興,3037
048410,call,強茂,2481
048430,call,毅嘉,2402
048431,call,漢唐,2404
048434,call,晟銘電,3013
048447,call,富世達,6805
048451,call,台虹,8039
048452,call,台積電,2330
048455,call,亞翔,6139
048461,call,智邦,2345
048464,call,毅嘉,2402
048466,call,元大台灣50,0050
048469,call,長榮,2603
048473,call,川湖,2059
048474,call,鴻海,2317
048475,call,台積電,2330
048478,call,創意,3443
048479,call,世芯-KY,3661
048487,call,瀚宇博,5469
048490,call,兆聯實業,6944
048493,call,鼎炫-KY,8499
048495,call,台達電,2308
048498,call,聯發科,2454
048510,call,士電,1503
048519,call,鴻海,2317
048521,call,鴻海,2317
048523,call,國巨*,2327
048530,call,中航,2612
048535,call,新日興,3376
048536,call,定穎投控,3715
048540,call,兆聯實業,6944
048557,call,金像電,2368
048560,call,毅嘉,2402
048565,call,中航,2612
048567,call,德律,3030
048569,call,緯創,3231
048572,call,嘉澤,3533
048574,call,貿聯-KY,3665
048576,call,定穎投控,3715
048578,call,聯茂,6213
048581,call,緯穎,6669
048586,call,台虹,8039
048587,call,台虹,8039
048588,call,台虹,8039
048592,call,元大台灣50,0050
048596,call,尼得科超眾,6230
048616,call,昇陽半導體,8028
048630,call,台玻,1802
048631,call,台玻,1802
048639,call,南電,8046
048650,call,毅嘉,2402
048659,call,新日興,3376
048676,call,台達電,2308
048680,call,亞翔,6139
048681,call,亞翔,6139
048682,call,緯穎,6669
048696,call,洋基工程,6691
048697,call,AES-KY,6781
048700,call,台達電,2308
048720,call,強茂,2481
048734,call,元大台灣50,0050
048739,call,東元,1504
048740,call,東元,1504
048759,call,志聖,2467
048760,call,一詮,2486
048774,call,眾達-KY,4977
048775,call,瀚宇博,5469
048777,call,聯茂,6213
048792,call,東元,1504
048795,call,訊芯-KY,6451
048800,call,國巨*,2327
048803,call,台積電,2330
048808,call,漢唐,2404
048815,call,洋基工程,6691
048845,call,欣興,3037
048846,call,緯創,3231
048849,call,貿聯-KY,3665
048850,call,日月光投控,3711
048851,call,矽格,6257
048852,call,旭隼,6409
048854,call,愛普*,6531
048859,call,台積電,2330
048861,call,世芯-KY,3661
048862,call,緯穎,6669
048866,call,亞翔,6139
048868,call,亞力,1514
048870,call,川湖,2059
048877,call,南茂,8150
048883,call,漢唐,2404
048900,call,台積電,2330
048923,call,川湖,2059
048929,call,台積電,2330
048932,call,漢唐,2404
048934,call,奇鋐,3017
048954,call,神達,3706
048965,call,台塑,1301
048966,call,南亞,1303
048967,call,台化,1326
048968,call,中砂,1560
048985,call,聯發科,2454
048987,call,華碩,2357
048992,call,群創,3481
048997,call,德律,3030
049006,call,聯茂,6213
049020,call,漢唐,2404
049044,call,國巨*,2327
049046,call,京元電子,2449
049052,call,智邦,2345
049053,call,祥碩,5269
049054,call,台塑,1301
049056,call,鴻海,2317
049062,call,中興電,1513
049063,call,川湖,2059
049075,call,緯穎,6669
049076,call,力積電,6770
049086,call,台達電,2308
049088,call,台積電,2330
049099,call,南亞,1303
049102,call,台玻,1802
049105,call,華通,2313
049106,call,鴻海,2317
049108,call,台積電,2330
049112,call,智邦,2345
049118,call,聯發科,2454
049125,call,德律,3030
049129,call,日電貿,3090
049133,call,世芯-KY,3661
049149,call,兆聯實業,6944
049155,call,華新,1605
049162,call,台積電,2330
049173,call,辛耘,3583
049184,call,台積電,2330
049189,call,裕民,2606
049194,call,景碩,3189
049204,call,洋基工程,6691
049218,call,鴻海,2317
049219,call,台積電,2330
049224,call,聯鈞,3450
049225,call,亞翔,6139
049227,call,兆聯實業,6944
049228,call,至上,8112
049234,call,華通,2313
049235,call,台積電,2330
049237,call,裕民,2606
049238,call,晶豪科,3006
049243,call,至上,8112
049247,call,川湖,2059
049250,call,鴻海,2317
049251,call,鴻海,2317
049252,call,國巨*,2327
049254,call,台積電,2330
049255,call,智邦,2345
049256,call,漢唐,2404
049257,call,聯發科,2454
049263,call,奇鋐,3017
049264,call,緯創,3231
049265,call,昇貿,3305
049267,call,聯鈞,3450
049268,call,聯鈞,3450
049270,call,貿聯-KY,3665
049277,call,台玻,1802
049278,call,華通,2313
049279,call,聯發科,2454
04927U,put,國巨*,2327
049280,call,亞力,1514
049283,call,智邦,2345
049285,call,漢唐,2404
049286,call,漢唐,2404
049287,call,裕民,2606
049288,call,裕民,2606
049291,call,奇鋐,3017
049292,call,奇鋐,3017
049295,call,新日興,3376
049296,call,聯鈞,3450
049297,call,世芯-KY,3661
049298,call,世芯-KY,3661
049300,call,達興材料,5234
049301,call,精成科,6191
049302,call,AES-KY,6781
049303,call,至上,8112
049309,call,華碩,2357
049323,call,汎銓,6830
049335,call,聯鈞,3450
049347,call,華通,2313
049351,call,華碩,2357
049354,call,中信金,2891
049365,call,潤泰新,9945
049374,call,聯電,2303
049378,call,華通,2313
049379,call,鴻海,2317
049381,call,台積電,2330
049396,call,德律,3030
049397,call,德律,3030
049400,call,日電貿,3090
049401,call,昇貿,3305
049402,call,昇貿,3305
049414,call,兆聯實業,6944
049421,call,華通,2313
049429,call,陽明,2609
049431,call,漢唐,2404
049432,call,漢唐,2404
049446,call,聯發科,2454
049448,call,冠德,2520
049449,call,晟銘電,3013
049451,call,世芯-KY,3661
049452,call,貿聯-KY,3665
049454,call,亞翔,6139
049456,call,佳必琪,6197
049460,call,富世達,6805
049462,call,華泰,2329
049463,call,燿華,2367
049464,call,裕民,2606
049466,call,光寶科,2301
049484,call,國巨*,2327
049485,call,台積電,2330
049489,call,聯發科,2454
049490,call,聯發科,2454
049494,call,中航,2612
049500,call,亞光,3019
049501,call,德律,3030
049504,call,日電貿,3090
049505,call,聯鈞,3450
049507,call,神達,3706
049514,call,元大台灣50,0050
049520,call,智邦,2345
049525,call,長華*,8070
049537,call,AES-KY,6781
049541,call,聯電,2303
049547,call,川湖,2059
049554,call,聯發科,2454
049569,call,中砂,1560
049572,call,聯電,2303
049580,call,台積電,2330
049581,call,旺宏,2337
049584,call,萬海,2615
049585,call,智邦,2345
049595,call,宏達電,2498
049599,call,德律,3030
049602,call,日電貿,3090
049611,call,世芯-KY,3661
049613,call,定穎投控,3715
049621,call,川湖,2059
049622,call,台達電,2308
049623,call,鴻海,2317
049624,call,智邦,2345
049627,call,欣興,3037
049629,call,材料*-KY,4763
049632,call,元大台灣50,0050
049635,call,南亞,1303
049636,call,鴻海,2317
049637,call,鴻海,2317
049638,call,鴻海,2317
049642,call,台光電,2383
049649,call,長榮航太,2645
049650,call,晟銘電,3013
049652,call,世芯-KY,3661
049653,call,神達,3706
049654,call,日月光投控,3711
049656,call,富世達,6805
049658,call,中鋼,2002
049660,call,元大台灣50,0050
049661,call,元大台灣50,0050
049673,call,南亞,1303
049676,call,光寶科,2301
049677,call,聯電,2303
049683,call,智邦,2345
049687,call,聯發科,2454
049688,call,長榮航太,2645
049692,call,德律,3030
049693,call,緯創,3231
049694,call,世芯-KY,3661
049709,call,美時,1795
049710,call,中砂,1560
049713,call,台玻,1802
049717,call,華通,2313
049723,call,旺宏,2337
049740,call,德律,3030
049742,call,日電貿,3090
049747,call,瀚宇博,5469
049759,call,兆聯實業,6944
049766,call,川湖,2059
049773,call,富邦金,2881
049781,call,富世達,6805
049785,call,元大台灣50,0050
049787,call,鴻海,2317
049798,call,華固,2548
049800,call,台新新光金,2887
049808,call,緯穎,6669
049823,call,洋基工程,6691
049830,call,力積電,6770
049831,call,台虹,8039
049835,call,台達電,2308
049837,call,國巨*,2327
049838,call,台積電,2330
049840,call,毅嘉,2402
049842,call,慧洋-KY,2637
049847,call,力積電,6770
049848,call,力積電,6770
049849,call,AES-KY,6781
049850,call,台虹,8039
049851,call,東元,1504
049853,call,上銀,2049
049856,call,台達電,2308
049859,call,仁寶,2324
049861,call,全新,2455
049862,call,長榮,2603
049869,call,晟銘電,3013
049874,call,晟銘電,3013
049875,call,晟銘電,3013
049876,call,晟銘電,3013
049877,call,晟銘電,3013
049878,call,晟銘電,3013
049879,call,聯鈞,3450
049881,call,智原,3035
049886,call,力積電,6770
049887,call,材料*-KY,4763
049888,call,采鈺,6789
049899,call,台玻,1802
049900,call,川湖,2059
049903,call,鴻海,2317
049904,call,金像電,2368
049906,call,漢唐,2404
049909,call,華固,2548
049910,call,萬海,2615
049911,call,富邦金,2881
049929,call,兆聯實業,6944
049930,call,台虹,8039
049937,call,東元,1504
049939,call,台玻,1802
049941,call,台玻,1802
049942,call,聯電,2303
049949,call,華通,2313
049960,call,毅嘉,2402
049966,call,志聖,2467
049974,call,帆宣,6196
049978,call,力積電,6770
049982,call,台虹,8039
049983,call,南茂,8150
049984,call,東元,1504
049998,call,力成,6239
050002,call,力積電,6770
050005,call,台虹,8039
05000U,put,智邦,2345
050014,call,國巨*,2327
050028,call,同欣電,6271
050039,call,世芯-KY,3661
050041,call,同欣電,6271
050051,call,長興,1717
050052,call,勝一,1773
050053,call,光寶科,2301
050056,call,台積電,2330
050059,call,全新,2455
050060,call,亞航,2630
050064,call,海華,3694
050068,call,帆宣,6196
050071,call,昇陽半導體,8028
050072,call,大量,3167
050073,call,大量,3167
050074,call,統一,1216
050076,call,國泰金,2882
050077,call,凱基金,2883
050080,call,和碩,4938
050081,call,中租-KY,5871
050092,call,台玻,1802
050096,call,聯發科,2454
050097,call,全新,2455
050101,call,同欣電,6271
050103,call,力積電,6770
050104,call,勤誠,8210
050111,call,長興,1717
050123,call,大量,3167
050138,call,元大台灣50,0050
050146,call,台塑,1301
050148,call,中砂,1560
050161,call,毅嘉,2402
050170,call,亞光,3019
050176,call,瀚宇博,5469
050180,call,聯茂,6213
050191,call,勤誠,8210
050195,call,川湖,2059
050198,call,鴻海,2317
050206,call,富邦金,2881
050213,call,龍德造船,6753
050214,call,富世達,6805
050218,call,南亞,1303
050227,call,國巨*,2327
050228,call,台積電,2330
050241,call,神達,3706
050244,call,力成,6239
050246,call,緯穎,6669
050249,call,台積電,2330
050252,call,大立光,3008
050253,call,愛普*,6531
050257,call,南亞,1303
050258,call,信錦,1582
050260,call,華新,1605
050264,call,台達電,2308
050265,call,智邦,2345
050268,call,陽明,2609
050269,call,晶豪科,3006
050271,call,德律,3030
050272,call,偉訓,3032
050274,call,緯創,3231
050278,call,聯鈞,3450
050279,call,保瑞,6472
050280,call,兆聯實業,6944
050281,call,LINEPAY,7722
050282,call,至上,8112
050283,call,潤泰新,9945
050284,call,毅嘉,2402
050308,call,雷虎,8033
050309,call,雷虎,8033
050315,call,雷虎,8033
050319,call,長興,1717
050321,call,鴻海,2317
050322,call,海悅,2348
050324,call,群光,2385
050331,call,台新新光金,2887
050332,call,晶豪科,3006
050333,call,大立光,3008
050340,call,長虹,5534
050341,call,亞翔,6139
050348,call,南亞,1303
050349,call,中鋼,2002
050350,call,華通,2313
050351,call,鴻海,2317
050352,call,台積電,2330
050353,call,智邦,2345
050354,call,智邦,2345
050355,call,鴻準,2354
050356,call,燿華,2367
050358,call,瑞昱,2379
050359,call,漢唐,2404
050363,call,亞航,2630
050365,call,中信金,2891
050367,call,緯創,3231
050368,call,嘉澤,3533
050369,call,上緯投控,3708
050370,call,日月光投控,3711
050371,call,臻鼎-KY,4958
050373,call,啟碁,6285
050374,call,訊芯-KY,6451
050375,call,保瑞,6472
050376,call,台塑化,6505
050378,call,富世達,6805
050379,call,昇陽半導體,8028
050380,call,寶成,9904
050407,call,台塑,1301
050459,call,創意,3443
050464,call,華新,1605
050485,call,晶豪科,3006
050489,call,金像電,2368
050491,call,長榮航太,2645
050493,call,奇鋐,3017
050494,call,健鼎,3044
050495,call,創意,3443
050496,call,創意,3443
050497,call,創意,3443
050498,call,創意,3443
050499,call,聯鈞,3450
050501,call,力成,6239
050502,call,矽力*-KY,6415
050503,call,緯穎,6669
050506,call,華新,1605
050507,call,華泰,2329
050508,call,台積電,2330
050510,call,金像電,2368
050518,call,昇貿,3305
050520,call,創意,3443
050521,call,創意,3443
050522,call,創意,3443
050523,call,貿聯-KY,3665
050525,call,亞翔,6139
050526,call,達麗,6177
050528,call,立積,4968
050530,call,緯穎,6669
050531,call,力積電,6770
050532,call,泓德能源,6873
050533,call,至上,8112
050535,call,光寶科,2301
050536,call,台光電,2383
050538,call,緯穎,6669
050559,call,緯創,3231
050563,call,創意,3443
050564,call,創意,3443
050565,call,創意,3443
050567,call,智易,3596
050569,call,力成,6239
050570,call,旭隼,6409
050573,call,力積電,6770
050575,call,勤誠,8210
050577,call,中鋼,2002
050582,call,群光,2385
050586,call,晶豪科,3006
050587,call,晶豪科,3006
050590,call,昇貿,3305
050599,call,眾達-KY,4977
050628,call,毅嘉,2402
050641,call,定穎投控,3715
050658,call,台玻,1802
050659,call,大立光,3008
050660,call,聯詠,3034
050662,call,群創,3481
050663,call,力成,6239
050666,call,鴻海,2317
050668,call,台積電,2330
050682,call,中鋼,2002
050686,call,漢唐,2404
050687,call,友達,2409
050692,call,晶豪科,3006
050701,call,達麗,6177
050702,call,力成,6239
050704,call,同欣電,6271
050707,call,緯穎,6669
050709,call,兆聯實業,6944
050711,call,國喬,1312
050712,call,華新,1605
050713,call,華榮,1608
050714,call,台玻,1802
050715,call,中鋼,2002
050716,call,第一銅,2009
050717,call,華泰,2329
050718,call,金像電,2368
050719,call,景碩,3189
050720,call,南電,8046
050721,call,創意,3443
050723,call,台塑,1301
050724,call,華新,1605
050727,call,金像電,2368
050729,call,緯穎,6669
050730,call,力積電,6770
050731,call,南茂,8150
050739,call,聯發科,2454
050742,call,揚博,2493
050743,call,大立光,3008
050745,call,群創,3481
050746,call,世芯-KY,3661
050762,call,台積電,2330
050767,call,金像電,2368
050769,call,群光,2385
050772,call,漢唐,2404
050773,call,漢唐,2404
050780,call,創意,3443
050781,call,創意,3443
050783,call,群創,3481
050785,call,牧德,3563
050789,call,富世達,6805
050791,call,潤泰新,9945
050792,call,潤泰新,9945
050798,call,台積電,2330
050799,call,群光,2385
050800,call,毅嘉,2402
050801,call,京元電子,2449
050802,call,大立光,3008
050803,call,群創,3481
050804,call,神達,3706
050806,call,中台,6923
050831,call,毅嘉,2402
050833,call,友達,2409
050835,call,所羅門,2359
050836,call,所羅門,2359
050837,call,所羅門,2359
050861,call,儒鴻,1476
050863,call,仁寶,2324
050865,call,佳世達,2352
050868,call,揚博,2493
050869,call,豐達科,3004
050871,call,大立光,3008
050874,call,群創,3481
050875,call,群創,3481
050878,call,達麗,6177
050879,call,復盛應用,6670
050880,call,LINEPAY,7722
050881,call,和大,1536
050884,call,第一銅,2009
050887,call,京元電子,2449
050889,call,大立光,3008
050891,call,群創,3481
050892,call,矽格,6257
050895,call,川湖,2059
050896,call,台達電,2308
050897,call,台積電,2330
050898,call,聯發科,2454
050899,call,聯發科,2454
050900,call,長榮,2603
050901,call,奇鋐,3017
050902,call,群創,3481
050903,call,群創,3481
050904,call,祥碩,5269
050906,call,康舒,6282
050907,call,可寧衛*,8422
050908,call,力積電,6770
050909,call,富世達,6805
050910,call,元大台灣50,0050
050913,call,台玻,1802
050916,call,力成,6239
050926,call,世芯-KY,3661
050927,call,南亞,1303
050928,call,鴻海,2317
050929,call,旺宏,2337
050930,call,毅嘉,2402
050931,call,玉晶光,3406
050933,call,群創,3481
050934,call,群創,3481
050935,call,牧德,3563
050936,call,采鈺,6789
050937,call,可寧衛*,8422
050987,call,中砂,1560
050989,call,中鋼,2002
050990,call,海悅,2348
050991,call,群光,2385
050992,call,友達,2409
050996,call,揚博,2493
050997,call,威強電,3022
050999,call,群創,3481
051000,call,群創,3481
051001,call,智易,3596
051004,call,長虹,5534
051012,call,科妍,1786
051015,call,志聖,2467
051019,call,世芯-KY,3661
051020,call,台灣精銳,4583
051024,call,緯穎,6669
051027,call,可寧衛*,8422
051044,call,群創,3481
051056,call,儒鴻,1476
051057,call,川湖,2059
051058,call,海悅,2348
051059,call,海悅,2348
051060,call,宏碁,2353
051061,call,揚博,2493
051062,call,揚博,2493
051064,call,星宇航空,2646
051065,call,晶豪科,3006
051067,call,群創,3481
051068,call,群創,3481
051070,call,力積電,6770
051071,call,力積電,6770
051072,call,可寧衛*,8422
051073,call,三芳,1307
051074,call,儒鴻,1476
051075,call,川湖,2059
051076,call,鴻海,2317
051079,call,佳世達,2352
051080,call,友達,2409
051081,call,京元電子,2449
051082,call,萬海,2615
051083,call,星宇航空,2646
051084,call,景碩,3189
051085,call,玉晶光,3406
051087,call,智易,3596
051088,call,宏致,3605
051089,call,宏致,3605
051090,call,拓凱,4536
051091,call,凌華,6166
051092,call,復盛應用,6670
051093,call,振樺電,8114
051094,call,羅昇,8374
051095,call,京元電子,2449
051096,call,德律,3030
051098,call,創意,3443
051099,call,創意,3443
051100,call,愛普*,6531
051103,call,旺宏,2337
051104,call,金像電,2368
051106,call,智原,3035
051107,call,牧德,3563
051109,call,日月光投控,3711
051110,call,可寧衛*,8422
051119,call,一詮,2486
051123,call,群創,3481
051132,call,宏碁,2353
051133,call,志聖,2467
051134,call,萬海,2615
051135,call,群創,3481
051136,call,群創,3481
051137,call,群創,3481
051138,call,祥碩,5269
051139,call,愛普*,6531
051140,call,建漢,3062
051143,call,勤誠,8210
051145,call,中砂,1560
051146,call,京元電子,2449
051148,call,群創,3481
051152,call,信錦,1582
051155,call,台積電,2330
051158,call,群光,2385
051159,call,友達,2409
051160,call,京元電子,2449
051161,call,志聖,2467
051164,call,偉訓,3032
051166,call,昇貿,3305
051167,call,群創,3481
051168,call,群創,3481
051170,call,宏致,3605
051171,call,世芯-KY,3661
051174,call,和椿,6215
051175,call,力智,6719
051178,call,長華*,8070
051179,call,可寧衛*,8422
051182,call,中砂,1560
051184,call,勝一,1773
051185,call,佳世達,2352
051186,call,群光,2385
051187,call,億光,2393
051188,call,億光,2393
051191,call,京元電子,2449
051192,call,豐達科,3004
051193,call,豐達科,3004
051194,call,威強電,3022
051195,call,威強電,3022
051197,call,智易,3596
051198,call,定穎投控,3715
051199,call,定穎投控,3715
051200,call,定穎投控,3715
051201,call,拓凱,4536
051205,call,復盛應用,6670
051206,call,復盛應用,6670
051209,call,采鈺,6789
051210,call,AMAX-KY,6933
051211,call,富威電力,6994
051212,call,LINEPAY,7722
051213,call,勤誠,8210
051214,call,勤誠,8210
051218,call,南亞,1303
051219,call,華新,1605
051220,call,華新,1605
051221,call,華新,1605
051222,call,華新,1605
051223,call,台玻,1802
051224,call,台玻,1802
051225,call,台玻,1802
051226,call,第一銅,2009
051227,call,台達電,2308
051229,call,華通,2313
051230,call,華通,2313
051231,call,華泰,2329
051232,call,旺宏,2337
051233,call,智邦,2345
051234,call,智邦,2345
051235,call,金像電,2368
051236,call,金像電,2368
051237,call,台光電,2383
051238,call,台光電,2383
051239,call,漢唐,2404
051240,call,京元電子,2449
051241,call,京元電子,2449
051242,call,京元電子,2449
051243,call,京元電子,2449
051245,call,志聖,2467
051246,call,志聖,2467
051247,call,立隆電,2472
051248,call,一詮,2486
051249,call,大立光,3008
051250,call,大立光,3008
051251,call,大立光,3008
051252,call,大立光,3008
051253,call,欣興,3037
051256,call,欣興,3037
051257,call,創意,3443
051258,call,創意,3443
051259,call,創意,3443
051260,call,群創,3481
051261,call,群創,3481
051262,call,群創,3481
051263,call,群創,3481
051264,call,群創,3481
051265,call,世芯-KY,3661
051267,call,日月光投控,3711
051268,call,台灣精銳,4583
051269,call,台灣精銳,4583
051270,call,jpp-KY,5284
051271,call,帆宣,6196
051272,call,聯茂,6213
051273,call,和椿,6215
051274,call,和椿,6215
051275,call,和椿,6215
051276,call,力成,6239
051277,call,力成,6239
051279,call,矽格,6257
051280,call,台郡,6269
051281,call,同欣電,6271
051282,call,康舒,6282
051283,call,愛普*,6531
051284,call,緯穎,6669
051285,call,緯穎,6669
051286,call,緯穎,6669
051287,call,富世達,6805
051288,call,昇陽半導體,8028
051289,call,昇陽半導體,8028
051290,call,昇陽半導體,8028
051291,call,昇陽半導體,8028
051299,call,中鋼,2002
051312,call,志聖,2467
051343,call,台積電,2330
051348,call,定穎投控,3715
051352,call,超豐,2441
051353,call,超豐,2441
051354,call,超豐,2441
051355,call,日電貿,3090
051356,call,創意,3443
051357,call,瑞鼎,3592
051358,call,日月光投控,3711
051359,call,今國光,6209
051360,call,福懋科,8131
051361,call,福懋科,8131
051362,call,福懋科,8131
051364,call,志聖,2467
051365,call,立隆電,2472
051366,call,創意,3443
051367,call,達明,4585
051368,call,力積電,6770
051370,call,昇陽半導體,8028
051371,call,可寧衛*,8422
051372,call,台積電,2330
051373,call,漢唐,2404
051374,call,京元電子,2449
051375,call,欣興,3037
051376,call,日電貿,3090
051377,call,緯創,3231
051380,call,京元電子,2449
051381,call,欣興,3037
051382,call,玉晶光,3406
051383,call,貿聯-KY,3665
051393,call,台積電,2330
051407,call,愛普*,6531
051416,call,迎廣,6117
051417,call,迎廣,6117
051418,call,迎廣,6117
051420,call,旺宏,2337
051425,call,立隆電,2472
051426,call,日電貿,3090
051438,call,台積電,2330
051439,call,台積電,2330
05143U,put,台塑,1301
051440,call,京元電子,2449
051441,call,世芯-KY,3661
051442,call,今國光,6209
051443,call,矽格,6257
051444,call,力積電,6770
051445,call,可寧衛*,8422
051448,call,凱美,2375
051449,call,漢唐,2404
051453,call,玉山金,2884
05145U,put,光寶科,2301
051480,call,漢唐,2404
051481,call,友達,2409
051485,call,聯發科,2454
05148U,put,智邦,2345
051498,call,日電貿,3090
051501,call,創意,3443
051502,call,創意,3443
051514,call,矽格,6257
051516,call,矽格,6257
051520,call,緯穎,6669
051524,call,台虹,8039
051525,call,至上,8112
051537,call,中砂,1560
051538,call,創意,3443
05153U,put,嘉澤,3533
051540,call,台達電,2308
051541,call,大立光,3008
051542,call,大立光,3008
051543,call,辛耘,3583
051544,call,亞翔,6139
051545,call,至上,8112
051546,call,南茂,8150
051548,call,中砂,1560
051549,call,亞德客-KY,1590
051550,call,大立光,3008
051551,call,文曄,3036
051552,call,祥碩,5269
051553,call,亞翔,6139
051554,call,愛普*,6531
051558,call,中砂,1560
051561,call,台積電,2330
051563,call,毅嘉,2402
051564,call,友達,2409
051566,call,志聖,2467
051569,call,日電貿,3090
051571,call,創意,3443
051578,call,昇陽半導體,8028
051583,call,第一銅,2009
051585,call,鴻海,2317
051586,call,台積電,2330
051588,call,旺宏,2337
051591,call,漢唐,2404
051592,call,友達,2409
051593,call,弘憶股,3312
051594,call,弘憶股,3312
051595,call,弘憶股,3312
051600,call,日電貿,3090
051601,call,創意,3443
051604,call,牧德,3563
051607,call,亞翔,6139
051611,call,矽格,6257
051618,call,愛普*,6531
051619,call,緯穎,6669
051622,call,台虹,8039
051626,call,元大台灣50,0050
051627,call,中砂,1560
051628,call,台積電,2330
051629,call,旺宏,2337
051630,call,立隆電,2472
051631,call,聯茂,6213
051634,call,永光,1711
051636,call,友達,2409
051637,call,友達,2409
051638,call,瑞軒,2489
051639,call,大立光,3008
051642,call,敦泰,3545
051643,call,瑞鼎,3592
051644,call,日月光投控,3711
051645,call,帆宣,6196
051646,call,力成,6239
051647,call,昇陽半導體,8028
051650,call,元大台灣50,0050
051651,call,元大台灣50,0050
051652,call,元大台灣50,0050
051658,call,華新,1605
051664,call,華通,2313
051665,call,鴻海,2317
051666,call,台積電,2330
051673,call,聯發科,2454
051674,call,聯發科,2454
051688,call,亞翔,6139
051691,call,力成,6239
051692,call,力成,6239
051694,call,緯穎,6669
051709,call,台積電,2330
051710,call,旺宏,2337
051715,call,友達,2409
051717,call,昇貿,3305
051721,call,帆宣,6196
051733,call,華通,2313
051734,call,鴻海,2317
051736,call,台積電,2330
051738,call,旺宏,2337
051741,call,友達,2409
051748,call,彩晶,6116
051750,call,和椿,6215
051752,call,愛普*,6531
051758,call,長興,1717
051759,call,長興,1717
051760,call,台達電,2308
051761,call,鴻海,2317
051762,call,旺宏,2337
051763,call,旺宏,2337
051764,call,旺宏,2337
051765,call,友達,2409
051766,call,友達,2409
051767,call,益登,3048
051768,call,台勝科,3532
051769,call,上品,4770
051770,call,力成,6239
051771,call,南茂,8150
051773,call,聯電,2303
051777,call,台光電,2383
051778,call,牧德,3563
051779,call,世芯-KY,3661
051780,call,新唐,4919
051781,call,中磊,5388
051782,call,力成,6239
051784,call,華新,1605
051787,call,台積電,2330
051789,call,旺宏,2337
051790,call,旺宏,2337
051791,call,旺宏,2337
051793,call,友達,2409
051794,call,聯發科,2454
051796,call,台勝科,3532
051797,call,日月光投控,3711
051798,call,祥碩,5269
051799,call,彩晶,6116
051800,call,緯穎,6669
051805,call,川湖,2059
051807,call,聯電,2303
051809,call,鴻海,2317
051812,call,台積電,2330
051815,call,燿華,2367
051817,call,友達,2409
051818,call,友達,2409
051822,call,全新,2455
051828,call,牧德,3563
051842,call,洋基工程,6691
051844,call,至上,8112
051845,call,勤誠,8210
051846,call,勤誠,8210
051847,call,勤誠,8210
051848,call,中興電,1513
051850,call,華新,1605
051853,call,聯電,2303
051855,call,鴻海,2317
051856,call,廣宇,2328
051859,call,所羅門,2359
051861,call,致茂,2360
051863,call,菱生,2369
051865,call,漢唐,2404
05186U,put,元大台灣50,0050
051870,call,普安,2495
051872,call,零壹,3029
051873,call,智原,3035
051876,call,台勝科,3532
051877,call,彩晶,6116
051880,call,力成,6239
051889,call,中砂,1560
051890,call,川湖,2059
051891,call,聯電,2303
051892,call,致茂,2360
051893,call,全新,2455
051894,call,奇鋐,3017
051895,call,聯鈞,3450
051896,call,矽格,6257
051897,call,矽力*-KY,6415
051898,call,至上,8112
051900,call,台積電,2330
051901,call,華通,2313
051902,call,智邦,2345
051904,call,聯鈞,3450
051905,call,台虹,8039
051908,call,長興,1717
051909,call,長興,1717
051910,call,中鋼,2002
051911,call,正新,2105
051912,call,長榮鋼,2211
051913,call,聯電,2303
051915,call,威盛,2388
051916,call,友達,2409
051917,call,友達,2409
051918,call,友達,2409
051919,call,超豐,2441
051920,call,兆赫,2485
051921,call,台勝科,3532
051923,call,彩晶,6116
051924,call,彩晶,6116
051925,call,今國光,6209
051926,call,南茂,8150
051927,call,元大台灣50,0050
051929,call,台塑,1301
051930,call,南亞,1303
051932,call,華新,1605
051937,call,萬海,2615
051938,call,長興,1717
051940,call,中鋼,2002
051942,call,長榮鋼,2211
051943,call,劍麟,2228
051947,call,鴻海,2317
051948,call,鴻海,2317
051949,call,國巨*,2327
051950,call,台積電,2330
051951,call,宏碁,2353
051952,call,致茂,2360
051956,call,友達,2409
051957,call,友達,2409
051959,call,友達,2409
051962,call,京元電子,2449
051968,call,揚博,2493
051969,call,揚博,2493
051970,call,揚博,2493
051971,call,普安,2495
051972,call,中航,2612
051975,call,增你強,3028
051978,call,瑞鼎,3592
051979,call,世芯-KY,3661
051980,call,世芯-KY,3661
051982,call,定穎投控,3715
051984,call,事欣科,4916
051985,call,新唐,4919
051986,call,眾達-KY,4977
051987,call,眾達-KY,4977
051989,call,祥碩,5269
051991,call,彩晶,6116
051993,call,彩晶,6116
051994,call,彩晶,6116
051997,call,力成,6239
051998,call,旭隼,6409
051999,call,保瑞,6472
052000,call,愛普*,6531
052008,call,聯電,2303
052009,call,聯電,2303
052010,call,聯電,2303
052016,call,台積電,2330
052022,call,漢唐,2404
052028,call,友達,2409
052029,call,友達,2409
052030,call,友達,2409
052032,call,聯發科,2454
052033,call,聯發科,2454
052035,call,大立光,3008
052036,call,大立光,3008
052045,call,亞翔,6139
052047,call,康舒,6282
052050,call,至上,8112
052053,call,台積電,2330
052058,call,智原,3035
052063,call,祥碩,5269
052064,call,緯穎,6669
052065,call,AES-KY,6781
052067,call,南亞,1303
052068,call,華新,1605
052071,call,聯電,2303
052072,call,台達電,2308
052075,call,陽明,2609
052076,call,大立光,3008
052077,call,智原,3035
052079,call,聯鈞,3450
052087,call,元大台灣50,0050
052088,call,元大台灣50,0050
052089,call,元大台灣50,0050
052092,call,中砂,1560
052095,call,聯電,2303
052096,call,華通,2313
052097,call,鴻海,2317
052098,call,國巨*,2327
052099,call,台積電,2330
052100,call,台積電,2330
052101,call,燿華,2367
052102,call,漢唐,2404
052104,call,友達,2409
052105,call,京元電子,2449
052106,call,聯發科,2454
052108,call,一詮,2486
052109,call,大立光,3008
052110,call,大立光,3008
052111,call,德律,3030
052112,call,智原,3035
052113,call,欣興,3037
052116,call,緯創,3231
052119,call,世芯-KY,3661
052120,call,世芯-KY,3661
052121,call,神達,3706
052122,call,創意,3443
052126,call,達興材料,5234
052128,call,力成,6239
052129,call,同欣電,6271
052130,call,緯穎,6669
052132,call,富世達,6805
052137,call,元大台灣50,0050
052139,call,台積電,2330
052143,call,元大台灣50,0050
052145,call,中鋼,2002
052147,call,台達電,2308
052152,call,漢唐,2404
052153,call,大立光,3008
052156,call,新日興,3376
052158,call,世芯-KY,3661
052161,call,祥碩,5269
052164,call,康舒,6282
052167,call,南茂,8150
052169,call,南亞,1303
052170,call,南亞,1303
052171,call,南亞,1303
052172,call,華新,1605
052173,call,華新,1605
052174,call,華新,1605
052175,call,聯電,2303
052176,call,聯電,2303
052177,call,聯電,2303
052178,call,聯電,2303
052179,call,台達電,2308
052180,call,台達電,2308
052181,call,台達電,2308
052182,call,華通,2313
052183,call,華通,2313
052184,call,華通,2313
052185,call,華通,2313
052186,call,華通,2313
052187,call,楠梓電,2316
052188,call,鴻海,2317
052189,call,華泰,2329
052190,call,台積電,2330
052191,call,台積電,2330
052192,call,台積電,2330
052193,call,台積電,2330
052194,call,台積電,2330
052195,call,智邦,2345
052196,call,智邦,2345
052197,call,金像電,2368
052198,call,佳能,2374
052199,call,聯發科,2454
052200,call,志聖,2467
052201,call,華新科,2492
052202,call,揚博,2493
052203,call,揚博,2493
052204,call,揚博,2493
052205,call,揚博,2493
052206,call,智原,3035
052207,call,日電貿,3090
052208,call,景碩,3189
052209,call,嘉澤,3533
052210,call,貿聯-KY,3665
052211,call,達興材料,5234
052212,call,祥碩,5269
052213,call,亞翔,6139
052214,call,今國光,6209
052215,call,力成,6239
052216,call,矽力*-KY,6415
052217,call,矽力*-KY,6415
052218,call,愛普*,6531
052219,call,愛普*,6531
052220,call,昇陽半導體,8028
052221,call,至上,8112
052222,call,南茂,8150
052223,call,南茂,8150
052231,call,聯電,2303
052233,call,金寶,2312
052235,call,台積電,2330
052238,call,大立光,3008
052240,call,玉晶光,3406
052241,call,世芯-KY,3661
052243,call,貿聯-KY,3665
052245,call,定穎投控,3715
052246,call,定穎投控,3715
052247,call,愛普*,6531
052248,call,緯穎,6669
052251,call,台泥,1101
052252,call,裕隆,2201
052254,call,聯電,2303
052255,call,華通,2313
052256,call,中環,2323
052257,call,國巨*,2327
052258,call,矽統,2363
052260,call,長榮,2603
052262,call,漢翔,2634
052263,call,元大金,2885
052264,call,增你強,3028
052265,call,洋華,3622
052266,call,和碩,4938
052267,call,全訊,5222
052268,call,達運,6120
052269,call,聯茂,6213
052270,call,裕慶-KY,6957
052271,call,南茂,8150
052272,call,聯電,2303
052273,call,亞航,2630
052274,call,漢翔,2634
052275,call,智原,3035
052276,call,昇貿,3305
052277,call,矽力*-KY,6415
052281,call,中砂,1560
052282,call,川湖,2059
052283,call,光寶科,2301
052287,call,鴻海,2317
052288,call,國巨*,2327
052289,call,智邦,2345
052293,call,奇鋐,3017
052294,call,智原,3035
052295,call,緯創,3231
052296,call,昇貿,3305
052297,call,新日興,3376
052298,call,聯鈞,3450
052302,call,定穎投控,3715
052303,call,定穎投控,3715
052304,call,達明,4585
052305,call,祥碩,5269
052306,call,今國光,6209
052307,call,旭隼,6409
052308,call,矽力*-KY,6415
052312,call,南茂,8150
052313,call,南茂,8150
052314,call,勤誠,8210
052317,call,亞德客-KY,1590
052318,call,台達電,2308
052319,call,宏碁,2353
052321,call,志聖,2467
052322,call,新興,2605
052323,call,益登,3048
052325,call,緯創,3231
052327,call,台勝科,3532
05232P,put,台積電,2330
052330,call,大聯大,3702
052331,call,至上,8112
052340,call,台達電,2308
052341,call,鴻海,2317
052343,call,雄獅,2731
052347,call,聯鈞,3450
052349,call,世芯-KY,3661
052350,call,定穎投控,3715
052352,call,矽力*-KY,6415
052353,call,保瑞,6472
052357,call,勤誠,8210
052358,call,勤誠,8210
052359,call,勤誠,8210
052371,call,川湖,2059
052377,call,華通,2313
052378,call,鴻海,2317
052379,call,台積電,2330
052381,call,燿華,2367
052383,call,漢唐,2404
052386,call,聯發科,2454
052387,call,宏達電,2498
052388,call,長榮,2603
052391,call,大立光,3008
052392,call,大立光,3008
052397,call,新日興,3376
052403,call,定穎投控,3715
052404,call,亞翔,6139
052409,call,康舒,6282
052412,call,矽力*-KY,6415
052426,call,台泥,1101
052429,call,聯電,2303
052431,call,金寶,2312
052434,call,致茂,2360
052443,call,景碩,3189
052445,call,聯鈞,3450
052446,call,祥碩,5269
052448,call,力成,6239
052449,call,康舒,6282
052451,call,台泥,1101
052452,call,亞聚,1308
052454,call,華通,2313
052455,call,華泰,2329
052457,call,強茂,2481
052458,call,新興,2605
052459,call,欣興,3037
052460,call,建漢,3062
052463,call,大量,3167
052464,call,事欣科,4916
052465,call,臻鼎-KY,4958
052466,call,乙盛-KY,5243
052468,call,康舒,6282
052469,call,啟碁,6285
052470,call,長華*,8070
052471,call,泰金寶-DR,9105
052472,call,聯電,2303
052473,call,華通,2313
052477,call,AES-KY,6781
052478,call,川湖,2059
052479,call,光寶科,2301
052480,call,聯電,2303
052481,call,鴻海,2317
052482,call,致茂,2360
052483,call,毅嘉,2402
052484,call,日月光投控,3711
052485,call,洋基工程,6691
052486,call,振樺電,8114
052487,call,南茂,8150
052488,call,金寶,2312
052490,call,敬鵬,2355
052491,call,燿華,2367
052492,call,菱生,2369
052494,call,景碩,3189
052495,call,定穎投控,3715
052496,call,定穎投控,3715
052497,call,力成,6239
052499,call,金寶,2312
052500,call,揚博,2493
052501,call,大量,3167
052502,call,康舒,6282
052503,call,勤誠,8210
052511,call,川湖,2059
052517,call,奇鋐,3017
052521,call,鴻海,2317
052523,call,華泰,2329
052524,call,華泰,2329
052525,call,台積電,2330
052526,call,燿華,2367
052527,call,毅嘉,2402
052531,call,全新,2455
052532,call,全新,2455
052533,call,全新,2455
052543,call,新日興,3376
052547,call,定穎投控,3715
052555,call,矽力*-KY,6415
052558,call,至上,8112
052559,call,至上,8112
052561,call,南茂,8150
052562,call,南茂,8150
052570,call,國喬,1312
052574,call,光寶科,2301
052576,call,華通,2313
052581,call,燿華,2367
052584,call,全新,2455
052585,call,玉山金,2884
052586,call,欣興,3037
052588,call,昇貿,3305
052590,call,世芯-KY,3661
052591,call,上緯投控,3708
052592,call,日月光投控,3711
052595,call,臻鼎-KY,4958
052596,call,祥碩,5269
052597,call,祥碩,5269
052598,call,力成,6239
052600,call,啟碁,6285
052609,call,東元,1504
052612,call,台達電,2308
052615,call,台積電,2330
052616,call,台積電,2330
052621,call,全新,2455
052625,call,欣興,3037
052627,call,世芯-KY,3661
052640,call,台化,1326
052641,call,中砂,1560
052642,call,中砂,1560
052643,call,川湖,2059
052644,call,金寶,2312
052645,call,華通,2313
052646,call,華通,2313
052647,call,華通,2313
052648,call,鴻海,2317
052649,call,所羅門,2359
052650,call,致茂,2360
052651,call,致茂,2360
052652,call,台光電,2383
052653,call,超豐,2441
052654,call,超豐,2441
052655,call,全新,2455
052656,call,揚博,2493
052657,call,揚博,2493
052658,call,揚博,2493
052660,call,文曄,3036
052661,call,欣興,3037
052662,call,欣興,3037
052663,call,欣興,3037
052664,call,欣興,3037
052665,call,益登,3048
052666,call,日電貿,3090
052667,call,大量,3167
052668,call,大量,3167
052669,call,大量,3167
052670,call,大量,3167
052671,call,大量,3167
052672,call,大量,3167
052673,call,景碩,3189
052674,call,台勝科,3532
052675,call,嘉澤,3533
052676,call,世芯-KY,3661
052677,call,日月光投控,3711
052678,call,大銀微系統,4576
052679,call,祥碩,5269
052680,call,亞翔,6139
052681,call,亞翔,6139
052682,call,精成科,6191
052683,call,佳必琪,6197
052684,call,今國光,6209
052685,call,今國光,6209
052686,call,今國光,6209
052687,call,力成,6239
052688,call,同欣電,6271
052689,call,康舒,6282
052690,call,康舒,6282
052691,call,矽力*-KY,6415
052692,call,富世達,6805
052695,call,台虹,8039
052697,call,至上,8112
052698,call,南茂,8150
052699,call,南茂,8150
052700,call,南茂,8150
052701,call,南茂,8150
052702,call,南茂,8150
052703,call,南茂,8150
052704,call,華新,1605
052705,call,新興,2605
052706,call,大量,3167
052707,call,龍德造船,6753
052708,call,昇陽半導體,8028
052709,call,可寧衛*,8422
052712,call,大成鋼,2027
052715,call,大同,2371
052716,call,微星,2377
052718,call,漢翔,2634
052720,call,矽格,6257
052721,call,南茂,8150
052722,call,可寧衛*,8422
052723,call,可寧衛*,8422
052736,call,大量,3167
052739,call,大量,3167
052741,call,矽統,2363
052745,call,可寧衛*,8422
052746,call,華新,1605
052747,call,國巨*,2327
052750,call,華泰,2329
052751,call,超豐,2441
052752,call,昇貿,3305
052753,call,緯穎,6669
052754,call,南茂,8150
052755,call,國喬,1312
052756,call,金寶,2312
052757,call,國巨*,2327
052759,call,燿華,2367
052760,call,瑞昱,2379
052761,call,漢唐,2404
052763,call,奇鋐,3017
052765,call,臻鼎-KY,4958
052766,call,力成,6239
052767,call,AES-KY,6781
052769,call,可寧衛*,8422
052771,call,南亞,1303
052772,call,南亞,1303
052773,call,華新,1605
052774,call,華新,1605
052775,call,永光,1711
052776,call,第一銅,2009
052777,call,金寶,2312
052778,call,金寶,2312
052779,call,金寶,2312
052780,call,華通,2313
052781,call,華通,2313
052782,call,華泰,2329
052783,call,台積電,2330
052786,call,台積電,2330
052787,call,致茂,2360
052788,call,瑞昱,2379
052789,call,瑞昱,2379
052790,call,超豐,2441
052791,call,強茂,2481
052792,call,智原,3035
052793,call,欣興,3037
052794,call,鴻海,2317
052795,call,鴻海,2317
052796,call,欣興,3037
052797,call,大量,3167
052798,call,景碩,3189
052799,call,聯鈞,3450
052800,call,貿聯-KY,3665
052801,call,臻鼎-KY,4958
052802,call,祥碩,5269
052803,call,聯茂,6213
052804,call,力成,6239
052805,call,力成,6239
052806,call,力成,6239
052807,call,康舒,6282
052808,call,緯穎,6669
052809,call,龍德造船,6753
052810,call,長華*,8070
052811,call,至上,8112
052812,call,南茂,8150
052813,call,可寧衛*,8422
052814,call,可寧衛*,8422
052815,call,可寧衛*,8422
052816,call,可寧衛*,8422
052817,call,可寧衛*,8422
052820,call,華新,1605
052823,call,光寶科,2301
052824,call,金寶,2312
052825,call,華通,2313
052826,call,台積電,2330
052829,call,漢唐,2404
052831,call,日月光投控,3711
052832,call,臻鼎-KY,4958
052833,call,亞翔,6139
052834,call,力成,6239
052837,call,緯穎,6669
052840,call,勤誠,8210
052843,call,可寧衛*,8422
052844,call,可寧衛*,8422
052855,call,鴻海,2317
052856,call,華泰,2329
052857,call,華泰,2329
052858,call,華泰,2329
052859,call,燿華,2367
052863,call,聯發科,2454
052864,call,全新,2455
052865,call,全新,2455
052879,call,亞翔,6139
052881,call,矽格,6257
052884,call,矽力*-KY,6415
052886,call,至上,8112
052887,call,南茂,8150
052888,call,可寧衛*,8422
052889,call,可寧衛*,8422
052890,call,可寧衛*,8422
052894,call,亞德客-KY,1590
052897,call,宇隆,2233
052899,call,台達電,2308
052900,call,金寶,2312
052902,call,鴻海,2317
052906,call,金像電,2368
05290U,put,華通,2313
052910,call,瑞昱,2379
052911,call,瑞昱,2379
052917,call,大量,3167
052918,call,和碩,4938
052920,call,亞翔,6139
052921,call,帆宣,6196
052923,call,力成,6239
052924,call,力成,6239
052929,call,可寧衛*,8422
052931,call,立隆電,2472
052932,call,康舒,6282
052933,call,保瑞,6472
052934,call,士電,1503
052935,call,鴻海,2317
052936,call,瑞昱,2379
052937,call,瑞昱,2379
052938,call,惠特,6706
052939,call,可寧衛*,8422
052940,call,可寧衛*,8422
052941,call,可寧衛*,8422
052942,call,士電,1503
052943,call,士電,1503
052944,call,士電,1503
052945,call,士電,1503
052946,call,中興電,1513
052947,call,中興電,1513
052948,call,中興電,1513
052949,call,亞力,1514
052950,call,亞力,1514
052951,call,華新,1605
052952,call,聯電,2303
052953,call,金寶,2312
052954,call,金寶,2312
052955,call,金寶,2312
052956,call,金寶,2312
052957,call,金寶,2312
052958,call,國巨*,2327
052959,call,國巨*,2327
052960,call,國巨*,2327
052961,call,華泰,2329
052962,call,精英,2331
052963,call,精英,2331
052964,call,漢唐,2404
052965,call,漢唐,2404
052966,call,超豐,2441
052967,call,全新,2455
052968,call,立隆電,2472
052969,call,強茂,2481
052970,call,華新科,2492
052971,call,華新科,2492
052972,call,華新科,2492
052973,call,日電貿,3090
052974,call,今國光,6209
052975,call,力成,6239
052976,call,康舒,6282
052977,call,康舒,6282
052978,call,康舒,6282
052979,call,康舒,6282
052980,call,緯穎,6669
052981,call,洋基工程,6691
052982,call,惠特,6706
052983,call,惠特,6706
052984,call,龍德造船,6753
052985,call,雲豹能源,6869
052986,call,雲豹能源,6869
052987,call,兆聯實業,6944
052988,call,兆聯實業,6944
052989,call,昇陽半導體,8028
052990,call,勤誠,8210
052991,call,可寧衛*,8422
052992,call,可寧衛*,8422
052993,call,可寧衛*,8422
052996,call,中興電,1513
052997,call,永光,1711
052999,call,台積電,2330
053000,call,昆盈,2365
053001,call,大同,2371
053002,call,凱美,2375
053003,call,美律,2439
053004,call,全新,2455
053005,call,盟立,2464
053007,call,奇鋐,3017
053014,call,日電貿,3090
053018,call,事欣科,4916
053019,call,康舒,6282
053020,call,鈺邦,6449
053022,call,汎銓,6830
053023,call,三集瑞-KY,6862
053024,call,勤誠,8210
053025,call,可寧衛*,8422
053026,call,元大台灣50,0050
053027,call,台達電,2308
053028,call,華通,2313
053029,call,華通,2313
053030,call,鴻海,2317
053031,call,國巨*,2327
053032,call,國巨*,2327
053033,call,台積電,2330
053034,call,聯發科,2454
053035,call,欣興,3037
053037,call,康舒,6282
053038,call,洋基工程,6691
053039,call,惠特,6706
053040,call,可寧衛*,8422
053044,call,台達電,2308
053047,call,華泰,2329
053050,call,瑞昱,2379
053056,call,大立光,3008
053060,call,矽力*-KY,6415
053061,call,惠特,6706
053062,call,惠特,6706
053063,call,惠特,6706
053064,call,可寧衛*,8422
053065,call,可寧衛*,8422
053066,call,可寧衛*,8422
05306U,put,台積電,2330
053080,call,台達電,2308
053081,call,台達電,2308
053085,call,華通,2313
053091,call,大同,2371
053092,call,大同,2371
053093,call,漢唐,2404
053099,call,華航,2610
053106,call,宏達電,2498
053119,call,南茂,8150
053121,call,可寧衛*,8422
053125,call,中興電,1513
053130,call,金寶,2312
053135,call,漢唐,2404
053136,call,漢唐,2404
053138,call,美律,2439
053147,call,巨大,9921
053149,call,永光,1711
053150,call,宇隆,2233
053151,call,金寶,2312
053152,call,仁寶,2324
053154,call,宏碁,2353
053155,call,致茂,2360
053156,call,漢唐,2404
053157,call,仲琦,2419
053159,call,兆赫,2485
053160,call,晶技,3042
053161,call,明泰,3380
053162,call,聯鈞,3450
053163,call,台勝科,3532
053164,call,日月光投控,3711
053165,call,力成,6239
053166,call,矽格,6257
053167,call,康舒,6282
053168,call,帝寶,6605
053169,call,雲豹能源,6869
053170,call,兆聯實業,6944
053171,call,致新,8081
053172,call,達方,8163
053173,call,可寧衛*,8422
053174,call,可寧衛*,8422
053175,call,可寧衛*,8422
053176,call,可寧衛*,8422
053177,call,泰金寶-DR,9105
053178,call,巨大,9921
053182,call,國喬,1312
053183,call,華通,2313
053184,call,華通,2313
053185,call,華通,2313
053187,call,仲琦,2419
053189,call,康舒,6282
053190,call,南茂,8150
053195,call,東元,1504
053196,call,台達電,2308
053197,call,國巨*,2327
053198,call,立隆電,2472
053199,call,禾伸堂,3026
053200,call,臻鼎-KY,4958
053201,call,崇越,5434
053202,call,鈺邦,6449
053205,call,台塑,1301
053206,call,南亞,1303
053207,call,台化,1326
053208,call,東元,1504
053209,call,華新,1605
053210,call,永光,1711
053211,call,宇隆,2233
053212,call,金寶,2312
053214,call,國巨*,2327
053215,call,廣宇,2328
053216,call,精英,2331
053219,call,昇貿,3305
053220,call,達邁,3645
053221,call,大銀微系統,4576
053224,call,惠特,6706
053226,call,昇貿,3305
053227,call,南茂,8150
053232,call,東元,1504
053233,call,金寶,2312
053236,call,揚博,2493
053237,call,永豐金,2890
053239,call,健鼎,3044
053241,call,緯創,3231
053242,call,亞翔,6139
053244,call,矽格,6257
053245,call,緯穎,6669
053251,call,華通,2313
053252,call,華通,2313
053258,call,南亞,1303
053259,call,中興電,1513
053260,call,亞力,1514
053261,call,台玻,1802
053262,call,台玻,1802
053263,call,第一銅,2009
053264,call,上銀,2049
053265,call,光寶科,2301
053266,call,聯電,2303
053267,call,聯電,2303
053268,call,金寶,2312
053269,call,國巨*,2327
053270,call,國巨*,2327
053271,call,精英,2331
053272,call,大同,2371
053273,call,大同,2371
053274,call,大同,2371
053275,call,聯發科,2454
053276,call,志聖,2467
053277,call,益登,3048
053278,call,昇貿,3305
053279,call,矽格,6257
053280,call,康舒,6282
053281,call,洋基工程,6691
053282,call,惠特,6706
053283,call,惠特,6706
053284,call,富世達,6805
053285,call,振樺電,8114
053293,call,中砂,1560
053294,call,華新,1605
053295,call,台玻,1802
053299,call,台達電,2308
053302,call,華泰,2329
053303,call,台積電,2330
053306,call,全新,2455
053309,call,昇貿,3305
053310,call,牧德,3563
053313,call,南茂,8150
053317,call,國喬,1312
053319,call,華新,1605
053320,call,金寶,2312
053321,call,廣宇,2328
053334,call,元大台灣50,0050
053335,call,元大台灣50,0050
053341,call,東元,1504
053354,call,鴻海,2317
053357,call,華城,1519
053358,call,華城,1519
053359,call,華泰,2329
053360,call,怡利電,2497
053361,call,華泰,2329
053365,call,定穎投控,3715
05336U,put,台積電,2330
053370,call,大同,2371
053371,call,大同,2371
053372,call,大同,2371
053375,call,漢唐,2404
053382,call,健鼎,3044
053384,call,亞翔,6139
053388,call,矽格,6257
053392,call,洋基工程,6691
053396,call,東元,1504
053397,call,堤維西,1522
05339U,put,達興材料,5234
053400,call,聯電,2303
053402,call,台積電,2330
053403,call,台積電,2330
053404,call,凱美,2375
053405,call,超豐,2441
053408,call,大立光,3008
053411,call,景碩,3189
053412,call,世芯-KY,3661
053413,call,世芯-KY,3661
053414,call,帆宣,6196
053417,call,惠特,6706
053418,call,至上,8112
053419,call,福懋科,8131
053420,call,福懋科,8131
053421,call,台玻,1802
053422,call,台積電,2330
053423,call,漢唐,2404
053424,call,聯發科,2454
053425,call,景碩,3189
053426,call,台積電,2330
053427,call,神達,3706
053429,call,日月光投控,3711
053430,call,臻鼎-KY,4958
053432,call,南亞,1303
053434,call,南亞,1303
053435,call,中砂,1560
053436,call,中鋼,2002
053437,call,光寶科,2301
053438,call,仁寶,2324
053439,call,華泰,2329
053440,call,漢唐,2404
053441,call,漢唐,2404
053442,call,友達,2409
053443,call,京元電子,2449
053445,call,大立光,3008
053446,call,奇鋐,3017
053447,call,奇鋐,3017
053448,call,欣興,3037
053450,call,世芯-KY,3661
053451,call,世芯-KY,3661
053452,call,日月光投控,3711
053453,call,材料*-KY,4763
053454,call,臻鼎-KY,4958
053455,call,祥碩,5269
053456,call,祥碩,5269
053457,call,精成科,6191
053458,call,AES-KY,6781
053459,call,東元,1504
053460,call,東元,1504
053461,call,台玻,1802
053462,call,金寶,2312
053463,call,金寶,2312
053464,call,友達,2409
053465,call,大量,3167
053466,call,世芯-KY,3661
053467,call,臻鼎-KY,4958
053468,call,元大台灣50,0050
053473,call,東元,1504
053478,call,宇隆,2233
053484,call,廣宇,2328
053485,call,華泰,2329
053486,call,台積電,2330
053488,call,漢唐,2404
053489,call,友達,2409
053492,call,強茂,2481
053493,call,欣興,3037
053496,call,祥碩,5269
053498,call,保瑞,6472
053504,call,台塑,1301
053505,call,台塑,1301
053506,call,南亞,1303
053507,call,南亞,1303
053508,call,國喬,1312
053509,call,東陽,1319
053510,call,亞力,1514
053511,call,中砂,1560
053512,call,中砂,1560
053513,call,中砂,1560
053514,call,台玻,1802
053515,call,台玻,1802
053516,call,台玻,1802
053517,call,台達電,2308
053518,call,台達電,2308
053519,call,廣宇,2328
053520,call,佳能,2374
053521,call,友達,2409
053522,call,友達,2409
053523,call,友達,2409
053524,call,友達,2409
053525,call,友達,2409
053526,call,超豐,2441
053527,call,景碩,3189
053528,call,聯鈞,3450
053529,call,世芯-KY,3661
053530,call,日月光投控,3711
053531,call,日月光投控,3711
053532,call,臻鼎-KY,4958
053533,call,帆宣,6196
053534,call,力成,6239
053535,call,帝寶,6605
053536,call,雲豹能源,6869
053537,call,泓德能源,6873
053538,call,泓德能源,6873
053539,call,福懋科,8131
053540,call,福懋科,8131
053541,call,福懋科,8131
053542,call,福懋科,8131
053545,call,中砂,1560
053548,call,上銀,2049
053552,call,廣宇,2328
053555,call,凱美,2375
053558,call,欣興,3037
053559,call,景碩,3189
053573,call,台達電,2308
053575,call,金寶,2312
053576,call,鴻海,2317
053577,call,華泰,2329
053578,call,華泰,2329
053585,call,怡利電,2497
053589,call,聯發科,2454
053594,call,訊芯-KY,6451
053595,call,訊芯-KY,6451
053597,call,昇貿,3305
053600,call,亞翔,6139
053603,call,矽格,6257
053609,call,洋基工程,6691
053615,call,台泥,1101
053616,call,士電,1503
053618,call,美時,1795
053619,call,美時,1795
053621,call,台達電,2308
053623,call,菱生,2369
053624,call,大同,2371
053628,call,聯發科,2454
053629,call,華新科,2492
053631,call,欣興,3037
053632,call,欣興,3037
053636,call,全訊,5222
053637,call,力成,6239
053639,call,福懋科,8131
053641,call,南亞,1303
053642,call,美時,1795
053643,call,美時,1795
053644,call,台玻,1802
053645,call,華泰,2329
053646,call,華泰,2329
053647,call,建準,2421
053648,call,欣興,3037
053649,call,欣興,3037
053650,call,欣興,3037
053651,call,欣興,3037
053652,call,聯鈞,3450
053653,call,定穎投控,3715
053654,call,定穎投控,3715
053655,call,定穎投控,3715
053656,call,定穎投控,3715
053657,call,定穎投控,3715
053658,call,定穎投控,3715
053659,call,臻鼎-KY,4958
053660,call,啟碁,6285
053661,call,雲豹能源,6869
053662,call,泓德能源,6873
053663,call,南電,8046
053665,call,南電,8046
053666,call,華城,1519
053667,call,南電,8046
053668,call,南電,8046
053669,call,南電,8046
05366U,put,宏達電,2498
053670,call,福懋科,8131
053674,call,聯電,2303
053675,call,華泰,2329
053676,call,矽格,6257
053679,call,中興電,1513
053680,call,美時,1795
053681,call,美時,1795
053683,call,國巨*,2327
053684,call,超豐,2441
053686,call,日電貿,3090
053687,call,聯鈞,3450
053689,call,定穎投控,3715
053690,call,力成,6239
053694,call,南亞,1303
053702,call,仁寶,2324
053704,call,華泰,2329
053705,call,台積電,2330
053709,call,強茂,2481
053711,call,大立光,3008
053714,call,定穎投控,3715
053715,call,定穎投控,3715
053716,call,啟碁,6285
053719,call,南電,8046
053721,call,中興電,1513
053722,call,國巨*,2327
053723,call,華泰,2329
053724,call,世芯-KY,3661
053725,call,定穎投控,3715
053726,call,定穎投控,3715
053727,call,定穎投控,3715
053728,call,力成,6239
053731,call,力成,6239
053732,call,力成,6239
053734,call,富世達,6805
053740,call,東元,1504
053744,call,聯電,2303
053747,call,華泰,2329
053754,call,景碩,3189
053761,call,南電,8046
053762,call,福懋科,8131
053763,call,富邦科技,0052
053766,call,台泥,1101
053769,call,美時,1795
053770,call,美時,1795
053776,call,台達電,2308
053777,call,華泰,2329
053779,call,台積電,2330
053783,call,瑞昱,2379
053784,call,友達,2409
053793,call,事欣科,4916
053795,call,力成,6239
053796,call,矽格,6257
053799,call,矽力*-KY,6415
053810,call,南亞,1303
053811,call,亞力,1514
053812,call,華新科,2492
053814,call,和大,1536
053816,call,川湖,2059
053817,call,台達電,2308
053819,call,大同,2371
053821,call,華新科,2492
053822,call,新興,2605
053824,call,昇貿,3305
053826,call,至上,8112
053829,call,台塑,1301
053832,call,川湖,2059
053835,call,台積電,2330
053837,call,友達,2409
053838,call,強茂,2481
053842,call,景碩,3189
053845,call,台勝科,3532
053848,call,亞翔,6139
053849,call,佳必琪,6197
053857,call,南亞,1303
053858,call,國巨*,2327
053859,call,強茂,2481
053860,call,景碩,3189
053861,call,新日興,3376
053862,call,雲豹能源,6869
053863,call,南亞,1303
053864,call,中興電,1513
053865,call,和大,1536
053866,call,宏泰,1612
053867,call,台玻,1802
053868,call,光罩,2338
053869,call,致茂,2360
053870,call,菱生,2369
053871,call,凌陽,2401
053872,call,瑞軒,2489
053873,call,華新科,2492
053874,call,欣興,3037
053875,call,達邁,3645
053876,call,東台,4526
053877,call,帆宣,6196
053879,call,惠特,6706
053880,call,南電,8046
053881,call,南電,8046
053882,call,士電,1503
053883,call,聯電,2303
053884,call,聯電,2303
053885,call,飛宏,2457
053886,call,欣興,3037
053887,call,欣興,3037
053888,call,景碩,3189
053889,call,景碩,3189
053890,call,南電,8046
053891,call,南電,8046
053894,call,士電,1503
053895,call,中興電,1513
053897,call,宏泰,1612
053899,call,聯電,2303
053900,call,國巨*,2327
053901,call,台積電,2330
053903,call,漢唐,2404
053904,call,強茂,2481
053908,call,新日興,3376
053909,call,融程電,3416
053910,call,聯鈞,3450
053912,call,眾達-KY,4977
053913,call,啟碁,6285
053914,call,三集瑞-KY,6862
053915,call,大研生醫*,7780
053916,call,大研生醫*,7780
053918,call,南電,8046
053921,call,台泥,1101
053922,call,東陽,1319
053923,call,士電,1503
053924,call,中興電,1513
053926,call,美時,1795
053928,call,川湖,2059
05392U,put,緯穎,6669
053935,call,台積電,2330
053942,call,飛宏,2457
053946,call,嘉晶,3016
053950,call,蔚華科,3055
053954,call,敦泰,3545
053961,call,啟碁,6285
053967,call,泓德能源,6873
053971,call,巨大,9921
053979,call,南亞,1303
053980,call,東元,1504
053981,call,東元,1504
053983,call,中興電,1513
053987,call,美時,1795
053991,call,聯電,2303
053999,call,友達,2409
054001,call,長榮,2603
054015,call,達興材料,5234
054017,call,祥碩,5269
054021,call,日月光投控,3711
054030,call,鴻海,2317
054031,call,光罩,2338
054032,call,矽統,2363
054033,call,矽統,2363
054035,call,漢翔,2634
054036,call,長榮航太,2645
054037,call,大立光,3008
054038,call,嘉晶,3016
054040,call,世芯-KY,3661
054041,call,國精化,4722
054042,call,國精化,4722
054043,call,國精化,4722
054044,call,矽力*-KY,6415
054046,call,緯穎,6669
054048,call,中興電,1513
054049,call,啟碁,6285
054051,call,嘉晶,3016
054053,call,瀚宇博,5469
054054,call,台虹,8039
054062,call,亞力,1514
054066,call,台達電,2308
054068,call,英業達,2356
054072,call,超豐,2441
054074,call,強茂,2481
054081,call,欣興,3037
054087,call,矽力*-KY,6415
054092,call,亞力,1514
054096,call,台積電,2330
054097,call,燿華,2367
054101,call,長榮航太,2645
054110,call,旭隼,6409
054112,call,龍德造船,6753
054113,call,龍德造船,6753
054114,call,富世達,6805
054119,call,華泰,2329
054122,call,欣興,3037
054126,call,宏泰,1612
054127,call,台玻,1802
054128,call,川湖,2059
054129,call,宇隆,2233
054130,call,燿華,2367
054131,call,瑞鼎,3592
054132,call,定穎投控,3715
054133,call,啟碁,6285
054134,call,台泥,1101
054137,call,亞力,1514
054138,call,台玻,1802
054139,call,台玻,1802
054140,call,台玻,1802
054141,call,上銀,2049
054142,call,華泰,2329
054143,call,順德,2351
054144,call,矽統,2363
054145,call,晶技,3042
054147,call,中租-KY,5871
054148,call,帝寶,6605
054149,call,大研生醫*,7780
054156,call,士電,1503
054157,call,士電,1503
054158,call,東元,1504
054160,call,中興電,1513
054161,call,中興電,1513
054167,call,聯電,2303
054168,call,聯電,2303
054172,call,台積電,2330
054186,call,事欣科,4916
054190,call,祥碩,5269
054191,call,力成,6239
054195,call,矽力*-KY,6415
054197,call,緯穎,6669
054205,call,士電,1503
054206,call,上銀,2049
054207,call,燿華,2367
054208,call,定穎投控,3715
054209,call,旭隼,6409
054210,call,元大台灣50,0050
054213,call,光寶科,2301
054214,call,聯電,2303
054215,call,聯電,2303
054216,call,國巨*,2327
054217,call,燿華,2367
054219,call,欣興,3037
054221,call,龍德造船,6753
054222,call,富世達,6805
054231,call,士電,1503
054232,call,中興電,1513
054234,call,上銀,2049
054235,call,聯電,2303
054238,call,英業達,2356
054242,call,飛宏,2457
054243,call,飛宏,2457
054245,call,華新科,2492
054251,call,定穎投控,3715
054252,call,亞翔,6139
054255,call,同欣電,6271
054256,call,啟碁,6285
054257,call,AES-KY,6781
054258,call,富世達,6805
054267,call,南亞,1303
054273,call,宇隆,2233
054278,call,燿華,2367
054286,call,亞聚,1308
054287,call,大亞,1609
054288,call,台達電,2308
054289,call,台達電,2308
054290,call,台達電,2308
054291,call,英業達,2356
054293,call,飛宏,2457
054294,call,瑞軒,2489
054295,call,瑞軒,2489
054296,call,聯陽,3014
054297,call,欣興,3037
054299,call,華晶科,3059
054301,call,新唐,4919
054302,call,中磊,5388
054303,call,聯茂,6213
054304,call,啟碁,6285
054307,call,士電,1503
054308,call,大亞,1609
054309,call,台達電,2308
054310,call,英業達,2356
054311,call,燿華,2367
054312,call,飛宏,2457
054313,call,大立光,3008
054314,call,健鼎,3044
054315,call,全訊,5222
054316,call,旭隼,6409
054317,call,龍德造船,6753
054318,call,福懋科,8131
054320,call,大亞,1609
054322,call,光寶科,2301
054323,call,光寶科,2301
054324,call,台達電,2308
054325,call,台達電,2308
054326,call,國巨*,2327
054327,call,國巨*,2327
054329,call,英業達,2356
054330,call,燿華,2367
054331,call,微星,2377
054332,call,超豐,2441
054333,call,飛宏,2457
054335,call,瑞軒,2489
054336,call,華新科,2492
054339,call,嘉澤,3533
054341,call,瀚宇博,5469
054345,call,勤誠,8210
054346,call,泰金寶-DR,9105
054352,call,士電,1503
054353,call,士電,1503
054355,call,中興電,1513
054357,call,聯電,2303
054360,call,廣宇,2328
054361,call,廣宇,2328
054362,call,台積電,2330
054367,call,大立光,3008
054377,call,長榮航太,2645
054379,call,大立光,3008
054386,call,力成,6239
054387,call,啟碁,6285
054390,call,矽力*-KY,6415
054391,call,緯穎,6669
054400,call,中興電,1513
054401,call,大亞,1609
054403,call,光寶科,2301
054404,call,聯電,2303
054411,call,英業達,2356
054415,call,大同,2371
054416,call,大同,2371
054417,call,微星,2377
054419,call,台光電,2383
054421,call,飛宏,2457
054422,call,強茂,2481
054423,call,華新科,2492
054426,call,長榮航,2618
054439,call,力成,6239
054440,call,同欣電,6271
054441,call,啟碁,6285
054445,call,東陽,1319
054446,call,士電,1503
054447,call,士電,1503
054448,call,中興電,1513
054449,call,中興電,1513
054450,call,堤維西,1522
054451,call,華新,1605
054452,call,大亞,1609
054453,call,聯電,2303
054454,call,聯電,2303
054455,call,聯電,2303
054456,call,聯電,2303
054457,call,聯電,2303
054458,call,台達電,2308
054459,call,國巨*,2327
054460,call,台積電,2330
054461,call,精英,2331
054462,call,英業達,2356
054463,call,矽統,2363
054464,call,燿華,2367
054465,call,大同,2371
054466,call,大同,2371
054467,call,友達,2409
054468,call,京元電子,2449
054469,call,聯發科,2454
054470,call,飛宏,2457
054471,call,飛宏,2457
054472,call,飛宏,2457
054473,call,強茂,2481
054474,call,華新科,2492
054475,call,華新科,2492
054476,call,華新科,2492
054477,call,長榮航太,2645
054478,call,大立光,3008
054479,call,嘉晶,3016
054480,call,嘉晶,3016
054481,call,嘉晶,3016
054482,call,奇鋐,3017
054483,call,欣興,3037
054484,call,景碩,3189
054485,call,昇貿,3305
054486,call,新日興,3376
054487,call,聯鈞,3450
054488,call,台勝科,3532
054489,call,日月光投控,3711
054490,call,定穎投控,3715
054491,call,國精化,4722
054492,call,上品,4770
054493,call,全訊,5222
054494,call,帆宣,6196
054495,call,力成,6239
054496,call,啟碁,6285
054497,call,啟碁,6285
054498,call,啟碁,6285
054499,call,啟碁,6285
054500,call,矽力*-KY,6415
054501,call,緯穎,6669
054502,call,緯穎,6669
054503,call,惠特,6706
054504,call,龍德造船,6753
054505,call,泓德能源,6873
054510,call,東元,1504
054511,call,美時,1795
054513,call,光寶科,2301
054515,call,廣宇,2328
054516,call,佳世達,2352
054519,call,台光電,2383
054521,call,聯發科,2454
054525,call,昇貿,3305
054526,call,聯鈞,3450
054528,call,定穎投控,3715
054530,call,祥碩,5269
054532,call,啟碁,6285
054535,call,龍德造船,6753
054536,call,雲豹能源,6869
054537,call,福懋科,8131
054539,call,聯電,2303
054541,call,國巨*,2327
054544,call,聯茂,6213
054547,call,大同,2371
054550,call,緯創,3231
054552,call,士電,1503
054553,call,大亞,1609
054554,call,光寶科,2301
054555,call,一詮,2486
054556,call,啟碁,6285
054557,call,元大台灣50,0050
054559,call,鴻海,2317
054560,call,鴻海,2317
054561,call,台積電,2330
054563,call,台積電,2330
054572,call,一詮,2486
054574,call,奇鋐,3017
054580,call,緯創,3231
054583,call,定穎投控,3715
054584,call,今國光,6209
054585,call,和椿,6215
054587,call,矽格,6257
054594,call,上銀,2049
054597,call,敬鵬,2355
054598,call,燿華,2367
054599,call,佳能,2374
054600,call,技嘉,2376
054603,call,一詮,2486
054608,call,同欣電,6271
054609,call,啟碁,6285
054611,call,可寧衛*,8422
054627,call,華泰,2329
054628,call,燿華,2367
054631,call,超豐,2441
054632,call,聯發科,2454
054634,call,緯創,3231
054641,call,美時,1795
054645,call,福懋科,8131
054646,call,聯發科,2454
054647,call,帆宣,6196
054648,call,可寧衛*,8422
054649,call,元大台灣50,0050
054657,call,士電,1503
054658,call,士電,1503
054660,call,中興電,1513
054662,call,美時,1795
054663,call,美時,1795
054664,call,美時,1795
054669,call,聯電,2303
054672,call,廣宇,2328
054673,call,廣宇,2328
054675,call,台積電,2330
054677,call,燿華,2367
054679,call,志聖,2467
054681,call,大立光,3008
054693,call,力成,6239
054694,call,力成,6239
054695,call,啟碁,6285
054699,call,可寧衛*,8422
054702,call,台化,1326
054703,call,川湖,2059
054704,call,聯電,2303
054705,call,華通,2313
054706,call,華通,2313
054707,call,仁寶,2324
054708,call,英業達,2356
054709,call,燿華,2367
054710,call,佳能,2374
054711,call,聯發科,2454
054712,call,定穎投控,3715
054715,call,台塑,1301
054716,call,南亞,1303
054720,call,台化,1326
054723,call,雲豹能源,6869
054724,call,東元,1504
054725,call,東鹼,1708
054726,call,美時,1795
054727,call,上銀,2049
054730,call,台積電,2330
054731,call,所羅門,2359
054732,call,燿華,2367
054733,call,聯發科,2454
054734,call,亞光,3019
054735,call,定穎投控,3715
054736,call,事欣科,4916
054737,call,佳必琪,6197
054738,call,佳必琪,6197
054739,call,今國光,6209
054741,call,元大台灣50,0050
054749,call,南亞,1303
054750,call,中興電,1513
054752,call,宇隆,2233
054754,call,華通,2313
054755,call,華泰,2329
054756,call,燿華,2367
054757,call,燿華,2367
054759,call,技嘉,2376
054760,call,漢唐,2404
054764,call,智原,3035
054766,call,昇貿,3305
054775,call,矽力*-KY,6415
054776,call,台虹,8039
054788,call,大成鋼,2027
054789,call,上銀,2049
054790,call,華通,2313
054791,call,鴻海,2317
054792,call,鴻海,2317
054800,call,超豐,2441
054801,call,聯發科,2454
054802,call,聯發科,2454
054805,call,一詮,2486
054806,call,一詮,2486
054807,call,揚博,2493
054808,call,亞光,3019
054814,call,海華,3694
054815,call,定穎投控,3715
054819,call,瀚宇博,5469
054821,call,啟碁,6285
054823,call,龍德造船,6753
054824,call,龍德造船,6753
054830,call,華通,2313
054832,call,燿華,2367
054839,call,華通,2313
054842,call,啟碁,6285
054845,call,中興電,1513
054846,call,美時,1795
054847,call,美時,1795
054850,call,聯電,2303
054853,call,華通,2313
054854,call,華通,2313
054856,call,仁寶,2324
054859,call,台積電,2330
054863,call,燿華,2367
054864,call,燿華,2367
054865,call,燿華,2367
054872,call,聯發科,2454
054873,call,聯發科,2454
054882,call,力成,6239
054884,call,同欣電,6271
054886,call,啟碁,6285
054890,call,可寧衛*,8422
054892,call,華通,2313
054893,call,華通,2313
054894,call,鴻海,2317
054895,call,英業達,2356
054896,call,金像電,2368
054897,call,所羅門,2359
054898,call,聯發科,2454
054899,call,聯發科,2454
054900,call,聯發科,2454
054901,call,一詮,2486
054902,call,國泰金,2882
054904,call,今國光,6209
054905,call,同欣電,6271
054906,call,啟碁,6285
054907,call,惠特,6706
054908,call,南亞,1303
054909,call,美時,1795
054910,call,佳能,2374
054911,call,華新科,2492
054912,call,日月光投控,3711
054913,call,亞翔,6139
054914,call,聯茂,6213
054915,call,康舒,6282
054916,call,南茂,8150
054917,call,東元,1504
054918,call,美時,1795
054919,call,大成鋼,2027
054920,call,一詮,2486
054921,call,立積,4968
054922,call,矽創,8016
054927,call,東陽,1319
054928,call,東元,1504
054929,call,長興,1717
054931,call,美時,1795
054933,call,聯電,2303
054934,call,廣宇,2328
054935,call,台積電,2330
054936,call,矽統,2363
054938,call,聯發科,2454
054939,call,一詮,2486
054941,call,景碩,3189
054942,call,聯鈞,3450
054944,call,定穎投控,3715
054945,call,事欣科,4916
054946,call,亞翔,6139
054947,call,力成,6239
054948,call,康舒,6282
054949,call,保瑞,6472
054951,call,富世達,6805
054952,call,三集瑞-KY,6862
054959,call,台化,1326
054965,call,聯電,2303
054966,call,鴻海,2317
054967,call,廣宇,2328
054970,call,佳能,2374
054971,call,技嘉,2376
054974,call,一詮,2486
054976,call,健鼎,3044
054979,call,宏致,3605
054982,call,今國光,6209
054983,call,保瑞,6472
054984,call,力智,6719
054993,call,南亞,1303
054995,call,台化,1326
054999,call,美時,1795
055001,call,宇隆,2233
05500U,put,奇鋐,3017
055017,call,聯發科,2454
055035,call,南茂,8150
055036,call,可寧衛*,8422
055037,call,可寧衛*,8422
055045,call,東元,1504
055049,call,聯電,2303
055051,call,矽統,2363
055052,call,台積電,2330
055054,call,聯發科,2454
055055,call,一詮,2486
055059,call,亞光,3019
055062,call,世芯-KY,3661
055066,call,祥碩,5269
055068,call,康舒,6282
055070,call,南茂,8150
055071,call,可寧衛*,8422
055072,call,南亞,1303
055073,call,南茂,8150
055074,call,華泰,2329
055081,call,台化,1326
055082,call,華新,1605
055083,call,長興,1717
055084,call,聯電,2303
055085,call,聯電,2303
055086,call,聯電,2303
055087,call,廣宇,2328
055088,call,台積電,2330
055089,call,金像電,2368
055090,call,聯發科,2454
055091,call,一詮,2486
055092,call,新興,2605
055093,call,新唐,4919
055094,call,眾達-KY,4977
055095,call,矽力*-KY,6415
055096,call,保瑞,6472
055097,call,龍德造船,6753
055098,call,南茂,8150
055101,call,台化,1326
055102,call,士電,1503
055103,call,中興電,1513
055104,call,華新,1605
055105,call,長興,1717
055106,call,第一銅,2009
055108,call,順德,2351
055110,call,台光電,2383
055111,call,裕民,2606
055112,call,文曄,3036
055113,call,景碩,3189
055114,call,宏致,3605
055115,call,世芯-KY,3661
055116,call,達明,4585
055117,call,新唐,4919
055118,call,臻鼎-KY,4958
055119,call,眾達-KY,4977
055120,call,亞翔,6139
055121,call,今國光,6209
055122,call,訊芯-KY,6451
055129,call,南亞,1303
055131,call,長興,1717
055132,call,上銀,2049
055133,call,上銀,2049
055134,call,上銀,2049
055136,call,聯電,2303
055137,call,聯電,2303
055138,call,聯電,2303
055139,call,華通,2313
055140,call,鴻海,2317
055141,call,鴻海,2317
055142,call,仁寶,2324
055143,call,華泰,2329
055144,call,華泰,2329
055145,call,台積電,2330
055146,call,台積電,2330
055147,call,京元電子,2449
055148,call,聯發科,2454
055150,call,聯發科,2454
055151,call,聯發科,2454
055152,call,一詮,2486
055153,call,一詮,2486
055154,call,一詮,2486
055155,call,奇鋐,3017
055156,call,奇鋐,3017
055157,call,景碩,3189
055158,call,景碩,3189
055159,call,景碩,3189
055160,call,景碩,3189
055162,call,世芯-KY,3661
055163,call,定穎投控,3715
055164,call,定穎投控,3715
055165,call,祥碩,5269
055166,call,祥碩,5269
055167,call,祥碩,5269
055168,call,力成,6239
055169,call,矽力*-KY,6415
055170,call,至上,8112
055171,call,台塑,1301
055172,call,聯電,2303
055173,call,聯電,2303
055174,call,華通,2313
055175,call,台光電,2383
055176,call,景碩,3189
055177,call,定穎投控,3715
055178,call,力成,6239
055179,call,世紀鋼,9958
055180,call,中鋼,2002
055181,call,友達,2409
055185,call,華新,1605
055186,call,中鋼,2002
055187,call,第一銅,2009
055188,call,大成鋼,2027
055189,call,宇隆,2233
055191,call,鴻海,2317
055194,call,同欣電,6271
055195,call,汎銓,6830
055196,call,致新,8081
055202,call,台塑,1301
055203,call,一詮,2486
055204,call,一詮,2486
055205,call,南亞,1303
055206,call,中興電,1513
055207,call,中鋼,2002
055208,call,大成鋼,2027
055209,call,華通,2313
055210,call,華泰,2329
055211,call,佳能,2374
055212,call,聯發科,2454
055213,call,聯發科,2454
055214,call,奇鋐,3017
055215,call,智原,3035
055216,call,京鼎,3413
055218,call,祥碩,5269
055219,call,今國光,6209
055220,call,力成,6239
055221,call,保瑞,6472
055222,call,惠特,6706
055223,call,兆聯實業,6944
055224,call,至上,8112
055229,call,中鋼,2002
055230,call,大成鋼,2027
055231,call,宇隆,2233
055232,call,漢翔,2634
055233,call,矽力*-KY,6415
055243,call,南亞,1303
055244,call,中興電,1513
055245,call,中興電,1513
055246,call,和大,1536
055247,call,華新,1605
055248,call,中鋼,2002
055249,call,中鋼,2002
055250,call,大成鋼,2027
055251,call,上銀,2049
055252,call,上銀,2049
055253,call,宇隆,2233
055256,call,聯電,2303
055257,call,華通,2313
055258,call,華通,2313
055259,call,鴻海,2317
055260,call,台積電,2330
055261,call,矽統,2363
055264,call,聯發科,2454
055265,call,聯發科,2454
055266,call,華新科,2492
055267,call,華新科,2492
055268,call,新興,2605
055270,call,健鼎,3044
055271,call,健鼎,3044
055272,call,世芯-KY,3661
055273,call,神達,3706
055274,call,定穎投控,3715
055275,call,鈞興-KY,4571
055276,call,達明,4585
055277,call,新唐,4919
055278,call,眾達-KY,4977
055279,call,祥碩,5269
055280,call,和椿,6215
055281,call,龍德造船,6753
055282,call,至上,8112
055283,call,羅昇,8374
055284,call,可寧衛*,8422
055285,call,世紀鋼,9958
055286,call,世紀鋼,9958
055297,call,東元,1504
055298,call,華榮,1608
055299,call,中鋼,2002
055300,call,大成鋼,2027
055303,call,矽統,2363
055304,call,佳能,2374
055305,call,台光電,2383
055306,call,偉詮電,2436
055307,call,昇貿,3305
055308,call,世芯-KY,3661
055309,call,日月光投控,3711
055310,call,達明,4585
055312,call,祥碩,5269
055315,call,保瑞,6472
055316,call,台塑化,6505
055317,call,緯穎,6669
055318,call,惠特,6706
055330,call,東元,1504
055331,call,亞德客-KY,1590
055332,call,華新,1605
055333,call,華榮,1608
055337,call,順德,2351
055338,call,矽統,2363
055339,call,聯發科,2454
055340,call,飛宏,2457
055341,call,強茂,2481
055342,call,漢翔,2634
055343,call,亞光,3019
055344,call,景碩,3189
055345,call,神達,3706
055346,call,達明,4585
055348,call,臻鼎-KY,4958
055351,call,緯穎,6669
055352,call,一詮,2486
055353,call,世紀鋼,9958
055356,call,定穎投控,3715
055358,call,亞德客-KY,1590
055359,call,第一銅,2009
055360,call,飛宏,2457
055361,call,景碩,3189
055362,call,臻鼎-KY,4958
055363,call,臻鼎-KY,4958
055364,call,惠特,6706
055369,call,亞德客-KY,1590
055370,call,聯發科,2454
055371,call,增你強,3028
055372,call,世芯-KY,3661
055373,call,泓德能源,6873
055375,call,中鋼,2002
055376,call,達明,4585
055377,call,眾達-KY,4977
055384,call,台塑,1301
055385,call,南亞,1303
055386,call,南亞,1303
055387,call,台化,1326
055388,call,長興,1717
055389,call,美時,1795
055390,call,美時,1795
055391,call,大成鋼,2027
055392,call,華通,2313
055393,call,仁寶,2324
055394,call,國巨*,2327
055395,call,華泰,2329
055396,call,台積電,2330
055397,call,台積電,2330
055400,call,矽統,2363
055401,call,瑞昱,2379
055402,call,漢唐,2404
055404,call,京元電子,2449
055405,call,聯發科,2454
055406,call,聯發科,2454
055407,call,長榮,2603
055408,call,大立光,3008
055410,call,智原,3035
055411,call,景碩,3189
055412,call,景碩,3189
055413,call,昇貿,3305
055414,call,台勝科,3532
055415,call,嘉澤,3533
055416,call,世芯-KY,3661
055417,call,世芯-KY,3661
055418,call,貿聯-KY,3665
055419,call,定穎投控,3715
055420,call,材料*-KY,4763
055421,call,亞翔,6139
055422,call,今國光,6209
055423,call,矽力*-KY,6415
055424,call,矽力*-KY,6415
055429,call,大亞,1609
055430,call,正新,2105
055431,call,華通,2313
055432,call,敬鵬,2355
055433,call,台光電,2383
055434,call,信邦,3023
055435,call,增你強,3028
055436,call,智原,3035
055442,call,健鼎,3044
055443,call,景碩,3189
055444,call,緯創,3231
055445,call,融程電,3416
055446,call,達明,4585
055447,call,事欣科,4916
055457,call,台泥,1101
055458,call,南亞,1303
055459,call,台化,1326
055460,call,台化,1326
055461,call,士電,1503
055462,call,士電,1503
055463,call,士電,1503
055464,call,東元,1504
055465,call,中興電,1513
055468,call,華新,1605
055469,call,美時,1795
055470,call,聯電,2303
055471,call,華通,2313
055472,call,鴻海,2317
055473,call,鴻海,2317
055474,call,台積電,2330
055475,call,佳能,2374
055476,call,聯發科,2454
055477,call,飛宏,2457
055478,call,亞光,3019
055480,call,健鼎,3044
055481,call,健鼎,3044
055482,call,緯創,3231
055483,call,新日興,3376
055484,call,神達,3706
055485,call,神達,3706
055486,call,定穎投控,3715
055487,call,力成,6239
055488,call,康舒,6282
055489,call,矽力*-KY,6415
055490,call,至上,8112
055491,call,可寧衛*,8422
055492,call,臻鼎-KY,4958
055493,call,臻鼎-KY,4958
055498,call,國巨*,2327
055499,call,華泰,2329
055500,call,同欣電,6271
055501,call,強茂,2481
055508,call,華新,1605
055509,call,宇隆,2233
055510,call,宇隆,2233
055513,call,矽統,2363
055515,call,飛宏,2457
055516,call,強茂,2481
055517,call,新興,2605
055518,call,漢翔,2634
055519,call,增你強,3028
055520,call,欣興,3037
055522,call,欣興,3037
055523,call,事欣科,4916
055525,call,元大台灣50,0050
055535,call,台化,1326
055536,call,長興,1717
055537,call,長興,1717
055540,call,聯電,2303
055542,call,聯電,2303
055543,call,聯電,2303
055547,call,聯發科,2454
055549,call,增你強,3028
055550,call,欣興,3037
055551,call,達明,4585
055552,call,緯穎,6669
055560,call,南亞,1303
055562,call,士電,1503
055563,call,中興電,1513
055564,call,亞力,1514
055565,call,亞力,1514
055567,call,大亞,1609
055568,call,聯發科,2454
055569,call,美時,1795
055570,call,中鋼,2002
055571,call,第一銅,2009
055572,call,華通,2313
055573,call,宏碁,2353
055574,call,佳能,2374
055576,call,聯詠,3034
055577,call,欣興,3037
055578,call,欣興,3037
055579,call,健鼎,3044
055580,call,緯創,3231
055581,call,融程電,3416
055582,call,世芯-KY,3661
055583,call,中磊,5388
055584,call,力成,6239
055585,call,康舒,6282
055586,call,緯穎,6669
055589,call,元大台灣50,0050
055597,call,亞德客-KY,1590
055598,call,華新,1605
055599,call,亞光,3019
055600,call,欣興,3037
055601,call,臻鼎-KY,4958
055602,call,矽力*-KY,6415
055608,call,華通,2313
055609,call,欣興,3037
055610,call,昇陽半導體,8028
055614,call,華通,2313
055615,call,智邦,2345
055616,call,亞翔,6139
055617,call,鴻海,2317
055618,call,宏碁,2353
055619,call,欣興,3037
055621,call,欣興,3037
055622,call,欣興,3037
055623,call,欣興,3037
055624,call,世芯-KY,3661
055644,call,台塑,1301
055645,call,台化,1326
055646,call,亞力,1514
055647,call,亞德客-KY,1590
055648,call,華新,1605
055649,call,長興,1717
055650,call,長興,1717
055651,call,長興,1717
055652,call,美時,1795
055653,call,美時,1795
055654,call,美時,1795
055655,call,中鋼,2002
055656,call,上銀,2049
055657,call,上銀,2049
055658,call,華通,2313
055659,call,華通,2313
055660,call,華通,2313
055661,call,華通,2313
055662,call,華通,2313
055663,call,順德,2351
055664,call,佳能,2374
055665,call,佳能,2374
055666,call,台光電,2383
055667,call,台光電,2383
055668,call,超豐,2441
055669,call,京元電子,2449
055670,call,新興,2605
055671,call,新興,2605
055672,call,奇鋐,3017
055673,call,亞光,3019
055674,call,亞光,3019
055675,call,亞光,3019
055676,call,文曄,3036
055677,call,欣興,3037
055678,call,欣興,3037
055679,call,欣興,3037
055680,call,欣興,3037
055681,call,欣興,3037
055682,call,欣興,3037
055683,call,欣興,3037
055684,call,健鼎,3044
055685,call,健鼎,3044
055686,call,健鼎,3044
055687,call,貿聯-KY,3665
055688,call,達明,4585
055689,call,達明,4585
055690,call,新唐,4919
055691,call,臻鼎-KY,4958
055692,call,臻鼎-KY,4958
055693,call,聯茂,6213
055694,call,矽力*-KY,6415
055695,call,訊芯-KY,6451
055696,call,台塑化,6505
055697,call,龍德造船,6753
055698,call,台虹,8039
055699,call,可寧衛*,8422
055709,call,台塑,1301
055710,call,台塑,1301
055711,call,士電,1503
055712,call,士電,1503
055713,call,士電,1503
055714,call,亞力,1514
055715,call,亞力,1514
055718,call,長興,1717
055719,call,大成鋼,2027
055723,call,華通,2313
055724,call,鴻海,2317
055725,call,仁寶,2324
055726,call,仁寶,2324
055727,call,仁寶,2324
055728,call,華泰,2329
055729,call,宏碁,2353
055730,call,宏碁,2353
055731,call,所羅門,2359
055732,call,佳能,2374
055733,call,佳能,2374
055734,call,佳能,2374
055735,call,凱美,2375
055736,call,聯發科,2454
055737,call,盟立,2464
055738,call,亞光,3019
055739,call,信邦,3023
055740,call,增你強,3028
055741,call,欣興,3037
055742,call,欣興,3037
055743,call,健鼎,3044
055744,call,宏致,3605
055745,call,世芯-KY,3661
055746,call,定穎投控,3715
055752,call,同欣電,6271
055753,call,旭隼,6409
055754,call,至上,8112
055757,call,華泰,2329
055758,call,聯發科,2454
055759,call,聯發科,2454
055760,call,皇昌,2543
055761,call,奇鋐,3017
055762,call,奇鋐,3017
055763,call,世芯-KY,3661
055765,call,至上,8112
055767,call,欣興,3037
055768,call,欣興,3037
055769,call,美利達,9914
055770,call,元大台灣50,0050
055771,call,華新,1605
055772,call,中信金,2891
055773,call,欣興,3037
055774,call,聯鈞,3450
055775,call,日月光投控,3711
055776,call,至上,8112
055777,call,宇瞻,8271
05577U,put,台積電,2330
055787,call,台塑,1301
055788,call,華新,1605
055789,call,長興,1717
055790,call,上銀,2049
055792,call,仁寶,2324
055793,call,國巨*,2327
055794,call,華泰,2329
055795,call,敬鵬,2355
055796,call,所羅門,2359
055797,call,聯發科,2454
055798,call,飛宏,2457
055799,call,志聖,2467
055801,call,奇鋐,3017
055802,call,亞光,3019
055803,call,信邦,3023
055804,call,聯鈞,3450
055805,call,嘉澤,3533
055806,call,定穎投控,3715
055808,call,旭隼,6409
055810,call,訊芯-KY,6451
055811,call,富世達,6805
055812,call,致新,8081
055813,call,至上,8112
055814,call,宇瞻,8271
055816,call,宇瞻,8271
055821,call,南亞,1303
055822,call,金像電,2368
055823,call,超豐,2441
055824,call,奇鋐,3017
055825,call,奇鋐,3017
055826,call,欣興,3037
055827,call,欣興,3037
055828,call,健鼎,3044
055829,call,健鼎,3044
055830,call,新日興,3376
055832,call,定穎投控,3715
055833,call,訊芯-KY,6451
055834,call,訊芯-KY,6451
055835,call,AES-KY,6781
055836,call,富世達,6805
055837,call,富世達,6805
055838,call,台虹,8039
055839,call,宇瞻,8271
055840,call,宇瞻,8271
055841,call,宇瞻,8271
055842,call,宇瞻,8271
055843,call,宇瞻,8271
055851,call,東陽,1319
055853,call,美時,1795
055854,call,金像電,2368
055855,call,偉詮電,2436
055856,call,普安,2495
055857,call,奇鋐,3017
055858,call,增你強,3028
055859,call,健鼎,3044
055860,call,上緯投控,3708
055861,call,事欣科,4916
055862,call,臻鼎-KY,4958
055863,call,臻鼎-KY,4958
055864,call,旭隼,6409
055866,call,至上,8112
055870,call,中鋼,2002
055871,call,臻鼎-KY,4958
055874,call,南亞,1303
055875,call,士電,1503
055876,call,士電,1503
055877,call,中興電,1513
055878,call,亞力,1514
055880,call,中鋼,2002
055882,call,第一銅,2009
055883,call,宇隆,2233
055884,call,聯電,2303
055885,call,聯電,2303
055886,call,聯電,2303
055887,call,聯電,2303
055888,call,鴻海,2317
055889,call,鴻海,2317
055890,call,鴻海,2317
055891,call,台積電,2330
055892,call,微星,2377
055893,call,聯發科,2454
055894,call,長榮航,2618
055895,call,嘉晶,3016
055896,call,欣興,3037
055897,call,欣興,3037
055898,call,健鼎,3044
055899,call,緯創,3231
055900,call,台勝科,3532
055901,call,世芯-KY,3661
055902,call,神達,3706
055903,call,神達,3706
055904,call,定穎投控,3715
055905,call,祥碩,5269
055909,call,同欣電,6271
055910,call,矽力*-KY,6415
055911,call,保瑞,6472
055912,call,龍德造船,6753
055913,call,三集瑞-KY,6862
055914,call,宇瞻,8271
055916,call,元大台灣50,0050
055933,call,台化,1326
055934,call,美時,1795
055935,call,國巨*,2327
055936,call,奇鋐,3017
055937,call,奇鋐,3017
055938,call,增你強,3028
055939,call,增你強,3028
055940,call,欣興,3037
055941,call,欣興,3037
055942,call,欣興,3037
055943,call,昇貿,3305
055944,call,昇貿,3305
055945,call,嘉澤,3533
055946,call,嘉澤,3533
055947,call,世芯-KY,3661
055948,call,世芯-KY,3661
055949,call,日月光投控,3711
055950,call,日月光投控,3711
055951,call,定穎投控,3715
055952,call,緯穎,6669
055953,call,龍德造船,6753
055954,call,龍德造船,6753
055955,call,宇瞻,8271
055957,call,元大台灣50,0050
055967,call,台化,1326
055968,call,中興電,1513
055969,call,中砂,1560
055970,call,美時,1795
055971,call,宏碁,2353
055972,call,金像電,2368
055973,call,台光電,2383
055974,call,毅嘉,2402
055975,call,聯發科,2454
055977,call,奇鋐,3017
055978,call,健鼎,3044
055979,call,緯創,3231
055980,call,昇貿,3305
055981,call,聯鈞,3450
055983,call,嘉澤,3533
055984,call,世芯-KY,3661
055985,call,世芯-KY,3661
055986,call,貿聯-KY,3665
055987,call,中磊,5388
055989,call,緯穎,6669
055990,call,龍德造船,6753
055991,call,宇瞻,8271
055992,call,世芯-KY,3661
055993,call,矽力*-KY,6415
055994,call,佳能,2374
055997,call,宇瞻,8271
055998,call,中砂,1560
055999,call,第一銅,2009
056000,call,大成鋼,2027
056001,call,川湖,2059
056002,call,台光電,2383
056003,call,漢唐,2404
056004,call,聯發科,2454
056005,call,聯發科,2454
056006,call,奇鋐,3017
056007,call,德律,3030
056008,call,貿聯-KY,3665
056009,call,至上,8112
056010,call,東鹼,1708
056011,call,長興,1717
056012,call,第一銅,2009
056013,call,敬鵬,2355
056017,call,亞光,3019
056018,call,亞光,3019
056019,call,聯詠,3034
056022,call,欣興,3037
056023,call,世芯-KY,3661
056024,call,世芯-KY,3661
056025,call,世芯-KY,3661
056026,call,定穎投控,3715
056027,call,台耀,4746
056028,call,臻鼎-KY,4958
056029,call,達運,6120
056030,call,亞翔,6139
056031,call,同欣電,6271
056033,call,南亞,1303
056034,call,中興電,1513
056035,call,敬鵬,2355
056038,call,友達,2409
056039,call,長榮,2603
056040,call,華航,2610
056041,call,亞光,3019
056042,call,蔚華科,3055
056043,call,定穎投控,3715
056044,call,臻鼎-KY,4958
056045,call,中磊,5388
056046,call,精成科,6191
056047,call,聯茂,6213
056050,call,台郡,6269
056051,call,台積電,2330
056052,call,世芯-KY,3661
056053,call,台化,1326
056054,call,中興電,1513
056055,call,亞德客-KY,1590
056056,call,亞德客-KY,1590
056057,call,永光,1711
056058,call,上銀,2049
056059,call,光寶科,2301
056060,call,智邦,2345
056061,call,敬鵬,2355
056062,call,敬鵬,2355
056063,call,致茂,2360
056064,call,金像電,2368
056065,call,金像電,2368
056066,call,金像電,2368
056067,call,金像電,2368
056068,call,金像電,2368
056069,call,佳能,2374
056070,call,台光電,2383
056071,call,台光電,2383
056072,call,友達,2409
056073,call,聯發科,2454
056074,call,聯發科,2454
056075,call,聯發科,2454
056076,call,盟立,2464
056077,call,志聖,2467
056078,call,立隆電,2472
056079,call,奇鋐,3017
056080,call,奇鋐,3017
056081,call,亞光,3019
056082,call,文曄,3036
056083,call,嘉澤,3533
056084,call,世芯-KY,3661
056085,call,貿聯-KY,3665
056086,call,臻鼎-KY,4958
056087,call,臻鼎-KY,4958
056088,call,瀚宇博,5469
056090,call,亞翔,6139
056091,call,同欣電,6271
056092,call,訊芯-KY,6451
056093,call,訊芯-KY,6451
056094,call,訊芯-KY,6451
056095,call,訊芯-KY,6451
056096,call,富世達,6805
056097,call,富世達,6805
056098,call,宇瞻,8271
056099,call,宇瞻,8271
056100,call,宇瞻,8271
056101,call,宇瞻,8271
056102,call,宇瞻,8271
056109,call,台塑,1301
056110,call,台塑,1301
056111,call,台塑,1301
056112,call,中興電,1513
056113,call,美時,1795
056114,call,上銀,2049
056116,call,聯電,2303
056117,call,聯電,2303
056118,call,鴻海,2317
056119,call,鴻海,2317
056120,call,仁寶,2324
056121,call,廣宇,2328
056122,call,台積電,2330
056123,call,宏碁,2353
056124,call,敬鵬,2355
056125,call,佳能,2374
056126,call,佳能,2374
056127,call,仲琦,2419
056128,call,盟立,2464
056129,call,漢翔,2634
056130,call,奇鋐,3017
056132,call,欣興,3037
056133,call,欣興,3037
056134,call,欣興,3037
056135,call,欣興,3037
056136,call,台勝科,3532
056137,call,嘉澤,3533
056138,call,台積電,2330
056139,call,嘉澤,3533
05613U,put,緯穎,6669
056140,call,定穎投控,3715
056141,call,達興材料,5234
056142,call,達興材料,5234
056143,call,乙盛-KY,5243
056144,call,台郡,6269
056145,call,同欣電,6271
056146,call,同欣電,6271
056147,call,同欣電,6271
056148,call,康舒,6282
056149,call,訊芯-KY,6451
056150,call,訊芯-KY,6451
056152,call,保瑞,6472
056153,call,宇瞻,8271
056154,call,可寧衛*,8422
056160,call,南亞,1303
056161,call,士電,1503
056162,call,亞德客-KY,1590
056163,call,大亞,1609
056164,call,宇隆,2233
056165,call,國巨*,2327
056167,call,敬鵬,2355
056168,call,台光電,2383
056169,call,毅嘉,2402
056170,call,嘉晶,3016
056171,call,聯詠,3034
056172,call,欣興,3037
056173,call,欣興,3037
056174,call,蔚華科,3055
056175,call,緯創,3231
056176,call,緯創,3231
056177,call,昇貿,3305
056180,call,嘉澤,3533
056181,call,定穎投控,3715
056182,call,材料*-KY,4763
056183,call,臻鼎-KY,4958
056184,call,眾達-KY,4977
056185,call,乙盛-KY,5243
056187,call,旭隼,6409
056189,call,緯穎,6669
056190,call,龍德造船,6753
056191,call,汎銓,6830
056192,call,兆聯實業,6944
056193,call,昇陽半導體,8028
056194,call,福懋科,8131
056195,call,可寧衛*,8422
056196,call,元大台灣50,0050
056197,call,元大台灣50,0050
056206,call,南亞,1303
056207,call,台化,1326
056208,call,亞力,1514
056210,call,美時,1795
056211,call,第一銅,2009
056212,call,宏碁,2353
056213,call,敬鵬,2355
056215,call,佳能,2374
056216,call,微星,2377
056217,call,台光電,2383
056218,call,友達,2409
056219,call,長榮航,2618
056220,call,奇鋐,3017
056221,call,欣興,3037
056222,call,健鼎,3044
056223,call,緯創,3231
056224,call,昇貿,3305
056225,call,世芯-KY,3661
056227,call,定穎投控,3715
056228,call,正文,4906
056229,call,臻鼎-KY,4958
056230,call,聯茂,6213
056231,call,力成,6239
056232,call,同欣電,6271
056233,call,訊芯-KY,6451
056234,call,緯穎,6669
056235,call,福懋科,8131
056236,call,大成鋼,2027
056237,call,敬鵬,2355
056238,call,聯鈞,3450
056239,call,嘉澤,3533
056240,call,達興材料,5234
056241,call,瀚宇博,5469
056242,call,訊芯-KY,6451
056243,call,勤誠,8210
056244,call,台塑,1301
056245,call,亞德客-KY,1590
056246,call,永光,1711
056247,call,宏碁,2353
056248,call,敬鵬,2355
056249,call,強茂,2481
056250,call,新日興,3376
056251,call,新日興,3376
056252,call,嘉澤,3533
056253,call,定穎投控,3715
056254,call,大銀微系統,4576
056255,call,立積,4968
056256,call,聯茂,6213
056257,call,同欣電,6271
056258,call,訊芯-KY,6451
056259,call,勤誠,8210
056262,call,聯電,2303
056263,call,亞力,1514
056264,call,聯電,2303
056265,call,雄獅,2731
056266,call,大立光,3008
056269,call,牧德,3563
056270,call,達興材料,5234
056271,call,旭隼,6409
056272,call,汎銓,6830
056273,call,寶成,9904
056274,call,亞翔,6139
056275,call,台光電,2383
056276,call,定穎投控,3715
056277,call,台塑,1301
056278,call,南亞,1303
056279,call,台化,1326
056280,call,中興電,1513
056281,call,永光,1711
056285,call,鴻海,2317
056286,call,鴻海,2317
056287,call,台積電,2330
056288,call,佳能,2374
056290,call,台光電,2383
056292,call,友達,2409
056294,call,超豐,2441
056295,call,聯發科,2454
056296,call,奇鋐,3017
056297,call,欣興,3037
056298,call,欣興,3037
056301,call,欣興,3037
056302,call,健鼎,3044
056303,call,嘉澤,3533
056304,call,嘉澤,3533
056305,call,嘉澤,3533
056306,call,嘉澤,3533
056307,call,世芯-KY,3661
056308,call,定穎投控,3715
056309,call,定穎投控,3715
056310,call,定穎投控,3715
056311,call,定穎投控,3715
056312,call,臻鼎-KY,4958
056313,call,臻鼎-KY,4958
056314,call,立積,4968
056315,call,祥碩,5269
056316,call,佳必琪,6197
056317,call,康舒,6282
056319,call,康舒,6282
056320,call,訊芯-KY,6451
056322,call,訊芯-KY,6451
056323,call,訊芯-KY,6451
056325,call,勤誠,8210
056326,call,勤誠,8210
056328,call,士電,1503
056329,call,士電,1503
056331,call,佳能,2374
056332,call,萬海,2615
056334,call,雲豹能源,6869
056338,call,台化,1326
056339,call,長興,1717
056340,call,美時,1795
056341,call,宇隆,2233
056342,call,金像電,2368
056343,call,佳能,2374
056344,call,友達,2409
056345,call,友達,2409
056346,call,長榮航,2618
056347,call,奇鋐,3017
056348,call,信邦,3023
056349,call,健鼎,3044
056350,call,世芯-KY,3661
056351,call,立積,4968
056352,call,中磊,5388
056353,call,中磊,5388
056354,call,緯穎,6669
056355,call,至上,8112
056361,call,台塑,1301
056362,call,士電,1503
056363,call,中興電,1513
056364,call,亞德客-KY,1590
056365,call,大亞,1609
056366,call,長興,1717
056367,call,上銀,2049
056369,call,仁寶,2324
056371,call,廣宇,2328
056372,call,金像電,2368
056373,call,漢翔,2634
056374,call,亞光,3019
056375,call,聯詠,3034
056376,call,嘉澤,3533
056377,call,材料*-KY,4763
056378,call,達興材料,5234
056381,call,康舒,6282
056382,call,旭隼,6409
056384,call,惠特,6706
056385,call,勤誠,8210
056386,call,勤誠,8210
056390,call,鴻海,2317
056391,call,鴻海,2317
056394,call,台光電,2383
056395,call,京元電子,2449
056396,call,聯發科,2454
056397,call,聯發科,2454
056398,call,聯發科,2454
056400,call,奇鋐,3017
056401,call,奇鋐,3017
056402,call,定穎投控,3715
056403,call,定穎投控,3715
056404,call,鈞興-KY,4571
056405,call,臻鼎-KY,4958
056406,call,臻鼎-KY,4958
056408,call,力成,6239
056409,call,矽力*-KY,6415
056410,call,保瑞,6472
056411,call,至上,8112
056412,call,至上,8112
056413,call,宏全,9939
056414,call,世紀鋼,9958
056415,call,增你強,3028
056416,call,瀚荃,8103
056418,call,宏碁,2353
056419,call,雄獅,2731
056420,call,材料*-KY,4763
056421,call,康舒,6282
056422,call,AES-KY,6781
056423,call,天虹,6937
056424,call,南亞,1303
056425,call,美時,1795
056426,call,美時,1795
056427,call,上銀,2049
056429,call,聯電,2303
056430,call,台光電,2383
056431,call,台光電,2383
056432,call,友達,2409
056433,call,強茂,2481
056434,call,奇鋐,3017
056435,call,奇鋐,3017
056436,call,欣興,3037
056437,call,欣興,3037
056438,call,嘉澤,3533
056439,call,台積電,2330
056440,call,日月光投控,3711
056441,call,定穎投控,3715
056442,call,力成,6239
056443,call,至上,8112
056444,call,華泰,2329
056446,call,毅嘉,2402
056448,call,緯穎,6669
056449,call,至上,8112
056450,call,宇瞻,8271
056451,call,漢唐,2404
056452,call,台化,1326
056453,call,永光,1711
056454,call,美時,1795
056455,call,鴻海,2317
056456,call,台積電,2330
056457,call,台積電,2330
056458,call,大同,2371
056460,call,大同,2371
056461,call,大同,2371
056462,call,佳能,2374
056463,call,台光電,2383
056464,call,友達,2409
056465,call,超豐,2441
056466,call,聯發科,2454
056468,call,奇鋐,3017
056469,call,欣興,3037
056470,call,世芯-KY,3661
056471,call,定穎投控,3715
056473,call,立積,4968
056474,call,中磊,5388
056476,call,緯穎,6669
056477,call,龍德造船,6753
056479,call,華榮,1608
056480,call,上銀,2049
056481,call,宏碁,2353
056482,call,敬鵬,2355
056483,call,敬鵬,2355
056484,call,台光電,2383
056485,call,志聖,2467
056486,call,聯鈞,3450
056487,call,嘉澤,3533
056488,call,臻鼎-KY,4958
056489,call,聯茂,6213
056490,call,同欣電,6271
056491,call,勤誠,8210
056492,call,勤誠,8210
056493,call,勤誠,8210
056494,call,宇瞻,8271
056499,call,美時,1795
056500,call,光寶科,2301
056501,call,光寶科,2301
056502,call,世芯-KY,3661
056504,call,富世達,6805
056505,call,致新,8081
056506,call,瀚荃,8103
056507,call,亞光,3019
056511,call,中興電,1513
056512,call,亞德客-KY,1590
056514,call,聯電,2303
056516,call,金像電,2368
056517,call,漢翔,2634
056518,call,亞光,3019
056520,call,材料*-KY,4763
056521,call,臻鼎-KY,4958
056522,call,達興材料,5234
056523,call,亞翔,6139
056524,call,康舒,6282
056525,call,康舒,6282
056527,call,瀚荃,8103
056528,call,勤誠,8210
056536,call,南亞,1303
056537,call,南亞,1303
056538,call,南亞,1303
056539,call,南亞,1303
056540,call,台化,1326
056541,call,中興電,1513
056542,call,長興,1717
056543,call,美時,1795
056544,call,大成鋼,2027
056545,call,上銀,2049
056546,call,上銀,2049
056547,call,聯電,2303
056548,call,聯電,2303
056549,call,鴻海,2317
056550,call,仁寶,2324
056551,call,華泰,2329
056552,call,台積電,2330
056553,call,華碩,2357
056554,call,佳能,2374
056555,call,台光電,2383
056556,call,台光電,2383
056557,call,台光電,2383
056558,call,超豐,2441
056559,call,聯發科,2454
056560,call,聯發科,2454
056561,call,雄獅,2731
056565,call,欣興,3037
056566,call,欣興,3037
056567,call,緯創,3231
056568,call,緯創,3231
056569,call,緯創,3231
056570,call,臻鼎-KY,4958
056571,call,乙盛-KY,5243
056572,call,乙盛-KY,5243
056573,call,祥碩,5269
056574,call,保瑞,6472
056575,call,保瑞,6472
056576,call,惠特,6706
056577,call,汎銓,6830
056578,call,汎銓,6830
056579,call,勤誠,8210
056580,call,宇瞻,8271
056581,call,宇瞻,8271
056583,call,盟立,2464
056584,call,光寶科,2301
056585,call,龍德造船,6753
056588,call,中興電,1513
056589,call,華新,1605
056590,call,上銀,2049
056591,call,聯電,2303
056593,call,台光電,2383
056594,call,友達,2409
056595,call,聯發科,2454
056596,call,新興,2605
056597,call,聯詠,3034
056598,call,欣興,3037
056599,call,大量,3167
056600,call,緯創,3231
056601,call,亞翔,6139
056602,call,至上,8112
056606,call,鴻海,2317
056607,call,台積電,2330
056608,call,智邦,2345
056609,call,金像電,2368
056610,call,盟立,2464
056611,call,大立光,3008
056613,call,世芯-KY,3661
056614,call,緯穎,6669
056615,call,AES-KY,6781
056619,call,台塑,1301
056620,call,南亞,1303
056621,call,台化,1326
056622,call,美時,1795
056623,call,上銀,2049
056624,call,上銀,2049
056625,call,鴻海,2317
056626,call,鴻海,2317
056627,call,廣宇,2328
056628,call,華泰,2329
056629,call,台積電,2330
056630,call,台積電,2330
056631,call,智邦,2345
056633,call,台光電,2383
056634,call,聯發科,2454
056635,call,聯發科,2454
056636,call,信邦,3023
056637,call,日電貿,3090
056638,call,大量,3167
056639,call,世芯-KY,3661
056640,call,日月光投控,3711
056641,call,定穎投控,3715
056642,call,大銀微系統,4576
056643,call,大銀微系統,4576
056644,call,乙盛-KY,5243
056645,call,帆宣,6196
056646,call,今國光,6209
056647,call,台塑化,6505
056648,call,宇瞻,8271
056649,call,宇瞻,8271
056654,call,南亞,1303
056655,call,台化,1326
056656,call,中興電,1513
056657,call,大成鋼,2027
056658,call,上銀,2049
056659,call,鴻海,2317
056660,call,國巨*,2327
056661,call,華泰,2329
056662,call,台積電,2330
056663,call,台積電,2330
056664,call,智邦,2345
056665,call,金像電,2368
056666,call,台光電,2383
056667,call,聯發科,2454
056668,call,盟立,2464
056669,call,雄獅,2731
056670,call,亞光,3019
056671,call,聯詠,3034
056672,call,緯創,3231
056673,call,世芯-KY,3661
056674,call,日月光投控,3711
056675,call,材料*-KY,4763
056677,call,達興材料,5234
056678,call,乙盛-KY,5243
056679,call,康舒,6282
056680,call,樺漢,6414
056681,call,勤誠,8210
056682,call,宇瞻,8271
056685,call,東元,1504
056687,call,亞德客-KY,1590
056688,call,亞德客-KY,1590
056689,call,台積電,2330
056690,call,台積電,2330
056691,call,智邦,2345
056692,call,華碩,2357
056693,call,華碩,2357
056694,call,友達,2409
056695,call,友達,2409
056696,call,偉詮電,2436
056697,call,超豐,2441
056698,call,盟立,2464
056699,call,蔚華科,3055
056700,call,大量,3167
056701,call,京鼎,3413
056702,call,TPK-KY,3673
056703,call,上緯投控,3708
056704,call,日月光投控,3711
056705,call,達興材料,5234
056706,call,達興材料,5234
056707,call,AES-KY,6781
056710,call,宇瞻,8271
056711,call,宇瞻,8271
056720,call,台化,1326
056721,call,金像電,2368
056722,call,金像電,2368
056723,call,台光電,2383
056724,call,盟立,2464
056726,call,今國光,6209
056727,call,同欣電,6271
056728,call,兆聯實業,6944
056729,call,宇瞻,8271
056734,call,台化,1326
056735,call,鴻海,2317
056736,call,台積電,2330
056737,call,台積電,2330
056738,call,金像電,2368
056739,call,大同,2371
056741,call,友達,2409
056742,call,聯發科,2454
056743,call,盟立,2464
056744,call,盟立,2464
056745,call,普安,2495
056746,call,富邦金,2881
056748,call,台新新光金,2887
056749,call,永豐金,2890
056750,call,中信金,2891
056751,call,奇鋐,3017
056753,call,世芯-KY,3661
056754,call,康普,4739
056755,call,立積,4968
056756,call,佳必琪,6197
056757,call,緯穎,6669
056758,call,至上,8112
056759,call,宇瞻,8271
056760,call,潤泰新,9945
056761,call,台泥,1101
056762,call,中興電,1513
056763,call,亞力,1514
056764,call,亞德客-KY,1590
056765,call,亞德客-KY,1590
056766,call,亞德客-KY,1590
056767,call,大亞,1609
056768,call,長興,1717
056769,call,長興,1717
056770,call,美時,1795
056771,call,中鋼,2002
056772,call,大成鋼,2027
056773,call,大成鋼,2027
056775,call,宇隆,2233
056776,call,台積電,2330
056777,call,宏碁,2353
056778,call,大同,2371
056779,call,大同,2371
056780,call,佳能,2374
056781,call,台光電,2383
056782,call,台光電,2383
056783,call,台光電,2383
056784,call,友達,2409
056785,call,友達,2409
056786,call,聯發科,2454
056787,call,聯發科,2454
056788,call,華航,2610
056789,call,華立,3010
056790,call,聯詠,3034
056791,call,聯詠,3034
056794,call,欣興,3037
056795,call,大量,3167
056798,call,達邁,3645
056799,call,康普,4739
056800,call,臻鼎-KY,4958
056801,call,臻鼎-KY,4958
056802,call,臻鼎-KY,4958
056803,call,中磊,5388
056804,call,康舒,6282
056805,call,康舒,6282
056806,call,康舒,6282
056807,call,保瑞,6472
056808,call,台塑化,6505
056809,call,瀚荃,8103
056810,call,勤誠,8210
056811,call,宇瞻,8271
056813,call,鴻海,2317
056814,call,宇隆,2233
056815,call,台積電,2330
056816,call,金像電,2368
056817,call,超豐,2441
056820,call,富邦金,2881
056821,call,鴻海,2317
056822,call,威健,3033
056825,call,日月光投控,3711
056826,call,亞翔,6139
056827,call,今國光,6209
056828,call,今國光,6209
056829,call,汎銓,6830
056830,call,上銀,2049
056831,call,川湖,2059
056832,call,光寶科,2301
056833,call,智邦,2345
056834,call,台光電,2383
056835,call,聯發科,2454
056836,call,聯發科,2454
056837,call,亞翔,6139
056838,call,富邦科技,0052
056840,call,川湖,2059
056841,call,金像電,2368
056842,call,力成,6239
056843,call,緯穎,6669
056845,call,台化,1326
056846,call,和大,1536
056847,call,上銀,2049
056848,call,台積電,2330
056849,call,智邦,2345
056850,call,致茂,2360
056852,call,聯發科,2454
056853,call,盟立,2464
056854,call,盟立,2464
056855,call,信邦,3023
056856,call,聯詠,3034
056857,call,欣興,3037
056858,call,大量,3167
056859,call,大量,3167
056860,call,聯鈞,3450
056861,call,聯鈞,3450
056862,call,台勝科,3532
056863,call,世芯-KY,3661
056864,call,貿聯-KY,3665
056865,call,日月光投控,3711
056866,call,達興材料,5234
056867,call,乙盛-KY,5243
056868,call,乙盛-KY,5243
056869,call,天虹,6937
056870,call,宇瞻,8271
056871,call,宇瞻,8271
056875,call,華泰,2329
056876,call,佳能,2374
056877,call,聯發科,2454
056878,call,威健,3033
056879,call,威健,3033
056880,call,欣興,3037
056881,call,大量,3167
056883,call,貿聯-KY,3665
056884,call,日月光投控,3711
056885,call,鴻海,2317
056886,call,鴻海,2317
056888,call,文曄,3036
056889,call,欣興,3037
056890,call,大量,3167
056892,call,台化,1326
056893,call,中興電,1513
056894,call,大成鋼,2027
056895,call,上銀,2049
056896,call,台積電,2330
056897,call,智邦,2345
056898,call,矽統,2363
056900,call,亞光,3019
056901,call,威健,3033
056902,call,威健,3033
056903,call,世芯-KY,3661
056905,call,貿聯-KY,3665
056907,call,材料*-KY,4763
056908,call,達興材料,5234
056909,call,台郡,6269
056910,call,台郡,6269
056911,call,勤誠,8210
056918,call,台塑,1301
056919,call,台化,1326
056920,call,東元,1504
056921,call,大亞,1609
056922,call,長興,1717
056923,call,長興,1717
056924,call,美時,1795
056925,call,美時,1795
056926,call,大成鋼,2027
056929,call,聯電,2303
056930,call,廣宇,2328
056931,call,台積電,2330
056932,call,台積電,2330
056933,call,宏碁,2353
056934,call,宏碁,2353
056935,call,大同,2371
056936,call,大同,2371
056937,call,佳能,2374
056938,call,微星,2377
056939,call,盟立,2464
056940,call,盟立,2464
056941,call,漢翔,2634
056942,call,華立,3010
056943,call,亞光,3019
056944,call,亞光,3019
056945,call,亞光,3019
056946,call,增你強,3028
056947,call,威健,3033
056949,call,聯詠,3034
056950,call,文曄,3036
056951,call,欣興,3037
056952,call,欣興,3037
056953,call,欣興,3037
056957,call,臻鼎-KY,4958
056959,call,今國光,6209
056960,call,同欣電,6271
056961,call,同欣電,6271
056962,call,同欣電,6271
056963,call,康舒,6282
056964,call,康舒,6282
056965,call,康舒,6282
056966,call,矽力*-KY,6415
056975,call,東元,1504
056976,call,亞德客-KY,1590
056977,call,長興,1717
056978,call,美時,1795
056979,call,中鋼,2002
056980,call,鴻海,2317
056981,call,台積電,2330
056982,call,台積電,2330
056983,call,智邦,2345
056984,call,宏碁,2353
056985,call,大同,2371
056986,call,友達,2409
056988,call,大立光,3008
056990,call,威健,3033
056991,call,文曄,3036
056992,call,欣興,3037
056994,call,欣興,3037
056995,call,大量,3167
056996,call,世芯-KY,3661
056997,call,貿聯-KY,3665
056998,call,臻鼎-KY,4958
056999,call,達興材料,5234
05699U,put,華邦電,2344
057000,call,佳必琪,6197
057001,call,緯穎,6669
057002,call,龍德造船,6753
057003,call,采鈺,6789
057004,call,至上,8112
057005,call,智邦,2345
057006,call,瑞昱,2379
057007,call,威健,3033
057008,call,聯詠,3034
057009,call,日月光投控,3711
057010,call,矽力*-KY,6415
057011,call,天虹,6937
057012,call,美時,1795
057013,call,華通,2313
057014,call,台積電,2330
057015,call,智邦,2345
057017,call,智原,3035
057018,call,至上,8112
057019,call,華通,2313
057020,call,華通,2313
057021,call,欣興,3037
057022,call,建漢,3062
057023,call,南亞,1303
057024,call,台化,1326
057025,call,大成鋼,2027
057026,call,大成鋼,2027
057027,call,華通,2313
057028,call,智邦,2345
057029,call,智邦,2345
057030,call,宏碁,2353
057031,call,宏碁,2353
057032,call,瑞昱,2379
057033,call,志聖,2467
057034,call,亞光,3019
057035,call,昇貿,3305
057036,call,新日興,3376
057037,call,新日興,3376
057038,call,嘉澤,3533
057039,call,定穎投控,3715
057041,call,臻鼎-KY,4958
057042,call,今國光,6209
057044,call,矽力*-KY,6415
057045,call,矽力*-KY,6415
057046,call,AES-KY,6781
057050,call,南亞,1303
057052,call,台化,1326
057053,call,大成鋼,2027
057055,call,華通,2313
057056,call,華通,2313
057057,call,鴻海,2317
057058,call,台積電,2330
057059,call,台積電,2330
057061,call,台光電,2383
057062,call,超豐,2441
057063,call,盟立,2464
057064,call,富邦金,2881
057065,call,元大金,2885
057066,call,奇鋐,3017
057067,call,奇鋐,3017
057068,call,亞光,3019
057069,call,聯詠,3034
057070,call,日月光投控,3711
057071,call,亞翔,6139
057072,call,同欣電,6271
057073,call,康舒,6282
057074,call,矽力*-KY,6415
057075,call,勤誠,8210
057078,call,台光電,2383
057079,call,偉詮電,2436
057080,call,矽統,2363
057081,call,文曄,3036
057082,call,大量,3167
057083,call,樺漢,6414
057084,call,采鈺,6789
057086,call,南亞,1303
057087,call,南亞,1303
057088,call,美時,1795
057089,call,華通,2313
05708U,put,台積電,2330
057090,call,華通,2313
057091,call,華通,2313
057092,call,華通,2313
057093,call,友達,2409
057094,call,友達,2409
057095,call,瀚荃,8103
057096,call,元大台灣50,0050
057098,call,台塑,1301
057099,call,台化,1326
057100,call,台化,1326
057101,call,台化,1326
057102,call,台化,1326
057103,call,台化,1326
057104,call,中興電,1513
057105,call,亞德客-KY,1590
057106,call,中鋼,2002
057107,call,中鋼,2002
057108,call,大成鋼,2027
057109,call,華通,2313
057110,call,華通,2313
057111,call,華通,2313
057112,call,華通,2313
057113,call,華通,2313
057114,call,華通,2313
057115,call,台積電,2330
057116,call,台積電,2330
057117,call,佳能,2374
057118,call,凱美,2375
057120,call,億光,2393
057121,call,京元電子,2449
057122,call,京元電子,2449
057123,call,聯發科,2454
057124,call,聯發科,2454
057125,call,聯發科,2454
057126,call,強茂,2481
057128,call,聯詠,3034
057129,call,文曄,3036
057131,call,欣興,3037
057134,call,大量,3167
057136,call,大量,3167
057137,call,定穎投控,3715
057138,call,定穎投控,3715
057140,call,同欣電,6271
057141,call,同欣電,6271
057142,call,同欣電,6271
057144,call,汎銓,6830
057145,call,汎銓,6830
057147,call,奇鋐,3017
057148,call,啟碁,6285
057149,call,台化,1326
057150,call,東元,1504
057151,call,永光,1711
057152,call,光寶科,2301
057153,call,台達電,2308
057154,call,華通,2313
057155,call,華通,2313
057156,call,華通,2313
057157,call,台積電,2330
057158,call,台積電,2330
057159,call,智邦,2345
057160,call,所羅門,2359
057161,call,所羅門,2359
057162,call,致茂,2360
057163,call,致茂,2360
057164,call,金像電,2368
057165,call,佳能,2374
057166,call,佳能,2374
057167,call,台光電,2383
057168,call,漢唐,2404
057169,call,友達,2409
057170,call,京元電子,2449
057171,call,京元電子,2449
057172,call,德律,3030
057173,call,文曄,3036
057174,call,新日興,3376
057175,call,玉晶光,3406
057177,call,台勝科,3532
057178,call,日月光投控,3711
057179,call,日月光投控,3711
057180,call,日月光投控,3711
057181,call,智伸科,4551
057182,call,新唐,4919
057183,call,達興材料,5234
057184,call,同欣電,6271
057185,call,康舒,6282
057186,call,啟碁,6285
057187,call,啟碁,6285
057188,call,啟碁,6285
057189,call,啟碁,6285
057190,call,啟碁,6285
057191,call,啟碁,6285
057192,call,啟碁,6285
057193,call,啟碁,6285
057194,call,矽力*-KY,6415
057195,call,矽力*-KY,6415
057196,call,保瑞,6472
057197,call,南茂,8150
057198,call,元大台灣50,0050
057199,call,華通,2313
057200,call,台積電,2330
057201,call,台光電,2383
057203,call,盟立,2464
057204,call,凱基金,2883
057205,call,德律,3030
057206,call,亞翔,6139
057207,call,啟碁,6285
057208,call,啟碁,6285
057209,call,龍德造船,6753
057210,call,南亞,1303
057211,call,華城,1519
057212,call,華城,1519
057213,call,中砂,1560
057214,call,華通,2313
057215,call,國巨*,2327
057216,call,致茂,2360
057221,call,億光,2393
057222,call,中工,2515
057223,call,中工,2515
057224,call,神基,3005
057225,call,大立光,3008
057226,call,大立光,3008
057227,call,禾伸堂,3026
057228,call,欣興,3037
057229,call,欣興,3037
057230,call,京鼎,3413
057231,call,聯鈞,3450
057232,call,辛耘,3583
057233,call,定穎投控,3715
057234,call,眾達-KY,4977
057235,call,亞翔,6139
057236,call,同欣電,6271
057238,call,啟碁,6285
057239,call,啟碁,6285
057240,call,緯穎,6669
057241,call,昇陽半導體,8028
057242,call,宇瞻,8271
057247,call,華城,1519
057248,call,華城,1519
057249,call,華城,1519
057250,call,中砂,1560
057251,call,台達電,2308
057253,call,華通,2313
057254,call,華通,2313
057255,call,華通,2313
057256,call,鴻海,2317
057258,call,國巨*,2327
057259,call,台積電,2330
057261,call,億光,2393
057262,call,漢唐,2404
057263,call,京元電子,2449
057265,call,中工,2515
057266,call,台新新光金,2887
057267,call,欣興,3037
057268,call,欣興,3037
057269,call,欣興,3037
057270,call,聯鈞,3450
057271,call,上緯投控,3708
057272,call,定穎投控,3715
057273,call,臻鼎-KY,4958
057274,call,啟碁,6285
057275,call,啟碁,6285
057276,call,啟碁,6285
057278,call,龍德造船,6753
057279,call,AES-KY,6781
057280,call,勤誠,8210
057283,call,南亞,1303
057284,call,華城,1519
057285,call,華城,1519
057286,call,中砂,1560
057287,call,光寶科,2301
057288,call,台達電,2308
057289,call,台達電,2308
057290,call,台達電,2308
057291,call,台達電,2308
057292,call,華通,2313
057293,call,致茂,2360
057294,call,中工,2515
057295,call,國精化,4722
057296,call,雙鍵,4764
057297,call,事欣科,4916
057298,call,同欣電,6271
057299,call,啟碁,6285
057300,call,GIS-KY,6456
057301,call,元大台灣50,0050
057302,call,元大台灣50,0050
057303,call,南亞,1303
057304,call,華通,2313
057305,call,華通,2313
057306,call,台積電,2330
057307,call,台積電,2330
057308,call,台積電,2330
057309,call,台積電,2330
05730U,put,華邦電,2344
057310,call,台積電,2330
057311,call,台積電,2330
057312,call,台積電,2330
057313,call,台積電,2330
057314,call,台積電,2330
057315,call,台積電,2330
057316,call,國精化,4722
057317,call,亞翔,6139
057318,call,AES-KY,6781
057319,call,AES-KY,6781
057322,call,兆聯實業,6944
057326,call,台化,1326
057327,call,士電,1503
057328,call,士電,1503
057329,call,士電,1503
057330,call,士電,1503
057331,call,東元,1504
057332,call,中興電,1513
057333,call,華城,1519
057334,call,華城,1519
057335,call,華榮,1608
057336,call,長興,1717
057338,call,聯電,2303
057339,call,華通,2313
057340,call,華通,2313
057341,call,華泰,2329
057342,call,台積電,2330
057343,call,台積電,2330
057344,call,英業達,2356
057345,call,佳能,2374
057346,call,技嘉,2376
057347,call,台光電,2383
057348,call,台光電,2383
057349,call,偉詮電,2436
057350,call,盟立,2464
057352,call,強茂,2481
057353,call,華新科,2492
057354,call,漢翔,2634
057355,call,永豐金,2890
057356,call,奇鋐,3017
057357,call,奇鋐,3017
057358,call,文曄,3036
057359,call,欣興,3037
057360,call,欣興,3037
057361,call,定穎投控,3715
057362,call,國精化,4722
057363,call,新唐,4919
057364,call,全訊,5222
057365,call,啟碁,6285
057366,call,啟碁,6285
057367,call,啟碁,6285
057368,call,愛普*,6531
057369,call,愛普*,6531
057370,call,惠特,6706
057372,call,至上,8112
057377,call,台化,1326
057379,call,華城,1519
057381,call,中砂,1560
057382,call,美時,1795
057383,call,台達電,2308
057384,call,台達電,2308
057385,call,華通,2313
057387,call,華通,2313
057388,call,鴻海,2317
057389,call,國巨*,2327
057391,call,台積電,2330
057392,call,台積電,2330
057393,call,光罩,2338
057395,call,台光電,2383
057396,call,凌陽,2401
057397,call,友達,2409
057398,call,聯發科,2454
057399,call,中工,2515
057400,call,中工,2515
057401,call,漢翔,2634
057402,call,元大金,2885
057403,call,台新新光金,2887
057404,call,大立光,3008
057405,call,奇鋐,3017
057406,call,禾伸堂,3026
057407,call,德律,3030
057408,call,欣興,3037
057409,call,欣興,3037
057410,call,建漢,3062
057411,call,聯鈞,3450
057412,call,辛耘,3583
057413,call,日月光投控,3711
057414,call,雙鍵,4764
057416,call,達興材料,5234
057417,call,瑞儀,6176
057418,call,同欣電,6271
057419,call,啟碁,6285
057420,call,矽力*-KY,6415
057422,call,勤誠,8210
057423,call,富鼎,8261
057428,call,華城,1519
057429,call,南亞,1303
057430,call,華城,1519
057431,call,光寶科,2301
057432,call,華通,2313
057433,call,鴻海,2317
057434,call,鴻海,2317
057435,call,智邦,2345
057436,call,友達,2409
057437,call,日月光投控,3711
057438,call,啟碁,6285
057439,call,緯穎,6669
057440,call,中興電,1513
057441,call,華城,1519
057442,call,華城,1519
057443,call,光寶科,2301
057445,call,華通,2313
057446,call,鴻海,2317
057447,call,國巨*,2327
057448,call,台積電,2330
057449,call,聯發科,2454
057451,call,緯創,3231
057454,call,康舒,6282
057455,call,昇陽半導體,8028
057456,call,至上,8112
057457,call,勤誠,8210
057462,call,南亞,1303
057463,call,聯電,2303
057464,call,華通,2313
057465,call,華通,2313
057466,call,矽統,2363
057467,call,聯發科,2454
057468,call,欣興,3037
057469,call,定穎投控,3715
057470,call,矽格,6257
057471,call,啟碁,6285
057472,call,泓德能源,6873
057473,call,元大台灣50,0050
057475,call,元大台灣50,0050
057476,call,台塑,1301
057477,call,台塑,1301
057478,call,台化,1326
057479,call,台化,1326
057480,call,中砂,1560
057481,call,永光,1711
057482,call,華通,2313
057483,call,華通,2313
057484,call,國巨*,2327
057485,call,國巨*,2327
057486,call,國巨*,2327
057487,call,華泰,2329
057488,call,台亞,2340
057489,call,新興,2605
05748U,put,元大台灣50,0050
057490,call,德律,3030
057491,call,欣興,3037
057492,call,欣興,3037
057493,call,聯鈞,3450
057494,call,日月光投控,3711
057495,call,雙鍵,4764
057496,call,新唐,4919
057497,call,眾達-KY,4977
057498,call,台郡,6269
057499,call,泓德能源,6873
057500,call,華城,1519
057501,call,華城,1519
057502,call,華城,1519
057503,call,華城,1519
057504,call,中砂,1560
057505,call,中砂,1560
057506,call,川湖,2059
057507,call,光寶科,2301
057508,call,光寶科,2301
057509,call,華通,2313
057510,call,台積電,2330
057511,call,致茂,2360
057512,call,佳能,2374
057513,call,京元電子,2449
057514,call,強茂,2481
057515,call,長榮,2603
057516,call,陽明,2609
057517,call,長榮航太,2645
057518,call,富邦金,2881
057519,call,國泰金,2882
057520,call,凱基金,2883
057521,call,中信金,2891
057522,call,德律,3030
057523,call,文曄,3036
057524,call,欣興,3037
057525,call,欣興,3037
057526,call,緯創,3231
057527,call,京鼎,3413
057528,call,聯鈞,3450
057529,call,辛耘,3583
057530,call,辛耘,3583
057531,call,世芯-KY,3661
057532,call,神達,3706
057533,call,日月光投控,3711
057534,call,臻鼎-KY,4958
057535,call,達興材料,5234
057536,call,聯茂,6213
057537,call,同欣電,6271
057538,call,同欣電,6271
057539,call,啟碁,6285
057540,call,啟碁,6285
057541,call,啟碁,6285
057542,call,訊芯-KY,6451
057543,call,愛普*,6531
057544,call,愛普*,6531
057545,call,龍德造船,6753
057546,call,采鈺,6789
057547,call,勤誠,8210
057548,call,南亞,1303
057549,call,光寶科,2301
057550,call,聯電,2303
057551,call,華通,2313
057552,call,華通,2313
057553,call,華泰,2329
057554,call,台積電,2330
057555,call,台積電,2330
057556,call,光罩,2338
057557,call,致茂,2360
057558,call,台光電,2383
057559,call,京元電子,2449
057560,call,聯發科,2454
057563,call,聯詠,3034
057564,call,欣興,3037
057565,call,欣興,3037
057566,call,欣興,3037
057567,call,緯創,3231
057568,call,日月光投控,3711
057569,call,新唐,4919
057570,call,臻鼎-KY,4958
057571,call,眾達-KY,4977
057572,call,達興材料,5234
057573,call,祥碩,5269
057574,call,愛普*,6531
057576,call,采鈺,6789
057577,call,汎銓,6830
057578,call,兆聯實業,6944
057579,call,富邦科技,0052
057581,call,南亞,1303
057582,call,華城,1519
057583,call,中砂,1560
057584,call,光寶科,2301
057585,call,華通,2313
057586,call,鴻海,2317
057587,call,國巨*,2327
057589,call,國巨*,2327
057590,call,台積電,2330
057591,call,台積電,2330
057592,call,台積電,2330
057593,call,精英,2331
057594,call,智邦,2345
057595,call,致茂,2360
057596,call,致茂,2360
057597,call,台光電,2383
057598,call,京元電子,2449
057600,call,德律,3030
057601,call,欣興,3037
057602,call,雙鍵,4764
057603,call,臻鼎-KY,4958
057604,call,臻鼎-KY,4958
057605,call,天鈺,4961
057606,call,達興材料,5234
057607,call,力成,6239
057608,call,同欣電,6271
057609,call,啟碁,6285
057610,call,訊芯-KY,6451
057611,call,保瑞,6472
057612,call,AES-KY,6781
057613,call,昇陽半導體,8028
057620,call,台塑,1301
057621,call,南亞,1303
057622,call,南亞,1303
057623,call,華城,1519
057624,call,華城,1519
057625,call,華城,1519
057626,call,中砂,1560
057627,call,永光,1711
057628,call,美時,1795
057630,call,上銀,2049
057631,call,上銀,2049
057632,call,光寶科,2301
057633,call,光寶科,2301
057634,call,光寶科,2301
057635,call,聯電,2303
057636,call,華通,2313
057637,call,華通,2313
057638,call,華通,2313
057639,call,華泰,2329
057640,call,台積電,2330
057641,call,精英,2331
057642,call,英業達,2356
057643,call,佳能,2374
057644,call,技嘉,2376
057645,call,聯發科,2454
057646,call,盟立,2464
057648,call,強茂,2481
057649,call,漢翔,2634
057650,call,奇鋐,3017
057651,call,奇鋐,3017
057652,call,建漢,3062
057653,call,緯創,3231
057654,call,緯創,3231
057655,call,定穎投控,3715
057656,call,新唐,4919
057657,call,臻鼎-KY,4958
057658,call,達興材料,5234
057659,call,達興材料,5234
057660,call,精成科,6191
057661,call,精成科,6191
057663,call,采鈺,6789
057664,call,采鈺,6789
057666,call,三集瑞-KY,6862
057671,call,南亞,1303
057672,call,台化,1326
057673,call,東元,1504
057675,call,中興電,1513
057677,call,長興,1717
057678,call,光寶科,2301
057679,call,聯電,2303
057680,call,華通,2313
057681,call,鴻海,2317
057682,call,台積電,2330
057683,call,台積電,2330
057684,call,英業達,2356
057685,call,致茂,2360
057686,call,矽統,2363
057687,call,佳能,2374
057688,call,精金,3049
057689,call,京元電子,2449
057690,call,強茂,2481
057691,call,中信金,2891
057692,call,大立光,3008
057693,call,德律,3030
057694,call,文曄,3036
057695,call,欣興,3037
057696,call,辛耘,3583
057697,call,日月光投控,3711
057699,call,達興材料,5234
057700,call,中租-KY,5871
057701,call,聯茂,6213
057702,call,同欣電,6271
057703,call,采鈺,6789
057705,call,南亞,1303
057706,call,華城,1519
057707,call,中砂,1560
057708,call,華通,2313
057709,call,華通,2313
057710,call,鴻海,2317
057712,call,致茂,2360
057713,call,京元電子,2449
057714,call,飛宏,2457
057715,call,長榮航太,2645
057716,call,欣興,3037
057718,call,聯鈞,3450
057720,call,牧德,3563
057721,call,日月光投控,3711
057722,call,定穎投控,3715
057724,call,康舒,6282
057725,call,康舒,6282
057726,call,康舒,6282
057727,call,緯穎,6669
057728,call,惠特,6706
057730,call,三集瑞-KY,6862
057731,call,三集瑞-KY,6862
057732,call,元大台灣50,0050
057733,call,長興,1717
057734,call,川湖,2059
057735,call,聯發科,2454
057736,call,神基,3005
057737,call,新唐,4919
057738,call,臻鼎-KY,4958
057739,call,祥碩,5269
057740,call,勤誠,8210
057741,call,台塑,1301
057742,call,台化,1326
057743,call,士電,1503
057744,call,華城,1519
057745,call,鴻海,2317
057746,call,鴻海,2317
057747,call,華泰,2329
057748,call,台積電,2330
057749,call,致茂,2360
057750,call,台光電,2383
057751,call,漢唐,2404
057752,call,建準,2421
057753,call,飛宏,2457
057754,call,奇鋐,3017
057755,call,聯鈞,3450
057756,call,嘉澤,3533
057757,call,世芯-KY,3661
057758,call,日月光投控,3711
057759,call,國精化,4722
057760,call,聯茂,6213
057761,call,聯茂,6213
057762,call,台塑化,6505
057763,call,龍德造船,6753
057764,call,汎銓,6830
057765,call,至上,8112
057766,call,南茂,8150
057767,call,台化,1326
057768,call,志聖,2467
057769,call,禾伸堂,3026
057770,call,日月光投控,3711
057771,call,兆聯實業,6944
057772,call,昇陽半導體,8028
057773,call,勤誠,8210
057774,call,元大台灣50,0050
057775,call,元大台灣50,0050
057778,call,南亞,1303
057779,call,台化,1326
057780,call,上銀,2049
057781,call,台積電,2330
057782,call,台積電,2330
057783,call,台積電,2330
057784,call,華碩,2357
057785,call,友達,2409
057786,call,京元電子,2449
057787,call,新興,2605
057788,call,長榮航太,2645
057789,call,奇鋐,3017
057790,call,日月光投控,3711
057791,call,緯穎,6669
057792,call,兆聯實業,6944
057793,call,南茂,8150
057794,call,元大台灣50,0050
057795,call,元大台灣50,0050
057801,call,台塑,1301
057802,call,南亞,1303
057803,call,台化,1326
057804,call,華城,1519
057805,call,永光,1711
057806,call,上銀,2049
057807,call,鴻海,2317
057808,call,國巨*,2327
057809,call,台積電,2330
057810,call,台積電,2330
057811,call,智邦,2345
057813,call,技嘉,2376
057814,call,台光電,2383
057815,call,聯發科,2454
057816,call,新興,2605
057817,call,奇鋐,3017
057818,call,緯創,3231
057819,call,聯鈞,3450
057820,call,世芯-KY,3661
057821,call,世芯-KY,3661
057822,call,定穎投控,3715
057823,call,國精化,4722
057824,call,力成,6239
057825,call,啟碁,6285
057826,call,愛普*,6531
057827,call,雲豹能源,6869
057833,call,台塑,1301
057834,call,台塑,1301
057835,call,南亞,1303
057836,call,台化,1326
057837,call,台化,1326
057838,call,亞力,1514
057839,call,華城,1519
057840,call,華城,1519
057841,call,華城,1519
057843,call,上銀,2049
057844,call,光寶科,2301
057845,call,光寶科,2301
057846,call,光寶科,2301
057847,call,台積電,2330
057848,call,台積電,2330
057849,call,光罩,2338
057850,call,英業達,2356
057851,call,致茂,2360
057852,call,致茂,2360
057853,call,佳能,2374
057854,call,台光電,2383
057855,call,華新科,2492
057856,call,華新科,2492
057857,call,華新科,2492
057858,call,揚博,2493
057859,call,奇鋐,3017
057860,call,奇鋐,3017
057861,call,奇鋐,3017
057862,call,增你強,3028
057863,call,文曄,3036
057864,call,緯創,3231
057865,call,緯創,3231
057866,call,緯創,3231
057867,call,辛耘,3583
057869,call,臻鼎-KY,4958
057870,call,臻鼎-KY,4958
057871,call,眾達-KY,4977
057872,call,啟碁,6285
057873,call,南茂,8150
057874,call,勤誠,8210
057875,call,中興電,1513
057876,call,長興,1717
057877,call,楠梓電,2316
057878,call,仁寶,2324
057879,call,光罩,2338
057880,call,漢唐,2404
057881,call,志聖,2467
057884,call,奇鋐,3017
057885,call,德律,3030
057886,call,聯鈞,3450
057887,call,達邁,3645
057888,call,眾達-KY,4977
057889,call,矽格,6257
057890,call,GIS-KY,6456
057891,call,洋基工程,6691
057892,call,采鈺,6789
057893,call,富世達,6805
057894,call,三集瑞-KY,6862
057895,call,南亞,1303
057896,call,士電,1503
057897,call,華城,1519
057898,call,鴻海,2317
057899,call,光罩,2338
057900,call,台光電,2383
057901,call,志聖,2467
057902,call,長榮,2603
057903,call,元大金,2885
057904,call,奇鋐,3017
057905,call,聯鈞,3450
057906,call,嘉澤,3533
057907,call,日月光投控,3711
057908,call,國精化,4722
057909,call,國精化,4722
057910,call,眾達-KY,4977
057911,call,眾達-KY,4977
057912,call,矽格,6257
057914,call,緯穎,6669
057915,call,洋基工程,6691
057916,call,富世達,6805
057917,call,三集瑞-KY,6862
057919,call,瀚荃,8103
057920,call,南茂,8150
057923,call,勤誠,8210
057924,call,台塑,1301
057925,call,士電,1503
057926,call,中興電,1513
057927,call,亞力,1514
057928,call,楠梓電,2316
057929,call,新興,2605
057930,call,嘉澤,3533
057931,call,士電,1503
057932,call,華城,1519
057933,call,金像電,2368
057934,call,台光電,2383
057935,call,奇鋐,3017
057936,call,聯鈞,3450
057937,call,鴻海,2317
057938,call,台積電,2330
057943,call,台塑,1301
057944,call,華城,1519
057945,call,美時,1795
057946,call,光寶科,2301
057947,call,聯電,2303
057948,call,楠梓電,2316
057949,call,華泰,2329
057950,call,台積電,2330
057951,call,英業達,2356
057952,call,華碩,2357
057953,call,漢唐,2404
057955,call,聯發科,2454
057957,call,揚博,2493
057958,call,大立光,3008
057959,call,德律,3030
057960,call,聯鈞,3450
057961,call,嘉澤,3533
057962,call,牧德,3563
057963,call,定穎投控,3715
057965,call,眾達-KY,4977
057966,call,佳必琪,6197
057967,call,台塑化,6505
057968,call,緯穎,6669
057969,call,洋基工程,6691
057970,call,龍德造船,6753
057971,call,AES-KY,6781
057972,call,采鈺,6789
057973,call,南茂,8150
057975,call,台塑,1301
057976,call,南亞,1303
057977,call,中興電,1513
057978,call,亞力,1514
057979,call,亞力,1514
057980,call,華城,1519
057981,call,華城,1519
057982,call,光寶科,2301
057983,call,聯電,2303
057984,call,楠梓電,2316
057985,call,楠梓電,2316
057986,call,台積電,2330
057987,call,台積電,2330
057988,call,台積電,2330
057989,call,台光電,2383
057990,call,台光電,2383
057991,call,偉詮電,2436
057992,call,聯發科,2454
057993,call,盟立,2464
057994,call,凱基金,2883
057995,call,奇鋐,3017
057996,call,奇鋐,3017
057997,call,奇鋐,3017
057998,call,亞光,3019
057999,call,緯創,3231
058000,call,嘉澤,3533
058001,call,嘉澤,3533
058002,call,世芯-KY,3661
058003,call,上緯投控,3708
058004,call,日月光投控,3711
058005,call,定穎投控,3715
058006,call,國精化,4722
058007,call,臻鼎-KY,4958
058008,call,臻鼎-KY,4958
058009,call,眾達-KY,4977
058010,call,眾達-KY,4977
058011,call,眾達-KY,4977
058012,call,同欣電,6271
058013,call,啟碁,6285
058014,call,啟碁,6285
058015,call,啟碁,6285
058016,call,啟碁,6285
058017,call,啟碁,6285
058019,call,汎銓,6830
058020,call,瀚荃,8103
058021,call,南茂,8150
058022,call,南茂,8150
058023,call,南茂,8150
058024,call,勤誠,8210
058028,call,台塑,1301
058029,call,台化,1326
058030,call,台化,1326
058031,call,東元,1504
058032,call,華城,1519
058033,call,大成鋼,2027
058034,call,上銀,2049
058035,call,光寶科,2301
058036,call,光寶科,2301
058037,call,鴻海,2317
058038,call,鴻海,2317
058039,call,鴻海,2317
058041,call,台積電,2330
058042,call,台積電,2330
058044,call,佳能,2374
058045,call,漢唐,2404
058046,call,偉詮電,2436
058047,call,偉詮電,2436
058048,call,聯發科,2454
058049,call,義隆,2458
058050,call,義隆,2458
058052,call,華新科,2492
058053,call,華新科,2492
058054,call,大立光,3008
058055,call,奇鋐,3017
058056,call,奇鋐,3017
058057,call,零壹,3029
058058,call,宏達電,2498
058059,call,德律,3030
058060,call,緯創,3231
058061,call,聯鈞,3450
058062,call,嘉澤,3533
058063,call,嘉澤,3533
058064,call,嘉澤,3533
058065,call,辛耘,3583
058066,call,達邁,3645
058067,call,世芯-KY,3661
058068,call,世芯-KY,3661
058069,call,上緯投控,3708
058070,call,日月光投控,3711
058071,call,鈞興-KY,4571
058072,call,眾達-KY,4977
058073,call,邁達特,6112
058074,call,邁達特,6112
058075,call,精誠,6214
058076,call,力成,6239
058078,call,天虹,6937
058079,call,南茂,8150
058080,call,南茂,8150
058081,call,長興,1717
058082,call,毅嘉,2402
058083,call,漢唐,2404
058084,call,聯發科,2454
058085,call,貿聯-KY,3665
058086,call,愛普*,6531
058087,call,惠特,6706
058088,call,惠特,6706
058089,call,兆聯實業,6944
058090,call,勤誠,8210
058091,call,台積電,2330
058092,call,新興,2605
058093,call,大立光,3008
058094,call,德律,3030
058095,call,玉晶光,3406
058096,call,貿聯-KY,3665
058097,call,同欣電,6271
058099,call,長興,1717
058100,call,美時,1795
058101,call,美時,1795
058102,call,台積電,2330
058103,call,光罩,2338
058104,call,毅嘉,2402
058105,call,創見,2451
058106,call,創見,2451
058107,call,強茂,2481
058108,call,皇昌,2543
058109,call,長榮,2603
058110,call,新興,2605
058111,call,新興,2605
058112,call,奇鋐,3017
058113,call,牧德,3563
058114,call,定穎投控,3715
058115,call,采鈺,6789
058116,call,台虹,8039
058123,call,美時,1795
058124,call,美時,1795
058125,call,光罩,2338
058126,call,瑞昱,2379
058127,call,瑞昱,2379
058128,call,創見,2451
058129,call,志聖,2467
058130,call,志聖,2467
058131,call,中工,2515
058132,call,長榮,2603
058133,call,新興,2605
058134,call,德律,3030
058135,call,牧德,3563
058136,call,辛耘,3583
058137,call,臻鼎-KY,4958
058138,call,祥碩,5269
058139,call,祥碩,5269
058140,call,瀚宇博,5469
058141,call,富世達,6805
058142,call,台虹,8039
058143,call,瀚荃,8103
058144,call,鴻海,2317
058145,call,元大台灣50,0050
058146,call,元大台灣50,0050
058154,call,台化,1326
058155,call,台化,1326
058156,call,華城,1519
058157,call,華城,1519
058158,call,長興,1717
058159,call,長興,1717
058160,call,台積電,2330
058161,call,台積電,2330
058162,call,光罩,2338
058163,call,光罩,2338
058164,call,光罩,2338
058165,call,技嘉,2376
058166,call,偉詮電,2436
058167,call,偉詮電,2436
058169,call,創見,2451
058170,call,創見,2451
058171,call,飛宏,2457
058172,call,志聖,2467
058173,call,志聖,2467
058174,call,志聖,2467
058175,call,志聖,2467
058176,call,奇鋐,3017
058177,call,奇鋐,3017
058178,call,奇鋐,3017
058179,call,增你強,3028
058180,call,聯鈞,3450
058181,call,聯鈞,3450
058182,call,聯鈞,3450
058183,call,聯鈞,3450
058184,call,聯鈞,3450
058185,call,牧德,3563
058186,call,牧德,3563
058187,call,牧德,3563
058188,call,日月光投控,3711
058189,call,大銀微系統,4576
058190,call,臻鼎-KY,4958
058191,call,崇越,5434
058192,call,啟碁,6285
058193,call,啟碁,6285
058194,call,啟碁,6285
058197,call,啟碁,6285
058199,call,緯穎,6669
058200,call,緯穎,6669
058201,call,龍德造船,6753
058202,call,采鈺,6789
058203,call,采鈺,6789
058217,call,遠東新,1402
058218,call,華城,1519
058219,call,東鹼,1708
058220,call,長興,1717
058221,call,光寶科,2301
058222,call,鴻海,2317
058223,call,華碩,2357
058224,call,毅嘉,2402
058225,call,毅嘉,2402
058226,call,漢唐,2404
058227,call,友達,2409
058228,call,創見,2451
058229,call,創見,2451
058231,call,志聖,2467
058233,call,新興,2605
058234,call,萬海,2615
058235,call,萬海,2615
058236,call,萬海,2615
058238,call,德律,3030
058239,call,明泰,3380
058240,call,牧德,3563
058241,call,世芯-KY,3661
058242,call,貿聯-KY,3665
058246,call,聯茂,6213
058247,call,聯茂,6213
058248,call,和椿,6215
058249,call,GIS-KY,6456
058250,call,台塑化,6505
058251,call,台塑化,6505
058252,call,緯穎,6669
058253,call,洋基工程,6691
058254,call,台虹,8039
058263,call,士電,1503
058264,call,亞力,1514
058265,call,大成鋼,2027
058268,call,上銀,2049
058270,call,創見,2451
058271,call,創見,2451
058272,call,志聖,2467
058273,call,長榮,2603
058274,call,長榮,2603
058275,call,新興,2605
058276,call,陽明,2609
058277,call,奇鋐,3017
058278,call,聯鈞,3450
058279,call,上緯投控,3708
058280,call,日月光投控,3711
058281,call,定穎投控,3715
058282,call,新唐,4919
058283,call,力成,6239
058284,call,矽格,6257
058285,call,啟碁,6285
058286,call,GIS-KY,6456
058288,call,緯穎,6669
058289,call,惠特,6706
058290,call,采鈺,6789
058291,call,富世達,6805
058292,call,天虹,6937
058293,call,勤誠,8210
058297,call,南亞,1303
058298,call,台化,1326
058299,call,士電,1503
058300,call,亞力,1514
058301,call,長興,1717
058302,call,美時,1795
058303,call,中鋼,2002
058304,call,智邦,2345
058305,call,志聖,2467
058307,call,強茂,2481
058308,call,長榮,2603
058309,call,萬海,2615
058310,call,奇鋐,3017
058311,call,德律,3030
058312,call,嘉澤,3533
058313,call,嘉澤,3533
058314,call,牧德,3563
058315,call,世芯-KY,3661
058316,call,世芯-KY,3661
058317,call,定穎投控,3715
058319,call,臻鼎-KY,4958
058320,call,臻鼎-KY,4958
058321,call,祥碩,5269
058322,call,祥碩,5269
058323,call,同欣電,6271
058324,call,啟碁,6285
058325,call,旭隼,6409
058326,call,矽力*-KY,6415
058327,call,愛普*,6531
058328,call,AES-KY,6781
058329,call,采鈺,6789
058330,call,南茂,8150
058331,call,眾達-KY,4977
058332,call,緯穎,6669
058333,call,宇隆,2233
058334,call,鴻海,2317
058335,call,鴻海,2317
058336,call,台積電,2330
058337,call,台積電,2330
058338,call,台積電,2330
058339,call,長榮,2603
058340,call,長榮,2603
058341,call,陽明,2609
058342,call,萬海,2615
058343,call,萬海,2615
058344,call,貿聯-KY,3665
058345,call,眾達-KY,4977
058346,call,緯穎,6669
058347,call,富邦科技,0052
058356,call,台泥,1101
058357,call,台化,1326
058358,call,華城,1519
058359,call,永光,1711
058360,call,長興,1717
058361,call,美時,1795
058362,call,光寶科,2301
058363,call,毅嘉,2402
058364,call,漢唐,2404
058367,call,長榮,2603
058368,call,陽明,2609
058369,call,萬海,2615
058371,call,宏達電,2498
058372,call,聯陽,3014
058373,call,奇鋐,3017
058374,call,明泰,3380
058375,call,牧德,3563
058376,call,世芯-KY,3661
058379,call,貿聯-KY,3665
058380,call,定穎投控,3715
058382,call,眾達-KY,4977
058383,call,祥碩,5269
058384,call,瀚宇博,5469
058388,call,鈺邦,6449
058389,call,GIS-KY,6456
058390,call,台塑化,6505
058391,call,緯穎,6669
058392,call,洋基工程,6691
058393,call,龍德造船,6753
058394,call,台虹,8039
058398,call,友達,2409
058399,call,緯創,3231
05839U,put,台達電,2308
058400,call,采鈺,6789
058401,call,鴻海,2317
058402,call,聯發科,2454
058403,call,台新新光金,2887
058404,call,永豐金,2890
058405,call,洋基工程,6691
058406,call,台虹,8039
058408,call,華城,1519
058409,call,上銀,2049
05840U,put,華碩,2357
058410,call,建準,2421
058411,call,長榮,2603
058412,call,長榮,2603
058413,call,陽明,2609
058414,call,陽明,2609
058415,call,台虹,8039
058416,call,南亞,1303
058417,call,華城,1519
058418,call,華城,1519
058419,call,永光,1711
058420,call,長興,1717
058421,call,美時,1795
058422,call,上銀,2049
058423,call,上銀,2049
058425,call,宇隆,2233
058428,call,光寶科,2301
058430,call,台積電,2330
058431,call,台積電,2330
058432,call,敬鵬,2355
058435,call,友達,2409
058437,call,創見,2451
058440,call,長榮,2603
058441,call,長榮,2603
058442,call,長榮,2603
058443,call,新興,2605
058444,call,新興,2605
058445,call,奇鋐,3017
058446,call,奇鋐,3017
058447,call,奇鋐,3017
058450,call,牧德,3563
058451,call,牧德,3563
058453,call,新唐,4919
058454,call,眾達-KY,4977
058456,call,啟碁,6285
058457,call,緯穎,6669
058458,call,緯穎,6669
058459,call,緯穎,6669
058461,call,汎銓,6830
058462,call,汎銓,6830
058463,call,汎銓,6830
058464,call,台虹,8039
058465,call,台虹,8039
058466,call,元大台灣50,0050
058467,call,元大台灣50,0050
058476,call,聯電,2303
058477,call,台積電,2330
058478,call,台積電,2330
058479,call,聯發科,2454
058480,call,聯發科,2454
058481,call,強茂,2481
058482,call,陽明,2609
058484,call,陽明,2609
058485,call,萬海,2615
058486,call,長榮航,2618
058487,call,建漢,3062
058488,call,明泰,3380
058489,call,貿聯-KY,3665
058492,call,新唐,4919
058493,call,眾達-KY,4977
058494,call,聯茂,6213
058495,call,啟碁,6285
058496,call,GIS-KY,6456
058497,call,汎銓,6830
058498,call,汎銓,6830
058499,call,汎銓,6830
058500,call,汎銓,6830
058501,call,台虹,8039
058504,call,元大台灣50,0050
058505,call,台化,1326
058506,call,智邦,2345
058507,call,創見,2451
058508,call,創見,2451
058509,call,長榮,2603
058510,call,奇鋐,3017
058511,call,世芯-KY,3661
058512,call,日月光投控,3711
058513,call,眾達-KY,4977
058514,call,同欣電,6271
058515,call,GIS-KY,6456
058516,call,台虹,8039
058519,call,元大台灣50,0050
058520,call,元大台灣50,0050
058521,call,元大台灣50,0050
058526,call,東元,1504
058527,call,永光,1711
058528,call,華泰,2329
058530,call,新興,2605
058531,call,裕民,2606
058532,call,陽明,2609
058533,call,陽明,2609
058534,call,陽明,2609
058535,call,貿聯-KY,3665
058536,call,貿聯-KY,3665
058537,call,新唐,4919
058538,call,眾達-KY,4977
058539,call,汎銓,6830
058542,call,元大台灣50,0050
058546,call,台塑,1301
058547,call,華城,1519
058548,call,台積電,2330
058549,call,聯發科,2454
058550,call,陽明,2609
058551,call,萬海,2615
058552,call,日月光投控,3711
058553,call,定穎投控,3715
058554,call,亞翔,6139
058555,call,采鈺,6789
058557,call,鴻海,2317
058558,call,華泰,2329
058559,call,台積電,2330
058560,call,台積電,2330
058561,call,台積電,2330
058562,call,台積電,2330
058563,call,義隆,2458
058565,call,文曄,3036
058566,call,大銀微系統,4576
058567,call,AES-KY,6781
058568,call,至上,8112
058569,call,南亞,1303
058570,call,華泰,2329
058571,call,創見,2451
058572,call,創見,2451
058579,call,台聚,1304
058580,call,東元,1504
058582,call,正新,2105
058584,call,華泰,2329
058585,call,宏碁,2353
058586,call,敬鵬,2355
058587,call,華碩,2357
058588,call,毅嘉,2402
058589,call,友達,2409
058590,call,義隆,2458
058591,call,新興,2605
058592,call,萬海,2615
058593,call,大立光,3008
058594,call,智原,3035
058595,call,文曄,3036
058597,call,牧德,3563
058598,call,辛耘,3583
058599,call,新唐,4919
058605,call,台塑,1301
058606,call,南亞,1303
058607,call,台化,1326
058608,call,華城,1519
058609,call,華城,1519
058610,call,華城,1519
058611,call,華城,1519
058612,call,永光,1711
058613,call,光寶科,2301
058614,call,鴻海,2317
058615,call,台積電,2330
058616,call,台積電,2330
058617,call,台積電,2330
058618,call,創見,2451
058619,call,義隆,2458
058620,call,長榮,2603
058621,call,長榮,2603
058622,call,長榮,2603
058623,call,新興,2605
058624,call,陽明,2609
058625,call,陽明,2609
058626,call,陽明,2609
058628,call,萬海,2615
058629,call,萬海,2615
058630,call,萬海,2615
058631,call,萬海,2615
058632,call,漢翔,2634
058633,call,牧德,3563
058634,call,新唐,4919
058635,call,臻鼎-KY,4958
058636,call,GIS-KY,6456
058637,call,GIS-KY,6456
058638,call,台塑化,6505
058639,call,惠特,6706
058640,call,AES-KY,6781
058641,call,采鈺,6789
058642,call,采鈺,6789
058650,call,中興電,1513
058651,call,華城,1519
058652,call,美時,1795
058653,call,美時,1795
058656,call,聯電,2303
058657,call,鴻海,2317
058658,call,台積電,2330
058659,call,台積電,2330
058660,call,台積電,2330
058661,call,金像電,2368
058662,call,京元電子,2449
058664,call,創見,2451
058665,call,創見,2451
058666,call,聯發科,2454
058667,call,聯發科,2454
058668,call,宏達電,2498
058669,call,長榮,2603
058670,call,長榮,2603
058671,call,陽明,2609
058673,call,奇鋐,3017
058674,call,奇鋐,3017
058676,call,奇鋐,3017
058677,call,緯創,3231
058678,call,緯創,3231
058679,call,世芯-KY,3661
058680,call,貿聯-KY,3665
058686,call,同欣電,6271
058689,call,緯穎,6669
058690,call,緯穎,6669
058698,call,華城,1519
058699,call,台積電,2330
058700,call,鴻準,2354
058701,call,漢唐,2404
058703,call,義隆,2458
058704,call,長榮,2603
058705,call,奇鋐,3017
058706,call,華晶科,3059
058707,call,建漢,3062
058708,call,牧德,3563
058709,call,世芯-KY,3661
058710,call,定穎投控,3715
058711,call,祥碩,5269
058712,call,緯穎,6669
058713,call,洋基工程,6691
058715,call,永光,1711
058716,call,飛宏,2457
058717,call,強茂,2481
058718,call,裕民,2606
058719,call,萬海,2615
058720,call,奇鋐,3017
058721,call,奇鋐,3017
058722,call,貿聯-KY,3665
058723,call,新唐,4919
058724,call,康舒,6282
058725,call,采鈺,6789
058728,call,上銀,2049
058729,call,光寶科,2301
058730,call,楠梓電,2316
058731,call,鴻海,2317
058732,call,華泰,2329
058733,call,新興,2605
058734,call,台航,2617
058735,call,緯創,3231
058736,call,嘉澤,3533
058737,call,jpp-KY,5284
058738,call,邁達特,6112
058739,call,康舒,6282
058740,call,三集瑞-KY,6862
058741,call,元大台灣50,0050
058742,call,東元,1504
058743,call,亞力,1514
058744,call,華城,1519
058745,call,華城,1519
058746,call,大亞,1609
058747,call,川湖,2059
058748,call,鴻海,2317
058749,call,國巨*,2327
058750,call,佳能,2374
058751,call,京元電子,2449
058752,call,陽明,2609
058753,call,京鼎,3413
058754,call,瀚宇博,5469
058755,call,力成,6239
058756,call,惠特,6706
058757,call,富鼎,8261
058762,call,元大台灣50,0050
058764,call,台化,1326
058765,call,華城,1519
058766,call,中鋼,2002
058767,call,長榮航,2618
058769,call,光寶科,2301
058770,call,智邦,2345
058772,call,牧德,3563
058773,call,世芯-KY,3661
058774,call,緯穎,6669
058775,call,勤誠,8210
058776,call,勤誠,8210
058777,call,華泰,2329
058778,call,文曄,3036
058779,call,牧德,3563
058780,call,神達,3706
058781,call,力成,6239
058782,call,AES-KY,6781
058783,call,華城,1519
058784,call,川湖,2059
058785,call,威盛,2388
058786,call,創見,2451
058787,call,凱基金,2883
058788,call,德律,3030
058789,call,健鼎,3044
058790,call,牧德,3563
058791,call,康普,4739
058792,call,乙盛-KY,5243
058793,call,GIS-KY,6456
058798,call,台化,1326
058799,call,華城,1519
058800,call,上銀,2049
058801,call,光寶科,2301
058802,call,毅嘉,2402
058803,call,漢唐,2404
058804,call,京元電子,2449
058807,call,義隆,2458
058808,call,長榮,2603
058809,call,陽明,2609
058810,call,台航,2617
058811,call,奇鋐,3017
058812,call,德律,3030
058813,call,緯創,3231
058814,call,世芯-KY,3661
058815,call,貿聯-KY,3665
058816,call,貿聯-KY,3665
058817,call,貿聯-KY,3665
058818,call,日月光投控,3711
058819,call,達明,4585
058820,call,臻鼎-KY,4958
058821,call,祥碩,5269
058822,call,祥碩,5269
058824,call,康舒,6282
058826,call,AES-KY,6781
058827,call,宇瞻,8271
058828,call,新興,2605
058829,call,貿聯-KY,3665
058831,call,台塑,1301
058832,call,南亞,1303
058833,call,台化,1326
058834,call,川湖,2059
058836,call,川湖,2059
058837,call,光寶科,2301
058839,call,鴻海,2317
058840,call,台積電,2330
058842,call,創見,2451
058843,call,創見,2451
058844,call,創見,2451
058845,call,義隆,2458
058846,call,新興,2605
058847,call,新興,2605
058848,call,陽明,2609
058849,call,萬海,2615
058850,call,德律,3030
058851,call,文曄,3036
058853,call,文曄,3036
058854,call,牧德,3563
058855,call,貿聯-KY,3665
058856,call,神達,3706
058857,call,新唐,4919
058858,call,迅得,6438
058859,call,迅得,6438
058860,call,GIS-KY,6456
058861,call,GIS-KY,6456
058862,call,GIS-KY,6456
058863,call,台塑化,6505
058864,call,台塑化,6505
058865,call,台塑化,6505
058866,call,緯穎,6669
058867,call,惠特,6706
058868,call,采鈺,6789
058869,call,采鈺,6789
058870,call,采鈺,6789
058871,call,兆聯實業,6944
058872,call,元大台灣50,0050
058873,call,光寶科,2301
058874,call,國巨*,2327
058875,call,奇鋐,3017
058876,call,亞光,3019
058877,call,元大台灣50,0050
058879,call,華新,1605
058880,call,上銀,2049
058882,call,鴻海,2317
058883,call,友達,2409
058884,call,陽明,2609
058885,call,陽明,2609
058886,call,貿聯-KY,3665
058887,call,日月光投控,3711
058888,call,緯穎,6669
058889,call,至上,8112
058892,call,元大台灣50,0050
058893,call,元大台灣50,0050
058894,call,光寶科,2301
058895,call,光寶科,2301
058896,call,聯電,2303
058897,call,鴻海,2317
058898,call,鴻海,2317
058899,call,鴻海,2317
058900,call,華泰,2329
058901,call,華泰,2329
058902,call,華泰,2329
058903,call,台積電,2330
058904,call,台積電,2330
058905,call,台積電,2330
058906,call,台積電,2330
058907,call,建準,2421
058909,call,創見,2451
058910,call,聯發科,2454
058911,call,聯發科,2454
058912,call,長榮,2603
058913,call,長榮,2603
058914,call,長榮,2603
058915,call,奇鋐,3017
058917,call,奇鋐,3017
058918,call,奇鋐,3017
058919,call,奇鋐,3017
058921,call,德律,3030
058922,call,智原,3035
058923,call,牧德,3563
058924,call,牧德,3563
058925,call,貿聯-KY,3665
058926,call,貿聯-KY,3665
058927,call,貿聯-KY,3665
058928,call,貿聯-KY,3665
058929,call,貿聯-KY,3665
058930,call,定穎投控,3715
058932,call,祥碩,5269
058935,call,緯穎,6669
058936,call,緯穎,6669
058937,call,AES-KY,6781
058938,call,三集瑞-KY,6862
058939,call,至上,8112
058940,call,勤誠,8210
058947,call,元大台灣50,0050
058952,call,上銀,2049
058954,call,聯發科,2454
058956,call,奇鋐,3017
058957,call,奇鋐,3017
058958,call,奇鋐,3017
058959,call,奇鋐,3017
058960,call,嘉澤,3533
058962,call,啟碁,6285
058963,call,兆聯實業,6944
058967,call,台聚,1304
058968,call,東元,1504
058969,call,華城,1519
058972,call,長興,1717
058975,call,仁寶,2324
058978,call,毅嘉,2402
058979,call,建準,2421
058980,call,建準,2421
058981,call,義隆,2458
058982,call,大立光,3008
058983,call,奇鋐,3017
058984,call,智原,3035
058985,call,文曄,3036
058986,call,緯創,3231
058987,call,昇貿,3305
058988,call,牧德,3563
058989,call,世芯-KY,3661
058990,call,貿聯-KY,3665
058991,call,貿聯-KY,3665
058992,call,啟碁,6285
058993,call,緯穎,6669
058994,call,緯穎,6669
059002,call,南亞,1303
059003,call,漢唐,2404
059004,call,新興,2605
059005,call,奇鋐,3017
059006,call,德律,3030
059007,call,健策,3653
059008,call,台塑化,6505
059009,call,愛普*,6531
059010,call,至上,8112
059012,call,台積電,2330
059013,call,台積電,2330
059014,call,台積電,2330
059015,call,台積電,2330
059017,call,台積電,2330
059018,call,陽明,2609
059019,call,王品,2727
05901U,put,精成科,6191
059020,call,健策,3653
059021,call,健策,3653
059022,call,健策,3653
059023,call,新唐,4919
059024,call,祥碩,5269
059025,call,jpp-KY,5284
059026,call,亞翔,6139
059027,call,兆聯實業,6944
059028,call,瀚荃,8103
059029,call,奇鋐,3017
059030,call,健策,3653
059031,call,元大台灣50,0050
059032,call,強茂,2481
059033,call,光寶科,2301
059034,call,創見,2451
059035,call,健策,3653
059036,call,台塑,1301
059037,call,國喬,1312
059039,call,世芯-KY,3661
059040,call,鴻海,2317
059041,call,鴻海,2317
059042,call,台積電,2330
059043,call,智邦,2345
059044,call,智邦,2345
059045,call,漢唐,2404
059046,call,義隆,2458
059047,call,元大金,2885
059048,call,奇鋐,3017
059049,call,德律,3030
059050,call,德律,3030
059051,call,德律,3030
059052,call,文曄,3036
059053,call,明泰,3380
059054,call,明泰,3380
059058,call,嘉澤,3533
059059,call,健策,3653
059060,call,健策,3653
059061,call,健策,3653
059062,call,健策,3653
059063,call,健策,3653
059064,call,健策,3653
059065,call,健策,3653
059066,call,健策,3653
059067,call,健策,3653
059068,call,世芯-KY,3661
059069,call,亞翔,6139
059070,call,台塑化,6505
059071,call,昇陽半導體,8028
059072,call,技嘉,2376
059073,call,遠東新,1402
059074,call,大成鋼,2027
059075,call,宏碁,2353
059076,call,偉詮電,2436
059077,call,美律,2439
059078,call,王品,2727
059079,call,達邁,3645
059080,call,健策,3653
059081,call,健策,3653
059082,call,健策,3653
059083,call,健策,3653
059084,call,新唐,4919
059085,call,瑞儀,6176
059087,call,洋基工程,6691
059088,call,元大台灣50,0050
059090,call,國喬,1312
059091,call,國喬,1312
059092,call,國喬,1312
059093,call,大同,2371
059094,call,建準,2421
059095,call,皇昌,2543
059096,call,國泰金,2882
059097,call,德律,3030
059098,call,德律,3030
059099,call,德律,3030
059100,call,明泰,3380
059101,call,世芯-KY,3661
059102,call,定穎投控,3715
059103,call,祥碩,5269
059104,call,祥碩,5269
059105,call,佳必琪,6197
059106,call,佳必琪,6197
059107,call,啟碁,6285
059108,call,緯穎,6669
059109,call,緯穎,6669
059110,call,龍德造船,6753
059111,call,百和,9938
059113,call,台積電,2330
059115,call,台積電,2330
059116,call,毅嘉,2402
059117,call,中華電,2412
059118,call,增你強,3028
059119,call,健策,3653
059120,call,健策,3653
059121,call,健策,3653
059122,call,健策,3653
059123,call,康舒,6282
059125,call,矽創,8016
059126,call,矽創,8016
059127,call,寶成,9904
059128,call,元大台灣50,0050
059135,call,新纖,1409
059136,call,長興,1717
059137,call,川湖,2059
059138,call,宇隆,2233
059140,call,聯電,2303
059141,call,仁寶,2324
059142,call,國巨*,2327
059143,call,智邦,2345
059144,call,金像電,2368
059145,call,建準,2421
059146,call,建準,2421
059147,call,皇昌,2543
059148,call,大立光,3008
059149,call,定穎投控,3715
059150,call,祥碩,5269
059151,call,jpp-KY,5284
059152,call,亞翔,6139
059153,call,瑞儀,6176
059156,call,台塑化,6505
059157,call,緯穎,6669
059158,call,AES-KY,6781
059159,call,兆聯實業,6944
059160,call,至上,8112
059161,call,勤誠,8210
059166,call,富邦科技,0052
059169,call,台塑,1301
059170,call,南亞,1303
059171,call,華城,1519
059172,call,華城,1519
059173,call,永光,1711
059175,call,聯電,2303
059176,call,鴻海,2317
059177,call,鴻海,2317
059178,call,台積電,2330
059179,call,台積電,2330
059180,call,金像電,2368
059181,call,金像電,2368
059182,call,創見,2451
059183,call,創見,2451
059184,call,聯發科,2454
059185,call,宏達電,2498
059186,call,長榮,2603
059187,call,長榮,2603
059188,call,陽明,2609
059189,call,奇鋐,3017
059190,call,奇鋐,3017
059191,call,德律,3030
059192,call,德律,3030
059193,call,德律,3030
059194,call,緯創,3231
059195,call,健策,3653
059196,call,健策,3653
059197,call,世芯-KY,3661
059198,call,日月光投控,3711
059200,call,定穎投控,3715
059201,call,新唐,4919
059202,call,祥碩,5269
059204,call,啟碁,6285
059206,call,台塑化,6505
059207,call,台塑化,6505
059208,call,緯穎,6669
059209,call,AES-KY,6781
059210,call,AES-KY,6781
059211,call,勤誠,8210
059212,call,勤誠,8210
059213,call,元大台灣50,0050
059220,call,華城,1519
059221,call,創見,2451
059222,call,景碩,3189
059223,call,景碩,3189
059224,call,景碩,3189
059225,call,景碩,3189
059227,call,景碩,3189
059228,call,祥碩,5269
059229,call,華通,2313
059230,call,創見,2451
059231,call,皇昌,2543
059232,call,大立光,3008
059233,call,奇鋐,3017
059234,call,台塑化,6505
059235,call,華通,2313
059237,call,華通,2313
059238,call,金像電,2368
059239,call,皇昌,2543
059240,call,景碩,3189
059243,call,台塑,1301
059244,call,南亞,1303
059245,call,鴻海,2317
059246,call,華城,1519
059248,call,大成鋼,2027
059250,call,華通,2313
059251,call,國巨*,2327
059252,call,聯發科,2454
059253,call,長榮,2603
059254,call,陽明,2609
059255,call,奇鋐,3017
059256,call,景碩,3189
059257,call,緯創,3231
059258,call,世芯-KY,3661
059266,call,亞聚,1308
059267,call,華城,1519
059268,call,華榮,1608
059269,call,智邦,2345
059270,call,佳能,2374
059271,call,景碩,3189
059272,call,景碩,3189
059274,call,台塑化,6505
059275,call,采鈺,6789
059276,call,華通,2313
059277,call,景碩,3189
059278,call,jpp-KY,5284
059290,call,台塑,1301
059291,call,南亞,1303
059292,call,台化,1326
059293,call,華城,1519
059295,call,光寶科,2301
059297,call,華通,2313
059298,call,華通,2313
059299,call,鴻海,2317
059300,call,台積電,2330
059301,call,台積電,2330
059303,call,聯發科,2454
059304,call,長榮,2603
059305,call,長榮,2603
059306,call,長榮,2603
059307,call,陽明,2609
059308,call,陽明,2609
059309,call,萬海,2615
059310,call,萬海,2615
059312,call,奇鋐,3017
059313,call,德律,3030
059314,call,景碩,3189
059315,call,景碩,3189
059316,call,景碩,3189
059317,call,緯創,3231
059318,call,緯創,3231
059319,call,新日興,3376
059320,call,京鼎,3413
059321,call,世芯-KY,3661
059325,call,新唐,4919
059327,call,jpp-KY,5284
059331,call,緯穎,6669
059333,call,惠特,6706
059334,call,AES-KY,6781
059335,call,AES-KY,6781
059339,call,台聚,1304
059340,call,大亞,1609
059344,call,台積電,2330
059345,call,台積電,2330
059347,call,微星,2377
059348,call,飛宏,2457
059349,call,裕民,2606
059350,call,萬海,2615
059352,call,亞光,3019
059356,call,緯創,3231
059364,call,台塑化,6505
059365,call,台塑化,6505
059366,call,緯穎,6669
059369,call,勤誠,8210
059371,call,台塑,1301
059372,call,智邦,2345
059373,call,緯創,3231
059374,call,南茂,8150
059375,call,亞聚,1308
059376,call,國喬,1312
059377,call,華泰,2329
059378,call,達邁,3645
059379,call,臻鼎-KY,4958
059380,call,眾達-KY,4977
059381,call,飛捷,6206
059382,call,AES-KY,6781
059383,call,南茂,8150
059384,call,台泥,1101
059385,call,台塑,1301
059387,call,玉山金,2884
059388,call,元大金,2885
059389,call,勤誠,8210
059393,call,遠東新,1402
059394,call,川湖,2059
059395,call,華通,2313
059396,call,智邦,2345
059398,call,微星,2377
059399,call,新興,2605
059400,call,萬海,2615
059404,call,景碩,3189
059411,call,台塑化,6505
059413,call,鴻海,2317
059414,call,台積電,2330
059415,call,台積電,2330
059416,call,敬鵬,2355
059417,call,聯發科,2454
059418,call,景碩,3189
059419,call,景碩,3189
059420,call,景碩,3189
059421,call,景碩,3189
059422,call,飛捷,6206
059423,call,聯茂,6213
059424,call,矽格,6257
059425,call,矽力*-KY,6415
059426,call,宇瞻,8271
059428,call,鴻海,2317
059429,call,大立光,3008
059430,call,祥碩,5269
059431,call,緯穎,6669
059432,call,華通,2313
059433,call,華通,2313
059434,call,金像電,2368
059435,call,世芯-KY,3661
059436,call,南茂,8150
059437,call,元大台灣50,0050
059438,call,元大台灣50,0050
059440,call,南亞,1303
059441,call,國喬,1312
059442,call,鴻海,2317
059443,call,鴻海,2317
059444,call,台積電,2330
059445,call,台積電,2330
059446,call,創見,2451
059447,call,創見,2451
059448,call,義隆,2458
059449,call,強茂,2481
059450,call,強茂,2481
059451,call,強茂,2481
059452,call,長榮,2603
059453,call,萬海,2615
059454,call,奇鋐,3017
059456,call,奇鋐,3017
059457,call,智原,3035
059458,call,景碩,3189
059459,call,新日興,3376
059460,call,日月光投控,3711
059461,call,日月光投控,3711
059462,call,定穎投控,3715
059463,call,定穎投控,3715
059464,call,定穎投控,3715
059465,call,新唐,4919
059466,call,眾達-KY,4977
059467,call,佳必琪,6197
059468,call,力成,6239
059469,call,力成,6239
059472,call,啟碁,6285
059474,call,緯穎,6669
059475,call,AES-KY,6781
059476,call,AES-KY,6781
059477,call,采鈺,6789
059478,call,天虹,6937
059479,call,富鼎,8261
059480,call,元大台灣50,0050
059481,call,富邦科技,0052
059488,call,台積電,2330
059489,call,台積電,2330
05948U,put,金像電,2368
059490,call,菱生,2369
059491,call,毅嘉,2402
059492,call,漢唐,2404
059493,call,長榮,2603
059494,call,裕民,2606
059495,call,萬海,2615
059496,call,神基,3005
059497,call,京鼎,3413
059498,call,達邁,3645
059499,call,達明,4585
059500,call,材料*-KY,4763
059501,call,上品,4770
059502,call,乙盛-KY,5243
059503,call,力成,6239
059505,call,晶碩,6491
059507,call,昇陽半導體,8028
059510,call,台化,1326
059511,call,台化,1326
059513,call,美時,1795
059515,call,劍麟,2228
059516,call,華通,2313
059517,call,華通,2313
059518,call,華通,2313
059519,call,華通,2313
059520,call,智邦,2345
059521,call,美律,2439
059522,call,定穎投控,3715
059526,call,AES-KY,6781
059527,call,AES-KY,6781
059530,call,元大台灣50,0050
059531,call,台塑,1301
059532,call,大成鋼,2027
059533,call,光寶科,2301
059534,call,華通,2313
059535,call,鴻海,2317
059536,call,鴻海,2317
059537,call,鴻海,2317
059538,call,國巨*,2327
059539,call,皇昌,2543
059540,call,陽明,2609
059541,call,奇鋐,3017
059542,call,景碩,3189
059543,call,緯創,3231
059545,call,定穎投控,3715
059546,call,事欣科,4916
059547,call,眾達-KY,4977
059548,call,jpp-KY,5284
059550,call,緯穎,6669
059551,call,兆聯實業,6944
059552,call,兆聯實業,6944
059553,call,至上,8112
059554,call,南茂,8150
059557,call,新唐,4919
059558,call,台虹,8039
059559,call,智邦,2345
059560,call,奇鋐,3017
059561,call,世芯-KY,3661
059563,call,元大台灣50,0050
059565,call,華通,2313
059566,call,華碩,2357
059567,call,金像電,2368
059568,call,毅嘉,2402
059569,call,創見,2451
059570,call,強茂,2481
059571,call,世芯-KY,3661
059572,call,定穎投控,3715
059573,call,眾達-KY,4977
059574,call,采鈺,6789
059575,call,台虹,8039
059576,call,宇瞻,8271
059577,call,元大台灣50,0050
059579,call,國巨*,2327
059580,call,金像電,2368
059581,call,國泰金,2882
059584,call,永光,1711
059586,call,光寶科,2301
059587,call,鴻海,2317
059588,call,英業達,2356
059589,call,金像電,2368
059590,call,創見,2451
059591,call,聯發科,2454
059592,call,長榮航,2618
059593,call,大立光,3008
059594,call,奇鋐,3017
059595,call,景碩,3189
059596,call,新日興,3376
059597,call,牧德,3563
059598,call,達邁,3645
059599,call,東台,4526
059600,call,台積電,2330
059601,call,康普,4739
059602,call,新唐,4919
059605,call,緯穎,6669
059607,call,三集瑞-KY,6862
059610,call,台虹,8039
059611,call,至上,8112
059613,call,華通,2313
059614,call,華通,2313
059615,call,鴻海,2317
059616,call,威盛,2388
059617,call,大立光,3008
059618,call,世芯-KY,3661
059619,call,愛普*,6531
059620,call,緯穎,6669
059621,call,兆聯實業,6944
059623,call,世芯-KY,3661
059624,call,台虹,8039
059625,call,台虹,8039
059626,call,台虹,8039
059630,call,永光,1711
059631,call,長興,1717
059632,call,川湖,2059
059633,call,華通,2313
059634,call,英業達,2356
059635,call,英業達,2356
059636,call,金像電,2368
059637,call,威盛,2388
059638,call,奇鋐,3017
059639,call,景碩,3189
059640,call,佳必琪,6197
059641,call,飛捷,6206
059642,call,飛捷,6206
059643,call,聯茂,6213
059644,call,矽格,6257
059645,call,緯穎,6669
059646,call,采鈺,6789
059647,call,采鈺,6789
059648,call,台虹,8039
059649,call,台虹,8039
059650,call,台虹,8039
059651,call,台虹,8039
059652,call,南茂,8150
059653,call,元大台灣50,0050
059657,call,聯電,2303
059658,call,鴻海,2317
059659,call,台積電,2330
059660,call,金像電,2368
059661,call,京元電子,2449
059662,call,聯發科,2454
059663,call,世芯-KY,3661
059664,call,緯穎,6669
059667,call,鴻海,2317
059668,call,鴻海,2317
059669,call,台積電,2330
05966U,put,元大台灣50,0050
059670,call,台積電,2330
059671,call,金像電,2368
059672,call,建準,2421
059673,call,義隆,2458
059674,call,義隆,2458
059675,call,奇鋐,3017
059676,call,奇鋐,3017
059677,call,景碩,3189
059678,call,牧德,3563
059679,call,達邁,3645
05967U,put,國巨*,2327
059680,call,世芯-KY,3661
059681,call,新唐,4919
059682,call,佳必琪,6197
059683,call,康舒,6282
059685,call,台虹,8039
059686,call,至上,8112
059688,call,至上,8112
059695,call,永光,1711
059696,call,華通,2313
059697,call,華通,2313
059698,call,華通,2313
059699,call,華通,2313
059700,call,華通,2313
059701,call,華通,2313
059703,call,華通,2313
059704,call,華通,2313
059705,call,華通,2313
059706,call,台積電,2330
059707,call,華碩,2357
059709,call,創見,2451
059710,call,宏達電,2498
059711,call,長榮,2603
059712,call,長榮航,2618
059713,call,德律,3030
059714,call,智原,3035
059715,call,文曄,3036
059716,call,景碩,3189
059717,call,景碩,3189
059718,call,景碩,3189
059719,call,嘉澤,3533
059721,call,牧德,3563
059722,call,牧德,3563
059723,call,牧德,3563
059724,call,達邁,3645
059725,call,日月光投控,3711
059726,call,日月光投控,3711
059727,call,臻鼎-KY,4958
059731,call,臻鼎-KY,4958
059732,call,眾達-KY,4977
059737,call,惠特,6706
059738,call,龍德造船,6753
059739,call,采鈺,6789
059740,call,南茂,8150
059741,call,勤誠,8210
059750,call,華通,2313
059751,call,鴻海,2317
059752,call,台積電,2330
059753,call,台積電,2330
059754,call,台積電,2330
059755,call,金像電,2368
059756,call,金像電,2368
059757,call,瑞昱,2379
059758,call,超豐,2441
059759,call,奇鋐,3017
059760,call,達邁,3645
059761,call,世芯-KY,3661
059762,call,上緯投控,3708
059763,call,矽格,6257
059764,call,惠特,6706
059765,call,采鈺,6789
059766,call,台虹,8039
059767,call,至上,8112
059768,call,南茂,8150
059769,call,宇瞻,8271
059771,call,光寶科,2301
059772,call,鴻海,2317
059773,call,台積電,2330
059774,call,智邦,2345
059775,call,金像電,2368
059776,call,金像電,2368
059777,call,毅嘉,2402
059778,call,京元電子,2449
059779,call,嘉澤,3533
059780,call,辛耘,3583
059781,call,日月光投控,3711
059782,call,上品,4770
059783,call,天虹,6937
059784,call,元大台灣50,0050
059785,call,金像電,2368
059789,call,光寶科,2301
059790,call,金像電,2368
059791,call,金像電,2368
059794,call,長榮,2603
059795,call,奇鋐,3017
059796,call,德律,3030
059797,call,聯詠,3034
059798,call,智原,3035
059799,call,文曄,3036
059800,call,景碩,3189
059801,call,景碩,3189
059802,call,嘉澤,3533
059803,call,牧德,3563
059804,call,辛耘,3583
059805,call,世芯-KY,3661
059807,call,上品,4770
059809,call,眾達-KY,4977
059810,call,佳必琪,6197
059811,call,矽力*-KY,6415
059813,call,緯穎,6669
059814,call,惠特,6706
059815,call,龍德造船,6753
059816,call,台虹,8039
059817,call,至上,8112
059819,call,世紀鋼,9958
059828,call,台積電,2330
059830,call,中興電,1513
059831,call,華立,3010
059832,call,德律,3030
059833,call,智原,3035
059834,call,大銀微系統,4576
059835,call,宇瞻,8271
059836,call,宇瞻,8271
059837,call,宇瞻,8271
059843,call,鴻海,2317
059844,call,華碩,2357
059845,call,德律,3030
059846,call,日月光投控,3711
059847,call,愛普*,6531
059848,call,至上,8112
059851,call,南亞,1303
059852,call,華新,1605
059853,call,國巨*,2327
059854,call,台勝科,3532
059855,call,啟碁,6285
059857,call,啟碁,6285
059858,call,台虹,8039
059859,call,奇鋐,3017
059860,call,新唐,4919
059862,call,元大台灣50,0050
059863,call,台積電,2330
059864,call,台積電,2330
059865,call,台積電,2330
059866,call,華碩,2357
059867,call,金像電,2368
059868,call,友達,2409
059869,call,友達,2409
059870,call,建準,2421
059871,call,聯發科,2454
059872,call,神基,3005
059873,call,德律,3030
059874,call,牧德,3563
059875,call,世芯-KY,3661
059876,call,眾達-KY,4977
059877,call,愛普*,6531
059878,call,兆聯實業,6944
059879,call,富鼎,8261
059880,call,宇瞻,8271
059881,call,宇瞻,8271
059883,call,台積電,2330
059884,call,金像電,2368
059885,call,金像電,2368
059886,call,金像電,2368
059887,call,金像電,2368
059888,call,金像電,2368
059889,call,長榮,2603
059890,call,奇鋐,3017
059891,call,德律,3030
059892,call,德律,3030
059893,call,文曄,3036
059894,call,景碩,3189
059896,call,嘉澤,3533
059897,call,牧德,3563
059898,call,達邁,3645
059899,call,達邁,3645
059900,call,世芯-KY,3661
059903,call,臻鼎-KY,4958
059905,call,臻鼎-KY,4958
059908,call,矽格,6257
059909,call,同欣電,6271
059910,call,緯穎,6669
059911,call,惠特,6706
059913,call,台虹,8039
059914,call,台虹,8039
059915,call,台虹,8039
059916,call,台虹,8039
059917,call,勤誠,8210
059918,call,宇瞻,8271
059919,call,宇瞻,8271
059921,call,宇瞻,8271
059922,call,宇瞻,8271
059923,call,東鹼,1708
059924,call,鴻海,2317
059925,call,鴻海,2317
059926,call,鴻海,2317
059927,call,鴻海,2317
059930,call,金像電,2368
059932,call,毅嘉,2402
059934,call,可成,2474
059935,call,強茂,2481
059936,call,新興,2605
059937,call,奇鋐,3017
059938,call,嘉澤,3533
059939,call,眾達-KY,4977
059940,call,佳必琪,6197
059941,call,愛普*,6531
059942,call,惠特,6706
059943,call,兆聯實業,6944
059944,call,台虹,8039
059945,call,瀚荃,8103
059946,call,至上,8112
059947,call,至上,8112
059956,call,上銀,2049
059957,call,聯詠,3034
059958,call,文曄,3036
059959,call,景碩,3189
059960,call,祥碩,5269
059961,call,美時,1795
059962,call,仁寶,2324
059963,call,華泰,2329
059964,call,京元電子,2449
059965,call,萬海,2615
059966,call,世芯-KY,3661
059967,call,矽格,6257
059968,call,矽力*-KY,6415
059970,call,緯穎,6669
059971,call,惠特,6706
059972,call,兆聯實業,6944
059973,call,世紀鋼,9958
059976,call,佳必琪,6197
059979,call,南亞,1303
059980,call,台聚,1304
059982,call,華碩,2357
059983,call,奇鋐,3017
059984,call,臻鼎-KY,4958
059985,call,佳必琪,6197
059987,call,華泰,2329
059988,call,聯發科,2454
059991,call,陽明,2609
059992,call,景碩,3189
059993,call,定穎投控,3715
059994,call,力成,6239
059995,call,啟碁,6285
059997,call,訊芯-KY,6451
059998,call,愛普*,6531
059999,call,台虹,8039
060000,call,聯茂,6213
060001,call,愛普*,6531
060004,call,聚陽,1477
060005,call,川湖,2059
060006,call,光寶科,2301
060007,call,聯電,2303
060008,call,楠梓電,2316
060009,call,佳能,2374
060010,call,長榮,2603
060011,call,奇鋐,3017
060012,call,景碩,3189
060013,call,佳必琪,6197
060015,call,友達,2409
060016,call,京元電子,2449
060017,call,新興,2605
060018,call,神基,3005
060020,call,景碩,3189
060021,call,日月光投控,3711
060022,call,和碩,4938
060023,call,愛普*,6531
060024,call,至上,8112
060028,call,統一,1216
060029,call,中興電,1513
060030,call,永光,1711
060031,call,宇隆,2233
060032,call,智邦,2345
060034,call,友達,2409
060035,call,可成,2474
060036,call,強茂,2481
060037,call,新興,2605
060038,call,神基,3005
060039,call,華立,3010
060040,call,健鼎,3044
060041,call,景碩,3189
060043,call,定穎投控,3715
060044,call,jpp-KY,5284
060045,call,力成,6239
060046,call,矽格,6257
060049,call,愛普*,6531
060050,call,愛普*,6531
060051,call,采鈺,6789
060052,call,兆聯實業,6944
060053,call,台虹,8039
060054,call,至上,8112
060055,call,勤誠,8210
060056,call,富鼎,8261
06005U,put,台達電,2308
060060,call,美時,1795
060062,call,建準,2421
060063,call,美律,2439
060064,call,聯發科,2454
060065,call,聯發科,2454
060066,call,普安,2495
060067,call,新興,2605
060068,call,臺企銀,2834
060069,call,德律,3030
06006U,put,台積電,2330
060070,call,聯詠,3034
060071,call,文曄,3036
060072,call,景碩,3189
060073,call,景碩,3189
060074,call,嘉澤,3533
060075,call,牧德,3563
060076,call,世芯-KY,3661
060077,call,定穎投控,3715
060078,call,定穎投控,3715
060079,call,眾達-KY,4977
060080,call,精成科,6191
060081,call,精成科,6191
060082,call,佳必琪,6197
060083,call,和椿,6215
060084,call,矽力*-KY,6415
060086,call,愛普*,6531
060087,call,緯穎,6669
060088,call,富鼎,8261
060091,call,統一,1216
060092,call,台聚,1304
060094,call,東鹼,1708
060095,call,永光,1711
060096,call,美時,1795
060097,call,中環,2323
060098,call,景碩,3189
060099,call,世芯-KY,3661
060100,call,定穎投控,3715
060102,call,台塑化,6505
060103,call,台塑化,6505
060105,call,台虹,8039
060106,call,富鼎,8261
060107,call,元大台灣50,0050
060110,call,鴻海,2317
060111,call,鴻海,2317
060112,call,國巨*,2327
060113,call,華泰,2329
060114,call,昆盈,2365
060115,call,神基,3005
060116,call,神基,3005
060117,call,神基,3005
060118,call,定穎投控,3715
060119,call,愛普*,6531
060120,call,緯穎,6669
060121,call,台虹,8039
060122,call,勤誠,8210
060123,call,勤誠,8210
060124,call,富鼎,8261
060132,call,東鹼,1708
060133,call,東鹼,1708
060134,call,永光,1711
060135,call,永光,1711
060136,call,鴻海,2317
060137,call,台積電,2330
060138,call,台積電,2330
060139,call,智邦,2345
060140,call,神基,3005
060141,call,德律,3030
060142,call,德律,3030
060144,call,景碩,3189
060145,call,嘉澤,3533
060146,call,嘉澤,3533
060148,call,日月光投控,3711
060149,call,日月光投控,3711
060150,call,臻鼎-KY,4958
060154,call,同欣電,6271
060157,call,愛普*,6531
060158,call,緯穎,6669
060159,call,采鈺,6789
060160,call,台虹,8039
060161,call,台虹,8039
060162,call,台虹,8039
060163,call,台虹,8039
060164,call,台虹,8039
060165,call,台虹,8039
060166,call,台虹,8039
060168,call,勤誠,8210
060172,call,南亞,1303
060173,call,南亞,1303
060174,call,台化,1326
060175,call,長榮,2603
060176,call,貿聯-KY,3665
060177,call,亞翔,6139
060179,call,台化,1326
060180,call,東鹼,1708
060181,call,華通,2313
060182,call,華通,2313
060183,call,鴻海,2317
060185,call,京元電子,2449
060186,call,創見,2451
060187,call,創見,2451
060188,call,健鼎,3044
060189,call,景碩,3189
060190,call,新日興,3376
060191,call,大聯大,3702
060192,call,定穎投控,3715
060193,call,眾達-KY,4977
060194,call,GIS-KY,6456
060195,call,至上,8112
060196,call,巨大,9921
060197,call,景碩,3189
060198,call,至上,8112
060199,call,富邦科技,0052
060201,call,台塑,1301
060202,call,華通,2313
060203,call,鴻海,2317
060204,call,毅嘉,2402
060205,call,創見,2451
060207,call,聯發科,2454
060208,call,世芯-KY,3661
060210,call,萬海,2615
060211,call,亞光,3019
060212,call,牧德,3563
060213,call,貿聯-KY,3665
060214,call,聯茂,6213
060215,call,力成,6239
060216,call,采鈺,6789
060217,call,昇陽半導體,8028
060218,call,緯創,3231
060219,call,國巨*,2327
060220,call,建準,2421
060221,call,文曄,3036
060222,call,健鼎,3044
060223,call,景碩,3189
060224,call,貿聯-KY,3665
060225,call,眾達-KY,4977
060226,call,力成,6239
060227,call,GIS-KY,6456
060228,call,GIS-KY,6456
060229,call,昇陽半導體,8028
060231,call,創見,2451
060232,call,創見,2451
060233,call,德律,3030
060234,call,文曄,3036
060235,call,貿聯-KY,3665
060236,call,力成,6239
060237,call,訊芯-KY,6451
060238,call,GIS-KY,6456
060239,call,AES-KY,6781
060240,call,至上,8112
060241,call,勤誠,8210
060244,call,南亞,1303
060245,call,台化,1326
060246,call,永光,1711
060247,call,美時,1795
060248,call,川湖,2059
060249,call,光寶科,2301
060250,call,華通,2313
060251,call,華通,2313
060252,call,華通,2313
060254,call,創見,2451
060256,call,長榮,2603
060257,call,大立光,3008
060258,call,奇鋐,3017
060259,call,德律,3030
060261,call,景碩,3189
060262,call,新日興,3376
060263,call,嘉澤,3533
060264,call,世芯-KY,3661
060266,call,定穎投控,3715
060269,call,眾達-KY,4977
060270,call,佳必琪,6197
060273,call,緯穎,6669
060274,call,惠特,6706
060275,call,AES-KY,6781
060278,call,亞德客-KY,1590
060279,call,東鹼,1708
06027U,put,聯發科,2454
060280,call,永光,1711
060281,call,美時,1795
060283,call,台亞,2340
060284,call,聯強,2347
060285,call,鴻準,2354
060286,call,華碩,2357
060287,call,昆盈,2365
060288,call,菱生,2369
060289,call,大同,2371
060290,call,凱美,2375
060291,call,技嘉,2376
060292,call,技嘉,2376
060293,call,正崴,2392
060294,call,友達,2409
060295,call,偉詮電,2436
060296,call,京元電子,2449
060297,call,創見,2451
060298,call,義隆,2458
060299,call,義隆,2458
060300,call,普安,2495
060301,call,宏達電,2498
060302,call,皇昌,2543
060303,call,皇昌,2543
060304,call,長榮,2603
060305,call,新興,2605
060307,call,陽明,2609
060308,call,景碩,3189
060309,call,貿聯-KY,3665
060310,call,大聯大,3702
060311,call,材料*-KY,4763
060312,call,正文,4906
060313,call,旭隼,6409
060314,call,視陽,6782
060316,call,美時,1795
060317,call,華通,2313
060318,call,可成,2474
060319,call,長榮,2603
060320,call,威健,3033
060321,call,威健,3033
060322,call,貿聯-KY,3665
060323,call,雙鍵,4764
060328,call,力成,6239
060329,call,GIS-KY,6456
060330,call,GIS-KY,6456
060331,call,至上,8112
060338,call,南亞,1303
060340,call,南亞,1303
060341,call,台化,1326
060342,call,美時,1795
060343,call,華通,2313
060344,call,華通,2313
060345,call,華通,2313
060346,call,華通,2313
060347,call,華通,2313
060348,call,華通,2313
060349,call,長榮,2603
060350,call,長榮,2603
060351,call,長榮,2603
060352,call,新興,2605
060353,call,亞光,3019
060354,call,景碩,3189
060355,call,景碩,3189
060356,call,嘉澤,3533
060357,call,牧德,3563
060359,call,貿聯-KY,3665
060360,call,貿聯-KY,3665
060361,call,貿聯-KY,3665
060362,call,貿聯-KY,3665
060364,call,大聯大,3702
060365,call,日月光投控,3711
060367,call,材料*-KY,4763
060368,call,雙鍵,4764
060371,call,聯茂,6213
060373,call,聯茂,6213
060374,call,聯茂,6213
060375,call,同欣電,6271
060376,call,啟碁,6285
060377,call,啟碁,6285
060380,call,GIS-KY,6456
060382,call,采鈺,6789
060384,call,勤誠,8210
060385,call,富鼎,8261
060394,call,台塑,1301
060395,call,南亞,1303
060396,call,宏泰,1612
060397,call,東鹼,1708
060398,call,東鹼,1708
060399,call,永光,1711
060400,call,華通,2313
060401,call,華通,2313
060402,call,華通,2313
060403,call,技嘉,2376
060404,call,創見,2451
060405,call,聯發科,2454
060406,call,聯發科,2454
060407,call,聯發科,2454
060408,call,可成,2474
060410,call,長榮,2603
060411,call,新興,2605
060412,call,景碩,3189
060413,call,牧德,3563
060414,call,辛耘,3583
060416,call,大聯大,3702
060417,call,大聯大,3702
060418,call,雙鍵,4764
060419,call,啟碁,6285
060420,call,GIS-KY,6456
060421,call,愛普*,6531
060423,call,台積電,2330
060424,call,創見,2451
060425,call,創見,2451
060426,call,奇鋐,3017
060427,call,嘉澤,3533
060428,call,聯茂,6213
060430,call,康舒,6282
060432,call,永光,1711
060433,call,永光,1711
060434,call,美時,1795
060435,call,華通,2313
060437,call,國巨*,2327
060438,call,國巨*,2327
060439,call,台亞,2340
060440,call,技嘉,2376
060441,call,仲琦,2419
060442,call,建準,2421
060445,call,長榮,2603
060446,call,奇鋐,3017
060447,call,文曄,3036
060448,call,牧德,3563
060449,call,貿聯-KY,3665
060450,call,康普,4739
060451,call,臻鼎-KY,4958
060452,call,亞翔,6139
060453,call,佳必琪,6197
060454,call,聯茂,6213
060455,call,同欣電,6271
060456,call,康舒,6282
060457,call,迅得,6438
060458,call,訊芯-KY,6451
060459,call,愛普*,6531
060460,call,昇陽半導體,8028
060461,call,至上,8112
060463,call,華通,2313
060464,call,台積電,2330
060465,call,牧德,3563
060466,call,元大台灣50,0050
060467,call,元大台灣50,0050
060469,call,楠梓電,2316
060470,call,台積電,2330
060471,call,台積電,2330
060472,call,敬鵬,2355
060473,call,技嘉,2376
060474,call,文曄,3036
060475,call,神達,3706
060476,call,聯茂,6213
060477,call,康舒,6282
060478,call,GIS-KY,6456
060479,call,兆聯實業,6944
060480,call,台化,1326
060481,call,川湖,2059
060482,call,華通,2313
060483,call,創見,2451
060484,call,盟立,2464
060485,call,聯詠,3034
060486,call,牧德,3563
060487,call,辛耘,3583
060488,call,昇陽半導體,8028
060491,call,台聚,1304
060492,call,台化,1326
060493,call,美時,1795
060495,call,國巨*,2327
060496,call,國巨*,2327
060498,call,敬鵬,2355
060499,call,建準,2421
060500,call,京元電子,2449
060502,call,長榮,2603
060503,call,大立光,3008
060504,call,奇鋐,3017
060505,call,德律,3030
060506,call,威健,3033
060507,call,聯詠,3034
060508,call,新日興,3376
060509,call,嘉澤,3533
060510,call,牧德,3563
060512,call,世芯-KY,3661
060513,call,大聯大,3702
060518,call,訊芯-KY,6451
060519,call,愛普*,6531
060520,call,三集瑞-KY,6862
060522,call,永光,1711
060523,call,華通,2313
060525,call,台積電,2330
060527,call,創見,2451
060528,call,晟銘電,3013
060529,call,嘉晶,3016
060530,call,聯詠,3034
060531,call,聯詠,3034
060532,call,文曄,3036
060533,call,文曄,3036
060534,call,文曄,3036
060536,call,新日興,3376
060537,call,辛耘,3583
060540,call,佳必琪,6197
060541,call,聯茂,6213
060542,call,訊芯-KY,6451
060544,call,愛普*,6531
060545,call,愛普*,6531
060546,call,愛普*,6531
060547,call,愛普*,6531
060548,call,至上,8112
060549,call,元大台灣50,0050
060552,call,長興,1717
060553,call,長興,1717
060554,call,華通,2313
060555,call,華通,2313
060556,call,京元電子,2449
060557,call,奇鋐,3017
060558,call,奇鋐,3017
060559,call,文曄,3036
060560,call,文曄,3036
060561,call,嘉澤,3533
060562,call,貿聯-KY,3665
060564,call,雙鍵,4764
060565,call,臻鼎-KY,4958
060566,call,眾達-KY,4977
060567,call,同欣電,6271
060568,call,康舒,6282
060569,call,康舒,6282
060570,call,康舒,6282
060571,call,康舒,6282
060572,call,康舒,6282
060573,call,啟碁,6285
060574,call,GIS-KY,6456
060575,call,愛普*,6531
060576,call,愛普*,6531
060577,call,至上,8112
060578,call,至上,8112
060580,call,台塑,1301
060581,call,亞德客-KY,1590
060582,call,川湖,2059
060583,call,為升,2231
060584,call,國巨*,2327
060585,call,台積電,2330
060586,call,台積電,2330
060587,call,台亞,2340
060588,call,聯強,2347
060589,call,鴻準,2354
060590,call,華碩,2357
060591,call,大同,2371
060592,call,技嘉,2376
060593,call,正崴,2392
060594,call,友達,2409
060595,call,創見,2451
060596,call,宏達電,2498
060597,call,陽明,2609
060598,call,牧德,3563
060600,call,貿聯-KY,3665
060601,call,大聯大,3702
060602,call,材料*-KY,4763
060603,call,臻鼎-KY,4958
060604,call,佳必琪,6197
060605,call,聯茂,6213
060606,call,精誠,6214
060608,call,啟碁,6285
060609,call,訊芯-KY,6451
060610,call,GIS-KY,6456
060611,call,視陽,6782
060612,call,至上,8112
060613,call,南茂,8150
060614,call,富鼎,8261
060617,call,元大台灣50,0050
060618,call,元大台灣50,0050
060619,call,元大台灣50,0050
060625,call,台化,1326
060626,call,美時,1795
060627,call,華通,2313
060628,call,華通,2313
060629,call,華通,2313
060630,call,華通,2313
060631,call,華通,2313
060632,call,華通,2313
060633,call,華通,2313
060634,call,華通,2313
060636,call,台積電,2330
060637,call,台積電,2330
060638,call,台積電,2330
060639,call,智邦,2345
060640,call,創見,2451
060641,call,長榮,2603
060642,call,長榮,2603
060643,call,長榮,2603
060644,call,新興,2605
060646,call,奇鋐,3017
060647,call,新日興,3376
060648,call,新日興,3376
060649,call,牧德,3563
060650,call,辛耘,3583
060651,call,貿聯-KY,3665
060652,call,貿聯-KY,3665
060653,call,貿聯-KY,3665
060654,call,貿聯-KY,3665
060655,call,貿聯-KY,3665
060659,call,臻鼎-KY,4958
060660,call,佳必琪,6197
060661,call,佳必琪,6197
060663,call,聯茂,6213
060664,call,同欣電,6271
060665,call,訊芯-KY,6451
060666,call,GIS-KY,6456
060667,call,緯穎,6669
060668,call,惠特,6706
060669,call,三集瑞-KY,6862
060670,call,兆聯實業,6944
060671,call,至上,8112
060672,call,勤誠,8210
060673,call,富鼎,8261
060676,call,京元電子,2449
060677,call,嘉澤,3533
060678,call,世芯-KY,3661
060679,call,貿聯-KY,3665
060680,call,日月光投控,3711
060681,call,矽力*-KY,6415
060682,call,兆聯實業,6944
060683,call,勤誠,8210
060684,call,永光,1711
060685,call,美時,1795
060686,call,大成鋼,2027
060687,call,仁寶,2324
060688,call,台積電,2330
060689,call,智邦,2345
060690,call,敬鵬,2355
060691,call,英業達,2356
060692,call,菱生,2369
060693,call,微星,2377
060694,call,毅嘉,2402
060695,call,偉詮電,2436
060696,call,鉅祥,2476
060697,call,強茂,2481
060698,call,宏達電,2498
060699,call,奇鋐,3017
060700,call,亞光,3019
060701,call,嘉澤,3533
060702,call,台積電,2330
060704,call,定穎投控,3715
060707,call,眾達-KY,4977
060708,call,亞翔,6139
060709,call,康舒,6282
060711,call,保瑞,6472
060712,call,緯穎,6669
060713,call,緯穎,6669
060714,call,志強-KY,6768
060715,call,兆聯實業,6944
060716,call,富鼎,8261
060717,call,華泰,2329
060718,call,華碩,2357
060719,call,嘉澤,3533
060720,call,台化,1326
060721,call,美時,1795
060722,call,美時,1795
060723,call,建準,2421
060724,call,建準,2421
060725,call,創見,2451
060726,call,盟立,2464
060727,call,盟立,2464
060728,call,強茂,2481
060729,call,長榮,2603
060730,call,陽明,2609
060731,call,奇鋐,3017
060732,call,昇貿,3305
060733,call,世芯-KY,3661
060734,call,定穎投控,3715
060735,call,材料*-KY,4763
060736,call,祥碩,5269
060737,call,啟碁,6285
060738,call,啟碁,6285
060739,call,旭隼,6409
060740,call,訊芯-KY,6451
060741,call,訊芯-KY,6451
060742,call,台塑化,6505
060743,call,惠特,6706
060744,call,AES-KY,6781
060745,call,元大台灣50,0050
060746,call,元大台灣50,0050
060747,call,南亞,1303
060748,call,台聚,1304
060749,call,台化,1326
060750,call,永光,1711
060751,call,美時,1795
060753,call,華泰,2329
060754,call,台積電,2330
060755,call,台積電,2330
060756,call,敬鵬,2355
060757,call,京元電子,2449
060758,call,創見,2451
060759,call,華新科,2492
060760,call,長榮,2603
060761,call,華航,2610
060762,call,奇鋐,3017
060763,call,德律,3030
060764,call,聯詠,3034
060765,call,文曄,3036
060766,call,新日興,3376
060767,call,嘉澤,3533
060768,call,世芯-KY,3661
060769,call,大聯大,3702
060770,call,日月光投控,3711
060771,call,定穎投控,3715
060772,call,新唐,4919
060774,call,矽力*-KY,6415
060775,call,迅得,6438
060776,call,訊芯-KY,6451
060778,call,緯穎,6669
060779,call,兆聯實業,6944
060781,call,宏全,9939
060782,call,聯電,2303
060783,call,定穎投控,3715
060785,call,京元電子,2449
060786,call,華新科,2492
060787,call,新興,2605
060788,call,至上,8112
060789,call,永光,1711
060790,call,永光,1711
060791,call,川湖,2059
060792,call,鴻海,2317
060793,call,鴻海,2317
060795,call,國巨*,2327
060796,call,國巨*,2327
060797,call,京元電子,2449
060798,call,創見,2451
060799,call,創見,2451
060800,call,創見,2451
060801,call,強茂,2481
060802,call,強茂,2481
060803,call,新日興,3376
060804,call,牧德,3563
060806,call,定穎投控,3715
060807,call,臻鼎-KY,4958
060809,call,啟碁,6285
060810,call,啟碁,6285
060812,call,訊芯-KY,6451
060813,call,兆聯實業,6944
060814,call,兆聯實業,6944
060815,call,意騰-KY,7749
060820,call,亞德客-KY,1590
060822,call,仁寶,2324
060823,call,智邦,2345
060824,call,順德,2351
060825,call,鴻準,2354
060826,call,大同,2371
060827,call,偉詮電,2436
060828,call,京元電子,2449
060829,call,創見,2451
060830,call,普安,2495
060831,call,新興,2605
060832,call,陽明,2609
060833,call,嘉澤,3533
060834,call,牧德,3563
060835,call,貿聯-KY,3665
060836,call,材料*-KY,4763
060837,call,眾達-KY,4977
060838,call,佳必琪,6197
060839,call,聯茂,6213
060840,call,同欣電,6271
060841,call,啟碁,6285
060842,call,訊芯-KY,6451
060843,call,訊芯-KY,6451
060844,call,GIS-KY,6456
060845,call,兆聯實業,6944
060846,call,至上,8112
060848,call,南亞,1303
060849,call,南亞,1303
060850,call,永光,1711
060851,call,永光,1711
060853,call,永光,1711
060854,call,美時,1795
060855,call,美時,1795
060856,call,鴻海,2317
060857,call,台積電,2330
060858,call,台積電,2330
060859,call,智邦,2345
060860,call,智邦,2345
060861,call,順德,2351
060862,call,技嘉,2376
060863,call,漢唐,2404
060865,call,奇鋐,3017
060866,call,奇鋐,3017
060868,call,德律,3030
060869,call,文曄,3036
060870,call,貿聯-KY,3665
060871,call,貿聯-KY,3665
060872,call,貿聯-KY,3665
060873,call,大聯大,3702
060874,call,日月光投控,3711
060875,call,日月光投控,3711
060876,call,定穎投控,3715
060877,call,康普,4739
060879,call,佳必琪,6197
060886,call,訊芯-KY,6451
060887,call,訊芯-KY,6451
060888,call,GIS-KY,6456
060889,call,緯穎,6669
060890,call,采鈺,6789
060891,call,天虹,6937
060893,call,南茂,8150
060894,call,敬鵬,2355
060895,call,緯穎,6669
060896,call,亞聚,1308
060897,call,華泰,2329
060898,call,台積電,2330
060899,call,智邦,2345
060900,call,敬鵬,2355
060901,call,創見,2451
060902,call,大毅,2478
060903,call,新興,2605
060904,call,奇鋐,3017
060905,call,益登,3048
060906,call,嘉澤,3533
060907,call,牧德,3563
060908,call,大聯大,3702
060909,call,定穎投控,3715
060910,call,定穎投控,3715
060911,call,康普,4739
060912,call,雙鍵,4764
060913,call,新唐,4919
060914,call,眾達-KY,4977
060915,call,亞翔,6139
060916,call,迅得,6438
060917,call,兆聯實業,6944
060918,call,辛耘,3583
060919,call,新唐,4919
060922,call,中興電,1513
060923,call,創見,2451
060924,call,新興,2605
060925,call,中信金,2891
060926,call,德律,3030
060927,call,緯創,3231
060928,call,辛耘,3583
060929,call,日月光投控,3711
060930,call,力成,6239
060931,call,緯穎,6669
060932,call,至上,8112
060934,call,華泰,2329
060935,call,敬鵬,2355
060936,call,奇鋐,3017
060937,call,台勝科,3532
060938,call,牧德,3563
060939,call,辛耘,3583
060940,call,定穎投控,3715
060942,call,南亞,1303
060943,call,創見,2451
060944,call,普安,2495
060945,call,新興,2605
060947,call,奇鋐,3017
060948,call,奇鋐,3017
060949,call,德律,3030
060950,call,聯詠,3034
060951,call,嘉澤,3533
060952,call,辛耘,3583
060953,call,定穎投控,3715
060954,call,材料*-KY,4763
060955,call,正文,4906
060956,call,新唐,4919
060957,call,眾達-KY,4977
060958,call,力成,6239
060959,call,啟碁,6285
060960,call,智邦,2345
060961,call,定穎投控,3715
060963,call,台積電,2330
060964,call,台積電,2330
060965,call,台聚,1304
060966,call,東鹼,1708
060967,call,台積電,2330
060968,call,台積電,2330
060969,call,菱生,2369
060970,call,普安,2495
060971,call,普安,2495
060972,call,新興,2605
060973,call,奇鋐,3017
060974,call,奇鋐,3017
060975,call,威強電,3022
060978,call,定穎投控,3715
060979,call,定穎投控,3715
060980,call,康普,4739
060981,call,康普,4739
060982,call,康普,4739
060983,call,jpp-KY,5284
060984,call,川湖,2059
060985,call,台積電,2330
060986,call,台積電,2330
060987,call,智邦,2345
060988,call,順德,2351
060989,call,宏碁,2353
060990,call,技嘉,2376
060991,call,漢唐,2404
060992,call,創見,2451
060994,call,晟銘電,3013
060995,call,奇鋐,3017
060996,call,威強電,3022
060997,call,威健,3033
060998,call,嘉澤,3533
060999,call,牧德,3563
061000,call,貿聯-KY,3665
061001,call,定穎投控,3715
061002,call,材料*-KY,4763
061003,call,新唐,4919
061004,call,佳必琪,6197
061005,call,同欣電,6271
061007,call,GIS-KY,6456
061008,call,保瑞,6472
061009,call,緯穎,6669
061011,call,天虹,6937
061012,call,昇陽半導體,8028
061013,call,至上,8112
061019,call,台化,1326
061020,call,東鹼,1708
061021,call,楠梓電,2316
061022,call,楠梓電,2316
061023,call,鴻海,2317
061024,call,鴻海,2317
061025,call,鴻海,2317
061026,call,台積電,2330
061027,call,智邦,2345
061028,call,智邦,2345
061029,call,智邦,2345
061030,call,智邦,2345
061031,call,敬鵬,2355
061032,call,菱生,2369
061033,call,技嘉,2376
061034,call,建準,2421
061035,call,建準,2421
061036,call,建準,2421
061037,call,京元電子,2449
061038,call,京元電子,2449
061039,call,創見,2451
061040,call,創見,2451
061041,call,創見,2451
061042,call,創見,2451
061043,call,創見,2451
061044,call,創見,2451
061045,call,創見,2451
061046,call,創見,2451
061047,call,創見,2451
061048,call,創見,2451
061049,call,華新科,2492
061050,call,華新科,2492
061051,call,新興,2605
061052,call,德律,3030
061053,call,京鼎,3413
061054,call,嘉澤,3533
061055,call,牧德,3563
061056,call,辛耘,3583
061057,call,貿聯-KY,3665
061058,call,定穎投控,3715
061059,call,新唐,4919
061060,call,GIS-KY,6456
061062,call,采鈺,6789
061069,call,台聚,1304
061070,call,世芯-KY,3661
061071,call,貿聯-KY,3665
061073,call,廣宇,2328
061074,call,菱生,2369
061075,call,威盛,2388
061076,call,立積,4968
061077,call,迅得,6438
061078,call,AES-KY,6781
061079,call,台積電,2330
061080,call,台積電,2330
061081,call,順德,2351
061082,call,菱生,2369
061083,call,立隆電,2472
061084,call,普安,2495
061085,call,信邦,3023
061086,call,威健,3033
061087,call,貿聯-KY,3665
061088,call,南寶,4766
061089,call,正文,4906
061090,call,正文,4906
061091,call,新唐,4919
061092,call,立積,4968
061093,call,亞翔,6139
061094,call,迅得,6438
061095,call,采鈺,6789
061096,call,來億-KY,6890
061097,call,台塑,1301
061098,call,川湖,2059
061099,call,華泰,2329
061100,call,漢唐,2404
061101,call,超豐,2441
061102,call,奇鋐,3017
061103,call,禾伸堂,3026
061104,call,德律,3030
061105,call,嘉澤,3533
061106,call,TPK-KY,3673
061107,call,今國光,6209
061108,call,聯茂,6213
061109,call,光寶科,2301
061115,call,台塑,1301
061116,call,台聚,1304
061118,call,楠梓電,2316
061119,call,鴻海,2317
061120,call,國巨*,2327
061122,call,華泰,2329
061123,call,台積電,2330
061124,call,台積電,2330
061125,call,建準,2421
061126,call,京元電子,2449
061128,call,亞航,2630
061129,call,國泰金,2882
061130,call,德律,3030
061131,call,威健,3033
061132,call,益登,3048
061133,call,緯創,3231
061134,call,新日興,3376
061135,call,京鼎,3413
061136,call,台勝科,3532
061137,call,嘉澤,3533
061138,call,辛耘,3583
061139,call,世芯-KY,3661
061140,call,貿聯-KY,3665
061141,call,和碩,4938
061142,call,亞翔,6139
061143,call,力成,6239
061144,call,康舒,6282
061145,call,矽力*-KY,6415
061146,call,GIS-KY,6456
061147,call,AES-KY,6781
061148,call,兆聯實業,6944
061150,call,光寶科,2301
061151,call,智邦,2345
061152,call,奇鋐,3017
061154,call,川湖,2059
061155,call,鴻海,2317
061156,call,鴻海,2317
061157,call,華泰,2329
061158,call,台積電,2330
061159,call,聯發科,2454
061160,call,威健,3033
061161,call,緯創,3231
061162,call,jpp-KY,5284
061163,call,勤誠,8210
061165,call,台聚,1304
061166,call,亞聚,1308
061167,call,國喬,1312
061168,call,長興,1717
061169,call,楠梓電,2316
061171,call,鴻海,2317
061172,call,鴻海,2317
061173,call,鴻海,2317
061174,call,鴻海,2317
061175,call,鴻海,2317
061177,call,鴻海,2317
061178,call,鴻海,2317
061179,call,鴻海,2317
061180,call,鴻海,2317
061182,call,台積電,2330
061183,call,台積電,2330
061184,call,智邦,2345
061185,call,智邦,2345
061186,call,智邦,2345
061187,call,智邦,2345
061188,call,菱生,2369
061189,call,友達,2409
061190,call,建準,2421
061191,call,普安,2495
061192,call,普安,2495
061193,call,宏達電,2498
061194,call,皇昌,2543
061195,call,新興,2605
061196,call,奇鋐,3017
061197,call,德律,3030
061198,call,德律,3030
061199,call,德律,3030
061200,call,嘉澤,3533
061201,call,辛耘,3583
061204,call,上緯投控,3708
061205,call,康普,4739
061206,call,正文,4906
061207,call,AES-KY,6781
061212,call,台聚,1304
061213,call,中鋼,2002
061215,call,中環,2323
061216,call,華泰,2329
061217,call,台積電,2330
061218,call,台亞,2340
061219,call,智邦,2345
061220,call,漢唐,2404
061221,call,華立,3010
061222,call,威健,3033
061223,call,嘉澤,3533
061224,call,嘉澤,3533
061225,call,嘉澤,3533
061226,call,世芯-KY,3661
061227,call,貿聯-KY,3665
061228,call,南寶,4766
061229,call,新唐,4919
061230,call,啟碁,6285
061231,call,保瑞,6472
061232,call,緯穎,6669
061233,call,泓德能源,6873
061234,call,昇陽半導體,8028
061235,call,金像電,2368
061236,call,奇鋐,3017
061237,call,長興,1717
061238,call,美時,1795
061239,call,中鋼,2002
061241,call,長榮鋼,2211
061242,call,台積電,2330
061243,call,台積電,2330
061244,call,智邦,2345
061245,call,金像電,2368
061246,call,金像電,2368
061247,call,威盛,2388
061248,call,漢唐,2404
061249,call,超豐,2441
061250,call,奇鋐,3017
061252,call,敦泰,3545
061253,call,上緯投控,3708
061254,call,南寶,4766
061255,call,立積,4968
061257,call,崇越,5434
061259,call,保瑞,6472
061260,call,晶碩,6491
061261,call,緯穎,6669
061262,call,泓德能源,6873
061263,call,台虹,8039
061264,call,新唐,4919
061265,call,力成,6239
061266,call,天虹,6937
061268,call,國喬,1312
061269,call,光寶科,2301
061270,call,毅嘉,2402
061271,call,貿聯-KY,3665
061273,call,亞聚,1308
061274,call,金像電,2368
061275,call,威盛,2388
061276,call,漢唐,2404
061277,call,大立光,3008
061278,call,jpp-KY,5284
061279,call,建國,5515
061280,call,力成,6239
061281,call,緯穎,6669
061282,call,天虹,6937
061283,call,瀚荃,8103
061284,call,福懋科,8131
061291,call,長興,1717
061292,call,智邦,2345
061293,call,jpp-KY,5284
061294,call,帆宣,6196
061295,call,迅得,6438
061297,call,美時,1795
061298,call,金像電,2368
061299,call,金像電,2368
061301,call,新唐,4919
061302,call,新唐,4919
061303,call,新唐,4919
061306,call,台聚,1304
061307,call,為升,2231
061308,call,華泰,2329
061309,call,台積電,2330
061310,call,台積電,2330
061311,call,台積電,2330
061312,call,菱生,2369
061313,call,菱生,2369
061316,call,台聚,1304
061317,call,國喬,1312
061319,call,楠梓電,2316
061320,call,楠梓電,2316
061321,call,華泰,2329
061322,call,華泰,2329
061323,call,華泰,2329
061324,call,華泰,2329
061326,call,台積電,2330
061327,call,台積電,2330
061328,call,智邦,2345
061331,call,菱生,2369
061332,call,菱生,2369
061333,call,漢唐,2404
061334,call,友達,2409
061336,call,立隆電,2472
061338,call,新興,2605
061339,call,富邦金,2881
061340,call,信邦,3023
061341,call,嘉澤,3533
061342,call,辛耘,3583
061343,call,貿聯-KY,3665
061344,call,貿聯-KY,3665
061345,call,貿聯-KY,3665
061346,call,神達,3706
061348,call,新唐,4919
061350,call,啟碁,6285
061351,call,迅得,6438
061352,call,迅得,6438
061353,call,緯穎,6669
061355,call,勤誠,8210
061365,call,台塑,1301
061366,call,光寶科,2301
061368,call,台積電,2330
061369,call,金像電,2368
061370,call,國泰金,2882
061371,call,德律,3030
061372,call,緯創,3231
061373,call,新日興,3376
061374,call,京鼎,3413
061376,call,世芯-KY,3661
061377,call,貿聯-KY,3665
061378,call,亞翔,6139
061379,call,台郡,6269
061380,call,台虹,8039
061381,call,華泰,2329
061382,call,長榮,2603
061383,call,亞翔,6139
061384,call,元大台灣50,0050
061388,call,威盛,2388
061389,call,台新新光金,2887
061390,call,奇鋐,3017
061391,call,智原,3035
061392,call,新唐,4919
061393,call,新唐,4919
061394,call,AES-KY,6781
061395,call,至上,8112
061396,call,啟碁,6285
061400,call,國巨*,2327
061401,call,大同,2371
061402,call,亞翔,6139
061403,call,台虹,8039
061408,call,川湖,2059
061411,call,漢唐,2404
061412,call,奇鋐,3017
061413,call,定穎投控,3715
061414,call,啟碁,6285
061415,call,緯穎,6669
061416,call,亞聚,1308
061417,call,川湖,2059
061418,call,亞翔,6139
061420,call,台聚,1304
061421,call,楠梓電,2316
061422,call,華泰,2329
061423,call,文曄,3036
061424,call,TPK-KY,3673
061425,call,定穎投控,3715
061426,call,定穎投控,3715
061427,call,智伸科,4551
061428,call,新唐,4919
061429,call,迅得,6438
06142U,put,台積電,2330
061430,call,台塑化,6505
061431,call,緯創,3231
061432,call,惠特,6706
061436,call,台塑,1301
061437,call,台聚,1304
061438,call,遠東新,1402
061441,call,中環,2323
061443,call,華泰,2329
061445,call,盟立,2464
061446,call,立隆電,2472
061447,call,強茂,2481
061448,call,冠德,2520
061449,call,大立光,3008
061450,call,信邦,3023
061451,call,德律,3030
061452,call,緯創,3231
061453,call,新日興,3376
061454,call,京鼎,3413
061455,call,辛耘,3583
061456,call,世芯-KY,3661
061457,call,貿聯-KY,3665
061458,call,定穎投控,3715
061459,call,定穎投控,3715
061460,call,南寶,4766
061461,call,新唐,4919
061462,call,亞翔,6139
061464,call,台郡,6269
061465,call,迅得,6438
061466,call,AES-KY,6781
061469,call,中環,2323
061470,call,國巨*,2327
061471,call,威盛,2388
061472,call,中華電,2412
061473,call,台郡,6269
061477,call,順德,2351
061478,call,奇鋐,3017
061479,call,禾伸堂,3026
061480,call,康普,4739
061482,call,迅得,6438
061483,call,AES-KY,6781
061484,call,AES-KY,6781
061485,call,泰金寶-DR,9105
061486,call,東元,1504
061487,call,東鹼,1708
061488,call,東鹼,1708
061489,call,東鹼,1708
061490,call,光寶科,2301
061492,call,大立光,3008
061493,call,亞翔,6139
061494,call,亞翔,6139
061496,call,元大台灣50,0050
061497,call,元大台灣50,0050
061510,call,東鹼,1708
061511,call,華泰,2329
061512,call,華泰,2329
061513,call,華泰,2329
061514,call,華泰,2329
061515,call,華泰,2329
061516,call,台積電,2330
061517,call,台積電,2330
061521,call,台積電,2330
061522,call,順德,2351
061523,call,敬鵬,2355
061524,call,漢唐,2404
061525,call,建準,2421
061527,call,長榮,2603
061528,call,新興,2605
061529,call,晟銘電,3013
061530,call,奇鋐,3017
061531,call,奇鋐,3017
061533,call,德律,3030
061534,call,德律,3030
061535,call,智原,3035
061536,call,智原,3035
061538,call,達邁,3645
061539,call,貿聯-KY,3665
061540,call,貿聯-KY,3665
061541,call,貿聯-KY,3665
061542,call,大聯大,3702
061543,call,新唐,4919
061544,call,新唐,4919
061545,call,祥碩,5269
061546,call,力成,6239
061547,call,力成,6239
061548,call,力成,6239
061549,call,台郡,6269
061551,call,富鼎,8261
061554,call,順德,2351
061555,call,強茂,2481
061556,call,新唐,4919
061557,call,亞翔,6139
061558,call,漢唐,2404
061559,call,緯穎,6669
061561,call,智邦,2345
061563,call,台積電,2330
061564,call,台積電,2330
061565,call,台積電,2330
061566,call,台積電,2330
061567,call,智邦,2345
061568,call,長榮,2603
061569,call,奇鋐,3017
061570,call,禾伸堂,3026
061571,call,建漢,3062
061572,call,玉晶光,3406
061573,call,京鼎,3413
061574,call,牧德,3563
061576,call,昇陽半導體,8028
061577,call,南亞,1303
061578,call,漢唐,2404
061579,call,亞翔,6139
061582,call,台聚,1304
061583,call,美時,1795
061584,call,智邦,2345
061585,call,漢唐,2404
061586,call,建準,2421
061587,call,晟銘電,3013
061588,call,奇鋐,3017
061589,call,聯詠,3034
061590,call,智原,3035
061591,call,嘉澤,3533
061593,call,世芯-KY,3661
061595,call,定穎投控,3715
061596,call,祥碩,5269
061597,call,啟碁,6285
061598,call,台塑化,6505
061599,call,惠特,6706
061600,call,AES-KY,6781
061601,call,至上,8112
061603,call,智邦,2345
061604,call,神基,3005
061605,call,奇鋐,3017
061606,call,牧德,3563
061607,call,定穎投控,3715
061608,call,新唐,4919
061609,call,至上,8112
061611,call,川湖,2059
061612,call,技嘉,2376
061613,call,晟銘電,3013
061614,call,嘉澤,3533
061615,call,日月光投控,3711
061616,call,定穎投控,3715
061617,call,康普,4739
061618,call,力成,6239
061619,call,啟碁,6285
061620,call,長華*,8070
061621,call,遠東新,1402
061622,call,長興,1717
061624,call,台積電,2330
061625,call,台積電,2330
061626,call,台積電,2330
061627,call,順德,2351
061628,call,漢唐,2404
061629,call,漢唐,2404
061630,call,漢唐,2404
061631,call,華新科,2492
061632,call,新興,2605
061633,call,奇鋐,3017
061634,call,亞光,3019
061636,call,文曄,3036
061637,call,京鼎,3413
061638,call,嘉澤,3533
061639,call,嘉澤,3533
061640,call,嘉澤,3533
061641,call,牧德,3563
061642,call,辛耘,3583
061643,call,大聯大,3702
061644,call,上緯投控,3708
061645,call,智伸科,4551
061646,call,大銀微系統,4576
061647,call,康普,4739
061648,call,新唐,4919
061649,call,新唐,4919
061650,call,力成,6239
061651,call,GIS-KY,6456
061652,call,緯穎,6669
061653,call,龍德造船,6753
061654,call,龍德造船,6753
061656,call,昇陽半導體,8028
061659,call,勤誠,8210
061663,call,元大台灣50,0050
061664,call,元大台灣50,0050
061670,call,川湖,2059
061671,call,華泰,2329
061672,call,智邦,2345
061673,call,敬鵬,2355
061674,call,台積電,2330
061675,call,漢唐,2404
061676,call,京元電子,2449
061677,call,盟立,2464
061678,call,奇鋐,3017
061679,call,禾伸堂,3026
061680,call,智原,3035
061681,call,辛耘,3583
061682,call,定穎投控,3715
061683,call,力成,6239
061684,call,啟碁,6285
061685,call,緯穎,6669
061686,call,AES-KY,6781
061687,call,昇陽半導體,8028
061688,call,至上,8112
061692,call,台塑,1301
061693,call,華新,1605
061694,call,國巨*,2327
061695,call,智邦,2345
061696,call,強茂,2481
061697,call,大立光,3008
061698,call,奇鋐,3017
061699,call,禾伸堂,3026
061700,call,德律,3030
061701,call,德律,3030
061702,call,蔚華科,3055
061703,call,緯創,3231
061704,call,新日興,3376
061705,call,京鼎,3413
061706,call,辛耘,3583
061707,call,辛耘,3583
061708,call,世芯-KY,3661
061709,call,貿聯-KY,3665
061710,call,大聯大,3702
061711,call,亞翔,6139
061712,call,帆宣,6196
061715,call,矽格,6257
061716,call,啟碁,6285
061717,call,昇陽半導體,8028
061718,call,勤誠,8210
061719,call,新纖,1409
061720,call,大成鋼,2027
061721,call,為升,2231
061723,call,台積電,2330
061724,call,台積電,2330
061725,call,智邦,2345
061726,call,微星,2377
061727,call,晟銘電,3013
061728,call,晟銘電,3013
061730,call,融程電,3416
061731,call,嘉澤,3533
061732,call,世芯-KY,3661
061733,call,世芯-KY,3661
061734,call,大聯大,3702
061736,call,智伸科,4551
061737,call,雙鍵,4764
061738,call,崇越,5434
061740,call,昇陽半導體,8028
061741,call,至上,8112
061742,call,勤誠,8210
061743,call,富鼎,8261
061744,call,智邦,2345
061745,call,奇鋐,3017
061746,call,台化,1326
061747,call,為升,2231
061748,call,華通,2313
061749,call,奇鋐,3017
06174U,put,鴻海,2317
061750,call,奇鋐,3017
061752,call,貿聯-KY,3665
061754,call,大銀微系統,4576
061755,call,矽力*-KY,6415
061756,call,勤誠,8210
061758,call,士電,1503
061759,call,東元,1504
06175U,put,台積電,2330
061760,call,華通,2313
061761,call,華泰,2329
061762,call,台積電,2330
061763,call,佳能,2374
061764,call,京鼎,3413
061765,call,新唐,4919
061766,call,矽格,6257
061767,call,迅得,6438
061768,call,GIS-KY,6456
061769,call,昇陽半導體,8028
061775,call,為升,2231
061776,call,台達電,2308
061777,call,台達電,2308
061778,call,華通,2313
061779,call,台積電,2330
06177P,put,台積電,2330
06177U,put,元大台灣50,0050
061780,call,奇鋐,3017
061781,call,大銀微系統,4576
061782,call,和碩,4938
061783,call,矽力*-KY,6415
061784,call,奕力-KY,6962
061785,call,矽創,8016
061788,call,為升,2231
061789,call,為升,2231
061790,call,華通,2313
061791,call,奇鋐,3017
061792,call,京鼎,3413
061793,call,大銀微系統,4576
061794,call,帆宣,6196
061795,call,啟碁,6285
061797,call,為升,2231
061798,call,奇鋐,3017
061799,call,禾伸堂,3026
061800,call,昇陽半導體,8028
061802,call,台聚,1304
061803,call,大成鋼,2027
061804,call,為升,2231
061805,call,為升,2231
061806,call,華通,2313
061807,call,華通,2313
061808,call,華通,2313
061809,call,國巨*,2327
061810,call,華泰,2329
061811,call,台積電,2330
061812,call,敬鵬,2355
061813,call,微星,2377
061814,call,新興,2605
061815,call,永豐金,2890
061816,call,奇鋐,3017
061817,call,亞光,3019
061818,call,禾伸堂,3026
061820,call,玉晶光,3406
061821,call,嘉澤,3533
061822,call,牧德,3563
061823,call,世芯-KY,3661
061824,call,大銀微系統,4576
061825,call,亞翔,6139
061826,call,帆宣,6196
061827,call,GIS-KY,6456
061829,call,惠特,6706
061832,call,泰金寶-DR,9105
061836,call,台聚,1304
061837,call,美時,1795
061838,call,川湖,2059
061840,call,台達電,2308
061841,call,台達電,2308
061842,call,台達電,2308
061843,call,台達電,2308
061844,call,台達電,2308
061845,call,華通,2313
061846,call,華通,2313
061847,call,智邦,2345
061848,call,敬鵬,2355
061849,call,漢唐,2404
061850,call,京元電子,2449
061851,call,奇鋐,3017
061852,call,奇鋐,3017
061853,call,智原,3035
061854,call,嘉澤,3533
061855,call,牧德,3563
061856,call,康舒,6282
061857,call,緯穎,6669
061858,call,惠特,6706
061859,call,AES-KY,6781
061861,call,華通,2313
061862,call,華通,2313
061863,call,華通,2313
061864,call,華通,2313
061865,call,智邦,2345
061866,call,智邦,2345
061867,call,瑞昱,2379
061868,call,瑞昱,2379
061869,call,瑞昱,2379
061870,call,毅嘉,2402
061874,call,建準,2421
061875,call,奇鋐,3017
061876,call,奇鋐,3017
061877,call,奇鋐,3017
061879,call,禾伸堂,3026
061880,call,昇貿,3305
061881,call,新日興,3376
061882,call,智伸科,4551
061883,call,鈞興-KY,4571
061884,call,康普,4739
061885,call,康普,4739
061886,call,崇越,5434
061887,call,佳必琪,6197
061888,call,矽格,6257
061889,call,樺漢,6414
061890,call,矽力*-KY,6415
061891,call,保瑞,6472
061892,call,保瑞,6472
061893,call,帝寶,6605
061894,call,來億-KY,6890
061895,call,瀚荃,8103
061896,call,鼎炫-KY,8499
061903,call,新纖,1409
061904,call,為升,2231
061905,call,台達電,2308
061906,call,台達電,2308
061907,call,台達電,2308
061908,call,台達電,2308
061909,call,台達電,2308
061910,call,華通,2313
061912,call,台積電,2330
061913,call,台積電,2330
061914,call,台積電,2330
061915,call,智邦,2345
061916,call,順德,2351
061917,call,敬鵬,2355
061918,call,友達,2409
061919,call,義隆,2458
061920,call,奇鋐,3017
061921,call,奇鋐,3017
061922,call,聯詠,3034
061923,call,聯詠,3034
061924,call,明泰,3380
061925,call,嘉澤,3533
061926,call,嘉澤,3533
061927,call,嘉澤,3533
061928,call,牧德,3563
061929,call,牧德,3563
061930,call,TPK-KY,3673
061931,call,定穎投控,3715
061932,call,定穎投控,3715
061933,call,定穎投控,3715
061935,call,雙鍵,4764
061936,call,新唐,4919
061937,call,力成,6239
061938,call,迅得,6438
061940,call,昇陽半導體,8028
061941,call,昇陽半導體,8028
061942,call,至上,8112
061944,call,台達電,2308
061945,call,台達電,2308
061946,call,台達電,2308
061947,call,華通,2313
061948,call,國巨*,2327
061949,call,金像電,2368
06194U,put,台積電,2330
061950,call,嘉澤,3533
061951,call,牧德,3563
061952,call,定穎投控,3715
061953,call,正文,4906
061954,call,台達電,2308
061955,call,台達電,2308
061956,call,華通,2313
061957,call,世芯-KY,3661
061958,call,定穎投控,3715
061959,call,元大台灣50,0050
061961,call,超豐,2441
061962,call,牧德,3563
061963,call,貿聯-KY,3665
061964,call,和碩,4938
061965,call,緯穎,6669
061967,call,台達電,2308
061968,call,台達電,2308
061969,call,台達電,2308
061970,call,台達電,2308
061971,call,台達電,2308
061972,call,矽格,6257
061976,call,美時,1795
061978,call,華泰,2329
061979,call,鴻準,2354
061980,call,正崴,2392
061981,call,京元電子,2449
061982,call,全漢,3015
061983,call,建漢,3062
061984,call,世芯-KY,3661
061985,call,世芯-KY,3661
061986,call,貿聯-KY,3665
061987,call,貿聯-KY,3665
061988,call,日月光投控,3711
061989,call,定穎投控,3715
06198U,put,華晶科,3059
061990,call,定穎投控,3715
061992,call,jpp-KY,5284
061993,call,矽格,6257
061994,call,保瑞,6472
061995,call,緯穎,6669
061996,call,緯穎,6669
061997,call,惠特,6706
061998,call,巨大,9921
061999,call,美時,1795
06199U,put,緯創,3231
062000,call,川湖,2059
062001,call,台達電,2308
062002,call,台達電,2308
062003,call,台達電,2308
062004,call,台達電,2308
062005,call,台達電,2308
062006,call,華通,2313
062007,call,華泰,2329
062008,call,台積電,2330
062009,call,智邦,2345
062010,call,順德,2351
062011,call,漢唐,2404
062013,call,新興,2605
062014,call,聯詠,3034
062015,call,智原,3035
062016,call,牧德,3563
062017,call,世芯-KY,3661
062018,call,貿聯-KY,3665
062019,call,定穎投控,3715
06201U,put,新日興,3376
062020,call,定穎投控,3715
062021,call,定穎投控,3715
062022,call,智伸科,4551
062023,call,正文,4906
062024,call,新唐,4919
062025,call,臻鼎-KY,4958
062026,call,力成,6239
062027,call,啟碁,6285
062029,call,迅得,6438
062031,call,矽創,8016
062032,call,昇陽半導體,8028
062033,call,至上,8112
062035,call,上銀,2049
062036,call,台達電,2308
062037,call,台達電,2308
062038,call,台達電,2308
062039,call,華通,2313
06203U,put,群創,3481
062040,call,華通,2313
062041,call,宏碁,2353
062042,call,晟銘電,3013
062043,call,牧德,3563
062044,call,貿聯-KY,3665
062045,call,定穎投控,3715
062046,call,正文,4906
062047,call,jpp-KY,5284
062048,call,精成科,6191
062049,call,聯茂,6213
062050,call,啟碁,6285
062052,call,緯穎,6669
062053,call,奕力-KY,6962
062054,call,台虹,8039
062055,call,統一,1216
062056,call,國喬,1312
062057,call,聚陽,1477
062058,call,正新,2105
062059,call,台達電,2308
062060,call,台達電,2308
062061,call,台達電,2308
062062,call,台達電,2308
062063,call,台達電,2308
062064,call,華通,2313
062066,call,台積電,2330
062067,call,台積電,2330
062068,call,台亞,2340
062069,call,智邦,2345
062070,call,敬鵬,2355
062071,call,技嘉,2376
062072,call,仲琦,2419
062073,call,長榮,2603
062074,call,新興,2605
062075,call,萬海,2615
062076,call,奇鋐,3017
062077,call,嘉澤,3533
062078,call,嘉澤,3533
062079,call,牧德,3563
06207U,put,立積,4968
062080,call,牧德,3563
062081,call,辛耘,3583
062082,call,正文,4906
062083,call,正文,4906
062084,call,新唐,4919
062085,call,亞翔,6139
062088,call,亞翔,6139
062089,call,聯茂,6213
062091,call,力成,6239
062092,call,康舒,6282
062093,call,康舒,6282
062094,call,康舒,6282
062095,call,迅得,6438
062096,call,至上,8112
062097,call,富鼎,8261
062098,call,富邦科技,0052
062103,call,台聚,1304
062104,call,聚陽,1477
062105,call,士電,1503
062106,call,亞力,1514
062107,call,中鋼,2002
062108,call,台達電,2308
062109,call,華通,2313
06210U,put,龍德造船,6753
062110,call,毅嘉,2402
062111,call,盟立,2464
062112,call,禾伸堂,3026
062113,call,牧德,3563
062114,call,定穎投控,3715
062115,call,正文,4906
062117,call,中租-KY,5871
062118,call,亞翔,6139
062119,call,精成科,6191
062120,call,保瑞,6472
062123,call,台聚,1304
062124,call,華新,1605
062125,call,華通,2313
062126,call,華通,2313
062127,call,台積電,2330
062128,call,台積電,2330
062129,call,仲琦,2419
062130,call,仲琦,2419
062131,call,鉅祥,2476
062132,call,亞光,3019
062133,call,德律,3030
062135,call,牧德,3563
062136,call,世芯-KY,3661
062137,call,定穎投控,3715
062138,call,定穎投控,3715
062139,call,正文,4906
062140,call,新唐,4919
062141,call,臻鼎-KY,4958
062142,call,臻鼎-KY,4958
062143,call,亞翔,6139
062144,call,聯茂,6213
062145,call,啟碁,6285
062146,call,啟碁,6285
062147,call,緯穎,6669
062148,call,鴻海,2317
062149,call,仁寶,2324
062150,call,聯發科,2454
062151,call,奇鋐,3017
062152,call,禾伸堂,3026
062153,call,聯詠,3034
062154,call,定穎投控,3715
062155,call,國精化,4722
062156,call,乙盛-KY,5243
062157,call,力成,6239
062158,call,勤誠,8210
062160,call,台聚,1304
062161,call,牧德,3563
062162,call,世芯-KY,3661
062163,call,緯穎,6669
062164,call,鴻海,2317
062165,call,鴻海,2317
062166,call,鴻海,2317
062167,call,鴻海,2317
062168,call,台積電,2330
062169,call,仲琦,2419
062170,call,興富發,2542
062171,call,富邦金,2881
062172,call,敦泰,3545
062174,call,世芯-KY,3661
062175,call,東台,4526
062176,call,鈞興-KY,4571
062177,call,康普,4739
062178,call,雙鍵,4764
062179,call,事欣科,4916
062180,call,達興材料,5234
062181,call,乙盛-KY,5243
062182,call,崇越,5434
062183,call,AES-KY,6781
062184,call,來億-KY,6890
062185,call,瀚荃,8103
062186,call,勤誠,8210
062187,call,勤誠,8210
062188,call,勤誠,8210
062189,call,威盛,2388
06218U,put,宏達電,2498
062190,call,緯創,3231
062192,call,台聚,1304
062193,call,聚陽,1477
062194,call,士電,1503
062195,call,亞力,1514
062196,call,中砂,1560
062197,call,台達電,2308
062198,call,鴻海,2317
062199,call,台積電,2330
062200,call,台積電,2330
062201,call,敬鵬,2355
062202,call,技嘉,2376
062203,call,盟立,2464
062204,call,鉅祥,2476
062205,call,長榮,2603
062206,call,新興,2605
062207,call,萬海,2615
062208,call,奇鋐,3017
062210,call,嘉澤,3533
062211,call,辛耘,3583
062214,call,國精化,4722
062215,call,達興材料,5234
062216,call,乙盛-KY,5243
062217,call,亞翔,6139
062218,call,精成科,6191
062220,call,迅得,6438
062221,call,來億-KY,6890
062222,call,富鼎,8261
062227,call,亞聚,1308
062228,call,長興,1717
062230,call,敬鵬,2355
062231,call,神基,3005
062232,call,益登,3048
062233,call,建漢,3062
062234,call,敦泰,3545
062235,call,貿聯-KY,3665
062236,call,乙盛-KY,5243
062237,call,鈺邦,6449
062238,call,保瑞,6472
062239,call,美利達,9914
062240,call,世紀鋼,9958
062246,call,台聚,1304
062247,call,國喬,1312
062249,call,大成鋼,2027
062250,call,鴻海,2317
062252,call,鴻海,2317
062253,call,台積電,2330
062254,call,台積電,2330
062255,call,智邦,2345
062256,call,仲琦,2419
062260,call,皇昌,2543
062261,call,晟銘電,3013
062262,call,晟銘電,3013
062263,call,亞光,3019
062264,call,聯詠,3034
062265,call,建漢,3062
062266,call,建漢,3062
062267,call,敦泰,3545
062268,call,牧德,3563
062269,call,世芯-KY,3661
062270,call,東台,4526
062272,call,國精化,4722
062273,call,國精化,4722
062274,call,新唐,4919
062275,call,乙盛-KY,5243
062276,call,崇越,5434
062277,call,亞翔,6139
062278,call,華孚,6235
062279,call,矽力*-KY,6415
062280,call,緯穎,6669
062281,call,采鈺,6789
062282,call,采鈺,6789
062283,call,來億-KY,6890
062284,call,瀚荃,8103
062285,call,亞聚,1308
062286,call,華通,2313
062287,call,華通,2313
062290,call,鴻海,2317
062291,call,台積電,2330
062292,call,台積電,2330
062293,call,順德,2351
062294,call,敬鵬,2355
062295,call,漢唐,2404
062296,call,奇鋐,3017
062297,call,禾伸堂,3026
062298,call,建漢,3062
062299,call,建漢,3062
062300,call,敦泰,3545
062301,call,牧德,3563
062304,call,貿聯-KY,3665
062305,call,定穎投控,3715
062306,call,定穎投控,3715
062307,call,定穎投控,3715
062308,call,定穎投控,3715
062309,call,定穎投控,3715
062312,call,定穎投控,3715
062313,call,東台,4526
062314,call,大銀微系統,4576
062315,call,國精化,4722
062316,call,國精化,4722
062317,call,事欣科,4916
062318,call,亞翔,6139
062319,call,和椿,6215
062321,call,矽格,6257
062323,call,緯穎,6669
062325,call,惠特,6706
062326,call,惠特,6706
062327,call,三集瑞-KY,6862
062329,call,昇陽半導體,8028
06232U,put,華新,1605
062330,call,至上,8112
062335,call,台塑,1301
062336,call,台聚,1304
062337,call,台聚,1304
062338,call,鴻海,2317
062339,call,鴻海,2317
06233U,put,美時,1795
062340,call,漢唐,2404
062341,call,世芯-KY,3661
062342,call,南寶,4766
062343,call,新唐,4919
062344,call,今國光,6209
062345,call,今國光,6209
062346,call,劍麟,2228
062347,call,光寶科,2301
062348,call,台積電,2330
062349,call,台積電,2330
062350,call,台積電,2330
062351,call,凱美,2375
062352,call,正崴,2392
062353,call,友達,2409
062354,call,偉詮電,2436
062355,call,偉詮電,2436
062356,call,京元電子,2449
062357,call,大毅,2478
062358,call,普安,2495
062359,call,新興,2605
06235U,put,鴻海,2317
062360,call,台航,2617
062361,call,建漢,3062
062362,call,緯創,3231
062363,call,辛耘,3583
062364,call,碩天,3617
062365,call,達邁,3645
062366,call,世芯-KY,3661
062367,call,世芯-KY,3661
062368,call,海華,3694
062369,call,台耀,4746
06236U,put,仁寶,2324
062370,call,雙鍵,4764
062371,call,正文,4906
062372,call,立積,4968
062373,call,邁達特,6112
062374,call,精誠,6214
062375,call,和椿,6215
062376,call,力成,6239
062377,call,惠特,6706
062380,call,台聚,1304
062381,call,興富發,2542
062382,call,台航,2617
062383,call,富華新,3056
062384,call,建漢,3062
062385,call,碩天,3617
062388,call,事欣科,4916
062389,call,東科-KY,5225
06238U,put,台積電,2330
062390,call,崇越,5434
062391,call,樺漢,6414
062392,call,來億-KY,6890
062393,call,達方,8163
062394,call,華通,2313
062395,call,敬鵬,2355
062396,call,華碩,2357
062397,call,建準,2421
06239U,put,旺宏,2337
062401,call,長興,1717
062402,call,華通,2313
062404,call,台積電,2330
062405,call,台積電,2330
062406,call,智邦,2345
062408,call,漢唐,2404
062410,call,興富發,2542
062411,call,皇昌,2543
062412,call,晟銘電,3013
062413,call,敦泰,3545
062414,call,牧德,3563
062415,call,碩天,3617
062417,call,世芯-KY,3661
062418,call,大銀微系統,4576
062419,call,材料*-KY,4763
062420,call,南寶,4766
062421,call,正文,4906
062422,call,正文,4906
062423,call,華孚,6235
062424,call,矽格,6257
062425,call,保瑞,6472
062427,call,惠特,6706
062429,call,至上,8112
062430,call,美利達,9914
062432,call,元大台灣50,0050
062433,call,德律,3030
062437,call,光寶科,2301
062438,call,光寶科,2301
062439,call,台達電,2308
062440,call,台達電,2308
062441,call,鴻海,2317
062442,call,鴻海,2317
062444,call,德律,3030
062445,call,日月光投控,3711
062446,call,大銀微系統,4576
062447,call,亞翔,6139
062448,call,元大台灣50,0050
062451,call,鴻海,2317
062452,call,鴻海,2317
062453,call,鴻海,2317
062456,call,台積電,2330
062457,call,台積電,2330
062464,call,台化,1326
062465,call,台化,1326
062466,call,大成鋼,2027
062467,call,楠梓電,2316
062469,call,鴻海,2317
062470,call,華泰,2329
062471,call,台積電,2330
062472,call,台積電,2330
062473,call,敬鵬,2355
062474,call,凱美,2375
062475,call,正崴,2392
062476,call,漢唐,2404
062477,call,漢唐,2404
062478,call,友達,2409
062479,call,聯發科,2454
06247U,put,宏達電,2498
062480,call,聯發科,2454
062481,call,大毅,2478
062482,call,普安,2495
062483,call,普安,2495
062484,call,新興,2605
062486,call,德律,3030
062490,call,神達,3706
062491,call,神達,3706
062493,call,晶技,3042
062495,call,建漢,3062
062496,call,建漢,3062
062497,call,建漢,3062
062498,call,融程電,3416
062499,call,嘉澤,3533
062500,call,牧德,3563
062502,call,南寶,4766
062503,call,南寶,4766
062504,call,事欣科,4916
062506,call,立積,4968
062507,call,達運,6120
062508,call,亞翔,6139
062509,call,今國光,6209
062512,call,惠特,6706
062513,call,惠特,6706
062514,call,AES-KY,6781
062515,call,AES-KY,6781
062516,call,AES-KY,6781
062518,call,昇陽半導體,8028
062519,call,瀚荃,8103
062520,call,瀚荃,8103
062521,call,勤誠,8210
062530,call,卜蜂,1215
062531,call,卜蜂,1215
062532,call,南亞,1303
062534,call,亞聚,1308
062535,call,亞聚,1308
062536,call,亞聚,1308
062537,call,亞力,1514
062539,call,合機,1618
062540,call,川湖,2059
062541,call,華通,2313
062542,call,國巨*,2327
062543,call,華泰,2329
062544,call,華泰,2329
062545,call,台積電,2330
062546,call,台積電,2330
062547,call,智邦,2345
062548,call,敬鵬,2355
062549,call,昆盈,2365
062550,call,菱生,2369
062551,call,技嘉,2376
062553,call,仲琦,2419
062555,call,冠德,2520
062556,call,長榮,2603
062557,call,神基,3005
062558,call,全漢,3015
062559,call,奇鋐,3017
06255U,put,華邦電,2344
062560,call,德律,3030
062561,call,聯詠,3034
062562,call,晶技,3042
062563,call,緯創,3231
062564,call,昇貿,3305
062566,call,宏致,3605
062567,call,洋華,3622
062568,call,世芯-KY,3661
062569,call,海華,3694
06256U,put,宏達電,2498
062570,call,海華,3694
062571,call,康普,4739
062572,call,正文,4906
062573,call,事欣科,4916
062574,call,達興材料,5234
062575,call,建國,5515
062576,call,迎廣,6117
062577,call,達運,6120
062578,call,亞翔,6139
062579,call,精成科,6191
062580,call,精誠,6214
062581,call,和椿,6215
062582,call,矽格,6257
062584,call,樺漢,6414
062585,call,緯穎,6669
062586,call,瀚荃,8103
062587,call,達方,8163
062588,call,勤誠,8210
062589,call,華夏,1305
062590,call,聯成,1313
062591,call,信錦,1582
062592,call,直得,1597
062593,call,東聯,1710
062594,call,和桐,1714
062595,call,允強,2034
062596,call,華通,2313
062597,call,裕民,2606
062598,call,中信金,2891
062599,call,晶技,3042
062600,call,正文,4906
062601,call,乙盛-KY,5243
062602,call,聯茂,6213
062603,call,矽格,6257
062604,call,群電,6412
062605,call,康霈*,6919
062606,call,松川精密,7788
062607,call,明基材,8215
062608,call,世芯-KY,3661
062609,call,世芯-KY,3661
062610,call,矽格,6257
062611,call,新代,7750
062614,call,華夏,1305
062615,call,儒鴻,1476
062616,call,信錦,1582
062617,call,東聯,1710
062618,call,勝一,1773
062619,call,美時,1795
062620,call,東和鋼鐵,2006
062621,call,允強,2034
062622,call,台橡,2103
062623,call,台達電,2308
062624,call,微星,2377
062625,call,瑞昱,2379
062626,call,億光,2393
062627,call,研華,2395
062628,call,興勤,2428
062629,call,宏達電,2498
062630,call,奇鋐,3017
062631,call,華擎,3515
062632,call,台灣精銳,4583
062633,call,三福化,4755
062634,call,新唐,4919
062635,call,乙盛-KY,5243
062636,call,盛群,6202
062638,call,達發,6526
062639,call,康霈*,6919
062640,call,新代,7750
062641,call,新代,7750
062642,call,億豐,8464
062643,call,信錦,1582
062644,call,信錦,1582
062645,call,信錦,1582
062646,call,信錦,1582
062647,call,台達電,2308
062648,call,台達電,2308
062649,call,台達電,2308
062650,call,台達電,2308
062651,call,台達電,2308
062652,call,華通,2313
062653,call,華通,2313
062654,call,台積電,2330
062655,call,敬鵬,2355
062656,call,敬鵬,2355
062657,call,敬鵬,2355
062658,call,研華,2395
062659,call,漢唐,2404
062660,call,仲琦,2419
062661,call,仲琦,2419
062662,call,仲琦,2419
062663,call,偉詮電,2436
062664,call,晟銘電,3013
062665,call,奇鋐,3017
062666,call,奇鋐,3017
062668,call,禾伸堂,3026
062669,call,嘉澤,3533
062670,call,嘉澤,3533
062671,call,世芯-KY,3661
062672,call,貿聯-KY,3665
062673,call,大銀微系統,4576
062674,call,國精化,4722
062675,call,國精化,4722
062676,call,雙鍵,4764
062677,call,雙鍵,4764
062678,call,新唐,4919
062679,call,亞翔,6139
062680,call,聯茂,6213
062681,call,聯茂,6213
062682,call,矽格,6257
062683,call,矽格,6257
062685,call,康霈*,6919
062686,call,康霈*,6919
062688,call,康霈*,6919
062689,call,康霈*,6919
062690,call,新代,7750
062691,call,新代,7750
062692,call,台聚,1304
062693,call,東鹼,1708
062694,call,美時,1795
062695,call,川湖,2059
062696,call,華通,2313
062697,call,智邦,2345
062698,call,敬鵬,2355
062699,call,敬鵬,2355
062700,call,漢唐,2404
062701,call,漢唐,2404
062702,call,京元電子,2449
062703,call,長榮,2603
062704,call,大立光,3008
062705,call,奇鋐,3017
062706,call,世芯-KY,3661
062707,call,世芯-KY,3661
062708,call,世芯-KY,3661
062709,call,國精化,4722
062710,call,雙鍵,4764
062711,call,祥碩,5269
062712,call,同欣電,6271
062713,call,AES-KY,6781
062714,call,康霈*,6919
062718,call,亞聚,1308
062719,call,亞聚,1308
062720,call,儒鴻,1476
062721,call,信錦,1582
062722,call,信錦,1582
062723,call,東鹼,1708
062724,call,中碳,1723
062725,call,勝一,1773
062726,call,台達電,2308
062727,call,華通,2313
062728,call,台積電,2330
062729,call,台積電,2330
062730,call,敬鵬,2355
062731,call,菱生,2369
062732,call,菱生,2369
062733,call,研華,2395
062734,call,仲琦,2419
062735,call,偉詮電,2436
062736,call,偉詮電,2436
062737,call,偉詮電,2436
062738,call,奇鋐,3017
062740,call,增你強,3028
062741,call,世芯-KY,3661
062742,call,貿聯-KY,3665
062743,call,台灣精銳,4583
062744,call,三福化,4755
062747,call,正文,4906
062748,call,jpp-KY,5284
062749,call,盛群,6202
062750,call,群電,6412
062751,call,達發,6526
062752,call,康霈*,6919
062753,call,新代,7750
062754,call,松川精密,7788
062755,call,華夏,1305
062756,call,華夏,1305
062757,call,三芳,1307
062758,call,亞聚,1308
062759,call,亞聚,1308
062760,call,聯成,1313
062761,call,聯成,1313
062762,call,新纖,1409
062763,call,聚陽,1477
062764,call,信錦,1582
062765,call,信錦,1582
062766,call,信錦,1582
062767,call,東聯,1710
062768,call,東聯,1710
062769,call,中纖,1718
062770,call,中碳,1723
062771,call,中碳,1723
062772,call,勝一,1773
062775,call,鴻海,2317
062776,call,台積電,2330
062778,call,研華,2395
062779,call,漢唐,2404
062781,call,立隆電,2472
062782,call,台灣高鐵,2633
062783,call,兆豐金,2886
062784,call,第一金,2892
062785,call,聯陽,3014
062786,call,台灣大,3045
062787,call,貿聯-KY,3665
062788,call,神達,3706
062789,call,神達,3706
06278U,put,國巨*,2327
062792,call,南寶,4766
062793,call,上品,4770
062794,call,正文,4906
062795,call,達興材料,5234
062796,call,jpp-KY,5284
062797,call,中租-KY,5871
062798,call,中租-KY,5871
062799,call,力成,6239
062800,call,鈺邦,6449
062801,call,保瑞,6472
062802,call,台灣虎航,6757
062803,call,康霈*,6919
062804,call,康霈*,6919
062806,call,億豐,8464
062807,call,台聚,1304
062808,call,台聚,1304
062809,call,華夏,1305
062810,call,遠東新,1402
062811,call,儒鴻,1476
062812,call,信錦,1582
062813,call,信錦,1582
062814,call,直得,1597
062815,call,東聯,1710
062816,call,中碳,1723
062817,call,勝一,1773
062818,call,華通,2313
062819,call,華通,2313
06281U,put,龍德造船,6753
062820,call,華通,2313
062821,call,華通,2313
062822,call,鴻海,2317
062823,call,鴻海,2317
062824,call,鴻海,2317
062825,call,鴻海,2317
062826,call,中環,2323
062828,call,台積電,2330
062829,call,台積電,2330
062830,call,敬鵬,2355
062831,call,金像電,2368
062832,call,群光,2385
062833,call,研華,2395
062834,call,研華,2395
062835,call,可成,2474
062836,call,新興,2605
062837,call,富邦金,2881
062838,call,國泰金,2882
062839,call,奇鋐,3017
062840,call,奇鋐,3017
062841,call,信邦,3023
062842,call,智原,3035
062843,call,嘉澤,3533
062846,call,世芯-KY,3661
062847,call,正文,4906
062848,call,新唐,4919
062849,call,祥碩,5269
062850,call,祥碩,5269
062851,call,祥碩,5269
062852,call,jpp-KY,5284
062854,call,亞翔,6139
062855,call,亞翔,6139
062857,call,旭隼,6409
062858,call,AES-KY,6781
062859,call,AES-KY,6781
062861,call,AES-KY,6781
062862,call,天虹,6937
062863,call,兆聯實業,6944
062864,call,新代,7750
062865,call,昇陽半導體,8028
062866,call,至上,8112
062867,call,至上,8112
062868,call,聯發科,2454
062869,call,至上,8112
06286U,put,台積電,2330
062871,call,創意,3443
062872,call,至上,8112
062875,call,臻鼎-KY,4958
062876,call,中砂,1560
062877,call,聯詠,3034
062878,call,乙盛-KY,5243
062879,call,祥碩,5269
062880,call,旭隼,6409
062881,call,緯穎,6669
062882,call,台泥,1101
062883,call,緯穎,6669
062884,call,東元,1504
062885,call,中纖,1718
062886,call,中碳,1723
062887,call,東和鋼鐵,2006
062888,call,台橡,2103
062889,call,國際中橡,2104
062890,call,研華,2395
062891,call,創意,3443
062892,call,毅嘉,2402
062893,call,毅嘉,2402
062894,call,仲琦,2419
062895,call,聯詠,3034
062896,call,全科,3209
062897,call,國光生,4142
062898,call,乙盛-KY,5243
062899,call,盛群,6202
062900,call,騰輝電子-KY,6672
062901,call,新代,7750
062902,call,華東,8110
062903,call,億豐,8464
062904,call,台聚,1304
062905,call,台聚,1304
062906,call,信錦,1582
062907,call,台積電,2330
062908,call,信錦,1582
062909,call,信錦,1582
062910,call,中碳,1723
062911,call,台達電,2308
062912,call,台達電,2308
062913,call,台積電,2330
062914,call,台積電,2330
062915,call,順德,2351
062916,call,菱生,2369
062917,call,研華,2395
062918,call,研華,2395
062919,call,仲琦,2419
062920,call,偉詮電,2436
062921,call,立隆電,2472
062922,call,晟銘電,3013
062923,call,增你強,3028
062924,call,聯茂,6213
062925,call,聯茂,6213
062926,call,聯茂,6213
062927,call,力成,6239
062928,call,達發,6526
062929,call,台虹,8039
062930,call,華東,8110
062931,call,華東,8110
062932,call,華東,8110
062933,call,台聚,1304
062934,call,聯成,1313
062935,call,長興,1717
062936,call,長興,1717
062937,call,中碳,1723
062938,call,智邦,2345
062939,call,群光,2385
062940,call,偉詮電,2436
062941,call,新日興,3376
062943,call,智伸科,4551
062944,call,大銀微系統,4576
062945,call,南寶,4766
062947,call,瑞儀,6176
062948,call,采鈺,6789
062949,call,天虹,6937
062950,call,松川精密,7788
062951,call,矽創,8016
062952,call,美利達,9914
062953,call,宏全,9939
062954,call,世紀鋼,9958
062956,call,華夏,1305
062957,call,聯成,1313
062958,call,中砂,1560
062959,call,信錦,1582
062960,call,東鹼,1708
062961,call,東聯,1710
062962,call,光寶科,2301
062963,call,鴻海,2317
062964,call,台積電,2330
062965,call,台積電,2330
062967,call,金像電,2368
062968,call,菱生,2369
062969,call,仲琦,2419
062971,call,晟銘電,3013
062972,call,晶技,3042
062974,call,世芯-KY,3661
062975,call,大銀微系統,4576
062976,call,國精化,4722
062978,call,乙盛-KY,5243
062979,call,祥碩,5269
062981,call,聯茂,6213
062982,call,力成,6239
062983,call,天虹,6937
062984,call,華東,8110
062985,call,華東,8110
062986,call,億豐,8464
062987,call,儒鴻,1476
062988,call,長興,1717
062989,call,中碳,1723
062990,call,台積電,2330
062991,call,菱生,2369
062992,call,聯發科,2454
062994,call,慧洋-KY,2637
062995,call,健鼎,3044
062996,call,聯茂,6213
062997,call,華東,8110
062998,call,億豐,8464
063001,call,台達電,2308
063002,call,建準,2421
063003,call,建準,2421
063004,call,貿聯-KY,3665
063005,call,乙盛-KY,5243
063006,call,乙盛-KY,5243
063007,call,華東,8110
063008,call,元大台灣50,0050
063009,call,元大台灣50,0050
063012,call,台聚,1304
063013,call,中砂,1560
063015,call,中砂,1560
063016,call,東鹼,1708
063017,call,川湖,2059
063018,call,川湖,2059
063019,call,川湖,2059
063020,call,台達電,2308
063022,call,台達電,2308
063023,call,台達電,2308
063025,call,鴻海,2317
063026,call,台積電,2330
063027,call,台積電,2330
063028,call,台積電,2330
063029,call,智邦,2345
063031,call,智邦,2345
063032,call,智邦,2345
063033,call,順德,2351
063034,call,金像電,2368
063035,call,金像電,2368
063036,call,金像電,2368
063037,call,友達,2409
063038,call,友達,2409
063039,call,友達,2409
063040,call,長榮,2603
063041,call,華航,2610
063042,call,神基,3005
063043,call,奇鋐,3017
063044,call,奇鋐,3017
063045,call,新日興,3376
063046,call,辛耘,3583
063048,call,世芯-KY,3661
063051,call,臻鼎-KY,4958
063052,call,迅得,6438
063053,call,騰輝電子-KY,6672
063054,call,矽創,8016
063056,call,華東,8110
063057,call,至上,8112
063058,call,至上,8112
063059,call,勤誠,8210
063060,call,台聚,1304
063061,call,台聚,1304
063062,call,中砂,1560
063063,call,聯電,2303
063064,call,台達電,2308
063065,call,鴻海,2317
063066,call,仲琦,2419
063067,call,大立光,3008
063068,call,聯鈞,3450
063069,call,聯茂,6213
063070,call,聯茂,6213
063071,call,啟碁,6285
063072,call,保瑞,6472
063073,call,南茂,8150
063076,call,鴻海,2317
063081,call,貿聯-KY,3665
063082,call,兆聯實業,6944
063083,call,鴻勁,7769
063084,call,鴻勁,7769
063086,call,台聚,1304
063087,call,合機,1618
063088,call,順德,2351
063089,call,強茂,2481
063090,call,華航,2610
063091,call,新日興,3376
063092,call,明泰,3380
063093,call,玉晶光,3406
063094,call,辛耘,3583
063095,call,TPK-KY,3673
063096,call,巨路,6192
063097,call,聯茂,6213
063098,call,和椿,6215
063099,call,台郡,6269
063100,call,啟碁,6285
063101,call,力智,6719
063102,call,邁科,6831
063103,call,泓德能源,6873
063104,call,鴻勁,7769
063105,call,昇陽半導體,8028
063106,call,華東,8110
063110,call,台達電,2308
063111,call,聯鈞,3450
063112,call,臻鼎-KY,4958
063113,call,元大台灣50,0050
063118,call,南亞,1303
063119,call,台聚,1304
063120,call,三芳,1307
063121,call,中砂,1560
063122,call,中纖,1718
063124,call,允強,2034
063126,call,台橡,2103
063127,call,台達電,2308
063128,call,智邦,2345
063129,call,毅嘉,2402
063130,call,友達,2409
063131,call,京元電子,2449
063132,call,華航,2610
063133,call,奇鋐,3017
063134,call,聯詠,3034
063135,call,新日興,3376
063138,call,智易,3596
063139,call,貿聯-KY,3665
063140,call,臻鼎-KY,4958
063141,call,啟碁,6285
063142,call,邁科,6831
063143,call,邁科,6831
063144,call,鴻勁,7769
063145,call,鴻勁,7769
063147,call,致新,8081
063149,call,中砂,1560
063150,call,漢唐,2404
063151,call,京元電子,2449
063152,call,聯發科,2454
063153,call,大立光,3008
063154,call,世芯-KY,3661
063155,call,貿聯-KY,3665
063156,call,旭隼,6409
063157,call,世紀鋼,9958
063159,call,聚陽,1477
063160,call,華泰,2329
063161,call,漢唐,2404
063162,call,美律,2439
063163,call,強茂,2481
063164,call,華航,2610
063165,call,長榮航,2618
063167,call,聯鈞,3450
063168,call,聯鈞,3450
063169,call,辛耘,3583
063170,call,乙盛-KY,5243
063171,call,聯茂,6213
063172,call,聯茂,6213
063174,call,世芯-KY,3661
063175,call,聯茂,6213
063176,call,緯穎,6669
063177,call,邁科,6831
063178,call,邁科,6831
063179,call,鴻勁,7769
063180,call,鴻勁,7769
063181,call,鴻勁,7769
063182,call,華東,8110
063183,call,華東,8110
063186,call,中砂,1560
063188,call,鴻海,2317
063189,call,順德,2351
063190,call,強茂,2481
063191,call,信邦,3023
063192,call,禾伸堂,3026
063193,call,新日興,3376
063194,call,明泰,3380
063196,call,聯鈞,3450
063197,call,聯鈞,3450
063198,call,智易,3596
063199,call,智易,3596
063200,call,貿聯-KY,3665
063201,call,TPK-KY,3673
063204,call,聯茂,6213
063205,call,同欣電,6271
063206,call,啟碁,6285
063207,call,邁科,6831
063208,call,新代,7750
063209,call,鴻勁,7769
063210,call,鴻勁,7769
063212,call,中砂,1560
063213,call,聯鈞,3450
063215,call,聯鈞,3450
063217,call,聯鈞,3450
063218,call,智易,3596
063219,call,貿聯-KY,3665
063220,call,TPK-KY,3673
063221,call,TPK-KY,3673
063222,call,國精化,4722
063223,call,臻鼎-KY,4958
063224,call,聯茂,6213
063225,call,聯茂,6213
063226,call,矽格,6257
063227,call,啟碁,6285
063228,call,邁科,6831
063229,call,邁科,6831
063230,call,鴻勁,7769
063231,call,鴻勁,7769
063232,call,華東,8110
063237,call,南亞,1303
063238,call,南亞,1303
063239,call,台聚,1304
063242,call,中砂,1560
063243,call,長興,1717
063244,call,台達電,2308
063245,call,台達電,2308
063246,call,台達電,2308
063247,call,鴻海,2317
063248,call,鴻海,2317
063251,call,智邦,2345
063252,call,智邦,2345
063253,call,華碩,2357
063254,call,金像電,2368
063255,call,金像電,2368
063256,call,仲琦,2419
063257,call,奇鋐,3017
063258,call,奇鋐,3017
063260,call,新日興,3376
063261,call,聯鈞,3450
063262,call,聯鈞,3450
063264,call,辛耘,3583
063265,call,智易,3596
063267,call,世芯-KY,3661
063268,call,世芯-KY,3661
063269,call,TPK-KY,3673
063272,call,臻鼎-KY,4958
063273,call,亞翔,6139
063275,call,邁科,6831
063276,call,鴻勁,7769
063278,call,鴻勁,7769
063279,call,至上,8112
063280,call,大立光,3008
063283,call,世芯-KY,3661
063284,call,世芯-KY,3661
063286,call,台泥,1101
063287,call,台達電,2308
063288,call,台達電,2308
063289,call,立隆電,2472
06328U,put,台達電,2308
063290,call,禾伸堂,3026
063291,call,華擎,3515
063292,call,貿聯-KY,3665
063293,call,大銀微系統,4576
063294,call,乙盛-KY,5243
063295,call,矽格,6257
063296,call,啟碁,6285
063297,call,達發,6526
063298,call,惠特,6706
063299,call,康霈*,6919
06329U,put,緯穎,6669
063300,call,兆聯實業,6944
063301,call,鴻勁,7769
063302,call,鴻勁,7769
063303,call,亞聚,1308
063304,call,中砂,1560
063305,call,長興,1717
063306,call,光寶科,2301
063307,call,台達電,2308
063308,call,鴻海,2317
063309,call,台積電,2330
063310,call,智邦,2345
063311,call,順德,2351
063312,call,金像電,2368
063313,call,仲琦,2419
063314,call,奇鋐,3017
063315,call,禾伸堂,3026
063316,call,明泰,3380
063317,call,辛耘,3583
063318,call,世芯-KY,3661
063319,call,大銀微系統,4576
063320,call,雙鍵,4764
063321,call,臻鼎-KY,4958
063322,call,眾達-KY,4977
063323,call,亞翔,6139
063324,call,聯茂,6213
063325,call,力成,6239
063326,call,矽格,6257
063327,call,同欣電,6271
063328,call,啟碁,6285
063329,call,AES-KY,6781
063330,call,康霈*,6919
063331,call,兆聯實業,6944
063332,call,台達電,2308
063333,call,鴻海,2317
063334,call,強茂,2481
063335,call,啟碁,6285
063337,call,順德,2351
063338,call,緯穎,6669
063339,call,康霈*,6919
063340,call,元大台灣50,0050
063344,call,台達電,2308
063345,call,金像電,2368
063346,call,矽格,6257
063347,call,啟碁,6285
063349,call,新纖,1409
063350,call,光寶科,2301
063351,call,台達電,2308
063352,call,精英,2331
063353,call,順德,2351
063354,call,所羅門,2359
063355,call,金像電,2368
063356,call,技嘉,2376
063357,call,凌陽,2401
063358,call,毅嘉,2402
063359,call,友達,2409
063360,call,立隆電,2472
063361,call,大立光,3008
063362,call,奇鋐,3017
063363,call,禾伸堂,3026
063364,call,德律,3030
063365,call,明泰,3380
063366,call,嘉澤,3533
063367,call,世芯-KY,3661
063368,call,大銀微系統,4576
063369,call,大銀微系統,4576
063370,call,國精化,4722
063371,call,眾達-KY,4977
063372,call,乙盛-KY,5243
063373,call,矽格,6257
063374,call,同欣電,6271
063375,call,啟碁,6285
063376,call,緯穎,6669
063377,call,康霈*,6919
063378,call,康霈*,6919
063379,call,康霈*,6919
063380,call,鴻勁,7769
063381,call,大成鋼,2027
063382,call,光寶科,2301
063383,call,台達電,2308
063384,call,聯發科,2454
063385,call,禾伸堂,3026
063386,call,德律,3030
063387,call,jpp-KY,5284
063388,call,同欣電,6271
063389,call,啟碁,6285
063390,call,AES-KY,6781
063391,call,兆聯實業,6944
063392,call,元大台灣50,0050
063395,call,中砂,1560
063396,call,中砂,1560
063397,call,長興,1717
063398,call,台達電,2308
063399,call,台達電,2308
063400,call,台達電,2308
063401,call,台達電,2308
063402,call,台達電,2308
063403,call,台達電,2308
063404,call,台達電,2308
063405,call,台達電,2308
063406,call,台達電,2308
063407,call,智邦,2345
063408,call,金像電,2368
063409,call,金像電,2368
063410,call,金像電,2368
063411,call,金像電,2368
063412,call,威盛,2388
063413,call,超豐,2441
063414,call,超豐,2441
063415,call,京元電子,2449
063416,call,奇鋐,3017
063417,call,禾伸堂,3026
063418,call,文曄,3036
063419,call,新日興,3376
063421,call,聯鈞,3450
063422,call,聯鈞,3450
063424,call,世芯-KY,3661
063425,call,世芯-KY,3661
063427,call,臻鼎-KY,4958
063428,call,眾達-KY,4977
063429,call,眾達-KY,4977
063430,call,乙盛-KY,5243
063431,call,乙盛-KY,5243
063432,call,乙盛-KY,5243
063433,call,亞翔,6139
063434,call,佳必琪,6197
063435,call,啟碁,6285
063436,call,啟碁,6285
063437,call,啟碁,6285
063438,call,保瑞,6472
063439,call,兆聯實業,6944
063440,call,鴻勁,7769
063441,call,鴻勁,7769
063442,call,鴻勁,7769
063443,call,鴻勁,7769
063444,call,鴻勁,7769
063445,call,世紀鋼,9958
063446,call,台達電,2308
063447,call,國巨*,2327
063448,call,台積電,2330
063449,call,順德,2351
063450,call,順德,2351
063451,call,金像電,2368
063452,call,漢唐,2404
063453,call,仲琦,2419
063454,call,仲琦,2419
063455,call,聯發科,2454
063457,call,聯發科,2454
063458,call,禾伸堂,3026
063459,call,禾伸堂,3026
063460,call,明泰,3380
063461,call,聯鈞,3450
063462,call,台勝科,3532
063463,call,辛耘,3583
063464,call,貿聯-KY,3665
063465,call,眾達-KY,4977
063466,call,眾達-KY,4977
063467,call,眾達-KY,4977
063468,call,帆宣,6196
063469,call,聯茂,6213
063470,call,矽格,6257
063471,call,啟碁,6285
063472,call,邁科,6831
063473,call,邁科,6831
063474,call,康霈*,6919
063475,call,康霈*,6919
063476,call,康霈*,6919
063477,call,兆聯實業,6944
063478,call,鴻勁,7769
063479,call,鴻勁,7769
063480,call,華城,1519
063481,call,美時,1795
063482,call,華擎,3515
063483,call,台勝科,3532
063484,call,辛耘,3583
063485,call,宏致,3605
063486,call,中磊,5388
063487,call,聯茂,6213
063488,call,昇陽半導體,8028
063489,call,富鼎,8261
063491,call,國巨*,2327
063492,call,金像電,2368
063493,call,臻鼎-KY,4958
063494,call,華城,1519
063495,call,華城,1519
063496,call,金像電,2368
063497,call,友達,2409
063498,call,增你強,3028
063499,call,晶技,3042
063500,call,聯鈞,3450
063501,call,嘉澤,3533
063502,call,辛耘,3583
063503,call,台積電,2330
063504,call,貿聯-KY,3665
063505,call,大銀微系統,4576
063506,call,雙鍵,4764
063507,call,眾達-KY,4977
063508,call,華懋,5292
063509,call,華懋,5292
063510,call,亞翔,6139
063511,call,帆宣,6196
063512,call,聯茂,6213
063513,call,聯茂,6213
063514,call,迅得,6438
063515,call,兆聯實業,6944
063516,call,昇陽半導體,8028
063517,call,台虹,8039
063518,call,儒鴻,1476
063519,call,長興,1717
063520,call,台積電,2330
063521,call,佳能,2374
063522,call,華城,1519
063523,call,華城,1519
063524,call,中砂,1560
063525,call,中砂,1560
063526,call,金像電,2368
063527,call,偉詮電,2436
063528,call,偉詮電,2436
063530,call,華懋,5292
063531,call,矽格,6257
063532,call,台虹,8039
063533,call,聯茂,6213
063538,call,台泥,1101
063539,call,華城,1519
063540,call,楠梓電,2316
063541,call,台積電,2330
063542,call,順德,2351
063543,call,金像電,2368
063544,call,友達,2409
063545,call,超豐,2441
063546,call,京元電子,2449
063547,call,立隆電,2472
063548,call,奇鋐,3017
063549,call,德律,3030
063550,call,文曄,3036
063551,call,新日興,3376
063553,call,嘉澤,3533
063554,call,貿聯-KY,3665
063555,call,國精化,4722
063556,call,臻鼎-KY,4958
063557,call,帆宣,6196
063558,call,佳必琪,6197
063559,call,聯茂,6213
063560,call,矽格,6257
063561,call,啟碁,6285
063562,call,保瑞,6472
063563,call,AES-KY,6781
063564,call,台虹,8039
063565,call,勤誠,8210
063566,call,中砂,1560
063567,call,中砂,1560
063568,call,信錦,1582
063569,call,世芯-KY,3661
063570,call,長興,1717
063571,call,長興,1717
063572,call,智邦,2345
063573,call,順德,2351
063574,call,順德,2351
063575,call,金像電,2368
063576,call,友達,2409
063577,call,鉅祥,2476
063578,call,奇鋐,3017
063579,call,奇鋐,3017
063580,call,增你強,3028
063581,call,嘉澤,3533
063582,call,嘉澤,3533
063583,call,辛耘,3583
063584,call,辛耘,3583
063585,call,辛耘,3583
063586,call,辛耘,3583
063587,call,TPK-KY,3673
063588,call,TPK-KY,3673
063589,call,大銀微系統,4576
063590,call,大銀微系統,4576
063591,call,雙鍵,4764
063592,call,臻鼎-KY,4958
063593,call,臻鼎-KY,4958
063594,call,眾達-KY,4977
063595,call,中磊,5388
063596,call,中磊,5388
063597,call,聯茂,6213
063598,call,聯茂,6213
063599,call,矽格,6257
063600,call,邁科,6831
063601,call,兆聯實業,6944
063602,call,台虹,8039
063604,call,台積電,2330
063608,call,台聚,1304
063609,call,中砂,1560
063610,call,台積電,2330
063611,call,台積電,2330
063612,call,台積電,2330
063613,call,台積電,2330
063614,call,台積電,2330
063615,call,智邦,2345
063616,call,智邦,2345
063617,call,智邦,2345
063618,call,金像電,2368
063619,call,金像電,2368
063620,call,金像電,2368
063621,call,菱生,2369
063622,call,京元電子,2449
063623,call,立隆電,2472
063624,call,立隆電,2472
063625,call,強茂,2481
063626,call,強茂,2481
063627,call,強茂,2481
063628,call,晟銘電,3013
063629,call,新日興,3376
063630,call,聯鈞,3450
063631,call,世芯-KY,3661
063632,call,世芯-KY,3661
063633,call,世芯-KY,3661
063634,call,臻鼎-KY,4958
063635,call,達興材料,5234
063636,call,達興材料,5234
063637,call,聯茂,6213
063638,call,聯茂,6213
063639,call,聯茂,6213
063640,call,聯茂,6213
063641,call,聯茂,6213
063642,call,聯茂,6213
063643,call,聯茂,6213
063644,call,力成,6239
063645,call,矽格,6257
063646,call,矽格,6257
063647,call,矽格,6257
063648,call,啟碁,6285
063649,call,啟碁,6285
063650,call,啟碁,6285
063651,call,兆聯實業,6944
063652,call,兆聯實業,6944
063653,call,長興,1717
063654,call,台積電,2330
063655,call,台積電,2330
063656,call,智邦,2345
063657,call,敬鵬,2355
063658,call,金像電,2368
063659,call,毅嘉,2402
063660,call,毅嘉,2402
063661,call,聯發科,2454
063662,call,奇鋐,3017
063663,call,德律,3030
063664,call,昇貿,3305
063665,call,聯鈞,3450
063667,call,牧德,3563
063668,call,辛耘,3583
063669,call,貿聯-KY,3665
063670,call,南寶,4766
063671,call,眾達-KY,4977
063672,call,中磊,5388
063673,call,亞翔,6139
063674,call,矽格,6257
063675,call,長華*,8070
063676,call,華城,1519
063677,call,國巨*,2327
063678,call,鉅祥,2476
063679,call,德律,3030
063680,call,健鼎,3044
063681,call,京鼎,3413
063682,call,貿聯-KY,3665
063683,call,三芳,1307
063684,call,長興,1717
063685,call,辛耘,3583
063686,call,辛耘,3583
063689,call,南寶,4766
063690,call,聯鈞,3450
063691,call,牧德,3563
063692,call,辛耘,3583
063693,call,辛耘,3583
063694,call,貿聯-KY,3665
063695,call,貿聯-KY,3665
063696,call,TPK-KY,3673
063697,call,帆宣,6196
063698,call,騰輝電子-KY,6672
063699,call,智邦,2345
063701,call,亞翔,6139
063706,call,台聚,1304
063707,call,東和鋼鐵,2006
063711,call,國際中橡,2104
063712,call,長榮,2603
063714,call,光寶科,2301
063715,call,鴻海,2317
063717,call,台積電,2330
063718,call,智邦,2345
063719,call,毅嘉,2402
063720,call,建準,2421
063722,call,強茂,2481
063723,call,台灣高鐵,2633
063724,call,禾伸堂,3026
063725,call,德律,3030
063726,call,晶技,3042
063727,call,緯創,3231
063728,call,辛耘,3583
063729,call,辛耘,3583
063730,call,世芯-KY,3661
063731,call,雙鍵,4764
063732,call,jpp-KY,5284
063733,call,亞翔,6139
063734,call,精成科,6191
063735,call,台灣虎航,6757
063736,call,兆聯實業,6944
063737,call,新代,7750
063738,call,南亞,1303
063739,call,台聚,1304
063740,call,華城,1519
063741,call,長興,1717
063742,call,台積電,2330
063743,call,敬鵬,2355
063744,call,金像電,2368
063745,call,超豐,2441
063746,call,京元電子,2449
063747,call,京元電子,2449
063748,call,強茂,2481
063749,call,強茂,2481
063750,call,禾伸堂,3026
063751,call,晶技,3042
063752,call,聯鈞,3450
063753,call,聯鈞,3450
063755,call,牧德,3563
063756,call,辛耘,3583
063757,call,辛耘,3583
063758,call,辛耘,3583
063761,call,辛耘,3583
063762,call,辛耘,3583
063763,call,辛耘,3583
063764,call,辛耘,3583
063765,call,辛耘,3583
063766,call,辛耘,3583
063767,call,定穎投控,3715
063768,call,大銀微系統,4576
063769,call,國精化,4722
063770,call,雙鍵,4764
063771,call,雙鍵,4764
063772,call,臻鼎-KY,4958
063774,call,臻鼎-KY,4958
063776,call,臻鼎-KY,4958
063777,call,眾達-KY,4977
063778,call,亞翔,6139
063779,call,亞翔,6139
063780,call,亞翔,6139
063781,call,啟碁,6285
063782,call,迅得,6438
063783,call,兆聯實業,6944
063785,call,昇陽半導體,8028
063786,call,昇陽半導體,8028
063787,call,中砂,1560
063788,call,東聯,1710
063789,call,長興,1717
063790,call,楠梓電,2316
063791,call,智邦,2345
063792,call,敬鵬,2355
063793,call,金像電,2368
063794,call,金像電,2368
063795,call,友達,2409
063796,call,立隆電,2472
063797,call,立隆電,2472
063798,call,鉅祥,2476
063799,call,禾伸堂,3026
063800,call,增你強,3028
063801,call,明泰,3380
063802,call,牧德,3563
063803,call,牧德,3563
063804,call,牧德,3563
063805,call,辛耘,3583
063806,call,辛耘,3583
063807,call,世芯-KY,3661
063808,call,世芯-KY,3661
063809,call,世芯-KY,3661
063810,call,貿聯-KY,3665
063811,call,貿聯-KY,3665
063812,call,TPK-KY,3673
063813,call,定穎投控,3715
063814,call,定穎投控,3715
063815,call,定穎投控,3715
063816,call,大銀微系統,4576
063817,call,雙鍵,4764
063818,call,臻鼎-KY,4958
063819,call,眾達-KY,4977
063820,call,中磊,5388
063821,call,中磊,5388
063822,call,中磊,5388
063823,call,亞翔,6139
063824,call,帆宣,6196
063825,call,群電,6412
063826,call,邁科,6831
063827,call,台虹,8039
063828,call,台虹,8039
063829,call,元大台灣50,0050
063830,call,上銀,2049
063831,call,台積電,2330
063832,call,毅嘉,2402
063833,call,友達,2409
063834,call,台新新光金,2887
063835,call,奇鋐,3017
063836,call,緯創,3231
063837,call,緯創,3231
063838,call,聯鈞,3450
063839,call,辛耘,3583
063840,call,台積電,2330
063841,call,台積電,2330
063842,call,世芯-KY,3661
063843,call,貿聯-KY,3665
063844,call,日月光投控,3711
063845,call,定穎投控,3715
063846,call,亞翔,6139
063847,call,緯穎,6669
063850,call,華城,1519
063851,call,華新,1605
063852,call,長興,1717
063853,call,台積電,2330
063854,call,台積電,2330
063855,call,智邦,2345
063856,call,智邦,2345
063857,call,順德,2351
063858,call,宏碁,2353
063859,call,金像電,2368
063860,call,菱生,2369
063861,call,漢唐,2404
063862,call,京元電子,2449
063863,call,鉅祥,2476
063865,call,奇鋐,3017
063866,call,禾伸堂,3026
063867,call,德律,3030
063868,call,牧德,3563
063869,call,辛耘,3583
063870,call,辛耘,3583
063871,call,辛耘,3583
063872,call,辛耘,3583
063873,call,貿聯-KY,3665
063874,call,神達,3706
063875,call,日月光投控,3711
063876,call,定穎投控,3715
063877,call,jpp-KY,5284
063878,call,瀚宇博,5469
063879,call,亞翔,6139
063880,call,帆宣,6196
063881,call,佳必琪,6197
063882,call,矽格,6257
063883,call,啟碁,6285
063884,call,保瑞,6472
063885,call,洋基工程,6691
063886,call,AES-KY,6781
063887,call,兆聯實業,6944
063888,call,台虹,8039
063889,call,勤誠,8210
063890,call,台塑,1301
063891,call,南亞,1303
063892,call,台化,1326
063893,call,信錦,1582
063894,call,美時,1795
063895,call,國巨*,2327
063896,call,國巨*,2327
063897,call,智邦,2345
063898,call,京元電子,2449
063899,call,聯發科,2454
063900,call,立隆電,2472
063901,call,禾伸堂,3026
063902,call,禾伸堂,3026
063903,call,晶技,3042
063904,call,日月光投控,3711
063905,call,大銀微系統,4576
063906,call,臻鼎-KY,4958
063907,call,啟碁,6285
063908,call,AES-KY,6781
063909,call,采鈺,6789
063910,call,邁科,6831
063911,call,雲豹能源,6869
063912,call,雲豹能源,6869
063913,call,天虹,6937
063914,call,智邦,2345
063915,call,金像電,2368
063916,call,友達,2409
063917,call,奇鋐,3017
063918,call,定穎投控,3715
063919,call,定穎投控,3715
063921,call,儒鴻,1476
063922,call,瑞昱,2379
063923,call,毅嘉,2402
063924,call,禾伸堂,3026
063925,call,禾伸堂,3026
063926,call,騰輝電子-KY,6672
063927,call,惠特,6706
063928,call,AES-KY,6781
063929,call,天虹,6937
063930,call,新代,7750
063931,call,達運光電,8045
063932,call,美時,1795
063933,call,國巨*,2327
063934,call,京元電子,2449
063935,call,聯發科,2454
063936,call,立隆電,2472
063937,call,華新科,2492
063938,call,力成,6239
063939,call,華城,1519
063940,call,長興,1717
063941,call,鴻海,2317
063942,call,國巨*,2327
063943,call,台積電,2330
063944,call,宏碁,2353
063945,call,金像電,2368
063946,call,菱生,2369
063947,call,毅嘉,2402
063948,call,聯發科,2454
063949,call,華新科,2492
063950,call,揚博,2493
063951,call,大立光,3008
063952,call,聯鈞,3450
063953,call,牧德,3563
063954,call,日月光投控,3711
063955,call,大銀微系統,4576
063956,call,眾達-KY,4977
063957,call,瀚宇博,5469
063958,call,亞翔,6139
063959,call,啟碁,6285
063960,call,洋基工程,6691
063961,call,AES-KY,6781
063962,call,天虹,6937
063964,call,兆聯實業,6944
063966,call,長興,1717
063967,call,長興,1717
063968,call,長興,1717
063969,call,台積電,2330
063970,call,友達,2409
063971,call,友達,2409
063972,call,鉅祥,2476
063973,call,禾伸堂,3026
063974,call,禾伸堂,3026
063975,call,禾伸堂,3026
063976,call,禾伸堂,3026
063977,call,禾伸堂,3026
063978,call,德律,3030
063979,call,德律,3030
063980,call,晶技,3042
063981,call,聯鈞,3450
063982,call,聯鈞,3450
063983,call,聯鈞,3450
063985,call,聯鈞,3450
063986,call,聯鈞,3450
063987,call,聯鈞,3450
063988,call,聯鈞,3450
063989,call,達邁,3645
063990,call,定穎投控,3715
063991,call,臻鼎-KY,4958
063992,call,臻鼎-KY,4958
063993,call,臻鼎-KY,4958
063994,call,啟碁,6285
063995,call,天虹,6937
063996,call,天虹,6937
063997,call,天虹,6937
063998,call,天虹,6937
063999,call,台泥,1101
064000,call,長興,1717
064001,call,長興,1717
064002,call,楠梓電,2316
064003,call,楠梓電,2316
064004,call,國巨*,2327
064005,call,智邦,2345
064006,call,智邦,2345
064007,call,技嘉,2376
064008,call,技嘉,2376
064009,call,立隆電,2472
064010,call,立隆電,2472
064011,call,禾伸堂,3026
064012,call,禾伸堂,3026
064013,call,禾伸堂,3026
064015,call,德律,3030
064016,call,德律,3030
064017,call,晶技,3042
064018,call,聯鈞,3450
064019,call,聯鈞,3450
064020,call,台勝科,3532
064021,call,台勝科,3532
064022,call,台勝科,3532
064023,call,牧德,3563
064024,call,牧德,3563
064025,call,牧德,3563
064026,call,定穎投控,3715
064027,call,大銀微系統,4576
064028,call,大銀微系統,4576
064029,call,大銀微系統,4576
064030,call,南寶,4766
064031,call,南寶,4766
064032,call,眾達-KY,4977
064033,call,眾達-KY,4977
064034,call,中磊,5388
064035,call,帆宣,6196
064036,call,台表科,6278
064037,call,啟碁,6285
064038,call,啟碁,6285
064039,call,啟碁,6285
064040,call,鈺邦,6449
064041,call,洋基工程,6691
064042,call,新代,7750
064043,call,新代,7750
064044,call,矽創,8016
064047,call,長興,1717
064048,call,光寶科,2301
064049,call,鴻海,2317
064050,call,台積電,2330
064051,call,智邦,2345
064052,call,聯發科,2454
064053,call,強茂,2481
064054,call,德律,3030
064055,call,智原,3035
064056,call,緯創,3231
064057,call,聯鈞,3450
064058,call,聯鈞,3450
064060,call,台勝科,3532
064061,call,世芯-KY,3661
064062,call,臻鼎-KY,4958
064064,call,眾達-KY,4977
064065,call,亞翔,6139
064066,call,精成科,6191
064068,call,台表科,6278
064070,call,華新,1605
064071,call,長興,1717
064072,call,光寶科,2301
064073,call,鴻海,2317
064074,call,國巨*,2327
064075,call,華泰,2329
064076,call,智邦,2345
064077,call,智邦,2345
064078,call,菱生,2369
064079,call,技嘉,2376
064080,call,毅嘉,2402
064081,call,漢唐,2404
064082,call,京元電子,2449
064083,call,長榮,2603
064084,call,永豐金,2890
064085,call,奇鋐,3017
064086,call,德律,3030
064087,call,日電貿,3090
064088,call,台勝科,3532
064089,call,嘉澤,3533
064090,call,世芯-KY,3661
064091,call,定穎投控,3715
064093,call,大銀微系統,4576
064094,call,臻鼎-KY,4958
064095,call,臻鼎-KY,4958
064096,call,臻鼎-KY,4958
064097,call,帆宣,6196
064098,call,同欣電,6271
064099,call,啟碁,6285
064100,call,啟碁,6285
064101,call,啟碁,6285
064102,call,富鼎,8261
064103,call,和桐,1714
064104,call,長興,1717
064105,call,友達,2409
064106,call,禾伸堂,3026
064107,call,世芯-KY,3661
064108,call,台表科,6278
064109,call,天虹,6937
064110,call,華泰,2329
064111,call,毅嘉,2402
064112,call,友達,2409
064113,call,大立光,3008
064114,call,大立光,3008
064115,call,新唐,4919
064116,call,AES-KY,6781
064118,call,上銀,2049
064119,call,國巨*,2327
064120,call,台積電,2330
064121,call,友達,2409
064122,call,友達,2409
064124,call,盟立,2464
064125,call,大立光,3008
064126,call,大立光,3008
064127,call,大立光,3008
064128,call,奇鋐,3017
064129,call,玉晶光,3406
064130,call,國精化,4722
064131,call,臻鼎-KY,4958
064132,call,康舒,6282
064133,call,啟碁,6285
064134,call,采鈺,6789
064135,call,聯鈞,3450
064136,call,牧德,3563
064137,call,日月光投控,3711
064138,call,統一,1216
064139,call,日月光投控,3711
064140,call,日月光投控,3711
064141,call,日月光投控,3711
064142,call,台塑,1301
064143,call,南亞,1303
064144,call,南亞,1303
064145,call,台化,1326
064146,call,台化,1326
064147,call,國巨*,2327
064148,call,國巨*,2327
064149,call,技嘉,2376
064150,call,友達,2409
064151,call,立隆電,2472
064152,call,華新科,2492
064153,call,大立光,3008
064154,call,大立光,3008
064155,call,德律,3030
064156,call,晶技,3042
064157,call,晶技,3042
064158,call,晶技,3042
064159,call,玉晶光,3406
064160,call,玉晶光,3406
064161,call,玉晶光,3406
064162,call,聯鈞,3450
064163,call,台勝科,3532
064164,call,TPK-KY,3673
064165,call,日月光投控,3711
064166,call,日月光投控,3711
064167,call,啟碁,6285
064168,call,台塑化,6505
064169,call,昇陽半導體,8028
064170,call,上銀,2049
064171,call,金像電,2368
064172,call,友達,2409
064174,call,聯發科,2454
064176,call,大立光,3008
064177,call,晶技,3042
064179,call,新日興,3376
064180,call,晟銘電,3013
064182,call,玉晶光,3406
064183,call,台勝科,3532
064184,call,大銀微系統,4576
064185,call,大銀微系統,4576
064186,call,祥碩,5269
064187,call,采鈺,6789
064188,call,采鈺,6789
064189,call,天虹,6937
064192,call,鴻海,2317
064194,call,鴻海,2317
064196,call,國巨*,2327
064197,call,英業達,2356
064198,call,研華,2395
064199,call,揚博,2493
06419U,put,德律,3030
064200,call,德律,3030
064201,call,德律,3030
064202,call,建漢,3062
064203,call,建漢,3062
064204,call,玉晶光,3406
064205,call,臻鼎-KY,4958
064206,call,力成,6239
064207,call,啟碁,6285
064208,call,兆聯實業,6944
064209,call,新代,7750
06420U,put,緯創,3231
064210,call,台化,1326
064211,call,上銀,2049
064212,call,台積電,2330
064213,call,金像電,2368
064214,call,金像電,2368
064215,call,友達,2409
064216,call,友達,2409
064217,call,聯發科,2454
064218,call,大立光,3008
064219,call,大立光,3008
06421U,put,力成,6239
064220,call,晶技,3042
064221,call,晶技,3042
064222,call,聯鈞,3450
064223,call,日月光投控,3711
064224,call,眾達-KY,4977
064225,call,亞翔,6139
064226,call,力成,6239
064227,call,采鈺,6789
064228,call,天虹,6937
064229,call,天虹,6937
064230,call,新代,7750
064231,call,昇陽半導體,8028
064234,call,元大台灣50,0050
064235,call,元大台灣50,0050
064237,call,華城,1519
064238,call,美時,1795
064239,call,美時,1795
064240,call,金像電,2368
064241,call,金像電,2368
064242,call,金像電,2368
064243,call,金像電,2368
064244,call,金像電,2368
064245,call,金像電,2368
064246,call,威盛,2388
064247,call,大立光,3008
064248,call,大立光,3008
064249,call,大立光,3008
064250,call,奇鋐,3017
064251,call,晶技,3042
064252,call,晶技,3042
064253,call,晶技,3042
064254,call,晶技,3042
064255,call,玉晶光,3406
064256,call,玉晶光,3406
064257,call,玉晶光,3406
064258,call,聯鈞,3450
064259,call,台勝科,3532
064261,call,台勝科,3532
064262,call,台勝科,3532
064263,call,定穎投控,3715
064264,call,大銀微系統,4576
064265,call,大銀微系統,4576
064266,call,大銀微系統,4576
064267,call,大銀微系統,4576
064268,call,大銀微系統,4576
064269,call,大銀微系統,4576
064270,call,臻鼎-KY,4958
064271,call,臻鼎-KY,4958
064272,call,臻鼎-KY,4958
064273,call,啟碁,6285
064274,call,達發,6526
064281,call,上銀,2049
064282,call,鴻海,2317
064283,call,台積電,2330
064284,call,台積電,2330
064285,call,智邦,2345
064286,call,金像電,2368
064287,call,聯發科,2454
064288,call,立隆電,2472
064289,call,鉅祥,2476
064290,call,華新科,2492
064291,call,揚博,2493
064292,call,大立光,3008
064293,call,奇鋐,3017
064294,call,德律,3030
064295,call,晶技,3042
064296,call,晶技,3042
064297,call,聯鈞,3450
064298,call,台勝科,3532
064299,call,世芯-KY,3661
064300,call,定穎投控,3715
064301,call,新唐,4919
064302,call,臻鼎-KY,4958
064303,call,眾達-KY,4977
064304,call,瀚宇博,5469
064305,call,精成科,6191
064306,call,台表科,6278
064307,call,啟碁,6285
064308,call,新代,7750
064309,call,美時,1795
064310,call,友達,2409
064311,call,達興材料,5234
064312,call,金像電,2368
064313,call,大立光,3008
064314,call,大聯大,3702
064315,call,元大台灣50,0050
064316,call,元大台灣50,0050
064317,call,南亞,1303
064318,call,士電,1503
064319,call,華城,1519
064320,call,中砂,1560
064321,call,亞德客-KY,1590
064322,call,美時,1795
064323,call,鴻海,2317
064324,call,台積電,2330
064325,call,智邦,2345
064326,call,金像電,2368
064327,call,威盛,2388
064328,call,友達,2409
064329,call,京元電子,2449
064330,call,聯發科,2454
064331,call,盟立,2464
064333,call,健鼎,3044
064334,call,玉晶光,3406
064335,call,融程電,3416
064336,call,華擎,3515
064337,call,大聯大,3702
064339,call,jpp-KY,5284
064340,call,亞翔,6139
064341,call,台虹,8039
064342,call,上銀,2049
064343,call,台積電,2330
064344,call,金像電,2368
064345,call,盟立,2464
064346,call,華新科,2492
064347,call,大立光,3008
064348,call,日月光投控,3711
064349,call,台灣精銳,4583
064350,call,材料*-KY,4763
064351,call,祥碩,5269
064352,call,台達化,1309
064353,call,直得,1597
064354,call,智邦,2345
064355,call,凱美,2375
064356,call,研華,2395
064357,call,毅嘉,2402
064358,call,友達,2409
064359,call,友達,2409
064360,call,京元電子,2449
064361,call,立隆電,2472
064362,call,立隆電,2472
064364,call,日電貿,3090
064365,call,玉晶光,3406
064366,call,達邁,3645
064367,call,世芯-KY,3661
064368,call,貿聯-KY,3665
064369,call,TPK-KY,3673
064370,call,TPK-KY,3673
064371,call,TPK-KY,3673
064372,call,日月光投控,3711
064373,call,華懋,5292
064375,call,台塑化,6505
064376,call,志超,8213
064377,call,元大台灣50,0050
064378,call,元大台灣50,0050
064379,call,台化,1326
064380,call,東元,1504
064381,call,華城,1519
064382,call,華城,1519
064383,call,華城,1519
064384,call,華城,1519
064385,call,華城,1519
064386,call,信錦,1582
064387,call,信錦,1582
064388,call,上銀,2049
064389,call,國巨*,2327
064390,call,華泰,2329
064391,call,華泰,2329
064392,call,華泰,2329
064393,call,智邦,2345
064394,call,毅嘉,2402
064395,call,毅嘉,2402
064396,call,毅嘉,2402
064397,call,鉅祥,2476
064398,call,鉅祥,2476
064399,call,大立光,3008
06439U,put,華東,8110
064400,call,大立光,3008
064401,call,智伸科,4551
064402,call,鈞興-KY,4571
064403,call,國精化,4722
064404,call,材料*-KY,4763
064406,call,臻鼎-KY,4958
064407,call,旭隼,6409
064408,call,兆聯實業,6944
064409,call,兆聯實業,6944
064410,call,新代,7750
064411,call,勤誠,8210
064412,call,勤誠,8210
064413,call,勤誠,8210
064414,call,日電貿,3090
064415,call,jpp-KY,5284
064416,call,新代,7750
064417,call,勤誠,8210
064418,call,台塑,1301
064419,call,上銀,2049
064420,call,上銀,2049
064421,call,金像電,2368
064422,call,毅嘉,2402
064423,call,友達,2409
064424,call,立隆電,2472
064425,call,立隆電,2472
064426,call,大立光,3008
064427,call,大立光,3008
064428,call,玉晶光,3406
064429,call,日月光投控,3711
064430,call,日月光投控,3711
064431,call,日月光投控,3711
064432,call,材料*-KY,4763
064433,call,新唐,4919
064434,call,臻鼎-KY,4958
064435,call,精成科,6191
064436,call,GIS-KY,6456
064437,call,台塑化,6505
064438,call,新代,7750
064440,call,中砂,1560
064441,call,上銀,2049
064442,call,上銀,2049
064443,call,智邦,2345
064444,call,金像電,2368
064445,call,金像電,2368
064446,call,毅嘉,2402
064447,call,立隆電,2472
064448,call,立隆電,2472
064449,call,大立光,3008
064450,call,奇鋐,3017
064451,call,世芯-KY,3661
064452,call,精成科,6191
064453,call,台表科,6278
064455,call,台達化,1309
064456,call,直得,1597
064457,call,上銀,2049
064458,call,上銀,2049
064459,call,金像電,2368
064460,call,金像電,2368
064461,call,金像電,2368
064462,call,金像電,2368
064463,call,毅嘉,2402
064464,call,毅嘉,2402
064465,call,毅嘉,2402
064466,call,毅嘉,2402
064467,call,友達,2409
064468,call,友達,2409
064469,call,興勤,2428
064470,call,美律,2439
064471,call,立隆電,2472
064472,call,立隆電,2472
064473,call,立隆電,2472
064474,call,立隆電,2472
064475,call,TPK-KY,3673
064476,call,TPK-KY,3673
064477,call,TPK-KY,3673
064478,call,TPK-KY,3673
064479,call,材料*-KY,4763
064481,call,臻鼎-KY,4958
064482,call,眾達-KY,4977
064483,call,台表科,6278
064484,call,GIS-KY,6456
064485,call,惠特,6706
064486,call,惠特,6706
064487,call,邁科,6831
064488,call,新代,7750
064489,call,台虹,8039
064490,call,台虹,8039
064493,call,華邦電,2344
064494,call,技嘉,2376
064495,call,技嘉,2376
064496,call,威盛,2388
064497,call,南亞科,2408
064498,call,京元電子,2449
064499,call,聯發科,2454
064500,call,台新新光金,2887
064501,call,德律,3030
064502,call,群創,3481
064503,call,嘉澤,3533
064504,call,牧德,3563
064505,call,台灣精銳,4583
064506,call,眾達-KY,4977
064507,call,祥碩,5269
064508,call,帆宣,6196
064509,call,矽格,6257
064510,call,同欣電,6271
064511,call,台表科,6278
064512,call,GIS-KY,6456
064513,call,大研生醫*,7780
064515,call,揚博,2493
064516,call,神達,3706
064517,call,台灣精銳,4583
064518,call,台表科,6278
064519,call,台表科,6278
064520,call,GIS-KY,6456
064521,call,保瑞,6472
064522,call,台塑化,6505
064523,call,南茂,8150
064524,call,華邦電,2344
064525,call,華城,1519
064526,call,聯電,2303
064527,call,金寶,2312
064528,call,金寶,2312
064529,call,台亞,2340
064530,call,華邦電,2344
064531,call,華邦電,2344
064532,call,華邦電,2344
064533,call,南亞科,2408
064534,call,南亞科,2408
064535,call,南亞科,2408
064536,call,強茂,2481
064537,call,揚博,2493
064538,call,群創,3481
064539,call,群創,3481
064540,call,牧德,3563
064541,call,新唐,4919
064542,call,十銓,4967
064543,call,十銓,4967
064544,call,眾達-KY,4977
064545,call,祥碩,5269
064546,call,GIS-KY,6456
064547,call,力積電,6770
064548,call,新代,7750
064549,call,新代,7750
064550,call,南茂,8150
064551,call,鴻海,2317
064552,call,國巨*,2327
064553,call,台積電,2330
064554,call,台積電,2330
064555,call,台積電,2330
064556,call,台積電,2330
064557,call,台積電,2330
064558,call,台積電,2330
064559,call,技嘉,2376
064560,call,技嘉,2376
064561,call,威盛,2388
064562,call,友達,2409
064563,call,友達,2409
064564,call,美律,2439
064565,call,大立光,3008
064566,call,大立光,3008
064567,call,貿聯-KY,3665
064568,call,貿聯-KY,3665
064569,call,貿聯-KY,3665
064570,call,貿聯-KY,3665
064571,call,貿聯-KY,3665
064572,call,貿聯-KY,3665
064573,call,貿聯-KY,3665
064574,call,貿聯-KY,3665
064575,call,日月光投控,3711
064576,call,日月光投控,3711
064578,call,上銀,2049
064579,call,鴻海,2317
064580,call,台積電,2330
064581,call,華邦電,2344
064582,call,華邦電,2344
064583,call,研華,2395
064584,call,南亞科,2408
064585,call,南亞科,2408
064586,call,興勤,2428
064587,call,美律,2439
064588,call,聯發科,2454
064589,call,聯發科,2454
064590,call,大立光,3008
064591,call,群創,3481
064592,call,群創,3481
064593,call,世芯-KY,3661
064594,call,正文,4906
064595,call,十銓,4967
064596,call,十銓,4967
064597,call,台表科,6278
064598,call,矽力*-KY,6415
064599,call,GIS-KY,6456
06459U,put,智邦,2345
064600,call,力積電,6770
064601,call,力積電,6770
064602,call,大研生醫*,7780
064604,call,上銀,2049
064605,call,臻鼎-KY,4958
064606,call,矽格,6257
064607,call,康舒,6282
064608,call,鴻海,2317
064609,call,AES-KY,6781
064611,call,台化,1326
064612,call,台化,1326
064613,call,華邦電,2344
064614,call,華邦電,2344
064615,call,智邦,2345
064616,call,威盛,2388
064617,call,南亞科,2408
064618,call,南亞科,2408
064619,call,南亞科,2408
064620,call,友達,2409
064621,call,普安,2495
064622,call,普安,2495
064623,call,大立光,3008
064624,call,大立光,3008
064625,call,耀登,3138
064626,call,群創,3481
064627,call,群創,3481
064628,call,群創,3481
064629,call,群創,3481
064630,call,群創,3481
064631,call,牧德,3563
064632,call,定穎投控,3715
064633,call,正文,4906
064635,call,臻鼎-KY,4958
064636,call,十銓,4967
064637,call,眾達-KY,4977
064639,call,彩晶,6116
064641,call,彩晶,6116
064642,call,台表科,6278
064645,call,GIS-KY,6456
064646,call,GIS-KY,6456
064647,call,GIS-KY,6456
064648,call,力積電,6770
064649,call,力積電,6770
064650,call,力積電,6770
064651,call,力積電,6770
064653,call,華邦電,2344
064654,call,南亞科,2408
064655,call,南亞科,2408
064656,call,南亞科,2408
064657,call,群創,3481
064658,call,群創,3481
064659,call,世芯-KY,3661
064660,call,十銓,4967
064661,call,眾達-KY,4977
064662,call,力積電,6770
064665,call,華城,1519
064666,call,龍德造船,6753
064667,call,三集瑞-KY,6862
064668,call,中砂,1560
064669,call,國巨*,2327
064670,call,智邦,2345
064671,call,精成科,6191
064672,call,和大,1536
064674,call,研華,2395
064675,call,漢唐,2404
064676,call,聯發科,2454
064677,call,可成,2474
064678,call,臻鼎-KY,4958
064679,call,十銓,4967
064680,call,眾達-KY,4977
064681,call,亞翔,6139
064682,call,矽力*-KY,6415
064683,call,力積電,6770
064684,call,力積電,6770
064685,call,大研生醫*,7780
064686,call,松川精密,7788
064687,call,勤誠,8210
064688,call,富鼎,8261
064689,call,台玻,1802
064690,call,台玻,1802
064691,call,群創,3481
064692,call,台積電,2330
064693,call,台積電,2330
064694,call,明泰,3380
064695,call,玉晶光,3406
064696,call,玉晶光,3406
064697,call,達興材料,5234
064698,call,松川精密,7788
064699,call,昇陽半導體,8028
064700,call,富鼎,8261
064701,call,富鼎,8261
064703,call,華城,1519
064704,call,中砂,1560
064705,call,台玻,1802
064706,call,台玻,1802
064707,call,台玻,1802
064708,call,金寶,2312
064709,call,台亞,2340
064710,call,華邦電,2344
064711,call,華邦電,2344
064712,call,智邦,2345
064713,call,順德,2351
064714,call,華碩,2357
064715,call,金像電,2368
064716,call,技嘉,2376
064717,call,南亞科,2408
064718,call,南亞科,2408
064719,call,友達,2409
064720,call,友達,2409
064721,call,鉅祥,2476
064722,call,揚博,2493
064723,call,晟銘電,3013
064724,call,德律,3030
064725,call,群創,3481
064726,call,世芯-KY,3661
064727,call,大聯大,3702
064728,call,定穎投控,3715
064729,call,國精化,4722
064730,call,和碩,4938
064731,call,亞翔,6139
064732,call,騰輝電子-KY,6672
064733,call,AES-KY,6781
064734,call,勤誠,8210
064735,call,明基材,8215
064741,call,台玻,1802
064742,call,台玻,1802
064743,call,台玻,1802
064744,call,台積電,2330
064745,call,技嘉,2376
064746,call,友達,2409
064747,call,京元電子,2449
064748,call,強茂,2481
064749,call,大立光,3008
064750,call,德律,3030
064751,call,嘉澤,3533
064752,call,臻鼎-KY,4958
064753,call,華懋,5292
064754,call,彩晶,6116
064755,call,邁科,6831
064756,call,元大台灣50,0050
064760,call,國巨*,2327
064761,call,台積電,2330
064762,call,台積電,2330
064763,call,華邦電,2344
064764,call,華邦電,2344
064765,call,南亞科,2408
064766,call,南亞科,2408
064768,call,聯發科,2454
064770,call,聯發科,2454
064771,call,大立光,3008
064772,call,德律,3030
064773,call,玉晶光,3406
064774,call,群創,3481
064775,call,貿聯-KY,3665
064776,call,緯穎,6669
064777,call,力積電,6770
064779,call,華城,1519
064780,call,川湖,2059
064781,call,勤誠,8210
064782,call,華城,1519
064783,call,中砂,1560
064784,call,美時,1795
064785,call,美時,1795
064786,call,智邦,2345
064787,call,智邦,2345
064788,call,宏碁,2353
064789,call,燿華,2367
06478U,put,元大台灣50,0050
064790,call,研華,2395
064791,call,京元電子,2449
064792,call,華新科,2492
064793,call,晟銘電,3013
064794,call,奇鋐,3017
064795,call,玉晶光,3406
064796,call,嘉澤,3533
064797,call,大聯大,3702
064798,call,臻鼎-KY,4958
064799,call,臻鼎-KY,4958
064800,call,達興材料,5234
064801,call,亞翔,6139
064802,call,精成科,6191
064803,call,同欣電,6271
064804,call,矽力*-KY,6415
064805,call,矽力*-KY,6415
064806,call,保瑞,6472
064807,call,富世達,6805
064808,call,邁科,6831
064811,call,華城,1519
064812,call,中砂,1560
064813,call,台積電,2330
064814,call,台亞,2340
064815,call,華邦電,2344
064816,call,順德,2351
064817,call,燿華,2367
064818,call,燿華,2367
064819,call,燿華,2367
064820,call,盟立,2464
064821,call,群創,3481
064822,call,世芯-KY,3661
064823,call,定穎投控,3715
064824,call,國精化,4722
064825,call,新唐,4919
064826,call,新唐,4919
064827,call,眾達-KY,4977
064829,call,亞翔,6139
064830,call,帆宣,6196
064831,call,矽力*-KY,6415
064832,call,力積電,6770
064833,call,富世達,6805
064834,call,富世達,6805
064835,call,勤誠,8210
064836,call,富鼎,8261
064837,call,華城,1519
064838,call,台玻,1802
064839,call,台玻,1802
064840,call,順德,2351
064841,call,燿華,2367
064842,call,燿華,2367
064843,call,燿華,2367
064844,call,金像電,2368
064845,call,金像電,2368
064846,call,金像電,2368
064847,call,金像電,2368
064849,call,可成,2474
064850,call,可成,2474
064851,call,強茂,2481
064852,call,大立光,3008
064853,call,大立光,3008
064854,call,德律,3030
064855,call,德律,3030
064856,call,玉晶光,3406
064857,call,京鼎,3413
064858,call,新唐,4919
064859,call,新唐,4919
064860,call,新唐,4919
064861,call,新唐,4919
064862,call,新唐,4919
064863,call,新唐,4919
064864,call,華懋,5292
064865,call,亞翔,6139
064866,call,力成,6239
064867,call,保瑞,6472
064868,call,力積電,6770
064869,call,富世達,6805
064870,call,富世達,6805
064871,call,新代,7750
064872,call,新代,7750
064873,call,富鼎,8261
064874,call,富鼎,8261
06487U,put,長榮,2603
064884,call,華城,1519
064885,call,台玻,1802
064886,call,台玻,1802
064887,call,華邦電,2344
064888,call,順德,2351
064889,call,燿華,2367
064890,call,盟立,2464
064891,call,強茂,2481
064892,call,智原,3035
064893,call,嘉澤,3533
064894,call,新唐,4919
064895,call,臻鼎-KY,4958
064896,call,jpp-KY,5284
064897,call,菱生,2369
064898,call,技嘉,2376
064899,call,偉詮電,2436
064900,call,盟立,2464
064901,call,世芯-KY,3661
064902,call,勝一,1773
064903,call,台積電,2330
064904,call,台積電,2330
064905,call,華邦電,2344
064906,call,智邦,2345
064907,call,南亞科,2408
064908,call,京元電子,2449
064909,call,新日興,3376
064910,call,世芯-KY,3661
064911,call,臻鼎-KY,4958
064912,call,臻鼎-KY,4958
064913,call,十銓,4967
064914,call,力積電,6770
064915,call,力積電,6770
064916,call,富世達,6805
064917,call,光寶科,2301
064918,call,聯電,2303
064919,call,鴻海,2317
064920,call,強茂,2481
064921,call,凱基金,2883
064922,call,正文,4906
064923,call,佳必琪,6197
064924,call,昇陽半導體,8028
064925,call,南茂,8150
064927,call,川湖,2059
064928,call,台積電,2330
064929,call,敬鵬,2355
064930,call,威盛,2388
064931,call,南亞科,2408
064932,call,聯發科,2454
064933,call,可成,2474
064934,call,智原,3035
064935,call,嘉澤,3533
064936,call,世芯-KY,3661
064937,call,臻鼎-KY,4958
064938,call,眾達-KY,4977
064939,call,jpp-KY,5284
064940,call,達發,6526
064941,call,緯穎,6669
064942,call,昇陽半導體,8028
064943,call,元大台灣50,0050
064944,call,台積電,2330
064945,call,台積電,2330
064946,call,敬鵬,2355
064947,call,技嘉,2376
064948,call,威盛,2388
064949,call,聯發科,2454
064951,call,鉅祥,2476
064952,call,強茂,2481
064953,call,強茂,2481
064955,call,裕民,2606
064956,call,定穎投控,3715
064957,call,國精化,4722
064958,call,國精化,4722
064959,call,眾達-KY,4977
064960,call,眾達-KY,4977
064961,call,亞翔,6139
064962,call,亞翔,6139
064963,call,精成科,6191
064964,call,精成科,6191
064965,call,帆宣,6196
064966,call,帆宣,6196
064967,call,帆宣,6196
064968,call,矽力*-KY,6415
064969,call,矽力*-KY,6415
064970,call,富世達,6805
064971,call,富世達,6805
064972,call,富世達,6805
064973,call,富世達,6805
064974,call,富世達,6805
064975,call,富世達,6805
064976,call,東元,1504
064977,call,奇鋐,3017
064978,call,昇陽半導體,8028
064979,call,南茂,8150
064980,call,長興,1717
064981,call,上銀,2049
064983,call,聯電,2303
064984,call,聯電,2303
064985,call,仁寶,2324
064986,call,台積電,2330
064987,call,長榮,2603
064988,call,順德,2351
064989,call,威盛,2388
064990,call,聯發科,2454
064991,call,聯發科,2454
064992,call,聯發科,2454
064993,call,奇鋐,3017
064994,call,德律,3030
064995,call,世芯-KY,3661
064996,call,貿聯-KY,3665
064997,call,祥碩,5269
064998,call,啟碁,6285
064999,call,緯穎,6669
065000,call,龍德造船,6753
065001,call,昇陽半導體,8028
065002,call,上銀,2049
065003,call,聯電,2303
065004,call,廣宇,2328
065005,call,順德,2351
065006,call,友達,2409
065007,call,世芯-KY,3661
065008,call,jpp-KY,5284
065009,call,華懋,5292
065010,call,矽格,6257
065011,call,啟碁,6285
065012,call,兆聯實業,6944
065016,call,長興,1717
065017,call,金寶,2312
065018,call,台積電,2330
065019,call,華邦電,2344
065020,call,技嘉,2376
065021,call,偉詮電,2436
065022,call,京元電子,2449
065023,call,聯發科,2454
065024,call,盟立,2464
065025,call,鉅祥,2476
065026,call,裕民,2606
065027,call,大立光,3008
065028,call,京鼎,3413
065029,call,定穎投控,3715
065030,call,國精化,4722
065031,call,十銓,4967
065032,call,亞翔,6139
065033,call,啟碁,6285
065034,call,啟碁,6285
065035,call,矽力*-KY,6415
065036,call,力積電,6770
065037,call,台積電,2330
065038,call,台亞,2340
065039,call,聯發科,2454
065040,call,矽力*-KY,6415
065041,call,矽力*-KY,6415
065042,call,騰輝電子-KY,6672
065044,call,長興,1717
065045,call,台亞,2340
065046,call,台亞,2340
065047,call,燿華,2367
065048,call,燿華,2367
065049,call,盟立,2464
065050,call,矽力*-KY,6415
065051,call,矽力*-KY,6415
065052,call,騰輝電子-KY,6672
065053,call,騰輝電子-KY,6672
065054,call,邁科,6831
065055,call,泰金寶-DR,9105
065056,call,華邦電,2344
065057,call,南亞科,2408
065058,call,力積電,6770
065059,call,台積電,2330
065060,call,台積電,2330
065061,call,華邦電,2344
065062,call,智邦,2345
065063,call,南亞科,2408
065064,call,聯發科,2454
065065,call,聯發科,2454
065067,call,奇鋐,3017
065068,call,奇鋐,3017
065069,call,智原,3035
065070,call,世芯-KY,3661
065071,call,世芯-KY,3661
065072,call,臻鼎-KY,4958
065073,call,祥碩,5269
065074,call,達發,6526
065077,call,昇陽半導體,8028
065078,call,京元電子,2449
065079,call,聯發科,2454
065080,call,旭隼,6409
065081,call,台玻,1802
065082,call,金寶,2312
065083,call,群創,3481
065087,call,燿華,2367
065088,call,聯發科,2454
065089,call,聯發科,2454
065090,call,聯發科,2454
065091,call,盟立,2464
065092,call,元大台灣50,0050
065093,call,元大台灣50,0050
065095,call,台玻,1802
065096,call,上銀,2049
065097,call,智邦,2345
065098,call,威盛,2388
065099,call,奇鋐,3017
065100,call,宏致,3605
065101,call,貿聯-KY,3665
065102,call,天鈺,4961
065103,call,十銓,4967
065104,call,十銓,4967
065105,call,兆聯實業,6944
065106,call,昇陽半導體,8028
065107,call,台積電,2330
065108,call,聯發科,2454
065109,call,聯發科,2454
06510U,put,台達電,2308
065110,call,聯發科,2454
065111,call,聯發科,2454
065114,call,聯發科,2454
065115,call,台玻,1802
065116,call,上銀,2049
065118,call,聯電,2303
065119,call,仁寶,2324
06511U,put,台達電,2308
065120,call,華泰,2329
065121,call,燿華,2367
065122,call,威盛,2388
065123,call,漢唐,2404
065124,call,聯發科,2454
065125,call,可成,2474
065126,call,奇鋐,3017
065127,call,德律,3030
065128,call,世芯-KY,3661
065129,call,貿聯-KY,3665
065130,call,臻鼎-KY,4958
065131,call,祥碩,5269
065132,call,瑞儀,6176
065134,call,啟碁,6285
065135,call,緯穎,6669
065136,call,AES-KY,6781
065137,call,昇陽半導體,8028
065138,call,川湖,2059
065139,call,聯電,2303
065140,call,智邦,2345
065141,call,智邦,2345
065142,call,南亞科,2408
065143,call,南亞科,2408
065144,call,南亞科,2408
065145,call,聯發科,2454
065146,call,奇鋐,3017
065147,call,宏致,3605
065148,call,世芯-KY,3661
065149,call,世芯-KY,3661
065150,call,定穎投控,3715
065151,call,台郡,6269
065152,call,緯穎,6669
065153,call,鴻海,2317
065154,call,台積電,2330
065155,call,威盛,2388
065156,call,南亞科,2408
065157,call,偉詮電,2436
065158,call,聯發科,2454
065159,call,聯發科,2454
065160,call,盟立,2464
065161,call,奇鋐,3017
065162,call,奇鋐,3017
065163,call,智原,3035
065164,call,健鼎,3044
065165,call,世芯-KY,3661
065166,call,世芯-KY,3661
065167,call,世芯-KY,3661
065168,call,貿聯-KY,3665
065169,call,臻鼎-KY,4958
065170,call,緯穎,6669
065171,call,昇陽半導體,8028
065172,call,聯電,2303
065174,call,台積電,2330
065175,call,建準,2421
065176,call,南亞,1303
065177,call,台玻,1802
065178,call,聯發科,2454
065180,call,奇鋐,3017
065181,call,智原,3035
065182,call,世芯-KY,3661
065183,call,臻鼎-KY,4958
065184,call,祥碩,5269
065185,call,盛群,6202
065186,call,達發,6526
065187,call,緯穎,6669
065188,call,微星,2377
065189,call,智原,3035
065190,call,貿聯-KY,3665
065191,call,臻鼎-KY,4958
065192,call,瑞儀,6176
065193,call,緯穎,6669
065194,call,力積電,6770
065197,call,台積電,2330
065198,call,台積電,2330
065199,call,毅嘉,2402
065200,call,聯發科,2454
065201,call,聯發科,2454
065202,call,奇鋐,3017
065203,call,世芯-KY,3661
065204,call,臻鼎-KY,4958
065205,call,緯穎,6669
065206,call,昇陽半導體,8028
065207,call,勤誠,8210
065208,call,聯發科,2454
065209,call,聯發科,2454
065210,call,聯發科,2454
065211,call,臻鼎-KY,4958
065212,call,臻鼎-KY,4958
065213,call,臻鼎-KY,4958
065214,call,昇陽半導體,8028
065218,call,台達化,1309
065219,call,順德,2351
065220,call,微星,2377
065221,call,威盛,2388
065222,call,威盛,2388
065223,call,偉詮電,2436
065224,call,京元電子,2449
065225,call,京元電子,2449
065226,call,可成,2474
065227,call,鉅祥,2476
065228,call,晟銘電,3013
065229,call,臻鼎-KY,4958
065230,call,臻鼎-KY,4958
065231,call,臻鼎-KY,4958
065232,call,立積,4968
065233,call,亞翔,6139
065234,call,達發,6526
065235,call,世紀鋼,9958
065236,call,元大台灣50,0050
065237,call,元大台灣50,0050
065238,call,華夏,1305
065239,call,金寶,2312
065240,call,鴻海,2317
065241,call,鴻海,2317
065242,call,台積電,2330
065243,call,台積電,2330
065244,call,台積電,2330
065245,call,台積電,2330
065246,call,台積電,2330
065247,call,威盛,2388
065248,call,南亞科,2408
065249,call,南亞科,2408
06524U,put,台積電,2330
065250,call,南亞科,2408
065251,call,南亞科,2408
065252,call,南亞科,2408
065253,call,聯發科,2454
065254,call,聯發科,2454
065255,call,聯發科,2454
065256,call,聯發科,2454
065257,call,可成,2474
065258,call,可成,2474
065259,call,鉅祥,2476
065260,call,鉅祥,2476
065261,call,奇鋐,3017
065264,call,奇鋐,3017
065265,call,奇鋐,3017
065266,call,奇鋐,3017
065269,call,奇鋐,3017
065270,call,嘉澤,3533
065271,call,貿聯-KY,3665
065272,call,臻鼎-KY,4958
065273,call,南茂,8150
065277,call,亞德客-KY,1590
065278,call,鴻海,2317
065279,call,鴻海,2317
065280,call,鴻海,2317
065281,call,台積電,2330
065282,call,華邦電,2344
065283,call,南亞科,2408
065284,call,聯發科,2454
065285,call,緯穎,6669
065286,call,緯穎,6669
065287,call,力積電,6770
065288,call,華城,1519
065289,call,亞德客-KY,1590
065291,call,台玻,1802
065292,call,川湖,2059
065294,call,台積電,2330
065295,call,台積電,2330
065296,call,微星,2377
065297,call,南亞科,2408
065300,call,京元電子,2449
065301,call,聯發科,2454
065302,call,鉅祥,2476
065304,call,晟銘電,3013
065305,call,健鼎,3044
065306,call,緯穎,6669
065311,call,台積電,2330
065312,call,台積電,2330
065313,call,台積電,2330
065314,call,台積電,2330
065315,call,台積電,2330
065316,call,台積電,2330
065317,call,毅嘉,2402
065318,call,聯發科,2454
065319,call,智原,3035
065320,call,健鼎,3044
065321,call,世芯-KY,3661
065322,call,緯穎,6669
065325,call,台達化,1309
065326,call,楠梓電,2316
065327,call,華邦電,2344
065328,call,華邦電,2344
065329,call,瑞昱,2379
065335,call,盟立,2464
065336,call,智原,3035
065337,call,智原,3035
065341,call,康普,4739
065342,call,達發,6526
065343,call,南亞,1303
065344,call,光寶科,2301
065345,call,英業達,2356
065346,call,南亞科,2408
065347,call,智原,3035
065348,call,群創,3481
065349,call,AES-KY,6781
065352,call,勝一,1773
065353,call,川湖,2059
065354,call,台橡,2103
065355,call,楠梓電,2316
065356,call,鴻海,2317
065357,call,台積電,2330
065358,call,台積電,2330
065359,call,華邦電,2344
065360,call,英業達,2356
065361,call,凱美,2375
065362,call,南亞科,2408
065363,call,聯發科,2454
065364,call,聯發科,2454
065365,call,鉅祥,2476
065366,call,智原,3035
065367,call,耀登,3138
065369,call,群創,3481
065370,call,嘉澤,3533
065371,call,日月光投控,3711
065372,call,jpp-KY,5284
065373,call,帆宣,6196
065374,call,力成,6239
065375,call,達發,6526
065376,call,緯穎,6669
065377,call,緯穎,6669
065378,call,緯穎,6669
065379,call,龍德造船,6753
065380,call,力積電,6770
065381,call,力積電,6770
065382,call,潤泰新,9945
065384,call,和大,1536
065385,call,大成鋼,2027
065386,call,上銀,2049
065387,call,上銀,2049
065388,call,鴻海,2317
065389,call,鴻海,2317
06538U,put,力積電,6770
065390,call,研華,2395
065391,call,研華,2395
065392,call,南亞科,2408
065393,call,盟立,2464
065394,call,晟銘電,3013
065395,call,晟銘電,3013
065396,call,日月光投控,3711
065397,call,日月光投控,3711
065398,call,今國光,6209
065399,call,力成,6239
065400,call,昇陽半導體,8028
065402,call,元大台灣50,0050
065404,call,南亞,1303
065405,call,中砂,1560
065406,call,仁寶,2324
065407,call,台積電,2330
065408,call,智邦,2345
065409,call,南亞科,2408
065410,call,偉詮電,2436
065411,call,美律,2439
065412,call,大立光,3008
065413,call,大立光,3008
065414,call,智原,3035
065415,call,新日興,3376
065416,call,世芯-KY,3661
065417,call,世芯-KY,3661
065418,call,保瑞,6472
065419,call,緯穎,6669
065425,call,川湖,2059
065426,call,台積電,2330
065427,call,台積電,2330
065428,call,聯發科,2454
065429,call,聯發科,2454
065430,call,聯發科,2454
065432,call,聯發科,2454
065433,call,聯發科,2454
065434,call,聯發科,2454
065435,call,智原,3035
065436,call,智原,3035
065437,call,世芯-KY,3661
065438,call,貿聯-KY,3665
065439,call,貿聯-KY,3665
065440,call,貿聯-KY,3665
065441,call,緯穎,6669
065442,call,緯穎,6669
065443,call,緯穎,6669
065444,call,緯穎,6669
065445,call,緯穎,6669
065446,call,緯穎,6669
065448,call,昇陽半導體,8028
065449,call,昇陽半導體,8028
065450,call,勤誠,8210
065451,call,元大台灣50,0050
065456,call,台積電,2330
065457,call,智邦,2345
065458,call,南亞科,2408
065459,call,聯發科,2454
065460,call,群創,3481
065461,call,貿聯-KY,3665
065462,call,亞翔,6139
065463,call,AES-KY,6781
065464,call,至上,8112
065465,call,華城,1519
065466,call,台積電,2330
065467,call,聯發科,2454
065468,call,盟立,2464
065469,call,TPK-KY,3673
065470,call,TPK-KY,3673
065471,call,TPK-KY,3673
065472,call,勝一,1773
065473,call,鴻海,2317
065474,call,台積電,2330
065475,call,台積電,2330
065476,call,台積電,2330
065477,call,華邦電,2344
065478,call,智邦,2345
065479,call,毅嘉,2402
065480,call,聯發科,2454
065481,call,聯發科,2454
065482,call,聯發科,2454
065483,call,聯發科,2454
065484,call,智原,3035
065485,call,玉晶光,3406
065486,call,群創,3481
065487,call,嘉澤,3533
065488,call,世芯-KY,3661
065489,call,貿聯-KY,3665
065490,call,日月光投控,3711
065491,call,jpp-KY,5284
065493,call,達發,6526
065494,call,力積電,6770
065496,call,川湖,2059
065497,call,金寶,2312
065498,call,華通,2313
065499,call,台積電,2330
065500,call,台積電,2330
065501,call,台積電,2330
065502,call,台積電,2330
065503,call,華邦電,2344
065504,call,華邦電,2344
065505,call,技嘉,2376
065506,call,南亞科,2408
065507,call,南亞科,2408
065508,call,南亞科,2408
065509,call,聯發科,2454
065510,call,聯發科,2454
065511,call,聯發科,2454
065512,call,聯發科,2454
065513,call,聯發科,2454
065514,call,聯發科,2454
065515,call,盟立,2464
065516,call,盟立,2464
065517,call,大立光,3008
065519,call,晟銘電,3013
065520,call,德律,3030
065522,call,智原,3035
065523,call,智原,3035
065524,call,智原,3035
065525,call,緯創,3231
065526,call,亞翔,6139
065528,call,力成,6239
065529,call,力積電,6770
065530,call,AES-KY,6781
065531,call,昇陽半導體,8028
065532,call,勤誠,8210
065533,call,元大台灣50,0050
065534,call,智邦,2345
065535,call,力積電,6770
065536,call,勤誠,8210
065537,call,台玻,1802
065538,call,光寶科,2301
06553U,put,台積電,2330
065540,call,聯電,2303
065541,call,金寶,2312
065542,call,中環,2323
065543,call,國巨*,2327
065544,call,國巨*,2327
065545,call,華泰,2329
065546,call,智邦,2345
065547,call,技嘉,2376
065548,call,漢唐,2404
065549,call,南亞科,2408
065550,call,聯發科,2454
065551,call,聯發科,2454
065552,call,聯發科,2454
065553,call,盟立,2464
065554,call,可成,2474
065555,call,可成,2474
065556,call,華新科,2492
065557,call,揚博,2493
065558,call,大立光,3008
065559,call,晟銘電,3013
065560,call,聯詠,3034
065561,call,聯詠,3034
065562,call,聯詠,3034
065563,call,健鼎,3044
065564,call,緯創,3231
065565,call,宏致,3605
065566,call,鈞興-KY,4571
065567,call,瑞儀,6176
065568,call,迅得,6438
065569,call,三集瑞-KY,6862
06556U,put,南電,8046
065570,call,元大台灣50,0050
065571,call,元大台灣50,0050
065575,call,長興,1717
065576,call,長興,1717
065577,call,長興,1717
065578,call,美時,1795
065579,call,川湖,2059
065580,call,川湖,2059
065581,call,鴻海,2317
065583,call,國巨*,2327
065584,call,台積電,2330
065585,call,台積電,2330
065586,call,台積電,2330
065587,call,台積電,2330
065588,call,台積電,2330
065589,call,智邦,2345
065590,call,研華,2395
065591,call,南亞科,2408
065592,call,京元電子,2449
065593,call,聯發科,2454
065594,call,聯發科,2454
065595,call,聯發科,2454
065596,call,聯發科,2454
065597,call,盟立,2464
065598,call,大立光,3008
065599,call,惠特,6706
065600,call,力積電,6770
065601,call,力積電,6770
065602,call,昇陽半導體,8028
065603,call,昇陽半導體,8028
065604,call,富邦科技,0052
065607,call,聯電,2303
065608,call,華通,2313
065609,call,台積電,2330
06560U,put,台積電,2330
065610,call,華邦電,2344
065611,call,所羅門,2359
065612,call,TPK-KY,3673
065613,call,日月光投控,3711
065614,call,迅得,6438
065615,call,矽創,8016
065616,call,勤誠,8210
065618,call,華城,1519
065619,call,台玻,1802
065620,call,川湖,2059
065621,call,鴻海,2317
065622,call,國巨*,2327
065623,call,智邦,2345
065624,call,南亞科,2408
065625,call,京元電子,2449
065626,call,聯發科,2454
065627,call,聯發科,2454
065628,call,盟立,2464
065629,call,嘉晶,3016
065630,call,力積電,6770
065631,call,AES-KY,6781
065632,call,AES-KY,6781
065634,call,金寶,2312
065635,call,英業達,2356
065636,call,南亞科,2408
065637,call,群創,3481
065638,call,群創,3481
065639,call,TPK-KY,3673
065640,call,勤誠,8210
065641,call,亞德客-KY,1590
065642,call,台橡,2103
065643,call,耀登,3138
065644,call,達邁,3645
065645,call,康普,4739
065646,call,緯穎,6669
065647,call,緯穎,6669
065648,call,台虹,8039
065649,call,台玻,1802
065650,call,台積電,2330
065651,call,華邦電,2344
065652,call,立隆電,2472
065653,call,大立光,3008
065654,call,世芯-KY,3661
065655,call,jpp-KY,5284
065656,call,佳必琪,6197
065657,call,力成,6239
065658,call,力積電,6770
065662,call,華城,1519
065663,call,川湖,2059
065664,call,聯電,2303
065665,call,國巨*,2327
065666,call,台積電,2330
065667,call,台積電,2330
065668,call,華邦電,2344
065669,call,智邦,2345
065670,call,技嘉,2376
065671,call,南亞科,2408
065672,call,京元電子,2449
065673,call,盟立,2464
065674,call,可成,2474
065675,call,大立光,3008
065676,call,晟銘電,3013
065677,call,亞光,3019
065678,call,德律,3030
065679,call,群創,3481
065680,call,貿聯-KY,3665
065681,call,達興材料,5234
065682,call,佳必琪,6197
065683,call,力成,6239
065684,call,迅得,6438
065685,call,緯穎,6669
065686,call,緯穎,6669
065687,call,力積電,6770
065688,call,AES-KY,6781
065689,call,昇陽半導體,8028
065690,call,台虹,8039
065691,call,勤誠,8210
065693,call,元大台灣50,0050
065694,call,南亞,1303
065695,call,金寶,2312
065696,call,國巨*,2327
065697,call,台積電,2330
065698,call,台積電,2330
065699,call,京元電子,2449
065700,call,盟立,2464
065701,call,晟銘電,3013
065702,call,嘉晶,3016
065703,call,世芯-KY,3661
065704,call,世芯-KY,3661
065705,call,貿聯-KY,3665
065706,call,和碩,4938
065707,call,力成,6239
065708,call,緯穎,6669
065709,call,AES-KY,6781
065713,call,亞德客-KY,1590
065714,call,長興,1717
065715,call,台玻,1802
065716,call,上銀,2049
065717,call,聯電,2303
065718,call,聯電,2303
065719,call,金寶,2312
065720,call,台積電,2330
065721,call,台積電,2330
065722,call,台積電,2330
065723,call,南亞科,2408
065724,call,南亞科,2408
065725,call,京元電子,2449
065726,call,盟立,2464
065727,call,盟立,2464
065728,call,盟立,2464
065729,call,盟立,2464
065730,call,國泰金,2882
065731,call,德律,3030
065732,call,德律,3030
065733,call,群創,3481
065734,call,宏致,3605
065735,call,世芯-KY,3661
065736,call,貿聯-KY,3665
065737,call,貿聯-KY,3665
065738,call,貿聯-KY,3665
065739,call,貿聯-KY,3665
065740,call,貿聯-KY,3665
065741,call,日月光投控,3711
065742,call,瑞儀,6176
065743,call,力積電,6770
065744,call,昇陽半導體,8028
065745,call,昇陽半導體,8028
065746,call,長興,1717
065747,call,川湖,2059
065748,call,嘉澤,3533
065749,call,jpp-KY,5284
065750,call,元大台灣50,0050
065752,call,上銀,2049
065753,call,金寶,2312
065754,call,南亞科,2408
065755,call,南亞科,2408
065756,call,國泰金,2882
065757,call,AES-KY,6781
065758,call,AES-KY,6781
065759,call,台虹,8039
065760,call,福懋科,8131
065761,call,台積電,2330
065762,call,台積電,2330
065763,call,台積電,2330
065764,call,台積電,2330
065765,call,華邦電,2344
065766,call,技嘉,2376
065767,call,南亞科,2408
065768,call,盟立,2464
065769,call,晟銘電,3013
065770,call,嘉晶,3016
065771,call,嘉晶,3016
065772,call,智原,3035
065773,call,彩晶,6116
065774,call,緯穎,6669
065775,call,昇陽半導體,8028
065777,call,直得,1597
065778,call,川湖,2059
065779,call,超豐,2441
065780,call,盟立,2464
065781,call,盟立,2464
065783,call,嘉晶,3016
065784,call,德律,3030
065785,call,群創,3481
065786,call,達邁,3645
065787,call,大聯大,3702
065788,call,台郡,6269
065789,call,康舒,6282
065790,call,昇陽半導體,8028
065791,call,富鼎,8261
065792,call,元大台灣50,0050
065796,call,上銀,2049
065797,call,台積電,2330
065798,call,台積電,2330
065799,call,台積電,2330
065801,call,華邦電,2344
065802,call,華邦電,2344
065803,call,南亞科,2408
065804,call,南亞科,2408
065805,call,盟立,2464
065806,call,華新科,2492
065807,call,貿聯-KY,3665
065808,call,貿聯-KY,3665
065809,call,佳必琪,6197
065810,call,佳必琪,6197
065811,call,力成,6239
065812,call,矽格,6257
065813,call,啟碁,6285
065814,call,迅得,6438
065815,call,緯穎,6669
065816,call,緯穎,6669
065817,call,緯穎,6669
065818,call,緯穎,6669
065819,call,惠特,6706
065820,call,力積電,6770
065821,call,世紀鋼,9958
065824,call,東元,1504
065826,call,華通,2313
065827,call,台積電,2330
065828,call,南亞科,2408
065829,call,南亞科,2408
065830,call,友達,2409
065831,call,嘉晶,3016
065833,call,緯穎,6669
065838,call,華通,2313
065839,call,華通,2313
065840,call,台積電,2330
065841,call,台積電,2330
065842,call,台積電,2330
065843,call,華邦電,2344
065844,call,燿華,2367
065846,call,佳能,2374
065847,call,南亞科,2408
065849,call,南亞科,2408
065850,call,南亞科,2408
065851,call,群創,3481
065852,call,眾達-KY,4977
065853,call,華邦電,2344
065854,call,華邦電,2344
065855,call,南亞科,2408
065856,call,緯穎,6669
065857,call,士電,1503
065858,call,亞德客-KY,1590
065859,call,台玻,1802
065860,call,華碩,2357
065861,call,皇昌,2543
065862,call,玉山金,2884
065863,call,元大金,2885
065864,call,中信金,2891
065865,call,嘉晶,3016
065866,call,眾達-KY,4977
065867,call,力成,6239
065868,call,昇陽半導體,8028
065869,call,亞德客-KY,1590
06586U,put,元大台灣50,0050
065870,call,長興,1717
065871,call,上銀,2049
065872,call,宇隆,2233
065874,call,華通,2313
065875,call,鴻海,2317
065876,call,國巨*,2327
065877,call,台積電,2330
065878,call,台積電,2330
065879,call,佳能,2374
065880,call,微星,2377
065881,call,南亞科,2408
065882,call,南亞科,2408
065883,call,京元電子,2449
065884,call,強茂,2481
065885,call,國泰金,2882
065886,call,嘉晶,3016
065887,call,零壹,3029
065888,call,德律,3030
065889,call,智原,3035
065890,call,貿聯-KY,3665
065891,call,眾達-KY,4977
065892,call,瑞儀,6176
065893,call,康舒,6282
065894,call,緯穎,6669
065895,call,南亞,1303
065896,call,直得,1597
065897,call,台玻,1802
065898,call,華通,2313
065899,call,技嘉,2376
065900,call,晟銘電,3013
065901,call,力成,6239
065902,call,新纖,1409
065903,call,中砂,1560
065904,call,直得,1597
065905,call,宇隆,2233
065906,call,廣宇,2328
065907,call,燿華,2367
065908,call,大同,2371
065909,call,凱美,2375
065910,call,富邦金,2881
065911,call,華晶科,3059
065912,call,世芯-KY,3661
065913,call,世芯-KY,3661
065914,call,台灣精銳,4583
065915,call,和椿,6215
065916,call,群電,6412
065917,call,矽創,8016
065919,call,華城,1519
065920,call,華城,1519
065921,call,亞德客-KY,1590
065922,call,長興,1717
065923,call,上銀,2049
065924,call,川湖,2059
065925,call,川湖,2059
065926,call,川湖,2059
065927,call,華通,2313
065928,call,台積電,2330
065929,call,台積電,2330
065930,call,台積電,2330
065931,call,台積電,2330
065932,call,台積電,2330
065933,call,華邦電,2344
065934,call,漢唐,2404
065935,call,南亞科,2408
065936,call,南亞科,2408
065937,call,京元電子,2449
065938,call,大立光,3008
065939,call,大立光,3008
065940,call,晟銘電,3013
065941,call,緯創,3231
065942,call,昇貿,3305
065943,call,玉晶光,3406
065944,call,群創,3481
065945,call,宏致,3605
065947,call,世芯-KY,3661
065948,call,世芯-KY,3661
065949,call,瑞儀,6176
065950,call,佳必琪,6197
065951,call,保瑞,6472
065952,call,緯穎,6669
065953,call,矽創,8016
065954,call,昇陽半導體,8028
065955,call,昇陽半導體,8028
065956,call,昇陽半導體,8028
065958,call,元大台灣50,0050
065959,call,東陽,1319
065960,call,亞德客-KY,1590
065961,call,亞德客-KY,1590
065962,call,亞德客-KY,1590
065963,call,台玻,1802
065964,call,台玻,1802
065965,call,台玻,1802
065966,call,大成鋼,2027
065967,call,大成鋼,2027
065968,call,大成鋼,2027
065969,call,上銀,2049
065970,call,金寶,2312
065971,call,華通,2313
065972,call,所羅門,2359
065973,call,所羅門,2359
065974,call,燿華,2367
065975,call,燿華,2367
065976,call,佳能,2374
065977,call,佳能,2374
065978,call,漢唐,2404
065979,call,漢唐,2404
06597U,put,元大台灣50,0050
065980,call,漢唐,2404
065981,call,富邦金,2881
065982,call,嘉晶,3016
065983,call,嘉晶,3016
065984,call,智原,3035
065985,call,智原,3035
065986,call,健鼎,3044
065987,call,新日興,3376
065989,call,群創,3481
065990,call,宏致,3605
065991,call,宏致,3605
065992,call,宏致,3605
065993,call,鈞興-KY,4571
065994,call,台灣精銳,4583
065995,call,南寶,4766
065996,call,和碩,4938
065997,call,和碩,4938
065998,call,眾達-KY,4977
065999,call,瑞儀,6176
06599U,put,元大台灣50,0050
066000,call,帆宣,6196
066001,call,帆宣,6196
066002,call,達發,6526
066003,call,達發,6526
066004,call,洋基工程,6691
066005,call,洋基工程,6691
066006,call,惠特,6706
066007,call,昇陽半導體,8028
066008,call,昇陽半導體,8028
066009,call,福懋科,8131
066010,call,福懋科,8131
066011,call,勤誠,8210
066012,call,元大台灣50,0050
066013,call,元大台灣50,0050
066014,call,元大台灣50,0050
066015,call,元大台灣50,0050
066019,call,華城,1519
066020,call,亞德客-KY,1590
066021,call,川湖,2059
066022,call,國巨*,2327
066023,call,華邦電,2344
066024,call,智邦,2345
066025,call,燿華,2367
066026,call,技嘉,2376
066029,call,京元電子,2449
066030,call,可成,2474
066031,call,凱基金,2883
066032,call,大立光,3008
066033,call,嘉晶,3016
066034,call,德律,3030
066035,call,群創,3481
066036,call,眾達-KY,4977
066037,call,緯穎,6669
066038,call,力積電,6770
066039,call,昇陽半導體,8028
066040,call,勤誠,8210
066041,call,台積電,2330
066042,call,燿華,2367
066043,call,聯發科,2454
066044,call,聯發科,2454
066045,call,大立光,3008
066046,call,貿聯-KY,3665
066047,call,日月光投控,3711
066048,call,祥碩,5269
066049,call,啟碁,6285
066052,call,國巨*,2327
066053,call,聯發科,2454
066054,call,聯發科,2454
066055,call,聯發科,2454
066056,call,聯發科,2454
066057,call,晶豪科,3006
066058,call,晶豪科,3006
066059,call,群創,3481
066060,call,佳必琪,6197
066068,call,華新,1605
066069,call,宇隆,2233
066070,call,智邦,2345
066071,call,研華,2395
066072,call,聯發科,2454
066073,call,聯發科,2454
066074,call,德律,3030
066075,call,貿聯-KY,3665
066076,call,盛群,6202
066077,call,和椿,6215
066078,call,惠特,6706
066079,call,南茂,8150
066080,call,富邦科技,0052
066084,call,新纖,1409
066085,call,士電,1503
066086,call,華城,1519
066087,call,中砂,1560
066088,call,川湖,2059
066089,call,國巨*,2327
066090,call,廣宇,2328
066091,call,台積電,2330
066092,call,台積電,2330
066093,call,台亞,2340
066094,call,華邦電,2344
066095,call,智邦,2345
066096,call,燿華,2367
066097,call,鴻海,2317
066098,call,南亞科,2408
066099,call,京元電子,2449
066100,call,聯發科,2454
066101,call,聯發科,2454
066102,call,聯發科,2454
066103,call,聯發科,2454
066104,call,聯發科,2454
066105,call,晶豪科,3006
066106,call,大立光,3008
066107,call,嘉晶,3016
066108,call,昇貿,3305
066109,call,世芯-KY,3661
066110,call,貿聯-KY,3665
066111,call,佳必琪,6197
066112,call,矽格,6257
066113,call,矽創,8016
066114,call,昇陽半導體,8028
066115,call,國巨*,2327
066116,call,技嘉,2376
066117,call,邁科,6831
066122,call,士電,1503
066123,call,亞力,1514
066124,call,華城,1519
066125,call,聯電,2303
066126,call,國巨*,2327
066129,call,直得,1597
066130,call,直得,1597
066131,call,台積電,2330
066132,call,台亞,2340
066133,call,智邦,2345
066134,call,研華,2395
066135,call,南亞科,2408
066136,call,南亞科,2408
066137,call,南亞科,2408
066140,call,超豐,2441
066141,call,聯發科,2454
066142,call,京元電子,2449
066144,call,聯發科,2454
066145,call,聯發科,2454
066146,call,聯發科,2454
066147,call,聯發科,2454
066150,call,晶豪科,3006
066151,call,晶豪科,3006
066153,call,晶豪科,3006
066155,call,群創,3481
066156,call,群創,3481
066157,call,群創,3481
066158,call,日月光投控,3711
066159,call,力成,6239
066160,call,力積電,6770
066162,call,亞力,1514
066163,call,直得,1597
066164,call,宇隆,2233
066165,call,台積電,2330
066166,call,台積電,2330
066167,call,台積電,2330
066168,call,順德,2351
066169,call,威盛,2388
066171,call,凌陽,2401
066172,call,偉詮電,2436
066173,call,聯發科,2454
066174,call,聯發科,2454
066175,call,聯發科,2454
066176,call,聯發科,2454
066177,call,聯發科,2454
066178,call,聯發科,2454
066179,call,聯發科,2454
066180,call,聯發科,2454
066181,call,聯發科,2454
066182,call,聯發科,2454
066183,call,聯發科,2454
066184,call,聯發科,2454
066185,call,聯發科,2454
066186,call,聯發科,2454
066187,call,中信金,2891
066188,call,晶豪科,3006
066189,call,晶豪科,3006
066190,call,晶豪科,3006
066191,call,嘉晶,3016
066192,call,世芯-KY,3661
066193,call,貿聯-KY,3665
066194,call,貿聯-KY,3665
066195,call,貿聯-KY,3665
066196,call,貿聯-KY,3665
066197,call,貿聯-KY,3665
066198,call,台灣精銳,4583
066199,call,眾達-KY,4977
066200,call,眾達-KY,4977
066201,call,力積電,6770
066202,call,南茂,8150
066209,call,台積電,2330
066210,call,台積電,2330
066211,call,台積電,2330
066212,call,台積電,2330
066213,call,台積電,2330
066214,call,台積電,2330
066215,call,台積電,2330
066216,call,台積電,2330
066217,call,台積電,2330
066218,call,台積電,2330
066219,call,台積電,2330
066220,call,台積電,2330
066221,call,台積電,2330
066222,call,台積電,2330
066223,call,台積電,2330
066224,call,台積電,2330
066225,call,台積電,2330
066226,call,台積電,2330
066227,call,台積電,2330
066228,call,台積電,2330
066229,call,台積電,2330
066230,call,台積電,2330
066231,call,台積電,2330
066232,call,台積電,2330
066233,call,台積電,2330
066234,call,台積電,2330
066235,call,台積電,2330
066236,call,台積電,2330
066237,call,台積電,2330
066238,call,威盛,2388
066239,call,研華,2395
066240,call,南亞科,2408
066241,call,建準,2421
066242,call,聯發科,2454
066243,call,聯發科,2454
066244,call,聯發科,2454
066248,call,德律,3030
066249,call,世芯-KY,3661
066250,call,世芯-KY,3661
066251,call,世芯-KY,3661
066252,call,台灣精銳,4583
066253,call,上品,4770
066254,call,上品,4770
066255,call,上品,4770
066256,call,精成科,6191
066257,call,精成科,6191
066258,call,帆宣,6196
066259,call,佳必琪,6197
066260,call,群電,6412
066261,call,群電,6412
066262,call,樺漢,6414
066263,call,樺漢,6414
066264,call,達發,6526
066265,call,達發,6526
066266,call,緯穎,6669
066267,call,洋基工程,6691
066268,call,華東,8110
066269,call,華東,8110
066270,call,可寧衛*,8422
066271,call,可寧衛*,8422
066272,call,勝一,1773
066273,call,川湖,2059
066274,call,聯電,2303
066275,call,鴻海,2317
066277,call,華泰,2329
066278,call,台積電,2330
066279,call,台積電,2330
066280,call,台積電,2330
066281,call,華邦電,2344
066282,call,智邦,2345
066283,call,威盛,2388
066284,call,南亞科,2408
066285,call,京元電子,2449
066286,call,聯發科,2454
066287,call,聯發科,2454
066288,call,鉅祥,2476
066290,call,晶豪科,3006
066291,call,晶豪科,3006
066292,call,嘉晶,3016
066293,call,德律,3030
066294,call,貿聯-KY,3665
066295,call,上品,4770
066296,call,帆宣,6196
066297,call,佳必琪,6197
066298,call,矽格,6257
066299,call,緯穎,6669
066300,call,宇隆,2233
066301,call,智邦,2345
066302,call,京元電子,2449
066303,call,定穎投控,3715
066304,call,佳能,2374
066305,call,鉅祥,2476
066306,call,矽格,6257
066311,call,亞力,1514
066312,call,長興,1717
066313,call,宇隆,2233
066314,call,聯電,2303
066315,call,鴻海,2317
066316,call,鴻海,2317
066317,call,鴻海,2317
066318,call,廣宇,2328
066319,call,順德,2351
066320,call,威盛,2388
066321,call,研華,2395
066322,call,凌陽,2401
066323,call,南亞科,2408
066324,call,友達,2409
066325,call,晶豪科,3006
066326,call,德律,3030
066327,call,智原,3035
066328,call,日電貿,3090
066330,call,群創,3481
066331,call,貿聯-KY,3665
066332,call,台灣精銳,4583
066333,call,盛群,6202
066334,call,緯穎,6669
066335,call,力智,6719
066336,call,南茂,8150
066338,call,亞力,1514
066339,call,華城,1519
066340,call,中砂,1560
066341,call,川湖,2059
066342,call,國巨*,2327
066343,call,台積電,2330
066344,call,智邦,2345
066345,call,鴻準,2354
066346,call,燿華,2367
066347,call,南亞科,2408
066348,call,京元電子,2449
066349,call,晶豪科,3006
066350,call,大立光,3008
066351,call,德律,3030
066352,call,日電貿,3090
066354,call,群創,3481
066355,call,世芯-KY,3661
066356,call,昇陽半導體,8028
066357,call,南茂,8150
066359,call,智邦,2345
066360,call,鴻準,2354
066361,call,南亞科,2408
066362,call,京元電子,2449
066363,call,京元電子,2449
066364,call,揚博,2493
066365,call,陽明,2609
066366,call,緯創,3231
066367,call,緯創,3231
066368,call,緯創,3231
066369,call,日月光投控,3711
066370,call,鈞興-KY,4571
066371,call,jpp-KY,5284
066372,call,帆宣,6196
066373,call,帆宣,6196
066374,call,矽格,6257
066375,call,惠特,6706
066376,call,寶成,9904
066377,call,宏全,9939
066384,call,直得,1597
066385,call,直得,1597
066386,call,直得,1597
066387,call,宇隆,2233
066388,call,宇隆,2233
066389,call,宇隆,2233
066390,call,宇隆,2233
066391,call,台積電,2330
066392,call,台積電,2330
066393,call,台積電,2330
066394,call,研華,2395
066396,call,南亞科,2408
066397,call,揚博,2493
066398,call,揚博,2493
066399,call,晶豪科,3006
066400,call,晶豪科,3006
066401,call,嘉晶,3016
066402,call,嘉晶,3016
066403,call,嘉晶,3016
066404,call,德律,3030
066405,call,佳必琪,6197
066406,call,佳必琪,6197
066407,call,達發,6526
066408,call,惠特,6706
066409,call,惠特,6706
06640U,put,景碩,3189
066410,call,惠特,6706
066411,call,惠特,6706
066412,call,致新,8081
066413,call,燿華,2367
066414,call,菱生,2369
066415,call,南亞科,2408
066416,call,德律,3030
066417,call,嘉澤,3533
066418,call,佳必琪,6197
066420,call,鴻海,2317
066421,call,今國光,6209
066423,call,台積電,2330
066431,call,川湖,2059
066432,call,正新,2105
066433,call,聯電,2303
066435,call,日月光投控,3711
066437,call,台積電,2330
066439,call,台積電,2330
06643U,put,南電,8046
066441,call,華邦電,2344
066442,call,鴻準,2354
066443,call,矽統,2363
066444,call,南亞科,2408
066445,call,京元電子,2449
066446,call,兆赫,2485
066448,call,晶豪科,3006
066449,call,大立光,3008
066450,call,聯陽,3014
066451,call,德律,3030
066452,call,群創,3481
066453,call,世芯-KY,3661
066454,call,天鈺,4961
066455,call,中租-KY,5871
066456,call,樺漢,6414
066457,call,達發,6526
066458,call,意騰-KY,7749
066459,call,長華*,8070
066460,call,巨大,9921
066461,call,台玻,1802
066462,call,晶豪科,3006
066463,call,智原,3035
066464,call,群創,3481
066468,call,中砂,1560
066469,call,台玻,1802
066470,call,上銀,2049
066471,call,聯電,2303
066472,call,聯電,2303
066473,call,鴻海,2317
066474,call,鴻海,2317
066475,call,鴻海,2317
066476,call,台積電,2330
066477,call,台積電,2330
066478,call,台積電,2330
066479,call,華邦電,2344
066480,call,鴻準,2354
066481,call,偉詮電,2436
066482,call,德律,3030
066483,call,德律,3030
066484,call,德律,3030
066485,call,德律,3030
066486,call,德律,3030
066487,call,德律,3030
066488,call,德律,3030
066489,call,德律,3030
06648U,put,世芯-KY,3661
066490,call,群創,3481
066491,call,世芯-KY,3661
066492,call,世芯-KY,3661
066493,call,世芯-KY,3661
066494,call,世芯-KY,3661
066495,call,世芯-KY,3661
066496,call,國精化,4722
066497,call,帆宣,6196
066498,call,佳必琪,6197
066499,call,達發,6526
066500,call,AES-KY,6781
066501,call,兆聯實業,6944
066502,call,昇陽半導體,8028
066503,call,華東,8110
066504,call,勤誠,8210
066505,call,勤誠,8210
066506,call,勤誠,8210
066507,call,南亞,1303
066508,call,中砂,1560
066509,call,華新,1605
066510,call,聯電,2303
066511,call,鴻海,2317
066512,call,廣宇,2328
066513,call,華邦電,2344
066514,call,鴻準,2354
066515,call,技嘉,2376
066516,call,南亞科,2408
066517,call,京元電子,2449
066518,call,京元電子,2449
066519,call,兆赫,2485
066520,call,兆赫,2485
066521,call,晶豪科,3006
066522,call,德律,3030
066523,call,世芯-KY,3661
066524,call,世芯-KY,3661
066525,call,世芯-KY,3661
066526,call,大眾控,3701
066527,call,矽格,6257
066528,call,啟碁,6285
066533,call,華城,1519
066534,call,長興,1717
066535,call,聯電,2303
066536,call,鴻海,2317
066537,call,華邦電,2344
066539,call,鴻準,2354
066540,call,南亞科,2408
066541,call,友達,2409
066542,call,緯創,3231
066543,call,嘉澤,3533
066544,call,世芯-KY,3661
066545,call,貿聯-KY,3665
066546,call,日月光投控,3711
066547,call,國精化,4722
066548,call,達發,6526
066549,call,緯穎,6669
066550,call,南茂,8150
066553,call,鴻海,2317
066554,call,矽統,2363
066555,call,南亞科,2408
066556,call,南亞科,2408
066557,call,京元電子,2449
066558,call,京元電子,2449
066559,call,德律,3030
066560,call,德律,3030
066561,call,華擎,3515
066562,call,嘉澤,3533
066563,call,嘉澤,3533
066564,call,世芯-KY,3661
066565,call,世芯-KY,3661
066566,call,世芯-KY,3661
066567,call,鈞興-KY,4571
066568,call,國精化,4722
066569,call,立積,4968
066570,call,力智,6719
066571,call,力智,6719
066572,call,力積電,6770
066573,call,力積電,6770
066575,call,福懋科,8131
066579,call,元大台灣50,0050
066580,call,元大台灣50,0050
066581,call,元大台灣50,0050
066582,call,元大台灣50,0050
066587,call,美時,1795
066588,call,聯電,2303
066589,call,楠梓電,2316
066590,call,台積電,2330
066591,call,台積電,2330
066592,call,台積電,2330
066593,call,台積電,2330
066594,call,華邦電,2344
066595,call,智邦,2345
066596,call,智邦,2345
066597,call,敬鵬,2355
066598,call,燿華,2367
066599,call,研華,2395
066600,call,漢唐,2404
066601,call,漢唐,2404
066602,call,南亞科,2408
066603,call,美律,2439
066604,call,京元電子,2449
066605,call,慧洋-KY,2637
066606,call,大立光,3008
066607,call,德律,3030
066608,call,新日興,3376
066609,call,新日興,3376
066610,call,嘉澤,3533
066611,call,世芯-KY,3661
066612,call,日月光投控,3711
066613,call,祥碩,5269
066614,call,精成科,6191
066615,call,保瑞,6472
066616,call,台塑化,6505
066617,call,川湖,2059
066618,call,光寶科,2301
066619,call,聯電,2303
066620,call,國巨*,2327
066621,call,創見,2451
066626,call,南茂,8150
066627,call,川湖,2059
066628,call,群創,3481
066629,call,國精化,4722
066631,call,帆宣,6196
066632,call,啟碁,6285
066633,call,騰輝電子-KY,6672
066634,call,AES-KY,6781
066635,call,南茂,8150
066637,call,聯電,2303
066638,call,聯電,2303
066639,call,鴻海,2317
066640,call,鴻海,2317
066641,call,鴻海,2317
066642,call,台積電,2330
066643,call,台積電,2330
066644,call,台積電,2330
066645,call,華碩,2357
066646,call,華邦電,2344
066647,call,華邦電,2344
066648,call,鴻準,2354
066649,call,南亞科,2408
066650,call,南亞科,2408
066651,call,南亞科,2408
066652,call,聯詠,3034
066653,call,群創,3481
066654,call,祥碩,5269
066655,call,南茂,8150
066656,call,南茂,8150
066657,call,南茂,8150
066658,call,南茂,8150
066659,call,南茂,8150
066660,call,元大台灣50,0050
066665,call,華新,1605
066666,call,川湖,2059
066667,call,光寶科,2301
066668,call,台積電,2330
066669,call,台積電,2330
066670,call,台積電,2330
066671,call,台積電,2330
066672,call,技嘉,2376
066674,call,創見,2451
066675,call,創見,2451
066676,call,華新科,2492
066677,call,晶豪科,3006
066678,call,聯詠,3034
066679,call,群創,3481
066680,call,嘉澤,3533
066681,call,矽格,6257
066682,call,啟碁,6285
066683,call,緯穎,6669
066684,call,奕力-KY,6962
066685,call,南茂,8150
066686,call,元大台灣50,0050
066689,call,亞力,1514
066690,call,光寶科,2301
066691,call,光寶科,2301
066692,call,鴻海,2317
066693,call,廣宇,2328
066694,call,台亞,2340
066695,call,台亞,2340
066696,call,鴻準,2354
066697,call,漢唐,2404
066698,call,創見,2451
066699,call,創見,2451
066700,call,萬海,2615
066701,call,國泰金,2882
066702,call,嘉澤,3533
066703,call,力成,6239
066704,call,緯穎,6669
066705,call,緯穎,6669
066706,call,力積電,6770
066708,call,川湖,2059
066709,call,光寶科,2301
066710,call,聯電,2303
066711,call,鴻海,2317
066712,call,國巨*,2327
066713,call,國巨*,2327
066714,call,鴻準,2354
066715,call,英業達,2356
066716,call,技嘉,2376
066717,call,創見,2451
066718,call,立隆電,2472
066719,call,鉅祥,2476
066720,call,揚博,2493
066721,call,聯詠,3034
066722,call,健鼎,3044
066723,call,群創,3481
066724,call,日月光投控,3711
066725,call,日月光投控,3711
066727,call,帆宣,6196
066728,call,緯穎,6669
066729,call,力積電,6770
066730,call,南茂,8150
066731,call,勤誠,8210
066734,call,台玻,1802
066735,call,川湖,2059
066736,call,光寶科,2301
066737,call,聯電,2303
066738,call,國巨*,2327
066741,call,華邦電,2344
066743,call,華邦電,2344
066744,call,研華,2395
066745,call,京元電子,2449
066746,call,創見,2451
066747,call,創見,2451
066748,call,立隆電,2472
066749,call,華新科,2492
066750,call,群創,3481
066751,call,嘉澤,3533
066752,call,啟碁,6285
066753,call,達發,6526
066754,call,台灣虎航,6757
066755,call,南茂,8150
066756,call,富鼎,8261
066759,call,川湖,2059
066760,call,川湖,2059
066761,call,光寶科,2301
066762,call,國巨*,2327
066763,call,台積電,2330
066764,call,台積電,2330
066765,call,創見,2451
066766,call,晶豪科,3006
066767,call,大眾控,3701
066768,call,國精化,4722
066769,call,達發,6526
066770,call,勤誠,8210
066772,call,華邦電,2344
066773,call,華碩,2357
066774,call,大毅,2478
066775,call,日月光投控,3711
066776,call,日月光投控,3711
066777,call,飛捷,6206
066778,call,達發,6526
066779,call,元大台灣50,0050
066784,call,川湖,2059
066785,call,川湖,2059
066786,call,聯電,2303
066787,call,群創,3481
066788,call,國精化,4722
066790,call,國精化,4722
066791,call,jpp-KY,5284
066793,call,達發,6526
066794,call,達發,6526
066795,call,緯穎,6669
066798,call,東元,1504
066799,call,川湖,2059
066800,call,研華,2395
066801,call,立隆電,2472
066802,call,立隆電,2472
066803,call,立隆電,2472
066804,call,晶豪科,3006
066806,call,晶豪科,3006
066808,call,jpp-KY,5284
066809,call,意騰-KY,7749
066813,call,南亞,1303
066814,call,台玻,1802
066817,call,川湖,2059
066818,call,川湖,2059
066819,call,川湖,2059
066820,call,川湖,2059
066821,call,川湖,2059
066822,call,聯電,2303
066823,call,國巨*,2327
066824,call,台積電,2330
066825,call,華邦電,2344
066826,call,順德,2351
066827,call,鴻準,2354
066828,call,瑞昱,2379
066829,call,研華,2395
066830,call,南亞科,2408
066831,call,立隆電,2472
066832,call,聯詠,3034
066833,call,文曄,3036
066834,call,大聯大,3702
066835,call,國精化,4722
066836,call,達發,6526
066837,call,緯穎,6669
066838,call,勤誠,8210
066839,call,聯詠,3034
066840,call,力積電,6770
066841,call,國巨*,2327
066842,call,鴻準,2354
066843,call,研華,2395
066844,call,南亞科,2408
066845,call,創見,2451
066846,call,兆豐金,2886
066847,call,文曄,3036
066848,call,達發,6526
066849,call,元大台灣50,0050
066851,call,華新,1605
066853,call,光寶科,2301
066854,call,光寶科,2301
066855,call,技嘉,2376
066856,call,友達,2409
066857,call,義隆,2458
066858,call,晶豪科,3006
066859,call,聯詠,3034
06685U,put,鴻海,2317
066860,call,聯詠,3034
066861,call,祥碩,5269
066862,call,瑞儀,6176
066863,call,力成,6239
066864,call,啟碁,6285
066865,call,勤誠,8210
066866,call,勤誠,8210
066872,call,聯發科,2454
066874,call,華新,1605
066875,call,台玻,1802
066876,call,川湖,2059
066877,call,川湖,2059
066879,call,川湖,2059
066880,call,川湖,2059
066881,call,川湖,2059
066883,call,川湖,2059
066884,call,川湖,2059
066885,call,川湖,2059
066886,call,光寶科,2301
066887,call,光寶科,2301
066888,call,光寶科,2301
066889,call,聯電,2303
066890,call,鴻海,2317
066891,call,鴻海,2317
066892,call,台積電,2330
066893,call,台積電,2330
066894,call,台積電,2330
066895,call,技嘉,2376
066896,call,技嘉,2376
066897,call,研華,2395
066898,call,南亞科,2408
066899,call,富邦金,2881
066900,call,聯詠,3034
066901,call,聯詠,3034
066902,call,日電貿,3090
066903,call,融程電,3416
066904,call,群創,3481
066905,call,群創,3481
066906,call,國精化,4722
066907,call,正文,4906
066908,call,精成科,6191
066909,call,帆宣,6196
066910,call,今國光,6209
066911,call,達發,6526
066912,call,達發,6526
066913,call,達發,6526
066914,call,騰輝電子-KY,6672
066915,call,力積電,6770
066916,call,力積電,6770
066917,call,意騰-KY,7749
066918,call,華邦電,2344
066919,call,智邦,2345
066920,call,南亞科,2408
066921,call,晟銘電,3013
066922,call,中磊,5388
066923,call,勤誠,8210
066924,call,中興電,1513
066925,call,華邦電,2344
066926,call,南亞科,2408
066927,call,友達,2409
066928,call,貿聯-KY,3665
066929,call,國精化,4722
066930,call,十銓,4967
066931,call,十銓,4967
066932,call,矽格,6257
066933,call,康舒,6282
066934,call,緯穎,6669
066935,call,至上,8112
066936,call,華城,1519
066937,call,光寶科,2301
066938,call,國巨*,2327
066939,call,廣宇,2328
066940,call,台積電,2330
066941,call,台積電,2330
066942,call,台積電,2330
066943,call,台積電,2330
066944,call,智邦,2345
066945,call,華碩,2357
066946,call,創見,2451
066947,call,強茂,2481
066948,call,華新科,2492
066950,call,晶豪科,3006
066951,call,智原,3035
066952,call,國精化,4722
066953,call,十銓,4967
066954,call,十銓,4967
066955,call,祥碩,5269
066956,call,康舒,6282
066957,call,力積電,6770
066958,call,AES-KY,6781
066959,call,AES-KY,6781
066960,call,振樺電,8114
066961,call,勤誠,8210
066962,call,中砂,1560
066963,call,上銀,2049
066964,call,光寶科,2301
066965,call,華邦電,2344
066966,call,智邦,2345
066967,call,燿華,2367
066968,call,技嘉,2376
066969,call,技嘉,2376
066970,call,技嘉,2376
066971,call,南亞科,2408
066972,call,友達,2409
066973,call,創見,2451
066974,call,晶豪科,3006
066975,call,智原,3035
066976,call,文曄,3036
066977,call,群創,3481
066978,call,十銓,4967
066979,call,十銓,4967
066980,call,力成,6239
066981,call,康舒,6282
066982,call,啟碁,6285
066983,call,力積電,6770
066984,call,意騰-KY,7749
066985,call,勤誠,8210
066986,call,勤誠,8210
066987,call,勤誠,8210
066990,call,中砂,1560
066991,call,中砂,1560
066992,call,華新,1605
066993,call,上銀,2049
066994,call,南亞科,2408
066995,call,華新科,2492
066996,call,晶豪科,3006
066997,call,晶豪科,3006
066998,call,增你強,3028
066999,call,威健,3033
067000,call,聯詠,3034
067001,call,文曄,3036
067002,call,群創,3481
067003,call,十銓,4967
067004,call,彩晶,6116
067005,call,康舒,6282
067006,call,啟碁,6285
067007,call,意騰-KY,7749
067008,call,意騰-KY,7749
067009,call,勤誠,8210
067010,call,巨大,9921
067011,call,元大台灣50,0050
067012,call,華新,1605
067013,call,上銀,2049
067014,call,金寶,2312
067015,call,金寶,2312
067016,call,鴻海,2317
067017,call,鴻海,2317
067018,call,台積電,2330
067019,call,台積電,2330
067021,call,台積電,2330
067022,call,順德,2351
067023,call,所羅門,2359
067024,call,技嘉,2376
067025,call,微星,2377
067026,call,瑞昱,2379
067029,call,研華,2395
067030,call,研華,2395
067031,call,南亞科,2408
067032,call,義隆,2458
067033,call,文曄,3036
067034,call,群創,3481
067035,call,華擎,3515
067036,call,達明,4585
067037,call,十銓,4967
067038,call,十銓,4967
067039,call,矽格,6257
067040,call,緯穎,6669
067041,call,矽創,8016
067042,call,福懋科,8131
067043,call,勤誠,8210
067044,call,勤誠,8210
067045,call,勤誠,8210
067046,call,勤誠,8210
067047,call,勤誠,8210
067048,call,勤誠,8210
067052,call,光寶科,2301
067053,call,國巨*,2327
067054,call,台積電,2330
067055,call,台積電,2330
067056,call,智原,3035
067057,call,國精化,4722
067058,call,臻鼎-KY,4958
067059,call,鴻海,2317
067060,call,鴻海,2317
067061,call,臻鼎-KY,4958
067062,call,眾達-KY,4977
067063,call,祥碩,5269
067064,call,jpp-KY,5284
067065,call,佳必琪,6197
067066,call,鈺邦,6449
067067,call,意騰-KY,7749
067068,call,意騰-KY,7749
067069,call,昇陽半導體,8028
067070,call,元大台灣50,0050
067073,call,上銀,2049
067074,call,光寶科,2301
067075,call,台積電,2330
067076,call,華碩,2357
067077,call,晶豪科,3006
067078,call,智原,3035
067079,call,群創,3481
067080,call,群創,3481
067081,call,臻鼎-KY,4958
067082,call,佳必琪,6197
067083,call,昇陽半導體,8028
067084,call,元大台灣50,0050
067087,call,中砂,1560
067088,call,台玻,1802
067089,call,光寶科,2301
067090,call,光寶科,2301
067091,call,光寶科,2301
067092,call,光寶科,2301
067093,call,光寶科,2301
067094,call,光寶科,2301
067095,call,光寶科,2301
067096,call,聯電,2303
067097,call,楠梓電,2316
067098,call,鴻海,2317
067099,call,鴻海,2317
067100,call,台積電,2330
067101,call,台積電,2330
067102,call,華邦電,2344
067103,call,華碩,2357
067104,call,微星,2377
067105,call,南亞科,2408
067106,call,南亞科,2408
067107,call,南亞科,2408
067108,call,南亞科,2408
067109,call,京元電子,2449
06710U,put,國巨*,2327
067110,call,創見,2451
067111,call,聯詠,3034
067112,call,智原,3035
067113,call,群創,3481
067114,call,群創,3481
067115,call,群創,3481
067116,call,群創,3481
067117,call,群創,3481
067118,call,群創,3481
067119,call,群創,3481
06711U,put,創意,3443
067120,call,臻鼎-KY,4958
067121,call,臻鼎-KY,4958
067122,call,十銓,4967
067123,call,眾達-KY,4977
067124,call,和椿,6215
067125,call,和椿,6215
067126,call,華新,1605
067127,call,聯電,2303
067128,call,金寶,2312
067129,call,鴻海,2317
06712U,put,緯穎,6669
067130,call,鴻海,2317
067131,call,國巨*,2327
067132,call,台積電,2330
067133,call,南亞科,2408
067134,call,友達,2409
067135,call,華新科,2492
067136,call,大立光,3008
067137,call,大立光,3008
067138,call,大立光,3008
067139,call,威健,3033
067140,call,威健,3033
067141,call,昇貿,3305
067142,call,群創,3481
067143,call,群創,3481
067144,call,群創,3481
067145,call,群創,3481
067146,call,華擎,3515
067147,call,達明,4585
067148,call,臻鼎-KY,4958
067149,call,臻鼎-KY,4958
067150,call,臻鼎-KY,4958
067151,call,眾達-KY,4977
067152,call,眾達-KY,4977
067153,call,祥碩,5269
067154,call,彩晶,6116
067155,call,緯穎,6669
067156,call,矽創,8016
067159,call,中砂,1560
067160,call,聯電,2303
067161,call,台積電,2330
067162,call,微星,2377
067163,call,微星,2377
067164,call,友達,2409
067165,call,華新科,2492
067166,call,智原,3035
067167,call,群創,3481
067168,call,TPK-KY,3673
067169,call,國精化,4722
067170,call,臻鼎-KY,4958
067171,call,臻鼎-KY,4958
067172,call,天鈺,4961
067173,call,十銓,4967
067174,call,眾達-KY,4977
067175,call,祥碩,5269
067176,call,彩晶,6116
067177,call,群電,6412
067178,call,緯穎,6669
067179,call,緯穎,6669
067184,call,晶豪科,3006
067185,call,力積電,6770
067187,call,聯電,2303
067188,call,華邦電,2344
067189,call,華邦電,2344
067191,call,微星,2377
067192,call,盟立,2464
067193,call,華新科,2492
067194,call,華新科,2492
067195,call,華新科,2492
067196,call,文曄,3036
067197,call,十銓,4967
067198,call,眾達-KY,4977
067199,call,國巨*,2327
067200,call,威盛,2388
067201,call,智原,3035
067202,call,臻鼎-KY,4958
067203,call,力成,6239
067204,call,緯穎,6669
067205,call,AES-KY,6781
067206,call,中砂,1560
067207,call,中砂,1560
067208,call,矽統,2363
067209,call,瑞昱,2379
067210,call,漢唐,2404
067211,call,建準,2421
067212,call,京元電子,2449
067213,call,盟立,2464
067214,call,華新科,2492
067215,call,長榮,2603
067216,call,晶豪科,3006
067217,call,大立光,3008
067218,call,緯創,3231
067219,call,昇貿,3305
067220,call,嘉澤,3533
067221,call,大聯大,3702
067222,call,臻鼎-KY,4958
067224,call,臻鼎-KY,4958
067225,call,十銓,4967
067226,call,祥碩,5269
067227,call,祥碩,5269
067228,call,啟碁,6285
067229,call,保瑞,6472
067230,call,AES-KY,6781
067231,call,富鼎,8261
067232,call,東元,1504
067233,call,中砂,1560
067234,call,華新,1605
067235,call,聯電,2303
067236,call,鴻海,2317
067237,call,鴻海,2317
067238,call,台積電,2330
067239,call,台積電,2330
067240,call,華邦電,2344
067241,call,華邦電,2344
067242,call,華邦電,2344
067243,call,順德,2351
067244,call,鴻準,2354
067245,call,英業達,2356
067246,call,技嘉,2376
067247,call,微星,2377
067248,call,盟立,2464
067249,call,立隆電,2472
067250,call,強茂,2481
067251,call,華新科,2492
067252,call,威健,3033
067253,call,聯詠,3034
067254,call,智原,3035
067255,call,健鼎,3044
067256,call,日電貿,3090
067257,call,日電貿,3090
067258,call,華擎,3515
067259,call,智伸科,4551
067260,call,臻鼎-KY,4958
067261,call,瑞儀,6176
067262,call,佳必琪,6197
067263,call,樺漢,6414
067264,call,緯穎,6669
067265,call,緯穎,6669
067266,call,緯穎,6669
067267,call,矽創,8016
067269,call,台積電,2330
067270,call,台積電,2330
067271,call,英業達,2356
067272,call,微星,2377
067273,call,大立光,3008
067274,call,TPK-KY,3673
067275,call,臻鼎-KY,4958
067277,call,上銀,2049
067278,call,聯電,2303
067279,call,華邦電,2344
067280,call,立隆電,2472
067281,call,華新科,2492
067282,call,華新科,2492
067283,call,華新科,2492
067284,call,增你強,3028
067285,call,威健,3033
067286,call,智原,3035
067287,call,文曄,3036
067288,call,日月光投控,3711
067289,call,天鈺,4961
067290,call,十銓,4967
067291,call,十銓,4967
067292,call,佳必琪,6197
067293,call,啟碁,6285
067294,call,力智,6719
067295,call,振樺電,8114
067296,call,振樺電,8114
067297,call,元大台灣50,0050
067301,call,南亞,1303
067302,call,和大,1536
067303,call,中砂,1560
067304,call,台玻,1802
067305,call,楠梓電,2316
067306,call,鴻海,2317
067307,call,鴻海,2317
067308,call,台積電,2330
067309,call,台積電,2330
067310,call,華邦電,2344
067311,call,英業達,2356
067312,call,華碩,2357
067313,call,華碩,2357
067314,call,所羅門,2359
067315,call,微星,2377
067316,call,微星,2377
067317,call,瑞昱,2379
067318,call,京元電子,2449
067319,call,創見,2451
067320,call,盟立,2464
067321,call,盟立,2464
067322,call,盟立,2464
067323,call,華新科,2492
067324,call,華新科,2492
067325,call,大立光,3008
067326,call,大立光,3008
067327,call,聯詠,3034
067328,call,智原,3035
067329,call,文曄,3036
067330,call,緯創,3231
067331,call,臻鼎-KY,4958
067334,call,上銀,2049
067335,call,國巨*,2327
067336,call,國巨*,2327
067337,call,國巨*,2327
067338,call,華邦電,2344
067339,call,華邦電,2344
067340,call,華邦電,2344
067341,call,智邦,2345
067342,call,鴻準,2354
067343,call,矽統,2363
067344,call,華新科,2492
067345,call,華新科,2492
067346,call,華新科,2492
067347,call,華新科,2492
067348,call,晶豪科,3006
067349,call,晶豪科,3006
067350,call,大立光,3008
067351,call,智伸科,4551
067352,call,臻鼎-KY,4958
067353,call,臻鼎-KY,4958
067354,call,臻鼎-KY,4958
067355,call,眾達-KY,4977
067356,call,眾達-KY,4977
067357,call,啟碁,6285
067358,call,啟碁,6285
067359,call,緯穎,6669
067360,call,緯穎,6669
067361,call,緯穎,6669
067362,call,緯穎,6669
067363,call,力積電,6770
067364,call,振樺電,8114
067365,call,振樺電,8114
067366,call,宏全,9939
067370,call,聯電,2303
067371,call,鴻海,2317
067372,call,鴻海,2317
067373,call,鴻海,2317
067374,call,仁寶,2324
067375,call,台積電,2330
067376,call,台積電,2330
067377,call,台積電,2330
067378,call,英業達,2356
067379,call,華碩,2357
067380,call,瑞昱,2379
067381,call,漢唐,2404
067382,call,京元電子,2449
067383,call,京元電子,2449
067384,call,華新科,2492
067385,call,華新科,2492
067386,call,華新科,2492
067387,call,華新科,2492
067388,call,華新科,2492
067389,call,華新科,2492
067390,call,華新科,2492
067391,call,華新科,2492
067392,call,大立光,3008
067393,call,大立光,3008
067394,call,文曄,3036
067395,call,文曄,3036
067396,call,文曄,3036
067397,call,文曄,3036
067398,call,文曄,3036
067399,call,全科,3209
067400,call,今國光,6209
067401,call,力成,6239
067402,call,啟碁,6285
067403,call,啟碁,6285
067404,call,保瑞,6472
067405,call,緯穎,6669
067406,call,緯穎,6669
067407,call,振樺電,8114
067408,call,振樺電,8114
067409,call,聯電,2303
067410,call,鴻海,2317
067411,call,國巨*,2327
067412,call,南亞,1303
067413,call,上銀,2049
067414,call,聯電,2303
067415,call,聯電,2303
067416,call,國巨*,2327
067417,call,國巨*,2327
067418,call,國巨*,2327
067419,call,台積電,2330
067420,call,華邦電,2344
067421,call,佳世達,2352
067422,call,燿華,2367
067423,call,微星,2377
067424,call,兆赫,2485
067425,call,大立光,3008
067426,call,大立光,3008
067427,call,大立光,3008
067428,call,緯創,3231
067429,call,保瑞,6472
067430,call,嘉基,6715
067431,call,台虹,8039
067432,call,華新,1605
067433,call,聯電,2303
067434,call,十銓,4967
067435,call,台塑,1301
067436,call,台玻,1802
067437,call,聯電,2303
067438,call,華通,2313
067439,call,鴻海,2317
067440,call,國巨*,2327
067441,call,國巨*,2327
067442,call,燿華,2367
067443,call,技嘉,2376
067444,call,興勤,2428
067445,call,強茂,2481
067446,call,威健,3033
067447,call,聯詠,3034
067448,call,緯穎,6669
067449,call,緯穎,6669
067451,call,燿華,2367
067452,call,強茂,2481
067453,call,大立光,3008
067454,call,彩晶,6116
067455,call,鼎炫-KY,8499
067456,call,元大台灣50,0050
067457,call,長興,1717
067458,call,長興,1717
067459,call,國巨*,2327
067460,call,國巨*,2327
067461,call,微星,2377
067462,call,微星,2377
067463,call,微星,2377
067464,call,強茂,2481
067465,call,晶豪科,3006
067466,call,大立光,3008
067467,call,大立光,3008
067468,call,大立光,3008
067469,call,昇貿,3305
067470,call,貿聯-KY,3665
067471,call,臻鼎-KY,4958
067472,call,臻鼎-KY,4958
067473,call,緯穎,6669
067474,call,元大高股息,0056
067477,call,上銀,2049
067478,call,聯電,2303
067479,call,華通,2313
067480,call,鴻海,2317
067481,call,仁寶,2324
067482,call,國巨*,2327
067483,call,台積電,2330
067484,call,台積電,2330
067485,call,智邦,2345
067486,call,燿華,2367
067487,call,漢唐,2404
067488,call,立隆電,2472
067489,call,強茂,2481
067490,call,兆赫,2485
067491,call,兆赫,2485
067492,call,晶豪科,3006
067493,call,大立光,3008
067494,call,大立光,3008
067495,call,威健,3033
067496,call,日月光投控,3711
067497,call,力成,6239
067498,call,啟碁,6285
067499,call,鈺邦,6449
067500,call,保瑞,6472
067501,call,緯穎,6669
067502,call,嘉基,6715
067503,call,嘉基,6715
067504,call,昇陽半導體,8028
067506,call,富邦科技,0052
067508,call,華城,1519
067509,call,鴻海,2317
067510,call,鴻海,2317
067511,call,台積電,2330
067512,call,台積電,2330
067513,call,英業達,2356
067514,call,華碩,2357
067515,call,華碩,2357
067516,call,技嘉,2376
067517,call,微星,2377
067518,call,友達,2409
067519,call,友達,2409
067520,call,京元電子,2449
067521,call,兆赫,2485
067522,call,兆赫,2485
067523,call,威健,3033
067524,call,聯詠,3034
067525,call,智原,3035
067526,call,智原,3035
067527,call,健鼎,3044
067528,call,緯創,3231
067529,call,緯創,3231
067530,call,TPK-KY,3673
067531,call,臻鼎-KY,4958
067532,call,臻鼎-KY,4958
067533,call,臻鼎-KY,4958
067534,call,十銓,4967
067535,call,眾達-KY,4977
067536,call,啟碁,6285
067537,call,緯穎,6669
067538,call,力積電,6770
067539,call,AES-KY,6781
067540,call,昇陽半導體,8028
067541,call,昇陽半導體,8028
067542,call,昇陽半導體,8028
067545,call,台玻,1802
067546,call,聯電,2303
067547,call,華通,2313
067548,call,國巨*,2327
067549,call,華邦電,2344
067550,call,華邦電,2344
067551,call,華邦電,2344
067552,call,智邦,2345
067553,call,燿華,2367
067554,call,瑞昱,2379
067555,call,瑞昱,2379
067556,call,興勤,2428
067557,call,盟立,2464
067558,call,盟立,2464
067559,call,盟立,2464
067560,call,盟立,2464
067561,call,兆赫,2485
067562,call,兆赫,2485
067563,call,兆赫,2485
067564,call,兆赫,2485
067565,call,兆赫,2485
067566,call,神基,3005
067567,call,晶豪科,3006
067568,call,大立光,3008
067569,call,大立光,3008
067570,call,大立光,3008
067571,call,聯詠,3034
067572,call,緯創,3231
067573,call,臻鼎-KY,4958
067574,call,力積電,6770
067575,call,AES-KY,6781
067576,call,矽創,8016
067577,call,矽創,8016
067584,call,華新,1605
067585,call,長興,1717
067586,call,聯電,2303
067587,call,國巨*,2327
067588,call,國巨*,2327
067590,call,華邦電,2344
067591,call,順德,2351
067592,call,技嘉,2376
067593,call,大毅,2478
067594,call,兆赫,2485
067595,call,晶豪科,3006
067596,call,大立光,3008
067597,call,康普,4739
067598,call,臻鼎-KY,4958
067599,call,臻鼎-KY,4958
067600,call,祥碩,5269
067601,call,嘉基,6715
067602,call,力積電,6770
067603,call,昇陽半導體,8028
067604,call,台虹,8039
067607,call,元大台灣50,0050
067609,call,鴻海,2317
067610,call,國巨*,2327
067611,call,華邦電,2344
067612,call,大立光,3008
067613,call,力積電,6770
067614,call,兆赫,2485
067615,call,嘉澤,3533
067616,call,台塑,1301
067617,call,鈺邦,6449
067618,call,惠特,6706
067619,call,富鼎,8261
067620,call,國巨*,2327
067621,call,所羅門,2359
067622,call,晶豪科,3006
067623,call,大立光,3008
067624,call,大立光,3008
067625,call,玉晶光,3406
067626,call,達明,4585
067627,call,力成,6239
067628,call,力成,6239
067629,call,鈺邦,6449
067631,call,昇陽半導體,8028
067632,call,強茂,2481
067633,call,昇陽半導體,8028
067634,call,楠梓電,2316
067635,call,華邦電,2344
067636,call,智邦,2345
067637,call,兆赫,2485
067638,call,大立光,3008
067639,call,大立光,3008
06763U,put,國巨*,2327
067642,call,力成,6239
067643,call,矽創,8016
067645,call,華城,1519
067646,call,聯電,2303
067647,call,國巨*,2327
067648,call,華邦電,2344
067649,call,技嘉,2376
067650,call,微星,2377
067651,call,盟立,2464
067652,call,盟立,2464
067653,call,神基,3005
067654,call,晶豪科,3006
067655,call,晶豪科,3006
067656,call,大立光,3008
067657,call,大立光,3008
067658,call,大立光,3008
067659,call,大立光,3008
067660,call,大立光,3008
067661,call,智原,3035
067662,call,華晶科,3059
067663,call,玉晶光,3406
067664,call,貿聯-KY,3665
067665,call,臻鼎-KY,4958
067666,call,天虹,6937
067667,call,昇陽半導體,8028
067668,call,中砂,1560
067669,call,上銀,2049
067670,call,台積電,2330
067671,call,矽統,2363
067672,call,創見,2451
067673,call,強茂,2481
067674,call,晶豪科,3006
067675,call,晶豪科,3006
067676,call,大立光,3008
067677,call,玉晶光,3406
067678,call,jpp-KY,5284
067679,call,帆宣,6196
067680,call,鈺邦,6449
067681,call,鈺邦,6449
067682,call,保瑞,6472
067683,call,昇陽半導體,8028
067684,call,羅昇,8374
067685,call,聯電,2303
067686,call,華通,2313
067687,call,鴻海,2317
067688,call,仁寶,2324
067689,call,智邦,2345
067690,call,漢唐,2404
067691,call,盟立,2464
067692,call,強茂,2481
067693,call,晶豪科,3006
067694,call,晶豪科,3006
067695,call,大立光,3008
067696,call,大立光,3008
067697,call,華晶科,3059
067698,call,華晶科,3059
067699,call,日電貿,3090
067700,call,昇貿,3305
067701,call,日月光投控,3711
067702,call,力成,6239
067703,call,啟碁,6285
067704,call,鈺邦,6449
067705,call,昇陽半導體,8028
067707,call,聯電,2303
067708,call,聯電,2303
067709,call,聯電,2303
067710,call,鴻海,2317
067711,call,鴻海,2317
067712,call,鴻海,2317
067713,call,台積電,2330
067714,call,台積電,2330
067715,call,台積電,2330
067716,call,華邦電,2344
067717,call,英業達,2356
067718,call,瑞昱,2379
067719,call,晶豪科,3006
067720,call,大立光,3008
067721,call,大立光,3008
067722,call,大立光,3008
067723,call,大立光,3008
067724,call,大立光,3008
067725,call,大立光,3008
067726,call,大立光,3008
067727,call,大立光,3008
067728,call,大立光,3008
067729,call,大立光,3008
067730,call,益登,3048
067731,call,玉晶光,3406
067732,call,玉晶光,3406
067733,call,嘉澤,3533
067734,call,臻鼎-KY,4958
067735,call,臻鼎-KY,4958
067736,call,鈺邦,6449
067737,call,鈺邦,6449
067738,call,鈺邦,6449
067739,call,昇陽半導體,8028
067740,call,昇陽半導體,8028
067741,call,昇陽半導體,8028
067742,call,昇陽半導體,8028
067743,call,元大台灣50,0050
067746,call,中砂,1560
067747,call,中砂,1560
067748,call,為升,2231
067749,call,為升,2231
067750,call,為升,2231
067751,call,鴻海,2317
067752,call,仁寶,2324
067753,call,廣宇,2328
067754,call,智邦,2345
067755,call,所羅門,2359
067756,call,矽統,2363
067757,call,矽統,2363
067758,call,凱美,2375
067759,call,凱美,2375
067760,call,凱美,2375
067761,call,漢唐,2404
067762,call,宏達電,2498
067763,call,宏達電,2498
067764,call,宏達電,2498
067765,call,玉山金,2884
067766,call,晶豪科,3006
067767,call,益登,3048
067768,call,益登,3048
067769,call,華晶科,3059
067770,call,緯創,3231
067771,call,緯創,3231
067772,call,玉晶光,3406
067773,call,玉晶光,3406
067774,call,智伸科,4551
067775,call,達明,4585
067776,call,達明,4585
067777,call,鈺邦,6449
067778,call,鈺邦,6449
067779,call,鈺邦,6449
067780,call,昇陽半導體,8028
067781,call,世紀鋼,9958
067782,call,國巨*,2327
067783,call,立隆電,2472
067784,call,臻鼎-KY,4958
067785,call,益登,3048
067786,call,全科,3209
067787,call,牧德,3563
067788,call,康舒,6282
067789,call,華紙,1905
06778P,put,台積電,2330
067790,call,國巨*,2327
067791,call,國巨*,2327
067792,call,國巨*,2327
067793,call,敬鵬,2355
067794,call,超豐,2441
067795,call,超豐,2441
067796,call,強茂,2481
067797,call,兆赫,2485
067798,call,華南金,2880
067799,call,國泰金,2882
067800,call,威健,3033
067801,call,日電貿,3090
067802,call,全科,3209
067803,call,京鼎,3413
067804,call,牧德,3563
067805,call,和椿,6215
067806,call,樺漢,6414
067807,call,惠特,6706
067808,call,長華*,8070
067809,call,南茂,8150
067810,call,富鼎,8261
067811,call,羅昇,8374
067812,call,長興,1717
067813,call,華紙,1905
067814,call,國巨*,2327
067815,call,敬鵬,2355
067816,call,華碩,2357
067817,call,技嘉,2376
067818,call,盟立,2464
067819,call,強茂,2481
067820,call,啟碁,6285
067821,call,群電,6412
067822,call,群電,6412
067823,call,保瑞,6472
067824,call,力智,6719
067825,call,力積電,6770
067826,call,南茂,8150
067827,call,元大台灣50,0050
067832,call,東元,1504
067833,call,上銀,2049
067834,call,台積電,2330
067835,call,立隆電,2472
067836,call,台新新光金,2887
067837,call,牧德,3563
067838,call,日月光投控,3711
067839,call,群電,6412
067840,call,力積電,6770
067841,call,長興,1717
067842,call,台玻,1802
067843,call,聯電,2303
067844,call,聯電,2303
067845,call,聯電,2303
067846,call,鴻海,2317
067847,call,鴻海,2317
067848,call,鴻海,2317
067849,call,台積電,2330
067850,call,台積電,2330
067851,call,華邦電,2344
067852,call,華邦電,2344
067853,call,華邦電,2344
067854,call,凱美,2375
067855,call,技嘉,2376
067856,call,微星,2377
067857,call,京元電子,2449
067858,call,京元電子,2449
067859,call,盟立,2464
067860,call,盟立,2464
067861,call,強茂,2481
067862,call,強茂,2481
067863,call,聯詠,3034
067864,call,智原,3035
067865,call,緯創,3231
067866,call,緯創,3231
067867,call,昇貿,3305
067868,call,牧德,3563
067869,call,日月光投控,3711
067870,call,臻鼎-KY,4958
067871,call,臻鼎-KY,4958
067872,call,祥碩,5269
067873,call,今國光,6209
067874,call,力成,6239
067875,call,力成,6239
067876,call,矽格,6257
067877,call,啟碁,6285
067878,call,緯穎,6669
067879,call,力積電,6770
067881,call,長興,1717
067882,call,華通,2313
067883,call,鴻海,2317
067884,call,仁寶,2324
067885,call,國巨*,2327
067886,call,國巨*,2327
067887,call,國巨*,2327
067888,call,國巨*,2327
067889,call,英業達,2356
067890,call,矽統,2363
067891,call,瑞昱,2379
067892,call,漢唐,2404
067893,call,盟立,2464
067899,call,盟立,2464
067900,call,盟立,2464
067901,call,強茂,2481
067902,call,強茂,2481
067903,call,兆赫,2485
067904,call,富邦金,2881
067905,call,聯詠,3034
067906,call,日電貿,3090
067907,call,昇貿,3305
067908,call,嘉澤,3533
067909,call,牧德,3563
067910,call,牧德,3563
067911,call,力成,6239
067912,call,啟碁,6285
067913,call,啟碁,6285
067914,call,保瑞,6472
067915,call,力智,6719
067917,call,聯電,2303
067918,call,聯電,2303
067919,call,聯電,2303
067920,call,華通,2313
067921,call,技嘉,2376
067922,call,技嘉,2376
067923,call,超豐,2441
067924,call,超豐,2441
067925,call,強茂,2481
067926,call,強茂,2481
067927,call,牧德,3563
067928,call,牧德,3563
067929,call,牧德,3563
067930,call,牧德,3563
067931,call,南寶,4766
067932,call,祥碩,5269
067933,call,祥碩,5269
067934,call,祥碩,5269
067935,call,南茂,8150
067936,call,南茂,8150
067939,call,華城,1519
067940,call,長興,1717
067941,call,華通,2313
067942,call,國巨*,2327
067943,call,國巨*,2327
067944,call,台積電,2330
067945,call,台積電,2330
067946,call,台積電,2330
067947,call,敬鵬,2355
067948,call,技嘉,2376
067949,call,京元電子,2449
067950,call,臻鼎-KY,4958
067951,call,亞翔,6139
067952,call,啟碁,6285
067953,call,保瑞,6472
067967,call,中砂,1560
067968,call,中砂,1560
067969,call,信錦,1582
067970,call,信錦,1582
067971,call,亞德客-KY,1590
067972,call,台玻,1802
067973,call,台玻,1802
067974,call,台玻,1802
067975,call,上銀,2049
067976,call,上銀,2049
067977,call,上銀,2049
067978,call,聯電,2303
067979,call,聯電,2303
067980,call,聯電,2303
067981,call,聯電,2303
067983,call,聯電,2303
067984,call,聯電,2303
067985,call,聯電,2303
067986,call,聯電,2303
067987,call,聯電,2303
067988,call,華通,2313
067989,call,華通,2313
067990,call,鴻海,2317
067991,call,鴻海,2317
067992,call,國巨*,2327
067993,call,國巨*,2327
067994,call,國巨*,2327
067995,call,國巨*,2327
067996,call,國巨*,2327
067997,call,國巨*,2327
067998,call,國巨*,2327
067999,call,國巨*,2327
068000,call,國巨*,2327
068001,call,國巨*,2327
068002,call,國巨*,2327
068003,call,國巨*,2327
068004,call,台積電,2330
068005,call,台積電,2330
068006,call,台積電,2330
068007,call,華邦電,2344
068008,call,華邦電,2344
068009,call,華邦電,2344
068010,call,華邦電,2344
068011,call,華邦電,2344
068012,call,華邦電,2344
068013,call,華邦電,2344
068014,call,華邦電,2344
068015,call,華邦電,2344
068016,call,智邦,2345
068017,call,智邦,2345
068018,call,智邦,2345
068019,call,順德,2351
068020,call,燿華,2367
068021,call,燿華,2367
068022,call,技嘉,2376
068023,call,微星,2377
068024,call,微星,2377
068025,call,威盛,2388
068026,call,漢唐,2404
068027,call,偉詮電,2436
068028,call,超豐,2441
068029,call,京元電子,2449
068030,call,創見,2451
068031,call,創見,2451
068032,call,創見,2451
068033,call,盟立,2464
068034,call,盟立,2464
068035,call,盟立,2464
068036,call,立隆電,2472
068037,call,立隆電,2472
068038,call,立隆電,2472
068039,call,立隆電,2472
068040,call,鉅祥,2476
068041,call,強茂,2481
068042,call,強茂,2481
068043,call,強茂,2481
068044,call,兆赫,2485
068045,call,兆赫,2485
068046,call,兆赫,2485
068047,call,宏達電,2498
068048,call,威健,3033
068049,call,智原,3035
068050,call,健鼎,3044
068051,call,日電貿,3090
068052,call,日電貿,3090
068053,call,日電貿,3090
068054,call,日電貿,3090
068060,call,日電貿,3090
068061,call,昇貿,3305
068062,call,昇貿,3305
068063,call,玉晶光,3406
068064,call,玉晶光,3406
068065,call,玉晶光,3406
068066,call,TPK-KY,3673
068067,call,正文,4906
068068,call,正文,4906
068069,call,臻鼎-KY,4958
068070,call,臻鼎-KY,4958
068071,call,臻鼎-KY,4958
068072,call,臻鼎-KY,4958
068073,call,臻鼎-KY,4958
068074,call,十銓,4967
068076,call,十銓,4967
068077,call,眾達-KY,4977
068078,call,祥碩,5269
068079,call,飛捷,6206
068080,call,力成,6239
068081,call,力成,6239
068082,call,矽格,6257
068083,call,啟碁,6285
068084,call,緯穎,6669
068085,call,緯穎,6669
068086,call,緯穎,6669
068087,call,嘉基,6715
068088,call,嘉基,6715
068089,call,嘉基,6715
068090,call,嘉基,6715
068091,call,力智,6719
068092,call,力積電,6770
068093,call,力積電,6770
068094,call,力積電,6770
068095,call,力積電,6770
068096,call,力積電,6770
068097,call,力積電,6770
068098,call,矽創,8016
068099,call,南茂,8150
068100,call,南茂,8150
068101,call,南茂,8150
068102,call,南茂,8150
068103,call,華城,1519
068104,call,華邦電,2344
068105,call,立隆電,2472
068106,call,華通,2313
068107,call,楠梓電,2316
068108,call,佳能,2374
068109,call,力智,6719
068110,call,天虹,6937
068114,call,晶豪科,3006
068115,call,日電貿,3090
068116,call,日月光投控,3711
068117,call,信錦,1582
068118,call,聯電,2303
068119,call,矽統,2363
068120,call,研華,2395
068121,call,晶豪科,3006
068122,call,日電貿,3090
068123,call,TPK-KY,3673
068124,call,力積電,6770
068125,call,元大台灣50,0050
068127,call,華城,1519
068128,call,台玻,1802
068129,call,華通,2313
068130,call,華通,2313
068131,call,華通,2313
068132,call,鴻海,2317
068133,call,鴻海,2317
068134,call,鴻海,2317
068135,call,台積電,2330
068136,call,台積電,2330
068137,call,華邦電,2344
068138,call,智邦,2345
068139,call,智邦,2345
068140,call,智邦,2345
068141,call,敬鵬,2355
068142,call,敬鵬,2355
068143,call,凱美,2375
068144,call,技嘉,2376
068145,call,微星,2377
068146,call,京元電子,2449
068147,call,京元電子,2449
068148,call,京元電子,2449
068150,call,兆赫,2485
068151,call,兆赫,2485
068152,call,晶豪科,3006
068154,call,聯詠,3034
068155,call,智原,3035
068156,call,智原,3035
068157,call,智原,3035
068159,call,日電貿,3090
068160,call,日電貿,3090
068162,call,緯創,3231
068163,call,TPK-KY,3673
068164,call,臻鼎-KY,4958
068165,call,十銓,4967
068166,call,啟碁,6285
068168,call,緯穎,6669
068171,call,富世達,6805
068172,call,富世達,6805
068173,call,富世達,6805
068174,call,力積電,6770
068175,call,元大台灣50,0050
068176,call,士電,1503
068177,call,華城,1519
068178,call,信錦,1582
068179,call,台玻,1802
068180,call,華紙,1905
068181,call,華通,2313
068182,call,楠梓電,2316
068183,call,華邦電,2344
068184,call,智邦,2345
068185,call,敬鵬,2355
068186,call,敬鵬,2355
068187,call,技嘉,2376
068188,call,研華,2395
068189,call,超豐,2441
068190,call,京元電子,2449
068191,call,國泰金,2882
068192,call,晶豪科,3006
068193,call,智原,3035
068194,call,日電貿,3090
068195,call,緯創,3231
068196,call,昇貿,3305
068197,call,京鼎,3413
068198,call,嘉澤,3533
068199,call,日月光投控,3711
068200,call,臻鼎-KY,4958
068201,call,亞翔,6139
068202,call,矽格,6257
068203,call,達發,6526
068204,call,達發,6526
068205,call,緯穎,6669
068206,call,台虹,8039
068208,call,所羅門,2359
068209,call,兆赫,2485
068210,call,兆赫,2485
068211,call,晶豪科,3006
068212,call,晶豪科,3006
068213,call,日電貿,3090
068214,call,昇貿,3305
068215,call,台郡,6269
068217,call,信錦,1582
068218,call,楠梓電,2316
068219,call,敬鵬,2355
068220,call,技嘉,2376
068221,call,義隆,2458
068222,call,義隆,2458
068223,call,盟立,2464
068224,call,大毅,2478
068225,call,宏達電,2498
068226,call,日電貿,3090
068227,call,日電貿,3090
068228,call,達邁,3645
068229,call,TPK-KY,3673
068230,call,達明,4585
068231,call,意騰-KY,7749
068234,call,士電,1503
068235,call,華城,1519
068236,call,台玻,1802
068237,call,台玻,1802
068238,call,上銀,2049
068239,call,聯電,2303
068240,call,金寶,2312
068241,call,華通,2313
068242,call,華通,2313
068243,call,鴻海,2317
068244,call,台積電,2330
068245,call,台積電,2330
068246,call,台積電,2330
068247,call,台積電,2330
068248,call,智邦,2345
068249,call,智邦,2345
068250,call,敬鵬,2355
068251,call,敬鵬,2355
068252,call,所羅門,2359
068253,call,燿華,2367
068254,call,燿華,2367
068255,call,技嘉,2376
068256,call,威盛,2388
068257,call,研華,2395
068258,call,研華,2395
068259,call,研華,2395
068260,call,研華,2395
068261,call,創見,2451
068262,call,盟立,2464
068263,call,盟立,2464
068264,call,立隆電,2472
068265,call,鉅祥,2476
068266,call,兆赫,2485
068267,call,兆赫,2485
068268,call,兆赫,2485
068269,call,兆赫,2485
068270,call,兆赫,2485
068271,call,晶豪科,3006
068272,call,晶豪科,3006
068273,call,晶豪科,3006
068274,call,晶豪科,3006
068275,call,晶豪科,3006
068276,call,晶豪科,3006
068277,call,晶豪科,3006
068278,call,晶豪科,3006
068279,call,晶豪科,3006
068280,call,信邦,3023
068281,call,信邦,3023
068282,call,威健,3033
068283,call,智原,3035
068284,call,華晶科,3059
068285,call,昇貿,3305
068286,call,新日興,3376
068287,call,玉晶光,3406
068288,call,TPK-KY,3673
068289,call,TPK-KY,3673
068290,call,日月光投控,3711
068291,call,達明,4585
068292,call,正文,4906
068293,call,正文,4906
068294,call,臻鼎-KY,4958
068295,call,十銓,4967
068296,call,十銓,4967
068297,call,十銓,4967
068298,call,十銓,4967
068299,call,十銓,4967
06829U,put,華新,1605
068300,call,眾達-KY,4977
068301,call,佳必琪,6197
068302,call,矽格,6257
068303,call,同欣電,6271
068304,call,啟碁,6285
068305,call,啟碁,6285
068306,call,達發,6526
068307,call,緯穎,6669
068308,call,緯穎,6669
068309,call,嘉基,6715
06830U,put,仁寶,2324
068310,call,力積電,6770
068311,call,南茂,8150
068312,call,富鼎,8261
068314,call,鴻海,2317
068315,call,華碩,2357
068316,call,華碩,2357
068317,call,盟立,2464
068318,call,日電貿,3090
068319,call,日電貿,3090
068320,call,日電貿,3090
068321,call,日電貿,3090
068322,call,日電貿,3090
068323,call,昇貿,3305
068324,call,今國光,6209
068325,call,今國光,6209
068326,call,啟碁,6285
068327,call,群電,6412
068328,call,群電,6412
068329,call,群電,6412
068330,call,保瑞,6472
068331,call,達發,6526
068332,call,天虹,6937
068333,call,天虹,6937
068334,call,富邦科技,0052
068335,call,儒鴻,1476
068337,call,信錦,1582
068338,call,大成鋼,2027
068339,call,鴻海,2317
068340,call,仁寶,2324
068341,call,敬鵬,2355
068342,call,英業達,2356
068343,call,所羅門,2359
068345,call,瑞昱,2379
068346,call,威盛,2388
068347,call,研華,2395
068348,call,漢唐,2404
068349,call,超豐,2441
068350,call,富邦金,2881
068351,call,聯詠,3034
068352,call,日電貿,3090
068353,call,昇貿,3305
068354,call,玉晶光,3406
068355,call,華擎,3515
068356,call,嘉澤,3533
068357,call,牧德,3563
068358,call,TPK-KY,3673
068359,call,達明,4585
068360,call,祥碩,5269
068361,call,帆宣,6196
068362,call,力成,6239
068363,call,啟碁,6285
068364,call,力智,6719
068365,call,奕力-KY,6962
068366,call,啟碁,6285
068367,call,華邦電,2344
068368,call,晶豪科,3006
068369,call,臻鼎-KY,4958
068370,call,光寶科,2301
068371,call,華通,2313
068372,call,台積電,2330
068373,call,華邦電,2344
068374,call,華邦電,2344
068375,call,凌陽,2401
068376,call,南亞科,2408
068377,call,南亞科,2408
068378,call,南亞科,2408
068379,call,南亞科,2408
068380,call,南亞科,2408
068381,call,鴻海,2317
068382,call,台積電,2330
068383,call,台積電,2330
068384,call,佳能,2374
068385,call,南亞科,2408
068386,call,聯發科,2454
068387,call,南亞科,2408
068388,call,長榮,2603
068389,call,南亞科,2408
068390,call,京元電子,2449
068391,call,陽明,2609
068392,call,皇昌,2543
068393,call,大立光,3008
068395,call,亞光,3019
068396,call,聯詠,3034
068397,call,大聯大,3702
068398,call,亞翔,6139
068400,call,力成,6239
068403,call,華城,1519
068405,call,台玻,1802
068406,call,光寶科,2301
068409,call,富世達,6805
068410,call,華通,2313
068411,call,華邦電,2344
068412,call,智邦,2345
068413,call,順德,2351
068414,call,技嘉,2376
068415,call,京元電子,2449
068416,call,立隆電,2472
068417,call,威健,3033
068418,call,緯創,3231
068419,call,昇貿,3305
068420,call,京鼎,3413
068421,call,嘉澤,3533
068422,call,日月光投控,3711
068423,call,達明,4585
068424,call,臻鼎-KY,4958
068425,call,亞翔,6139
068426,call,緯穎,6669
068428,call,華邦電,2344
068429,call,威盛,2388
068430,call,南亞科,2408
068431,call,南亞科,2408
068432,call,大毅,2478
068433,call,同欣電,6271
068434,call,惠特,6706
068435,call,華城,1519
068436,call,台玻,1802
068437,call,台玻,1802
068438,call,光寶科,2301
068439,call,光寶科,2301
068440,call,楠梓電,2316
068441,call,楠梓電,2316
068442,call,廣宇,2328
068443,call,台積電,2330
068444,call,華邦電,2344
068445,call,智邦,2345
068446,call,智邦,2345
068447,call,順德,2351
068448,call,順德,2351
068449,call,敬鵬,2355
068450,call,敬鵬,2355
068451,call,華碩,2357
068452,call,微星,2377
068453,call,研華,2395
068454,call,研華,2395
068455,call,研華,2395
068456,call,南亞科,2408
068457,call,南亞科,2408
068458,call,南亞科,2408
068459,call,南亞科,2408
068460,call,南亞科,2408
068461,call,南亞科,2408
068462,call,南亞科,2408
068463,call,南亞科,2408
068464,call,南亞科,2408
068465,call,南亞科,2408
068466,call,南亞科,2408
068467,call,南亞科,2408
068468,call,南亞科,2408
068469,call,盟立,2464
068470,call,立隆電,2472
068471,call,華晶科,3059
068472,call,TPK-KY,3673
068473,call,正文,4906
068474,call,亞翔,6139
068475,call,佳必琪,6197
068476,call,矽格,6257
068477,call,啟碁,6285
068478,call,樺漢,6414
068479,call,樺漢,6414
068480,call,達發,6526
068481,call,富鼎,8261
068484,call,光寶科,2301
068485,call,所羅門,2359
068486,call,所羅門,2359
068487,call,凱美,2375
068488,call,凌陽,2401
068489,call,南亞科,2408
068490,call,立隆電,2472
068491,call,大毅,2478
068492,call,兆赫,2485
068493,call,大聯大,3702
068494,call,三福化,4755
068495,call,彩晶,6116
068496,call,彩晶,6116
068497,call,瑞儀,6176
068498,call,力成,6239
068499,call,同欣電,6271
068500,call,群電,6412
068501,call,矽創,8016
068502,call,富鼎,8261
068504,call,台化,1326
068505,call,信錦,1582
068506,call,大同,2371
068507,call,凱美,2375
068508,call,凌陽,2401
068509,call,漢唐,2404
068510,call,南亞科,2408
068511,call,南亞科,2408
068512,call,南亞科,2408
068513,call,南亞科,2408
068514,call,建準,2421
068515,call,大毅,2478
068516,call,大毅,2478
068517,call,威健,3033
068518,call,威健,3033
068519,call,威健,3033
068520,call,益登,3048
068521,call,益登,3048
068522,call,今國光,6209
068523,call,和椿,6215
068524,call,和椿,6215
068525,call,元大台灣50,0050
068526,call,華城,1519
068527,call,信錦,1582
068528,call,大成鋼,2027
068529,call,光寶科,2301
068530,call,聯電,2303
068531,call,鴻海,2317
068532,call,英業達,2356
068533,call,微星,2377
068534,call,威盛,2388
068535,call,漢唐,2404
068536,call,南亞科,2408
068537,call,義隆,2458
068538,call,立隆電,2472
068539,call,宏達電,2498
068540,call,長榮,2603
068541,call,富邦金,2881
068542,call,中信金,2891
068543,call,聯詠,3034
068544,call,玉晶光,3406
068545,call,大聯大,3702
068546,call,臻鼎-KY,4958
068547,call,祥碩,5269
068548,call,啟碁,6285
068549,call,緯穎,6669
068550,call,緯穎,6669
068551,call,力積電,6770
068552,call,AES-KY,6781
068553,call,富鼎,8261
068554,call,士電,1503
068555,call,信錦,1582
068556,call,大成鋼,2027
068557,call,上銀,2049
068558,call,聯電,2303
068559,call,鴻海,2317
068560,call,台積電,2330
068561,call,華邦電,2344
068562,call,智邦,2345
068563,call,敬鵬,2355
068564,call,凱美,2375
068565,call,微星,2377
068566,call,研華,2395
068567,call,京元電子,2449
068568,call,大毅,2478
068569,call,華立,3010
068570,call,信邦,3023
068571,call,增你強,3028
068572,call,聯詠,3034
068573,call,智原,3035
068574,call,健鼎,3044
068575,call,益登,3048
068576,call,緯創,3231
068577,call,玉晶光,3406
068578,call,宏致,3605
068579,call,達邁,3645
068580,call,TPK-KY,3673
068581,call,TPK-KY,3673
068582,call,康普,4739
068583,call,臻鼎-KY,4958
068584,call,天鈺,4961
068585,call,十銓,4967
068586,call,瑞儀,6176
068587,call,佳必琪,6197
068588,call,啟碁,6285
068589,call,群電,6412
068590,call,樺漢,6414
068591,call,力積電,6770
068592,call,矽創,8016
068593,call,致新,8081
068595,call,元大台灣50,0050
068596,call,元大台灣50,0050
068597,call,華城,1519
068598,call,中砂,1560
068599,call,長興,1717
068600,call,美時,1795
068601,call,聯電,2303
068602,call,智邦,2345
068603,call,敬鵬,2355
068604,call,英業達,2356
068605,call,燿華,2367
068606,call,燿華,2367
068607,call,瑞昱,2379
068608,call,威盛,2388
068609,call,研華,2395
068610,call,研華,2395
068611,call,漢唐,2404
068612,call,南亞科,2408
068613,call,超豐,2441
068614,call,盟立,2464
068615,call,盟立,2464
068616,call,宏達電,2498
068617,call,晶豪科,3006
068618,call,晶豪科,3006
068619,call,亞光,3019
068620,call,玉晶光,3406
068621,call,定穎投控,3715
068622,call,臻鼎-KY,4958
068623,call,十銓,4967
068624,call,十銓,4967
068625,call,啟碁,6285
068626,call,啟碁,6285
068627,call,旭隼,6409
068628,call,保瑞,6472
068629,call,保瑞,6472
068630,call,AES-KY,6781
068634,call,光寶科,2301
068635,call,南亞科,2408
068636,call,南茂,8150
068637,call,南亞,1303
068638,call,聯電,2303
068640,call,美時,1795
068641,call,台積電,2330
068642,call,金像電,2368
068644,call,金像電,2368
068645,call,台積電,2330
068646,call,凌陽,2401
068647,call,聯發科,2454
068648,call,立隆電,2472
068649,call,漢唐,2404
068650,call,文曄,3036
068651,call,緯創,3231
068652,call,牧德,3563
068653,call,日月光投控,3711
068654,call,臻鼎-KY,4958
068655,call,臻鼎-KY,4958
068656,call,康舒,6282
068657,call,富鼎,8261
068658,call,立隆電,2472
068659,call,同欣電,6271
068662,call,力積電,6770
068666,call,楠梓電,2316
068667,call,矽統,2363
068668,call,金像電,2368
068669,call,南亞科,2408
068670,call,文曄,3036
068671,call,TPK-KY,3673
068672,call,台積電,2330
068673,call,達發,6526
068674,call,緯穎,6669
068675,call,上銀,2049
068679,call,楠梓電,2316
068680,call,仁寶,2324
068681,call,順德,2351
068682,call,鴻準,2354
068683,call,敬鵬,2355
068684,call,金像電,2368
068685,call,威盛,2388
068686,call,凌陽,2401
068687,call,建準,2421
068688,call,興勤,2428
068689,call,興勤,2428
068690,call,皇昌,2543
068691,call,晶豪科,3006
068692,call,聯陽,3014
068693,call,智原,3035
068694,call,健鼎,3044
068695,call,益登,3048
068696,call,台積電,2330
068697,call,益登,3048
068698,call,耀登,3138
068699,call,敦泰,3545
068700,call,智伸科,4551
068701,call,力成,6239
068702,call,矽格,6257
068703,call,同欣電,6271
068704,call,康舒,6282
068705,call,力智,6719
068706,call,力智,6719
068707,call,美德醫療-DR,9103
068708,call,南亞,1303
068709,call,中興電,1513
068710,call,信錦,1582
068711,call,美時,1795
068712,call,大成鋼,2027
068713,call,聯電,2303
068714,call,華通,2313
068715,call,楠梓電,2316
068716,call,鴻海,2317
068717,call,華泰,2329
068718,call,矽統,2363
068719,call,燿華,2367
068720,call,金像電,2368
068721,call,佳能,2374
068722,call,凱美,2375
068723,call,漢唐,2404
068724,call,友達,2409
068725,call,建準,2421
068726,call,創見,2451
068727,call,宏達電,2498
068728,call,長榮,2603
068729,call,萬海,2615
068730,call,長榮航,2618
068731,call,亞光,3019
068732,call,文曄,3036
068733,call,益登,3048
068734,call,新日興,3376
068735,call,大聯大,3702
068736,call,神達,3706
068737,call,定穎投控,3715
068738,call,康普,4739
068739,call,祥碩,5269
068740,call,力成,6239
068741,call,矽格,6257
068742,call,同欣電,6271
068743,call,康舒,6282
068744,call,啟碁,6285
068745,call,天虹,6937
068746,call,兆聯實業,6944
068747,call,至上,8112
068748,call,勤誠,8210
068750,call,智邦,2345
068751,call,順德,2351
068752,call,敬鵬,2355
068753,call,金像電,2368
068754,call,金像電,2368
068755,call,金像電,2368
068756,call,研華,2395
068757,call,京元電子,2449
068758,call,信邦,3023
068759,call,智原,3035
06875U,put,旺宏,2337
068760,call,文曄,3036
068761,call,緯創,3231
068762,call,嘉澤,3533
068763,call,日月光投控,3711
068764,call,臻鼎-KY,4958
068765,call,十銓,4967
068766,call,亞翔,6139
068767,call,瑞儀,6176
068768,call,佳必琪,6197
068769,call,飛捷,6206
068770,call,力成,6239
068771,call,力成,6239
068772,call,同欣電,6271
068773,call,同欣電,6271
068774,call,群電,6412
068775,call,矽創,8016
068776,call,勤誠,8210
068777,call,勤誠,8210
068779,call,信錦,1582
068780,call,長興,1717
068781,call,為升,2231
068782,call,光寶科,2301
068783,call,廣宇,2328
068784,call,台亞,2340
068785,call,華邦電,2344
068786,call,智邦,2345
068787,call,順德,2351
068788,call,順德,2351
068789,call,所羅門,2359
068790,call,矽統,2363
068791,call,金像電,2368
068792,call,金像電,2368
068793,call,金像電,2368
068794,call,技嘉,2376
068795,call,研華,2395
068796,call,南亞科,2408
068797,call,南亞科,2408
068798,call,偉詮電,2436
068799,call,義隆,2458
068800,call,立隆電,2472
068801,call,立隆電,2472
068802,call,立隆電,2472
068803,call,長榮,2603
068804,call,文曄,3036
068805,call,文曄,3036
068806,call,華晶科,3059
068807,call,嘉澤,3533
068808,call,智易,3596
068809,call,臻鼎-KY,4958
068810,call,達興材料,5234
068811,call,jpp-KY,5284
068812,call,亞翔,6139
068813,call,帆宣,6196
068814,call,矽格,6257
068815,call,嘉基,6715
068816,call,AES-KY,6781
068817,call,勤誠,8210
068818,call,勤誠,8210
068819,call,勤誠,8210
068820,call,勤誠,8210
068821,call,富鼎,8261
068822,call,富鼎,8261
068823,call,長興,1717
068824,call,楠梓電,2316
068825,call,楠梓電,2316
068826,call,楠梓電,2316
068827,call,漢唐,2404
068828,call,友達,2409
068829,call,大毅,2478
068830,call,陽明,2609
068831,call,藍天,2362
068832,call,萬海,2615
068833,call,晶豪科,3006
068834,call,亞光,3019
068835,call,亞光,3019
068837,call,聯發科,2454
068838,call,智原,3035
068839,call,智原,3035
068840,call,台灣精銳,4583
068841,call,健鼎,3044
068842,call,健鼎,3044
068843,call,益登,3048
068844,call,臻鼎-KY,4958
068845,call,立積,4968
068846,call,立積,4968
068847,call,立積,4968
068848,call,瑞儀,6176
068850,call,昇陽半導體,8028
068851,call,同欣電,6271
068852,call,同欣電,6271
068853,call,同欣電,6271
068854,call,康舒,6282
068855,call,緯穎,6669
068856,call,緯穎,6669
068857,call,力智,6719
068858,call,力智,6719
068859,call,三集瑞-KY,6862
068860,call,意騰-KY,7749
068861,call,致新,8081
068862,call,福懋科,8131
068863,call,勤誠,8210
068867,call,華新,1605
068868,call,聯電,2303
068869,call,矽統,2363
068870,call,金像電,2368
068871,call,金像電,2368
068872,call,興勤,2428
068873,call,立隆電,2472
068874,call,鉅祥,2476
068875,call,第一金,2892
068876,call,華立,3010
068877,call,昇貿,3305
068878,call,敦泰,3545
068879,call,大聯大,3702
06887U,put,智邦,2345
068880,call,大聯大,3702
068881,call,上品,4770
068882,call,和碩,4938
068883,call,臻鼎-KY,4958
068884,call,十銓,4967
068885,call,帆宣,6196
068886,call,矽格,6257
068887,call,同欣電,6271
068888,call,群電,6412
068889,call,樺漢,6414
06888U,put,亞翔,6139
068890,call,迅得,6438
068891,call,致新,8081
068892,call,勤誠,8210
068893,call,富鼎,8261
068894,call,金寶,2312
068895,call,仁寶,2324
068896,call,金像電,2368
068897,call,臻鼎-KY,4958
068898,call,大成鋼,2027
068899,call,金寶,2312
068900,call,台積電,2330
068901,call,宏碁,2353
068902,call,英業達,2356
068903,call,英業達,2356
068904,call,技嘉,2376
068905,call,友達,2409
068906,call,超豐,2441
068907,call,長榮,2603
068908,call,達興材料,5234
068909,call,達興材料,5234
068910,call,力成,6239
068911,call,同欣電,6271
068912,call,台玻,1802
068913,call,金像電,2368
068914,call,金像電,2368
068915,call,威盛,2388
068916,call,凌陽,2401
068917,call,智原,3035
068918,call,融程電,3416
068919,call,宏致,3605
068920,call,今國光,6209
068921,call,和椿,6215
068922,call,金像電,2368
068923,call,技嘉,2376
068925,call,東陽,1319
068926,call,聚陽,1477
068927,call,中鋼,2002
068928,call,光寶科,2301
068929,call,鴻海,2317
068930,call,仁寶,2324
068931,call,台積電,2330
068932,call,鴻準,2354
068933,call,微星,2377
068934,call,南亞科,2408
068935,call,超豐,2441
068936,call,立隆電,2472
068937,call,聯詠,3034
068938,call,材料*-KY,4763
068939,call,亞翔,6139
068940,call,力成,6239
068941,call,力積電,6770
068942,call,天虹,6937
068947,call,金寶,2312
068948,call,華通,2313
068949,call,華通,2313
068950,call,華邦電,2344
068951,call,英業達,2356
068952,call,矽統,2363
068953,call,微星,2377
068954,call,威盛,2388
068955,call,漢唐,2404
068956,call,南亞科,2408
068957,call,友達,2409
068958,call,建準,2421
068959,call,興勤,2428
068960,call,超豐,2441
068961,call,盟立,2464
068962,call,長榮,2603
068963,call,萬海,2615
068964,call,華立,3010
068965,call,亞光,3019
068966,call,新日興,3376
068967,call,神達,3706
068968,call,日月光投控,3711
068969,call,定穎投控,3715
068970,call,和碩,4938
068971,call,臻鼎-KY,4958
068972,call,彩晶,6116
068973,call,帆宣,6196
068974,call,力成,6239
068975,call,同欣電,6271
068976,call,康舒,6282
068977,call,力積電,6770
068978,call,天虹,6937
068979,call,元大台灣50,0050
068980,call,元大台灣50,0050
068981,call,華城,1519
068982,call,台玻,1802
068983,call,英業達,2356
068984,call,英業達,2356
068985,call,金像電,2368
068986,call,金像電,2368
068987,call,金像電,2368
068988,call,菱生,2369
068989,call,漢唐,2404
068990,call,漢唐,2404
068991,call,南亞科,2408
068992,call,南亞科,2408
068993,call,盟立,2464
068994,call,立隆電,2472
068995,call,立隆電,2472
068996,call,大毅,2478
068997,call,大毅,2478
068998,call,緯創,3231
068999,call,緯創,3231
069000,call,正文,4906
069001,call,正文,4906
069002,call,力成,6239
069003,call,同欣電,6271
069004,call,康舒,6282
069005,call,力積電,6770
069006,call,天虹,6937
069007,call,天虹,6937
069008,call,富鼎,8261
069009,call,富鼎,8261
069013,call,元大台灣50,0050
069019,call,中砂,1560
069020,call,長興,1717
069021,call,大成鋼,2027
069022,call,上銀,2049
069023,call,聯電,2303
069024,call,鴻海,2317
069025,call,台積電,2330
069026,call,華邦電,2344
069027,call,順德,2351
069028,call,英業達,2356
069029,call,微星,2377
069030,call,威盛,2388
069031,call,南亞科,2408
069032,call,友達,2409
069033,call,京元電子,2449
069034,call,盟立,2464
069035,call,立隆電,2472
069036,call,鉅祥,2476
069037,call,大毅,2478
069038,call,大毅,2478
069039,call,聯詠,3034
069040,call,智原,3035
069041,call,緯創,3231
069042,call,宏致,3605
069043,call,TPK-KY,3673
069044,call,康普,4739
069045,call,臻鼎-KY,4958
069046,call,十銓,4967
069047,call,祥碩,5269
069048,call,佳必琪,6197
069049,call,力成,6239
069050,call,啟碁,6285
069051,call,緯穎,6669
069052,call,力積電,6770
069053,call,AES-KY,6781
069054,call,智邦,2345
069055,call,佳世達,2352
069056,call,宏碁,2353
069057,call,宏碁,2353
069058,call,英業達,2356
069059,call,英業達,2356
069060,call,金像電,2368
069061,call,微星,2377
069062,call,南亞科,2408
069063,call,南亞科,2408
069064,call,友達,2409
069065,call,建準,2421
069066,call,超豐,2441
069067,call,京元電子,2449
069068,call,創見,2451
069069,call,盟立,2464
069070,call,文曄,3036
069071,call,緯創,3231
069072,call,嘉澤,3533
069073,call,日月光投控,3711
069074,call,臻鼎-KY,4958
069075,call,臻鼎-KY,4958
069076,call,祥碩,5269
069077,call,亞翔,6139
069078,call,力成,6239
069079,call,力成,6239
069080,call,同欣電,6271
069081,call,矽創,8016
069082,call,勤誠,8210
069083,call,中興電,1513
069084,call,華通,2313
069085,call,友達,2409
069086,call,智原,3035
069087,call,天虹,6937
069088,call,元大台灣50,0050
069089,call,台積電,2330
069090,call,同欣電,6271
069091,call,中砂,1560
069092,call,聯電,2303
069093,call,華通,2313
069094,call,楠梓電,2316
069095,call,仁寶,2324
069096,call,台積電,2330
069097,call,佳世達,2352
069098,call,宏碁,2353
069099,call,研華,2395
069100,call,漢唐,2404
069101,call,盟立,2464
069102,call,奇鋐,3017
069103,call,智原,3035
069104,call,瑞鼎,3592
069105,call,日月光投控,3711
069106,call,上品,4770
069107,call,十銓,4967
069108,call,乙盛-KY,5243
069109,call,力積電,6770
069110,call,富邦科技,0052
069112,call,華通,2313
069113,call,華通,2313
069114,call,楠梓電,2316
069115,call,台積電,2330
069116,call,華邦電,2344
069117,call,智邦,2345
069118,call,英業達,2356
069119,call,矽統,2363
069120,call,燿華,2367
069121,call,金像電,2368
069122,call,金像電,2368
069123,call,金像電,2368
069124,call,金像電,2368
069125,call,凱美,2375
069126,call,漢唐,2404
069127,call,南亞科,2408
069128,call,超豐,2441
069129,call,京元電子,2449
069130,call,義隆,2458
069131,call,立隆電,2472
069132,call,奇鋐,3017
069133,call,威健,3033
069134,call,昇貿,3305
069135,call,嘉澤,3533
069136,call,日月光投控,3711
069137,call,東台,4526
069138,call,鈞興-KY,4571
069139,call,臻鼎-KY,4958
069140,call,jpp-KY,5284
069141,call,飛捷,6206
069142,call,和椿,6215
069143,call,旭隼,6409
069144,call,樺漢,6414
069145,call,惠特,6706
069146,call,力積電,6770
069147,call,松川精密,7788
069149,call,長興,1717
069150,call,台玻,1802
069151,call,大成鋼,2027
069152,call,上銀,2049
069153,call,聯電,2303
069154,call,華通,2313
069155,call,鴻海,2317
069156,call,台積電,2330
069157,call,台積電,2330
069158,call,宏碁,2353
069159,call,金像電,2368
06915U,put,鴻海,2317
069160,call,金像電,2368
069161,call,漢唐,2404
069162,call,京元電子,2449
069163,call,盟立,2464
069164,call,台積電,2330
069165,call,台積電,2330
069166,call,立隆電,2472
069167,call,鉅祥,2476
069168,call,萬海,2615
069169,call,奇鋐,3017
06916U,put,金像電,2368
069170,call,智原,3035
069171,call,文曄,3036
069172,call,緯創,3231
069173,call,昇貿,3305
069174,call,乙盛-KY,5243
069176,call,乙盛-KY,5243
069177,call,祥碩,5269
069178,call,佳必琪,6197
069179,call,力成,6239
069180,call,啟碁,6285
069181,call,緯穎,6669
069182,call,AES-KY,6781
069184,call,光寶科,2301
069185,call,創意,3443
069186,call,聯電,2303
069187,call,金寶,2312
069188,call,華通,2313
069189,call,仁寶,2324
069190,call,台積電,2330
069191,call,台積電,2330
069192,call,華邦電,2344
069193,call,智邦,2345
069194,call,英業達,2356
069195,call,金像電,2368
069196,call,微星,2377
069197,call,威盛,2388
069198,call,漢唐,2404
069199,call,南亞科,2408
069200,call,友達,2409
069201,call,建準,2421
069202,call,京元電子,2449
069203,call,盟立,2464
069204,call,立隆電,2472
069205,call,萬海,2615
069208,call,立積,4968
069209,call,奇鋐,3017
069210,call,亞光,3019
069211,call,智原,3035
069213,call,新日興,3376
069214,call,神達,3706
069215,call,日月光投控,3711
069216,call,正文,4906
069217,call,乙盛-KY,5243
069218,call,彩晶,6116
069219,call,佳必琪,6197
069220,call,康舒,6282
069221,call,啟碁,6285
069222,call,力智,6719
069223,call,力積電,6770
069224,call,力積電,6770
069225,call,富鼎,8261
069228,call,台積電,2330
069230,call,台玻,1802
069231,call,金寶,2312
069232,call,金寶,2312
069233,call,華通,2313
069234,call,華通,2313
069235,call,華通,2313
069236,call,華通,2313
069237,call,仁寶,2324
069238,call,廣宇,2328
069239,call,英業達,2356
069240,call,華碩,2357
069241,call,華碩,2357
069242,call,矽統,2363
069243,call,金像電,2368
069244,call,菱生,2369
069245,call,凱美,2375
069246,call,凱美,2375
069247,call,威盛,2388
069248,call,研華,2395
069249,call,南亞科,2408
069250,call,南亞科,2408
069251,call,揚博,2493
069252,call,長榮,2603
069253,call,緯創,3231
069254,call,牧德,3563
069255,call,日月光投控,3711
069256,call,正文,4906
069257,call,臻鼎-KY,4958
069258,call,達興材料,5234
069259,call,乙盛-KY,5243
069260,call,乙盛-KY,5243
069261,call,jpp-KY,5284
069262,call,力成,6239
069263,call,力成,6239
069264,call,同欣電,6271
069265,call,康舒,6282
069266,call,緯穎,6669
069267,call,緯穎,6669
069268,call,緯穎,6669
069269,call,力積電,6770
069270,call,天虹,6937
069271,call,金寶,2312
069272,call,台積電,2330
069273,call,華邦電,2344
069274,call,順德,2351
069275,call,京元電子,2449
069276,call,立隆電,2472
069277,call,TPK-KY,3673
069278,call,力成,6239
069279,call,力積電,6770
06927U,put,神達,3706
069280,call,富鼎,8261
069281,call,聯電,2303
069282,call,元大台灣50,0050
069284,call,順德,2351
069285,call,聯發科,2454
069286,call,漢唐,2404
069287,call,漢唐,2404
069288,call,奇鋐,3017
069289,call,臻鼎-KY,4958
069290,call,臻鼎-KY,4958
069291,call,力積電,6770
069293,call,華城,1519
069294,call,中砂,1560
069295,call,華新,1605
069296,call,華新,1605
069297,call,鴻海,2317
069298,call,菱生,2369
069299,call,南亞科,2408
069300,call,立隆電,2472
069301,call,富邦金,2881
069302,call,緯穎,6669
069303,call,緯穎,6669
069304,call,緯穎,6669
069305,call,騰輝電子-KY,6672
069306,call,富鼎,8261
069307,call,富鼎,8261
069308,call,富鼎,8261
069311,call,光寶科,2301
069312,call,聯電,2303
069313,call,金寶,2312
069314,call,楠梓電,2316
069315,call,仁寶,2324
069316,call,華邦電,2344
069317,call,順德,2351
069318,call,所羅門,2359
069319,call,菱生,2369
069320,call,漢唐,2404
069321,call,南亞科,2408
069322,call,友達,2409
069323,call,建準,2421
069324,call,超豐,2441
069325,call,京元電子,2449
069326,call,義隆,2458
069327,call,立隆電,2472
069328,call,奇鋐,3017
069329,call,亞光,3019
069330,call,新日興,3376
069331,call,日月光投控,3711
069332,call,臻鼎-KY,4958
069333,call,臻鼎-KY,4958
069334,call,彩晶,6116
069335,call,佳必琪,6197
069336,call,力成,6239
069337,call,同欣電,6271
069338,call,鴻海,2317
069339,call,鴻海,2317
069340,call,台積電,2330
069341,call,康舒,6282
069342,call,樺漢,6414
069343,call,力智,6719
069344,call,力積電,6770
069345,call,富鼎,8261
069349,call,南亞,1303
069350,call,南亞,1303
069351,call,中砂,1560
069352,call,聯電,2303
069353,call,楠梓電,2316
069354,call,華邦電,2344
069355,call,順德,2351
069356,call,菱生,2369
069357,call,漢唐,2404
069358,call,立隆電,2472
069359,call,奇鋐,3017
069360,call,文曄,3036
069361,call,緯創,3231
069362,call,瑞鼎,3592
069363,call,TPK-KY,3673
069364,call,上品,4770
069365,call,力成,6239
069366,call,同欣電,6271
069367,call,啟碁,6285
069368,call,AES-KY,6781
069369,call,富鼎,8261
069370,call,元大台灣50,0050
069371,call,元大台灣50,0050
069373,call,聯電,2303
069374,call,聯電,2303
069375,call,聯電,2303
069376,call,楠梓電,2316
069377,call,楠梓電,2316
069378,call,仁寶,2324
069379,call,台積電,2330
069380,call,華邦電,2344
069381,call,順德,2351
069382,call,微星,2377
069383,call,漢唐,2404
069384,call,漢唐,2404
069385,call,南亞科,2408
069386,call,京元電子,2449
069387,call,奇鋐,3017
069390,call,日月光投控,3711
069391,call,技嘉,2376
069392,call,日月光投控,3711
069393,call,上品,4770
069394,call,臻鼎-KY,4958
069395,call,臻鼎-KY,4958
069396,call,臻鼎-KY,4958
069397,call,臻鼎-KY,4958
069398,call,臻鼎-KY,4958
069400,call,智原,3035
069401,call,臻鼎-KY,4958
069402,call,緯創,3231
069403,call,乙盛-KY,5243
069404,call,乙盛-KY,5243
069405,call,彩晶,6116
069406,call,帆宣,6196
069407,call,佳必琪,6197
069408,call,日月光投控,3711
069409,call,同欣電,6271
069410,call,同欣電,6271
069412,call,同欣電,6271
069413,call,同欣電,6271
069414,call,康舒,6282
069415,call,啟碁,6285
069416,call,泓德能源,6873
069417,call,力智,6719
069418,call,力積電,6770
069420,call,羅昇,8374
069421,call,富鼎,8261
069422,call,富鼎,8261
069423,call,富鼎,8261
069424,call,泰金寶-DR,9105
069426,call,新纖,1409
069427,call,士電,1503
069428,call,上銀,2049
069429,call,光寶科,2301
069430,call,聯電,2303
069431,call,鴻海,2317
069432,call,鴻海,2317
069433,call,台積電,2330
069434,call,華邦電,2344
069435,call,菱生,2369
069436,call,微星,2377
069437,call,瑞昱,2379
069438,call,萬海,2615
069439,call,富邦金,2881
069440,call,國泰金,2882
069441,call,嘉澤,3533
069442,call,jpp-KY,5284
069443,call,瀚宇博,5469
069444,call,亞翔,6139
069445,call,康舒,6282
069446,call,南茂,8150
069447,call,中砂,1560
069448,call,力積電,6770
069449,call,上銀,2049
06944U,put,華城,1519
069450,call,聯電,2303
069451,call,聯電,2303
069452,call,金寶,2312
069453,call,華邦電,2344
069454,call,英業達,2356
069455,call,技嘉,2376
069456,call,友達,2409
069457,call,國泰金,2882
069458,call,凱基金,2883
069459,call,第一金,2892
069460,call,昇貿,3305
069461,call,日月光投控,3711
069462,call,彩晶,6116
069463,call,佳必琪,6197
069464,call,力成,6239
069465,call,勤誠,8210
069466,call,宏碁,2353
069467,call,矽統,2363
069468,call,研華,2395
069469,call,奇鋐,3017
069470,call,昇貿,3305
069471,call,新日興,3376
069472,call,祥碩,5269
069473,call,祥碩,5269
069474,call,彩晶,6116
069475,call,力成,6239
069476,call,啟碁,6285
069477,call,元大台灣50,0050
069479,call,南亞,1303
069480,call,中興電,1513
069481,call,華城,1519
069482,call,聯電,2303
069483,call,鴻海,2317
069484,call,華邦電,2344
069485,call,菱生,2369
069486,call,菱生,2369
069487,call,菱生,2369
069488,call,漢唐,2404
069489,call,立隆電,2472
069490,call,立隆電,2472
069491,call,立隆電,2472
069492,call,緯創,3231
069493,call,上品,4770
069494,call,乙盛-KY,5243
069495,call,jpp-KY,5284
069496,call,力成,6239
069497,call,力成,6239
069498,call,力成,6239
069499,call,華東,8110
069500,call,南茂,8150
069501,call,泰金寶-DR,9105
069503,call,光寶科,2301
069504,call,華邦電,2344
069505,call,華邦電,2344
069507,call,英業達,2356
069508,call,漢唐,2404
069509,call,南亞科,2408
069510,call,立隆電,2472
069511,call,立隆電,2472
069512,call,慧洋-KY,2637
069513,call,力成,6239
069514,call,力成,6239
069515,call,騰輝電子-KY,6672
069516,call,惠特,6706
069517,call,力積電,6770
069518,call,奕力-KY,6962
069519,call,華東,8110
069520,call,華東,8110
069521,call,華東,8110
069524,call,華城,1519
069525,call,中砂,1560
069526,call,光寶科,2301
069527,call,光寶科,2301
069528,call,聯電,2303
069529,call,金寶,2312
069530,call,金寶,2312
069531,call,金寶,2312
069532,call,鴻海,2317
069533,call,台積電,2330
069534,call,華邦電,2344
069535,call,華邦電,2344
069536,call,菱生,2369
069537,call,菱生,2369
069538,call,南亞科,2408
069539,call,南亞科,2408
069540,call,超豐,2441
069541,call,京元電子,2449
069542,call,京元電子,2449
069543,call,立隆電,2472
069544,call,立隆電,2472
069545,call,立隆電,2472
069546,call,揚博,2493
069547,call,奇鋐,3017
069548,call,奇鋐,3017
069549,call,日月光投控,3711
069550,call,日月光投控,3711
069551,call,眾達-KY,4977
069552,call,彩晶,6116
069553,call,彩晶,6116
069554,call,力成,6239
069555,call,力成,6239
069556,call,力成,6239
069557,call,力成,6239
069558,call,力成,6239
069559,call,力成,6239
069560,call,力成,6239
069561,call,啟碁,6285
069562,call,啟碁,6285
069563,call,啟碁,6285
069564,call,緯穎,6669
069565,call,緯穎,6669
069566,call,惠特,6706
069567,call,聯電,2303
069568,call,仁寶,2324
069569,call,華邦電,2344
069570,call,所羅門,2359
069571,call,京元電子,2449
069572,call,義隆,2458
069573,call,亞光,3019
069575,call,jpp-KY,5284
069576,call,國巨*,2327
069577,call,台積電,2330
069578,call,力積電,6770
069580,call,台光電,2383
069581,call,中興電,1513
069582,call,中鋼,2002
069583,call,長榮,2603
069584,call,聯電,2303
069585,call,南亞科,2408
069586,call,萬海,2615
069587,call,普安,2495
069588,call,大立光,3008
069589,call,惠特,6706
069590,call,華新,1605
069591,call,聯電,2303
069592,call,聯電,2303
069593,call,新日興,3376
069594,call,英業達,2356
069595,call,興勤,2428
069596,call,超豐,2441
069597,call,台灣精銳,4583
069598,call,志聖,2467
069599,call,材料*-KY,4763
069600,call,可成,2474
069601,call,鉅祥,2476
069602,call,奇鋐,3017
069603,call,矽格,6257
069604,call,南亞科,2408
069605,call,樺漢,6414
069606,call,日月光投控,3711
069607,call,台塑,1301
069608,call,勝一,1773
069609,call,晶心科,6533
069610,call,鴻海,2317
069611,call,昇陽半導體,8028
069612,call,英業達,2356
069613,call,大同,2371
069614,call,京元電子,2449
069615,call,志聖,2467
069616,call,志聖,2467
069617,call,增你強,3028
069618,call,日月光投控,3711
069619,call,正文,4906
069620,call,鴻海,2317
069621,call,正文,4906
069622,call,采鈺,6789
069623,call,采鈺,6789
069624,call,采鈺,6789
069626,call,信錦,1582
069627,call,光寶科,2301
069628,call,聯電,2303
069629,call,聯電,2303
069630,call,聯電,2303
069631,call,鴻海,2317
069632,call,南亞科,2408
069633,call,南亞科,2408
069634,call,興勤,2428
069635,call,超豐,2441
069636,call,京元電子,2449
069637,call,京元電子,2449
069638,call,志聖,2467
069639,call,志聖,2467
069640,call,揚博,2493
069641,call,日月光投控,3711
069642,call,日月光投控,3711
069643,call,日月光投控,3711
069644,call,正文,4906
069645,call,精成科,6191
069646,call,旭隼,6409
069647,call,緯穎,6669
069648,call,力積電,6770
069649,call,力積電,6770
069650,call,采鈺,6789
069651,call,采鈺,6789
069652,call,采鈺,6789
069653,call,南茂,8150
069654,call,元大台灣50,0050
069658,call,南亞,1303
069659,call,南亞,1303
069660,call,南亞,1303
069661,call,亞力,1514
069662,call,華城,1519
069663,call,中砂,1560
069664,call,中鋼,2002
069665,call,大成鋼,2027
069666,call,光寶科,2301
069667,call,聯電,2303
069668,call,鴻海,2317
069669,call,仁寶,2324
069670,call,台積電,2330
069671,call,華邦電,2344
069672,call,宏碁,2353
069673,call,微星,2377
069674,call,研華,2395
069675,call,漢唐,2404
069676,call,漢唐,2404
069677,call,南亞科,2408
069678,call,興勤,2428
069679,call,超豐,2441
069680,call,京元電子,2449
069681,call,長榮,2603
069682,call,奇鋐,3017
069683,call,奇鋐,3017
069684,call,緯創,3231
069685,call,昇貿,3305
069686,call,TPK-KY,3673
069687,call,日月光投控,3711
069688,call,十銓,4967
069689,call,祥碩,5269
069690,call,祥碩,5269
069691,call,群電,6412
069692,call,群電,6412
069693,call,力智,6719
069694,call,AES-KY,6781
069695,call,華東,8110
069696,call,南茂,8150
069700,call,仁寶,2324
069701,call,漢唐,2404
069702,call,志聖,2467
069703,call,宏達電,2498
069704,call,宏達電,2498
069705,call,國泰金,2882
069706,call,緯創,3231
069707,call,乙盛-KY,5243
069708,call,jpp-KY,5284
069709,call,力積電,6770
069710,call,采鈺,6789
069711,call,南茂,8150
069713,call,信錦,1582
069714,call,華新,1605
069715,call,台玻,1802
069716,call,中鋼,2002
069717,call,大成鋼,2027
069718,call,聯電,2303
069719,call,華泰,2329
069720,call,華邦電,2344
069721,call,智邦,2345
069722,call,英業達,2356
069723,call,燿華,2367
069724,call,技嘉,2376
069725,call,漢唐,2404
069726,call,南亞科,2408
069727,call,友達,2409
069728,call,超豐,2441
069729,call,京元電子,2449
069730,call,志聖,2467
069731,call,奇鋐,3017
069732,call,智原,3035
069733,call,華擎,3515
069734,call,嘉澤,3533
069735,call,牧德,3563
069736,call,達邁,3645
069737,call,TPK-KY,3673
069738,call,日月光投控,3711
069739,call,眾達-KY,4977
069740,call,乙盛-KY,5243
069741,call,祥碩,5269
069742,call,jpp-KY,5284
069743,call,今國光,6209
069744,call,康舒,6282
069745,call,群電,6412
069746,call,惠特,6706
069747,call,力積電,6770
069748,call,AES-KY,6781
069749,call,采鈺,6789
069750,call,三集瑞-KY,6862
069751,call,南茂,8150
069752,call,士電,1503
069753,call,廣宇,2328
069754,call,可成,2474
069755,call,鉅祥,2476
069756,call,強茂,2481
069757,call,日月光投控,3711
069758,call,華東,8110
069759,call,南茂,8150
069761,call,南亞,1303
069762,call,中興電,1513
069763,call,大亞,1609
069764,call,鴻海,2317
069765,call,鴻海,2317
069766,call,鴻海,2317
069767,call,仁寶,2324
069768,call,華邦電,2344
069769,call,宏碁,2353
069770,call,敬鵬,2355
069771,call,英業達,2356
069772,call,華碩,2357
069773,call,燿華,2367
069774,call,技嘉,2376
069775,call,微星,2377
069776,call,南亞科,2408
069777,call,南亞科,2408
069778,call,友達,2409
069779,call,可成,2474
069780,call,強茂,2481
069781,call,緯創,3231
069782,call,友訊,2332
069783,call,神達,3706
069784,call,鴻準,2354
069785,call,力積電,6770
069786,call,力積電,6770
069787,call,力積電,6770
069788,call,威盛,2388
069789,call,華東,8110
069790,call,福懋科,8131
069791,call,南茂,8150
069792,call,華夏,1305
069793,call,台化,1326
069794,call,華晶科,3059
069795,call,儒鴻,1476
069796,call,和大,1536
069798,call,楠梓電,2316
069799,call,精成科,6191
069800,call,台郡,6269
069801,call,所羅門,2359
069802,call,超豐,2441
069804,call,飛宏,2457
069806,call,強茂,2481
069807,call,裕民,2606
069808,call,陽明,2609
069809,call,神基,3005
069810,call,智原,3035
069812,call,牧德,3563
069813,call,亞翔,6139
069814,call,緯穎,6669
069815,call,緯穎,6669
069816,call,力積電,6770
069817,call,采鈺,6789
069818,call,南茂,8150
069819,call,寶成,9904
069820,call,華新,1605
069821,call,台玻,1802
069822,call,大成鋼,2027
069823,call,鴻海,2317
069824,call,仁寶,2324
069825,call,華泰,2329
069826,call,華邦電,2344
069827,call,智邦,2345
069828,call,英業達,2356
069829,call,華碩,2357
069830,call,燿華,2367
069831,call,鴻海,2317
069832,call,鴻海,2317
069833,call,鴻海,2317
069834,call,鴻海,2317
069835,call,技嘉,2376
069836,call,南亞科,2408
069837,call,友達,2409
069838,call,強茂,2481
069839,call,宏達電,2498
069840,call,奇鋐,3017
069841,call,健鼎,3044
069842,call,緯創,3231
069843,call,華擎,3515
069845,call,牧德,3563
069846,call,眾達-KY,4977
069847,call,乙盛-KY,5243
069848,call,祥碩,5269
069849,call,jpp-KY,5284
069850,call,群電,6412
069851,call,緯穎,6669
069852,call,力積電,6770
069853,call,南茂,8150
069854,call,東元,1504
069855,call,華新,1605
069856,call,勝一,1773
069857,call,上銀,2049
069858,call,光寶科,2301
069859,call,鴻海,2317
069860,call,鴻海,2317
069861,call,鴻海,2317
069862,call,仁寶,2324
069863,call,台積電,2330
069864,call,華邦電,2344
069865,call,宏碁,2353
069866,call,英業達,2356
069867,call,英業達,2356
069868,call,技嘉,2376
069869,call,技嘉,2376
069870,call,南亞科,2408
069871,call,南亞科,2408
069872,call,京元電子,2449
069873,call,可成,2474
069874,call,可成,2474
069875,call,強茂,2481
069876,call,強茂,2481
069877,call,長榮航,2618
069878,call,健鼎,3044
069879,call,緯創,3231
069880,call,昇貿,3305
069881,call,華擎,3515
069882,call,日月光投控,3711
069883,call,和碩,4938
069884,call,帆宣,6196
069885,call,矽格,6257
069886,call,奕力-KY,6962
069887,call,台虹,8039
069888,call,華東,8110
069889,call,南茂,8150
069893,call,中砂,1560
069894,call,台玻,1802
069895,call,光寶科,2301
069896,call,光寶科,2301
069897,call,聯電,2303
069898,call,聯電,2303
069899,call,鴻海,2317
069900,call,鴻海,2317
069901,call,華邦電,2344
069902,call,華邦電,2344
069903,call,佳能,2374
069904,call,技嘉,2376
069905,call,南亞科,2408
069906,call,友達,2409
069907,call,京元電子,2449
069908,call,京元電子,2449
069909,call,強茂,2481
06990U,put,台積電,2330
069910,call,強茂,2481
069911,call,強茂,2481
069912,call,強茂,2481
069913,call,奇鋐,3017
069914,call,奇鋐,3017
069915,call,智原,3035
069916,call,玉晶光,3406
069917,call,嘉澤,3533
069918,call,日月光投控,3711
069919,call,正文,4906
069920,call,矽格,6257
069921,call,康舒,6282
069922,call,緯穎,6669
069923,call,力積電,6770
069924,call,力積電,6770
069925,call,力積電,6770
069926,call,力積電,6770
069927,call,力積電,6770
069928,call,采鈺,6789
069929,call,采鈺,6789
069930,call,南茂,8150
069931,call,南茂,8150
069935,call,聯電,2303
069936,call,精英,2331
069937,call,精英,2331
069938,call,華邦電,2344
069939,call,華邦電,2344
069940,call,華碩,2357
069941,call,華碩,2357
069942,call,技嘉,2376
069943,call,技嘉,2376
069944,call,南亞科,2408
069945,call,南亞科,2408
069946,call,友達,2409
069947,call,友達,2409
069948,call,強茂,2481
069949,call,強茂,2481
069950,call,矽格,6257
069951,call,緯穎,6669
069952,call,緯穎,6669
069953,call,力積電,6770
069954,call,力積電,6770
069955,call,三集瑞-KY,6862
069956,call,長華*,8070
069957,call,南茂,8150
069958,call,南茂,8150
069959,call,南茂,8150
069960,call,南茂,8150
069961,call,華新,1605
069962,call,台玻,1802
069963,call,仁寶,2324
069964,call,華邦電,2344
069965,call,可成,2474
069966,call,晶豪科,3006
069967,call,晶豪科,3006
069968,call,華新,1605
069969,call,緯創,3231
069970,call,緯創,3231
069971,call,和碩,4938
069972,call,大成鋼,2027
069973,call,南亞,1303
069974,call,鴻海,2317
069975,call,鴻海,2317
069976,call,仁寶,2324
069977,call,台積電,2330
069978,call,台積電,2330
069979,call,華邦電,2344
069980,call,宏碁,2353
069981,call,技嘉,2376
069982,call,南亞科,2408
069983,call,長榮,2603
069984,call,萬海,2615
069985,call,奇鋐,3017
069986,call,奇鋐,3017
069987,call,志強-KY,6768
069988,call,緯創,3231
069989,call,新日興,3376
069990,call,台郡,6269
069991,call,緯穎,6669
069992,call,緯穎,6669
069993,call,台塑,1301
069994,call,台積電,2330
069995,call,大亞,1609
069996,call,上銀,2049
069997,call,聯電,2303
069998,call,鴻海,2317
069999,call,鴻海,2317
070000,call,仁寶,2324
070001,call,廣宇,2328
070002,call,華邦電,2344
070003,call,華邦電,2344
070004,call,華碩,2357
070005,call,微星,2377
070006,call,南亞科,2408
070007,call,南亞科,2408
070008,call,可成,2474
070009,call,新日興,3376
070010,call,新日興,3376
070011,call,新日興,3376
070012,call,神達,3706
070014,call,三集瑞-KY,6862
070016,call,南亞,1303
070017,call,新纖,1409
070018,call,聚陽,1477
070019,call,東元,1504
07001U,put,晶豪科,3006
070020,call,信錦,1582
070021,call,華新,1605
070022,call,聯電,2303
070023,call,鴻海,2317
070024,call,長榮,2603
070025,call,仁寶,2324
070026,call,廣宇,2328
070027,call,華邦電,2344
070028,call,宏碁,2353
070029,call,華碩,2357
070030,call,佳能,2374
070031,call,微星,2377
070032,call,南亞科,2408
070033,call,材料*-KY,4763
070034,call,友達,2409
070035,call,可成,2474
070036,call,長榮航,2618
070037,call,奇鋐,3017
070038,call,緯創,3231
070039,call,昇貿,3305
070040,call,新日興,3376
070041,call,玉晶光,3406
070042,call,正文,4906
070043,call,和碩,4938
070044,call,台郡,6269
070045,call,康舒,6282
070046,call,中砂,1560
070047,call,中砂,1560
070048,call,光寶科,2301
070049,call,光寶科,2301
070050,call,光寶科,2301
070051,call,聯電,2303
070052,call,聯電,2303
070053,call,聯電,2303
070054,call,鴻海,2317
070055,call,鴻海,2317
070056,call,鴻海,2317
070057,call,鴻海,2317
070058,call,鴻海,2317
070059,call,仁寶,2324
070060,call,仁寶,2324
070061,call,仁寶,2324
070062,call,台積電,2330
070063,call,華邦電,2344
070064,call,華邦電,2344
070065,call,華邦電,2344
070066,call,華邦電,2344
070067,call,智邦,2345
070068,call,智邦,2345
070069,call,智邦,2345
070070,call,宏碁,2353
070071,call,宏碁,2353
070072,call,敬鵬,2355
070073,call,英業達,2356
070074,call,英業達,2356
070075,call,英業達,2356
070076,call,矽統,2363
070077,call,矽統,2363
070078,call,威盛,2388
070079,call,南亞科,2408
070080,call,南亞科,2408
070081,call,友達,2409
070082,call,友達,2409
070083,call,友達,2409
070084,call,京元電子,2449
070085,call,京元電子,2449
070086,call,京元電子,2449
070087,call,可成,2474
070088,call,國泰金,2882
070089,call,晶豪科,3006
070090,call,奇鋐,3017
070091,call,奇鋐,3017
070092,call,嘉澤,3533
070093,call,嘉澤,3533
070094,call,嘉澤,3533
070095,call,正文,4906
070096,call,眾達-KY,4977
070097,call,眾達-KY,4977
070098,call,佳必琪,6197
070099,call,康舒,6282
070100,call,緯穎,6669
070101,call,緯穎,6669
070102,call,緯穎,6669
070103,call,惠特,6706
070104,call,AES-KY,6781
070105,call,采鈺,6789
070106,call,三集瑞-KY,6862
070107,call,華東,8110
070108,call,華東,8110
070112,call,南亞,1303
070113,call,南亞,1303
070114,call,東元,1504
070115,call,允強,2034
070116,call,鴻海,2317
070117,call,鴻海,2317
070118,call,鴻海,2317
070119,call,鴻海,2317
070120,call,鴻海,2317
070121,call,仁寶,2324
070122,call,廣宇,2328
070123,call,華邦電,2344
070124,call,佳世達,2352
070125,call,宏碁,2353
070126,call,英業達,2356
070127,call,英業達,2356
070128,call,燿華,2367
070129,call,微星,2377
070130,call,群光,2385
070131,call,南亞科,2408
070132,call,友達,2409
070133,call,可成,2474
070134,call,可成,2474
070135,call,晟銘電,3013
070136,call,奇鋐,3017
070137,call,緯創,3231
070138,call,緯創,3231
070139,call,正文,4906
070140,call,乙盛-KY,5243
070141,call,康舒,6282
070142,call,群電,6412
070143,call,采鈺,6789
070144,call,新纖,1409
070145,call,華通,2313
070146,call,英業達,2356
070147,call,華碩,2357
070148,call,微星,2377
070149,call,友達,2409
070150,call,京元電子,2449
070151,call,可成,2474
070152,call,華航,2610
070153,call,緯創,3231
070154,call,和碩,4938
070155,call,祥碩,5269
070156,call,長華*,8070
070157,call,新纖,1409
070158,call,新纖,1409
070159,call,新纖,1409
070160,call,鴻海,2317
070161,call,華邦電,2344
070162,call,華邦電,2344
070163,call,華邦電,2344
070164,call,英業達,2356
070165,call,華碩,2357
070166,call,華碩,2357
070167,call,南亞科,2408
070168,call,可成,2474
070169,call,緯創,3231
070170,call,元大台灣50,0050
070171,call,光寶科,2301
070172,call,光寶科,2301
070173,call,華邦電,2344
070174,call,華邦電,2344
070175,call,華碩,2357
070176,call,華碩,2357
070177,call,南亞科,2408
070178,call,南亞科,2408
070179,call,友達,2409
070180,call,宏達電,2498
070181,call,華晶科,3059
070183,call,華晶科,3059
070184,call,十銓,4967
070185,call,緯穎,6669
070186,call,華通,2313
070187,call,仁寶,2324
070189,call,宏碁,2353
070190,call,英業達,2356
070191,call,技嘉,2376
070192,call,微星,2377
070193,call,友達,2409
070194,call,元大金,2885
070195,call,中信金,2891
070196,call,晟銘電,3013
070197,call,神達,3706
070198,call,華擎,3515
070199,call,十銓,4967
070201,call,佳必琪,6197
070202,call,康舒,6282
070204,call,士電,1503
070205,call,士電,1503
070206,call,東元,1504
070207,call,鴻海,2317
070208,call,仁寶,2324
070209,call,華邦電,2344
070210,call,宏碁,2353
070211,call,英業達,2356
070212,call,華碩,2357
070213,call,華碩,2357
070214,call,華碩,2357
070215,call,技嘉,2376
070216,call,微星,2377
070217,call,南亞科,2408
070218,call,志聖,2467
070219,call,可成,2474
070220,call,晶豪科,3006
070221,call,奇鋐,3017
070222,call,聯詠,3034
070223,call,華晶科,3059
070224,call,緯創,3231
070225,call,昇貿,3305
070226,call,新日興,3376
070227,call,和碩,4938
070228,call,祥碩,5269
070229,call,台郡,6269
070230,call,福懋科,8131
070233,call,元大台灣50,0050
070234,call,元大台灣50,0050
070235,call,元大台灣50,0050
070237,call,遠東新,1402
070238,call,新纖,1409
070240,call,光寶科,2301
070241,call,鴻海,2317
070242,call,鴻海,2317
070243,call,中環,2323
070244,call,仁寶,2324
070245,call,台積電,2330
070246,call,華邦電,2344
070247,call,華邦電,2344
070248,call,華邦電,2344
070249,call,華邦電,2344
070250,call,佳世達,2352
070251,call,宏碁,2353
070252,call,英業達,2356
070253,call,華碩,2357
070254,call,華碩,2357
070255,call,微星,2377
070256,call,南亞科,2408
070257,call,京元電子,2449
070258,call,可成,2474
070259,call,宏達電,2498
070260,call,晶豪科,3006
070261,call,晟銘電,3013
070262,call,華晶科,3059
070263,call,緯創,3231
070264,call,緯創,3231
070265,call,十銓,4967
070266,call,佳必琪,6197
070267,call,松川精密,7788
070268,call,泰金寶-DR,9105
070271,call,新纖,1409
070272,call,光寶科,2301
070273,call,聯電,2303
070274,call,聯電,2303
070275,call,華通,2313
070276,call,華通,2313
070277,call,華通,2313
070278,call,華通,2313
070279,call,華通,2313
070280,call,鴻海,2317
070281,call,鴻海,2317
070282,call,仁寶,2324
070283,call,仁寶,2324
070284,call,仁寶,2324
070285,call,台積電,2330
070286,call,華邦電,2344
070287,call,華邦電,2344
070288,call,華邦電,2344
070289,call,華邦電,2344
070290,call,華邦電,2344
070291,call,華邦電,2344
070292,call,華邦電,2344
070293,call,智邦,2345
070294,call,智邦,2345
070295,call,智邦,2345
070296,call,英業達,2356
070297,call,英業達,2356
070298,call,英業達,2356
070299,call,華碩,2357
070300,call,華碩,2357
070301,call,華碩,2357
070302,call,華碩,2357
070303,call,華碩,2357
070304,call,技嘉,2376
070305,call,微星,2377
070306,call,微星,2377
070307,call,微星,2377
070308,call,南亞科,2408
070309,call,南亞科,2408
070310,call,南亞科,2408
070311,call,友達,2409
070312,call,友達,2409
070313,call,京元電子,2449
070314,call,京元電子,2449
070315,call,可成,2474
070316,call,晶豪科,3006
070317,call,晶豪科,3006
070318,call,奇鋐,3017
070319,call,奇鋐,3017
070320,call,奇鋐,3017
070321,call,聯詠,3034
070322,call,緯創,3231
070323,call,緯創,3231
070324,call,緯創,3231
070325,call,昇貿,3305
070326,call,昇貿,3305
070327,call,嘉澤,3533
070328,call,嘉澤,3533
070329,call,日月光投控,3711
07032U,put,元大台灣50,0050
070330,call,佳必琪,6197
070331,call,康舒,6282
070332,call,緯穎,6669
070333,call,緯穎,6669
070334,call,緯穎,6669
070335,call,惠特,6706
070336,call,采鈺,6789
070340,call,佳能,2374
070341,call,南亞科,2408
070342,call,南亞科,2408
070343,call,凱基金,2883
070344,call,晶豪科,3006
070345,call,華晶科,3059
070346,call,緯創,3231
070347,call,樺漢,6414
070350,call,仁寶,2324
070351,call,佳世達,2352
070352,call,奇鋐,3017
070353,call,神達,3706
070354,call,日月光投控,3711
070355,call,康舒,6282
070358,call,南亞,1303
070359,call,光寶科,2301
070360,call,鴻海,2317
070361,call,仁寶,2324
070362,call,宏碁,2353
070363,call,宏碁,2353
070364,call,技嘉,2376
070365,call,微星,2377
070366,call,南亞科,2408
070367,call,南亞科,2408
070368,call,京元電子,2449
070369,call,可成,2474
070370,call,瑞軒,2489
070371,call,上緯投控,3708
070372,call,乙盛-KY,5243
070373,call,緯穎,6669
070378,call,士電,1503
070379,call,東元,1504
070380,call,中興電,1513
070381,call,亞力,1514
070382,call,華城,1519
070383,call,中纖,1718
070384,call,第一銅,2009
070385,call,光寶科,2301
070386,call,鴻海,2317
070387,call,鴻海,2317
070388,call,仁寶,2324
070389,call,智邦,2345
070390,call,佳世達,2352
070391,call,宏碁,2353
070392,call,英業達,2356
070393,call,英業達,2356
070394,call,華碩,2357
070395,call,南亞科,2408
070396,call,友達,2409
070397,call,飛宏,2457
070398,call,可成,2474
070399,call,兆赫,2485
070400,call,昇貿,3305
070401,call,新日興,3376
070402,call,日月光投控,3711
070403,call,和碩,4938
070404,call,聯發科,2454
070405,call,十銓,4967
070406,call,乙盛-KY,5243
070407,call,矽格,6257
070408,call,台郡,6269
070409,call,康舒,6282
070410,call,緯穎,6669
070411,call,福懋科,8131
070413,call,中興電,1513
070414,call,亞力,1514
070415,call,華城,1519
070416,call,大亞,1609
070417,call,光寶科,2301
070418,call,台積電,2330
070419,call,智邦,2345
070420,call,佳世達,2352
070421,call,英業達,2356
070422,call,南亞科,2408
070423,call,友達,2409
070424,call,京元電子,2449
070425,call,飛宏,2457
070426,call,凱基金,2883
070427,call,晶豪科,3006
070428,call,晟銘電,3013
070429,call,緯創,3231
070430,call,十銓,4967
070431,call,勤誠,8210
070432,call,富邦科技,0052
070433,call,元大高股息,0056
070440,call,華新,1605
070441,call,聯電,2303
070442,call,聯電,2303
070443,call,聯電,2303
070444,call,華通,2313
070445,call,華通,2313
070446,call,華通,2313
070447,call,鴻海,2317
070448,call,鴻海,2317
070449,call,鴻海,2317
070450,call,鴻海,2317
070451,call,仁寶,2324
070452,call,台積電,2330
070453,call,台積電,2330
070454,call,智邦,2345
070455,call,智邦,2345
070456,call,宏碁,2353
070457,call,宏碁,2353
070458,call,英業達,2356
070459,call,英業達,2356
070460,call,華碩,2357
070461,call,華碩,2357
070462,call,華碩,2357
070463,call,技嘉,2376
070464,call,技嘉,2376
070465,call,微星,2377
070466,call,微星,2377
070467,call,微星,2377
070468,call,南亞科,2408
070469,call,南亞科,2408
070470,call,南亞科,2408
070471,call,南亞科,2408
070472,call,南亞科,2408
070473,call,南亞科,2408
070474,call,南亞科,2408
070475,call,南亞科,2408
070476,call,友達,2409
070477,call,京元電子,2449
070478,call,京元電子,2449
070479,call,可成,2474
070480,call,瑞軒,2489
070482,call,晶豪科,3006
070483,call,晶豪科,3006
070484,call,奇鋐,3017
070485,call,奇鋐,3017
070486,call,奇鋐,3017
070488,call,華晶科,3059
070489,call,緯創,3231
070490,call,佳能,2374
070492,call,皇昌,2543
070493,call,緯創,3231
070495,call,緯創,3231
070496,call,緯創,3231
070497,call,緯創,3231
070498,call,新日興,3376
070499,call,新日興,3376
070500,call,嘉澤,3533
070502,call,TPK-KY,3673
070503,call,神達,3706
070504,call,日月光投控,3711
070505,call,日月光投控,3711
070506,call,十銓,4967
070507,call,祥碩,5269
070508,call,台郡,6269
070509,call,康舒,6282
07050P,put,台積電,2330
070510,call,康舒,6282
070511,call,緯穎,6669
070512,call,緯穎,6669
070514,call,緯穎,6669
070517,call,中纖,1718
070518,call,中纖,1718
070519,call,仁寶,2324
070520,call,仁寶,2324
070521,call,鴻準,2354
070522,call,英業達,2356
070523,call,美利達,9914
070524,call,英業達,2356
070525,call,技嘉,2376
070526,call,可成,2474
070527,call,兆赫,2485
070528,call,瑞軒,2489
070529,call,台積電,2330
070530,call,台積電,2330
070531,call,瑞軒,2489
070532,call,陽明,2609
070533,call,凱基金,2883
070534,call,中信金,2891
070535,call,緯創,3231
070536,call,緯創,3231
070537,call,TPK-KY,3673
070538,call,TPK-KY,3673
070539,call,十銓,4967
070540,call,十銓,4967
070541,call,十銓,4967
070542,call,康舒,6282
070543,call,康舒,6282
070544,call,緯穎,6669
070545,call,松川精密,7788
070546,call,明基材,8215
07054U,put,旺宏,2337
070550,call,南亞,1303
070551,call,聯電,2303
070552,call,鴻海,2317
070553,call,亞翔,6139
070554,call,和桐,1714
070555,call,台橡,2103
070556,call,中環,2323
070557,call,仁寶,2324
070558,call,英業達,2356
070559,call,英業達,2356
07055U,put,京元電子,2449
070560,call,超豐,2441
070561,call,創見,2451
070562,call,華晶科,3059
070563,call,TPK-KY,3673
070564,call,康舒,6282
070565,call,東元,1504
070566,call,中興電,1513
070567,call,亞力,1514
070568,call,華城,1519
070569,call,長興,1717
070570,call,光寶科,2301
070571,call,智邦,2345
070572,call,友達,2409
070573,call,臺企銀,2834
070574,call,國泰金,2882
070575,call,玉山金,2884
070576,call,元大金,2885
070577,call,台新新光金,2887
070578,call,永豐金,2890
070579,call,第一金,2892
070580,call,昇貿,3305
070581,call,新日興,3376
070582,call,日月光投控,3711
070583,call,十銓,4967
070584,call,乙盛-KY,5243
070585,call,台表科,6278
070586,call,台表科,6278
070587,call,富世達,6805
070588,call,富世達,6805
070589,call,松川精密,7788
070591,call,士電,1503
070592,call,東元,1504
070593,call,中興電,1513
070594,call,亞力,1514
070595,call,華榮,1608
070596,call,研華,2395
070597,call,漢唐,2404
070598,call,友達,2409
070599,call,友達,2409
070600,call,晶豪科,3006
070601,call,玉晶光,3406
070602,call,十銓,4967
070603,call,富世達,6805
070604,call,富世達,6805
070605,call,世紀鋼,9958
070610,call,南亞,1303
070611,call,東陽,1319
070612,call,士電,1503
070613,call,亞力,1514
070614,call,華新,1605
070615,call,中纖,1718
070616,call,聯電,2303
070617,call,華通,2313
070618,call,鴻海,2317
070619,call,技嘉,2376
070620,call,微星,2377
070621,call,京元電子,2449
070622,call,飛宏,2457
070623,call,揚博,2493
070624,call,華航,2610
070625,call,華南金,2880
070626,call,玉山金,2884
070627,call,元大金,2885
070628,call,兆豐金,2886
070629,call,台新新光金,2887
070630,call,永豐金,2890
070631,call,晶豪科,3006
070632,call,晟銘電,3013
070633,call,緯創,3231
070634,call,神達,3706
070635,call,上緯投控,3708
070636,call,祥碩,5269
070637,call,旭隼,6409
070638,call,世紀鋼,9958
070642,call,富邦科技,0052
070644,call,統一,1216
070645,call,士電,1503
070646,call,東元,1504
070647,call,光寶科,2301
070648,call,鴻海,2317
070649,call,鴻海,2317
07064U,put,華東,8110
070650,call,鴻海,2317
070651,call,鴻海,2317
070652,call,仁寶,2324
070653,call,廣宇,2328
070654,call,台積電,2330
070655,call,英業達,2356
070656,call,大同,2371
070657,call,強茂,2481
070658,call,凱基金,2883
070659,call,玉山金,2884
070660,call,永豐金,2890
070661,call,日月光投控,3711
070662,call,中磊,5388
070663,call,富世達,6805
070665,call,國喬,1312
070666,call,國喬,1312
070667,call,中興電,1513
070668,call,中纖,1718
070669,call,中纖,1718
070670,call,仁寶,2324
070671,call,強茂,2481
070672,call,長榮,2603
070673,call,TPK-KY,3673
070674,call,台郡,6269
070675,call,台表科,6278
070676,call,康舒,6282
070677,call,富世達,6805
070678,call,勤誠,8210
070679,call,勤誠,8210
07067U,put,力積電,6770
070680,call,富鼎,8261
070681,call,美德醫療-DR,9103
070684,call,元大台灣50,0050
070685,call,台聚,1304
070686,call,三芳,1307
070687,call,國喬,1312
070688,call,國喬,1312
070689,call,聯成,1313
070690,call,台化,1326
070691,call,士電,1503
070693,call,東元,1504
070694,call,亞力,1514
070695,call,光寶科,2301
070696,call,光寶科,2301
070698,call,貿聯-KY,3665
070699,call,光寶科,2301
070700,call,大同,2371
070701,call,瑞昱,2379
070703,call,亞翔,6139
070704,call,瑞昱,2379
070705,call,研華,2395
070706,call,保瑞,6472
070707,call,揚博,2493
070708,call,揚博,2493
070710,call,凱基金,2883
070711,call,今國光,6209
070713,call,勤誠,8210
070714,call,康舒,6282
070715,call,旭隼,6409
070716,call,旭隼,6409
070717,call,旭隼,6409
070718,call,AES-KY,6781
070719,call,AES-KY,6781
070720,call,AES-KY,6781
070721,call,雲豹能源,6869
070725,call,國喬,1312
070726,call,國喬,1312
070727,call,國喬,1312
070728,call,東元,1504
070729,call,東元,1504
070730,call,中興電,1513
070731,call,中興電,1513
070732,call,亞力,1514
070733,call,華城,1519
070734,call,華城,1519
070735,call,華城,1519
070736,call,華城,1519
070737,call,華新,1605
070738,call,華新,1605
070739,call,光寶科,2301
070740,call,光寶科,2301
070741,call,光寶科,2301
070742,call,聯電,2303
070743,call,聯電,2303
070744,call,聯電,2303
070745,call,聯電,2303
070746,call,華通,2313
070747,call,華通,2313
070748,call,華通,2313
070749,call,華通,2313
070750,call,鴻海,2317
070751,call,台積電,2330
070752,call,智邦,2345
070753,call,技嘉,2376
070754,call,微星,2377
070755,call,微星,2377
070756,call,友達,2409
070759,call,友達,2409
070760,call,友達,2409
070761,call,強茂,2481
070762,call,強茂,2481
070763,call,強茂,2481
070764,call,強茂,2481
070765,call,強茂,2481
070766,call,宏達電,2498
070767,call,富邦金,2881
070768,call,晶豪科,3006
070769,call,晶豪科,3006
070770,call,晟銘電,3013
070771,call,奇鋐,3017
070772,call,緯創,3231
070773,call,緯創,3231
070774,call,緯創,3231
070775,call,昇貿,3305
070776,call,新日興,3376
070777,call,神達,3706
070778,call,日月光投控,3711
070779,call,亞翔,6139
070780,call,亞翔,6139
070781,call,台郡,6269
070782,call,台表科,6278
070783,call,康舒,6282
070784,call,康舒,6282
070785,call,康舒,6282
070786,call,康舒,6282
070787,call,緯穎,6669
070788,call,緯穎,6669
070789,call,緯穎,6669
070790,call,緯穎,6669
070791,call,AES-KY,6781
070792,call,AES-KY,6781
070793,call,富世達,6805
070794,call,富鼎,8261
070795,call,晶豪科,3006
070796,call,緯創,3231
070798,call,聯電,2303
070799,call,瑞昱,2379
070800,call,友達,2409
070801,call,京元電子,2449
070802,call,晶豪科,3006
070803,call,晶豪科,3006
070804,call,晶豪科,3006
070805,call,奇鋐,3017
070806,call,緯創,3231
070807,call,新日興,3376
070808,call,十銓,4967
070809,call,台表科,6278
07080U,put,旺宏,2337
070810,call,啟碁,6285
070811,call,旭隼,6409
070812,call,GIS-KY,6456
070814,call,東元,1504
070815,call,華新,1605
070816,call,光寶科,2301
070817,call,智邦,2345
070818,call,英業達,2356
070819,call,技嘉,2376
07081U,put,旺宏,2337
070820,call,億光,2393
070821,call,友達,2409
070822,call,第一金,2892
070823,call,晶豪科,3006
070824,call,奇鋐,3017
070825,call,增你強,3028
070826,call,緯創,3231
070827,call,昇貿,3305
070828,call,新日興,3376
070829,call,日月光投控,3711
07082U,put,旺宏,2337
070830,call,十銓,4967
070831,call,亞翔,6139
070832,call,台郡,6269
070833,call,台表科,6278
070834,call,康舒,6282
070835,call,康舒,6282
070836,call,康舒,6282
070837,call,旭隼,6409
070838,call,旭隼,6409
070839,call,緯穎,6669
070840,call,富世達,6805
070841,call,富世達,6805
070842,call,富世達,6805
070843,call,富世達,6805
070845,call,松川精密,7788
070846,call,至上,8112
070847,call,勤誠,8210
070848,call,富鼎,8261
070854,call,聯電,2303
070855,call,華通,2313
070856,call,台積電,2330
070857,call,台積電,2330
070858,call,微星,2377
070859,call,瑞昱,2379
070860,call,興勤,2428
070861,call,京元電子,2449
070862,call,瑞軒,2489
070863,call,富邦金,2881
070864,call,國泰金,2882
070865,call,中信金,2891
070866,call,晶豪科,3006
070867,call,晟銘電,3013
070868,call,亞光,3019
070869,call,神達,3706
070870,call,康舒,6282
070871,call,GIS-KY,6456
070872,call,金寶,2312
070873,call,友達,2409
070874,call,揚博,2493
070875,call,國泰金,2882
070876,call,GIS-KY,6456
070877,call,至上,8112
070878,call,儒鴻,1476
070879,call,士電,1503
070880,call,士電,1503
070881,call,東元,1504
070882,call,東元,1504
070883,call,中興電,1513
070884,call,華新,1605
070885,call,東鹼,1708
070886,call,台玻,1802
070887,call,金寶,2312
070888,call,楠梓電,2316
070889,call,中環,2323
070890,call,中環,2323
070891,call,佳世達,2352
070892,call,技嘉,2376
070893,call,漢唐,2404
070894,call,友達,2409
070895,call,友達,2409
070896,call,建準,2421
070897,call,京元電子,2449
070898,call,陽明,2609
070899,call,長榮航,2618
070900,call,長榮航,2618
070901,call,奇鋐,3017
070902,call,信邦,3023
070903,call,增你強,3028
070904,call,華晶科,3059
070905,call,緯創,3231
070906,call,大銀微系統,4576
070907,call,康普,4739
070908,call,致伸,4915
070909,call,中磊,5388
070910,call,飛捷,6206
070911,call,啟碁,6285
070912,call,旭隼,6409
070913,call,旭隼,6409
070914,call,GIS-KY,6456
070915,call,GIS-KY,6456
070916,call,惠特,6706
070917,call,松川精密,7788
070918,call,東鹼,1708
070919,call,東鹼,1708
07091U,put,緯穎,6669
070920,call,中鋼,2002
070921,call,金寶,2312
070922,call,群光,2385
070923,call,友達,2409
070924,call,友達,2409
070925,call,國泰金,2882
070926,call,新日興,3376
070927,call,新日興,3376
070928,call,旭隼,6409
070929,call,旭隼,6409
070930,call,GIS-KY,6456
070931,call,世紀鋼,9958
070932,call,世紀鋼,9958
070936,call,金寶,2312
070937,call,鴻海,2317
070938,call,鴻海,2317
070939,call,鴻海,2317
070940,call,瑞昱,2379
070941,call,友達,2409
070942,call,神達,3706
070943,call,大銀微系統,4576
070944,call,台郡,6269
070945,call,泓德能源,6873
070946,call,元大台灣50,0050
070947,call,元大台灣50,0050
070949,call,士電,1503
070950,call,東元,1504
070951,call,華城,1519
070952,call,華新,1605
070953,call,華新,1605
070954,call,東鹼,1708
070955,call,聯電,2303
070956,call,聯電,2303
070957,call,金寶,2312
070958,call,金寶,2312
070959,call,華通,2313
070960,call,華通,2313
070961,call,華通,2313
070962,call,台積電,2330
070963,call,台積電,2330
070964,call,英業達,2356
070965,call,所羅門,2359
070966,call,技嘉,2376
070967,call,微星,2377
070968,call,漢唐,2404
070969,call,漢唐,2404
070970,call,漢唐,2404
070971,call,京元電子,2449
070972,call,京元電子,2449
070973,call,神基,3005
070974,call,晶豪科,3006
070975,call,晶豪科,3006
070976,call,奇鋐,3017
070977,call,奇鋐,3017
070978,call,智原,3035
070979,call,益登,3048
070980,call,華晶科,3059
070981,call,緯創,3231
070982,call,緯創,3231
070983,call,緯創,3231
070984,call,新日興,3376
070985,call,新日興,3376
070986,call,新日興,3376
070987,call,嘉澤,3533
070988,call,嘉澤,3533
070989,call,日月光投控,3711
070990,call,十銓,4967
070991,call,祥碩,5269
070992,call,祥碩,5269
070993,call,祥碩,5269
070994,call,中磊,5388
070995,call,亞翔,6139
070996,call,亞翔,6139
070997,call,康舒,6282
070998,call,康舒,6282
070999,call,康舒,6282
071000,call,旭隼,6409
071001,call,旭隼,6409
071002,call,旭隼,6409
071003,call,旭隼,6409
071004,call,緯穎,6669
071006,call,緯穎,6669
071007,call,AES-KY,6781
071008,call,富世達,6805
071009,call,富世達,6805
071010,call,長華*,8070
071011,call,長華*,8070
071012,call,至上,8112
071013,call,士電,1503
071014,call,矽格,6257
071015,call,聯電,2303
071016,call,國泰金,2882
071017,call,晶技,3042
071018,call,永光,1711
071019,call,和桐,1714
071020,call,大成鋼,2027
071021,call,光寶科,2301
071022,call,菱生,2369
071023,call,晶技,3042
071024,call,康舒,6282
071025,call,樺漢,6414
071026,call,松川精密,7788
071027,call,宇瞻,8271
071028,call,新日興,3376
071029,call,誠美材,4960
07102U,put,勤誠,8210
071030,call,鴻海,2317
071031,call,台積電,2330
071032,call,台積電,2330
071033,call,晶技,3042
071034,call,宇瞻,8271
071035,call,美時,1795
071036,call,燿華,2367
071037,call,研華,2395
071038,call,漢唐,2404
071040,call,昇陽半導體,8028
071041,call,京元電子,2449
071042,call,長榮,2603
071043,call,奇鋐,3017
071044,call,晶技,3042
071045,call,昇貿,3305
071046,call,昇貿,3305
071047,call,新日興,3376
071048,call,玉晶光,3406
071049,call,嘉澤,3533
071050,call,定穎投控,3715
071051,call,祥碩,5269
071052,call,精成科,6191
071053,call,啟碁,6285
071054,call,啟碁,6285
071055,call,AES-KY,6781
071056,call,富鼎,8261
071057,call,士電,1503
071058,call,瑞昱,2379
071059,call,晶技,3042
071060,call,大銀微系統,4576
071061,call,聯發科,2454
071062,call,儒鴻,1476
071063,call,士電,1503
071064,call,華城,1519
071065,call,永光,1711
071066,call,永光,1711
071067,call,台玻,1802
071068,call,聯電,2303
071069,call,金寶,2312
071070,call,鴻海,2317
071071,call,所羅門,2359
071072,call,菱生,2369
071073,call,技嘉,2376
071074,call,微星,2377
071075,call,漢唐,2404
071076,call,京元電子,2449
071077,call,鉅祥,2476
071078,call,陽明,2609
071079,call,晶豪科,3006
071080,call,奇鋐,3017
071081,call,智原,3035
071082,call,晶技,3042
071083,call,晶技,3042
071084,call,華晶科,3059
071085,call,嘉澤,3533
071086,call,十銓,4967
071087,call,祥碩,5269
071088,call,中磊,5388
071090,call,康舒,6282
071091,call,啟碁,6285
071092,call,GIS-KY,6456
071093,call,AES-KY,6781
071094,call,宇瞻,8271
071096,call,華邦電,2344
071097,call,台新新光金,2887
071098,call,聯詠,3034
071099,call,智原,3035
071100,call,神達,3706
071101,call,台積電,2330
071102,call,台積電,2330
071103,call,華邦電,2344
071104,call,晶技,3042
071105,call,日月光投控,3711
071106,call,東台,4526
071107,call,松川精密,7788
071108,call,上銀,2049
071109,call,鴻海,2317
071110,call,鴻海,2317
071111,call,華邦電,2344
071112,call,華邦電,2344
071113,call,華邦電,2344
071114,call,聯強,2347
071115,call,所羅門,2359
071116,call,燿華,2367
071117,call,漢唐,2404
071118,call,興勤,2428
071119,call,華航,2610
071120,call,奇鋐,3017
071121,call,聯詠,3034
071122,call,玉晶光,3406
071123,call,智易,3596
071124,call,日月光投控,3711
071125,call,正文,4906
071126,call,十銓,4967
071127,call,采鈺,6789
071128,call,松川精密,7788
071129,call,松川精密,7788
071130,call,宇瞻,8271
071131,call,華城,1519
071132,call,技嘉,2376
071133,call,微星,2377
071134,call,漢唐,2404
071135,call,京元電子,2449
071136,call,臺企銀,2834
071137,call,富邦金,2881
071138,call,國泰金,2882
071139,call,台新新光金,2887
071140,call,晶豪科,3006
071141,call,奇鋐,3017
071142,call,中磊,5388
071143,call,啟碁,6285
071144,call,AES-KY,6781
071146,call,聚陽,1477
071147,call,亞力,1514
071148,call,亞德客-KY,1590
071149,call,大成鋼,2027
071150,call,所羅門,2359
071151,call,兆赫,2485
071152,call,陽明,2609
071153,call,中信金,2891
071154,call,智原,3035
071155,call,華晶科,3059
071156,call,達興材料,5234
071157,call,乙盛-KY,5243
071158,call,佳必琪,6197
071159,call,群電,6412
071160,call,宇瞻,8271
071161,call,東聯,1710
071162,call,光寶科,2301
071163,call,聯電,2303
071164,call,鴻海,2317
071165,call,鴻海,2317
071166,call,華邦電,2344
071167,call,智邦,2345
071168,call,所羅門,2359
071169,call,瑞昱,2379
071170,call,瑞昱,2379
071171,call,友達,2409
071172,call,強茂,2481
071173,call,臺企銀,2834
071174,call,富邦金,2881
071175,call,國泰金,2882
071176,call,神基,3005
071177,call,緯創,3231
071178,call,玉晶光,3406
071179,call,嘉澤,3533
07117U,put,力積電,6770
071180,call,日月光投控,3711
071181,call,大銀微系統,4576
071182,call,亞翔,6139
071183,call,樺漢,6414
071184,call,緯穎,6669
071185,call,AES-KY,6781
071186,call,意騰-KY,7749
071187,call,華東,8110
071188,call,南茂,8150
071189,call,勤誠,8210
071195,call,東陽,1319
071196,call,信錦,1582
071197,call,永光,1711
071198,call,美時,1795
071200,call,美律,2439
071201,call,富邦金,2881
071202,call,富邦金,2881
071203,call,國泰金,2882
071204,call,凱基金,2883
071205,call,玉山金,2884
071206,call,玉晶光,3406
071207,call,玉晶光,3406
071208,call,玉晶光,3406
071209,call,緯穎,6669
071210,call,緯穎,6669
071211,call,緯穎,6669
071212,call,華東,8110
071213,call,富邦科技,0052
071214,call,聯電,2303
071215,call,聯電,2303
071216,call,鴻海,2317
071217,call,仁寶,2324
071218,call,台積電,2330
071219,call,台積電,2330
07121U,put,元大台灣50,0050
071220,call,台積電,2330
071221,call,台積電,2330
071222,call,聯強,2347
071223,call,英業達,2356
071224,call,瑞昱,2379
071225,call,瑞昱,2379
071226,call,友達,2409
071227,call,鉅祥,2476
071228,call,鉅祥,2476
071229,call,富邦金,2881
071230,call,晶技,3042
071231,call,華擎,3515
071232,call,東台,4526
071233,call,康普,4739
071234,call,正文,4906
071235,call,誠美材,4960
071236,call,乙盛-KY,5243
071237,call,邁達特,6112
071238,call,豐藝,6189
071239,call,帆宣,6196
071240,call,樺漢,6414
071241,call,台灣虎航,6757
071242,call,南茂,8150
071243,call,可寧衛*,8422
071244,call,宏全,9939
071245,call,世紀鋼,9958
071246,call,世紀鋼,9958
071247,call,光寶科,2301
071248,call,光寶科,2301
071249,call,聯電,2303
071250,call,聯電,2303
071251,call,聯電,2303
071252,call,華通,2313
071253,call,鴻海,2317
071254,call,台積電,2330
071255,call,華邦電,2344
071256,call,華邦電,2344
071257,call,華邦電,2344
071258,call,華邦電,2344
071259,call,智邦,2345
071260,call,漢唐,2404
071261,call,漢唐,2404
071262,call,友達,2409
071263,call,友達,2409
071264,call,友達,2409
071265,call,友達,2409
071266,call,京元電子,2449
071267,call,晶豪科,3006
071268,call,晶豪科,3006
071269,call,奇鋐,3017
071270,call,緯創,3231
071271,call,日月光投控,3711
071272,call,日月光投控,3711
071273,call,亞翔,6139
071274,call,亞翔,6139
071275,call,康舒,6282
071276,call,松川精密,7788
071277,call,元大台灣50,0050
071278,call,鴻海,2317
071279,call,華邦電,2344
071280,call,技嘉,2376
071281,call,康舒,6282
071282,call,元大台灣50,0050
071288,call,華城,1519
071289,call,華通,2313
071290,call,鴻海,2317
071291,call,仁寶,2324
071292,call,華邦電,2344
071293,call,聯強,2347
071294,call,英業達,2356
071295,call,矽統,2363
071296,call,技嘉,2376
071297,call,微星,2377
071298,call,威盛,2388
071299,call,漢唐,2404
071300,call,京元電子,2449
071301,call,華固,2548
071302,call,晶豪科,3006
071303,call,奇鋐,3017
071304,call,晶技,3042
071305,call,帆宣,6196
071306,call,康舒,6282
071307,call,啟碁,6285
071308,call,台灣虎航,6757
071309,call,松川精密,7788
071310,call,至上,8112
071312,call,晶技,3042
071313,call,帆宣,6196
071314,call,東陽,1319
071315,call,華新,1605
071316,call,友達,2409
071317,call,昇貿,3305
071318,call,上銀,2049
071319,call,潤泰新,9945
071320,call,華固,2548
071321,call,樺漢,6414
071323,call,裕民,2606
071325,call,慧洋-KY,2637
071326,call,樺漢,6414
071327,call,松川精密,7788
071329,call,偉訓,3032
071330,call,偉訓,3032
071332,call,定穎投控,3715
071334,call,光寶科,2301
071335,call,鴻海,2317
071336,call,大銀微系統,4576
071337,call,大銀微系統,4576
071338,call,大銀微系統,4576
071339,call,大銀微系統,4576
071340,call,技嘉,2376
071341,call,友達,2409
071342,call,慧洋-KY,2637
071343,call,波力-KY,8467
071344,call,台新新光金,2887
071345,call,永豐金,2890
071346,call,中信金,2891
071347,call,玉晶光,3406
071348,call,日月光投控,3711
071349,call,正文,4906
071350,call,眾達-KY,4977
071351,call,台郡,6269
071355,call,金寶,2312
071356,call,矽統,2363
071357,call,佳能,2374
071358,call,美律,2439
071359,call,瑞軒,2489
071360,call,晶技,3042
071361,call,新日興,3376
071362,call,新日興,3376
071363,call,TPK-KY,3673
071364,call,神達,3706
071365,call,神達,3706
071366,call,亞翔,6139
071367,call,亞翔,6139
071368,call,佳必琪,6197
071369,call,佳必琪,6197
071370,call,今國光,6209
071371,call,今國光,6209
071372,call,意騰-KY,7749
071373,call,松川精密,7788
071375,call,鴻海,2317
071376,call,華邦電,2344
071377,call,華邦電,2344
071378,call,英業達,2356
071379,call,英業達,2356
071380,call,菱生,2369
071381,call,友達,2409
071382,call,友達,2409
071383,call,京元電子,2449
071384,call,志聖,2467
071385,call,慧洋-KY,2637
071386,call,國泰金,2882
071387,call,帆宣,6196
071388,call,帆宣,6196
071389,call,佳必琪,6197
071390,call,佳必琪,6197
071391,call,佳必琪,6197
071392,call,啟碁,6285
071393,call,保瑞,6472
071394,call,松川精密,7788
071395,call,至上,8112
071396,call,寶成,9904
071399,call,東陽,1319
071400,call,士電,1503
071401,call,士電,1503
071402,call,華城,1519
071403,call,中砂,1560
071404,call,上銀,2049
071405,call,聯電,2303
071406,call,聯電,2303
071407,call,楠梓電,2316
071408,call,仁寶,2324
071409,call,華邦電,2344
071410,call,華邦電,2344
071411,call,華邦電,2344
071412,call,華邦電,2344
071413,call,華邦電,2344
071414,call,英業達,2356
071415,call,矽統,2363
071416,call,燿華,2367
071417,call,燿華,2367
071418,call,微星,2377
071419,call,微星,2377
07141U,put,智邦,2345
071420,call,漢唐,2404
071421,call,友達,2409
071422,call,友達,2409
071423,call,興勤,2428
071424,call,興勤,2428
071425,call,京元電子,2449
071426,call,飛宏,2457
071427,call,志聖,2467
071428,call,強茂,2481
071429,call,揚博,2493
071430,call,宏達電,2498
071431,call,奇鋐,3017
071432,call,威強電,3022
071433,call,聯詠,3034
071434,call,晶技,3042
071435,call,晶技,3042
071436,call,晶技,3042
071437,call,晶技,3042
071438,call,緯創,3231
071439,call,緯創,3231
071440,call,緯創,3231
071441,call,新日興,3376
071442,call,新日興,3376
071443,call,玉晶光,3406
071444,call,玉晶光,3406
071445,call,神達,3706
071446,call,日月光投控,3711
071447,call,日月光投控,3711
071448,call,材料*-KY,4763
071449,call,乙盛-KY,5243
071450,call,佳必琪,6197
071451,call,佳必琪,6197
071452,call,台表科,6278
071453,call,台表科,6278
071454,call,台表科,6278
071455,call,GIS-KY,6456
071456,call,GIS-KY,6456
071457,call,富世達,6805
071458,call,意騰-KY,7749
071459,call,松川精密,7788
071460,call,長華*,8070
071461,call,勤誠,8210
071462,call,勤誠,8210
071463,call,宇瞻,8271
071464,call,宇瞻,8271
071465,call,元大台灣50,0050
071473,call,南亞,1303
071474,call,南亞,1303
071475,call,士電,1503
071476,call,上銀,2049
071477,call,光寶科,2301
071478,call,聯電,2303
071479,call,金寶,2312
071480,call,仁寶,2324
071481,call,華邦電,2344
071482,call,英業達,2356
071483,call,燿華,2367
071484,call,漢唐,2404
071485,call,友達,2409
071486,call,鉅祥,2476
071487,call,晶豪科,3006
071488,call,智原,3035
071489,call,晶技,3042
07148U,put,一詮,2486
071490,call,玉晶光,3406
071491,call,華擎,3515
071492,call,TPK-KY,3673
071493,call,日月光投控,3711
071494,call,亞翔,6139
071495,call,佳必琪,6197
071496,call,今國光,6209
071497,call,群電,6412
071498,call,保瑞,6472
071499,call,騰輝電子-KY,6672
071500,call,惠特,6706
071501,call,富世達,6805
071502,call,南茂,8150
071503,call,勤誠,8210
071506,call,南亞科,2408
071507,call,南亞科,2408
071508,call,緯穎,6669
071510,call,英業達,2356
071511,call,可成,2474
071512,call,兆豐金,2886
071513,call,亞翔,6139
071514,call,帆宣,6196
071515,call,聯茂,6213
071516,call,聯茂,6213
071517,call,緯穎,6669
071518,call,富世達,6805
071519,call,富世達,6805
071520,call,華新,1605
071521,call,長興,1717
071522,call,宏碁,2353
071523,call,微星,2377
071524,call,南亞科,2408
071525,call,南亞科,2408
071526,call,南亞科,2408
071527,call,可成,2474
071528,call,TPK-KY,3673
071529,call,康舒,6282
071530,call,南亞,1303
071531,call,華新,1605
071532,call,華新,1605
071533,call,永光,1711
071534,call,光寶科,2301
071535,call,鴻海,2317
071536,call,鴻海,2317
071537,call,鴻海,2317
071538,call,仁寶,2324
071539,call,台積電,2330
071540,call,台積電,2330
071541,call,台積電,2330
071542,call,宏碁,2353
071543,call,英業達,2356
071544,call,技嘉,2376
071545,call,微星,2377
071546,call,微星,2377
071547,call,漢唐,2404
071548,call,南亞科,2408
071549,call,南亞科,2408
071550,call,南亞科,2408
071551,call,南亞科,2408
071552,call,友達,2409
071553,call,友達,2409
071554,call,興勤,2428
071555,call,京元電子,2449
071556,call,京元電子,2449
071557,call,可成,2474
071558,call,可成,2474
071559,call,強茂,2481
071560,call,強茂,2481
071561,call,長榮,2603
071562,call,智原,3035
071563,call,玉晶光,3406
071564,call,日月光投控,3711
071565,call,日月光投控,3711
071566,call,正文,4906
071567,call,亞翔,6139
071568,call,盛群,6202
071569,call,聯茂,6213
071570,call,台郡,6269
071571,call,康舒,6282
071572,call,康舒,6282
071573,call,AES-KY,6781
071574,call,采鈺,6789
071575,call,富世達,6805
071576,call,富世達,6805
071577,call,至上,8112
071584,call,南亞,1303
071585,call,上銀,2049
071586,call,光寶科,2301
071587,call,聯電,2303
071588,call,金寶,2312
071589,call,台積電,2330
071590,call,台積電,2330
071591,call,台積電,2330
071592,call,宏碁,2353
071593,call,敬鵬,2355
071594,call,佳能,2374
071595,call,南亞科,2408
071596,call,南亞科,2408
071597,call,友達,2409
071598,call,美律,2439
071599,call,可成,2474
071600,call,鉅祥,2476
071601,call,新日興,3376
071602,call,玉晶光,3406
071603,call,神達,3706
071604,call,日月光投控,3711
071605,call,亞翔,6139
071606,call,佳必琪,6197
071607,call,聯茂,6213
071608,call,聯茂,6213
071609,call,聯茂,6213
071610,call,群電,6412
071611,call,樺漢,6414
071612,call,保瑞,6472
071613,call,富世達,6805
071614,call,南茂,8150
071615,call,元大台灣50,0050
071619,call,聚陽,1477
071620,call,宏碁,2353
071621,call,大同,2371
071622,call,華航,2610
071623,call,國泰金,2882
071624,call,中信金,2891
071625,call,全科,3209
071626,call,聯茂,6213
071627,call,保瑞,6472
071628,call,保瑞,6472
071629,call,致新,8081
071630,call,福懋科,8131
071631,call,明基材,8215
071632,call,華城,1519
071633,call,華通,2313
071634,call,智邦,2345
071635,call,宏碁,2353
071636,call,南亞科,2408
071637,call,南亞科,2408
071638,call,飛宏,2457
071639,call,志聖,2467
071640,call,可成,2474
071641,call,晶豪科,3006
071642,call,奇鋐,3017
071643,call,聯茂,6213
071644,call,康舒,6282
071645,call,緯穎,6669
071649,call,可成,2474
07164U,put,華新,1605
071650,call,南亞,1303
071651,call,聯電,2303
071652,call,金寶,2312
071653,call,台積電,2330
071654,call,台積電,2330
071655,call,台積電,2330
071656,call,台積電,2330
071657,call,台積電,2330
071658,call,敬鵬,2355
071659,call,南亞科,2408
071661,call,京元電子,2449
071662,call,奇鋐,3017
071663,call,日月光投控,3711
071664,call,AES-KY,6781
071665,call,勤誠,8210
071666,call,元大台灣50,0050
071668,call,華城,1519
071669,call,華城,1519
071670,call,華新,1605
071671,call,南亞科,2408
071672,call,南亞科,2408
071673,call,南亞科,2408
071674,call,可成,2474
071675,call,亞翔,6139
071676,call,亞翔,6139
071677,call,亞翔,6139
071678,call,緯穎,6669
071679,call,緯穎,6669
071680,call,至上,8112
071681,call,華通,2313
071682,call,台積電,2330
071683,call,玉晶光,3406
071684,call,十銓,4967
071685,call,南茂,8150
071686,call,華新,1605
071687,call,美時,1795
071688,call,華邦電,2344
071689,call,華邦電,2344
071690,call,漢唐,2404
071691,call,南亞科,2408
071692,call,京元電子,2449
071693,call,揚博,2493
071694,call,日月光投控,3711
071695,call,亞翔,6139
071696,call,盛群,6202
071697,call,意騰-KY,7749
071698,call,至上,8112
071699,call,華新,1605
071700,call,大亞,1609
071701,call,中碳,1723
071702,call,上銀,2049
071703,call,台積電,2330
071704,call,台積電,2330
071705,call,台積電,2330
071706,call,台積電,2330
071707,call,漢唐,2404
071708,call,台積電,2330
071709,call,偉詮電,2436
07170U,put,元大台灣50,0050
071710,call,志聖,2467
071711,call,揚博,2493
071712,call,宏達電,2498
071713,call,宏達電,2498
071714,call,凱基金,2883
071715,call,元大金,2885
071716,call,永豐金,2890
071717,call,聯陽,3014
071718,call,威強電,3022
071719,call,聯詠,3034
071720,call,明泰,3380
071721,call,融程電,3416
071722,call,川湖,2059
071723,call,智易,3596
071724,call,上品,4770
071725,call,建國,5515
071726,call,盛群,6202
071727,call,皇昌,2543
071728,call,至上,8112
071729,call,鼎炫-KY,8499
071730,call,巨騰-DR,9136
071731,call,百和,9938
071735,call,致伸,4915
071736,call,揚博,2493
071737,call,文曄,3036
071738,call,新日興,3376
071739,call,亞翔,6139
07173U,put,華新,1605
071740,call,聯茂,6213
071741,call,元大台灣50,0050
071743,call,穎崴,6515
071744,call,志強-KY,6768
071746,call,南亞,1303
071747,call,華邦電,2344
071748,call,華邦電,2344
071749,call,順德,2351
071750,call,順德,2351
071751,call,南亞科,2408
071752,call,南亞科,2408
071753,call,揚博,2493
071754,call,陽明,2609
071755,call,華航,2610
071756,call,萬海,2615
071757,call,奇鋐,3017
071758,call,亞翔,6139
071759,call,台郡,6269
071760,call,台郡,6269
071761,call,台虹,8039
071762,call,至上,8112
071763,call,南亞,1303
071764,call,士電,1503
071765,call,中興電,1513
071766,call,亞力,1514
071767,call,中砂,1560
071768,call,華新,1605
071769,call,台玻,1802
071770,call,光寶科,2301
071771,call,聯電,2303
071772,call,金寶,2312
071773,call,華通,2313
071774,call,台積電,2330
071775,call,華邦電,2344
071776,call,華邦電,2344
071777,call,華邦電,2344
071778,call,微星,2377
071779,call,南亞科,2408
07177U,put,貿聯-KY,3665
071780,call,南亞科,2408
071781,call,南亞科,2408
071782,call,興勤,2428
071783,call,京元電子,2449
071784,call,志聖,2467
071785,call,志聖,2467
071786,call,可成,2474
071787,call,強茂,2481
071788,call,揚博,2493
071789,call,揚博,2493
071790,call,揚博,2493
071791,call,奇鋐,3017
071792,call,健鼎,3044
071793,call,神達,3706
071794,call,乙盛-KY,5243
071795,call,亞翔,6139
071796,call,帆宣,6196
071797,call,佳必琪,6197
071798,call,盛群,6202
071799,call,台郡,6269
071800,call,台表科,6278
071801,call,台表科,6278
071802,call,康舒,6282
071803,call,保瑞,6472
071804,call,達發,6526
071805,call,采鈺,6789
071806,call,富世達,6805
071807,call,致新,8081
071808,call,南茂,8150
071809,call,南茂,8150
071810,call,富鼎,8261
071811,call,南亞,1303
071812,call,華新,1605
071813,call,中碳,1723
071814,call,光寶科,2301
071815,call,聯電,2303
071816,call,金寶,2312
071817,call,鴻海,2317
071818,call,台積電,2330
071819,call,台積電,2330
071820,call,台積電,2330
071821,call,華邦電,2344
071822,call,順德,2351
071823,call,宏碁,2353
071824,call,大同,2371
071825,call,毅嘉,2402
071826,call,漢唐,2404
071827,call,南亞科,2408
071828,call,可成,2474
071829,call,中信金,2891
071830,call,奇鋐,3017
071831,call,日月光投控,3711
071832,call,亞翔,6139
071833,call,帆宣,6196
071834,call,富世達,6805
071835,call,致新,8081
071836,call,勤誠,8210
071837,call,華城,1519
071838,call,華泰,2329
071839,call,台積電,2330
071840,call,南亞科,2408
071841,call,南亞科,2408
071842,call,揚博,2493
071843,call,祥碩,5269
071844,call,jpp-KY,5284
071845,call,亞翔,6139
071846,call,康舒,6282
071849,call,南亞,1303
071850,call,大亞,1609
071851,call,光寶科,2301
071852,call,台積電,2330
071853,call,台積電,2330
071854,call,台積電,2330
071855,call,台積電,2330
071856,call,宏碁,2353
071857,call,宏碁,2353
071858,call,宏碁,2353
071859,call,揚博,2493
071860,call,永豐金,2890
071861,call,新日興,3376
071862,call,日月光投控,3711
071863,call,帆宣,6196
071864,call,佳必琪,6197
071865,call,聯茂,6213
071866,call,康舒,6282
071867,call,兆聯實業,6944
071876,call,富邦科技,0052
071881,call,南亞,1303
071882,call,聯電,2303
071883,call,鴻海,2317
071884,call,台積電,2330
071885,call,台積電,2330
071886,call,智邦,2345
071887,call,順德,2351
071888,call,燿華,2367
071889,call,技嘉,2376
071890,call,毅嘉,2402
071892,call,漢唐,2404
071893,call,南亞科,2408
071894,call,京元電子,2449
071895,call,中興電,1513
071896,call,晶豪科,3006
071897,call,益登,3048
071898,call,亞翔,6139
071899,call,聯茂,6213
071900,call,AES-KY,6781
071904,call,華邦電,2344
071905,call,智邦,2345
071906,call,南亞科,2408
071907,call,凌陽,2401
071908,call,友達,2409
071909,call,揚博,2493
071910,call,華航,2610
071911,call,漢翔,2634
071912,call,亞翔,6139
071913,call,永擎,7711
071914,call,威強電,3022
071915,call,永擎,7711
071916,call,富鼎,8261
071917,call,華邦電,2344
071918,call,強茂,2481
071919,call,新興,2605
071921,call,長榮航,2618
071922,call,佳必琪,6197
071923,call,兆聯實業,6944
071924,call,至上,8112
071926,call,南亞,1303
071927,call,南亞,1303
071928,call,南亞,1303
071929,call,華城,1519
071930,call,東鹼,1708
071931,call,聯電,2303
071932,call,聯電,2303
071933,call,鴻海,2317
071934,call,鴻海,2317
071935,call,台積電,2330
071936,call,華邦電,2344
071937,call,鴻準,2354
071938,call,菱生,2369
071939,call,瑞昱,2379
071940,call,威盛,2388
071941,call,南亞科,2408
071942,call,興勤,2428
071943,call,興勤,2428
071944,call,鉅祥,2476
071945,call,強茂,2481
071946,call,揚博,2493
071947,call,揚博,2493
071948,call,晶豪科,3006
071949,call,亞光,3019
071950,call,玉晶光,3406
071951,call,辛耘,3583
071952,call,辛耘,3583
071953,call,神達,3706
071954,call,智伸科,4551
071955,call,材料*-KY,4763
071956,call,精成科,6191
071957,call,帆宣,6196
071958,call,佳必琪,6197
071959,call,洋基工程,6691
071960,call,AES-KY,6781
071961,call,兆聯實業,6944
071962,call,南茂,8150
071963,call,富邦科技,0052
071964,call,南亞,1303
071965,call,東鹼,1708
071966,call,台積電,2330
071967,call,台積電,2330
071968,call,華邦電,2344
071969,call,智邦,2345
071970,call,凌陽,2401
071971,call,揚博,2493
071972,call,晶豪科,3006
071973,call,玉晶光,3406
071974,call,辛耘,3583
071975,call,辛耘,3583
071976,call,辛耘,3583
071977,call,亞翔,6139
071978,call,佳必琪,6197
071979,call,聯茂,6213
071980,call,康舒,6282
071981,call,保瑞,6472
071982,call,力智,6719
071983,call,永擎,7711
071984,call,泰金寶-DR,9105
071988,call,華新,1605
071989,call,華新,1605
071990,call,聯電,2303
071991,call,台積電,2330
071992,call,台積電,2330
071993,call,燿華,2367
071994,call,漢唐,2404
071995,call,揚博,2493
071996,call,長榮航,2618
071997,call,凱基金,2883
071998,call,辛耘,3583
071999,call,祥碩,5269
072000,call,亞翔,6139
072001,call,南茂,8150
072004,call,聯電,2303
072005,call,聯電,2303
072006,call,智邦,2345
072007,call,興勤,2428
072008,call,飛宏,2457
072009,call,強茂,2481
072010,call,辛耘,3583
072011,call,十銓,4967
072012,call,元大台灣50,0050
072013,call,南亞,1303
072014,call,南亞,1303
072015,call,華通,2313
072016,call,燿華,2367
072017,call,燿華,2367
072018,call,燿華,2367
072019,call,凌陽,2401
072020,call,漢唐,2404
072021,call,漢唐,2404
072022,call,南亞科,2408
072023,call,揚博,2493
072024,call,揚博,2493
072025,call,聯陽,3014
072026,call,聯陽,3014
072027,call,聯陽,3014
072028,call,玉晶光,3406
072029,call,玉晶光,3406
072030,call,辛耘,3583
072031,call,辛耘,3583
072032,call,辛耘,3583
072033,call,辛耘,3583
072034,call,日月光投控,3711
072035,call,和碩,4938
072036,call,亞翔,6139
072037,call,騰輝電子-KY,6672
072038,call,洋基工程,6691
072039,call,永擎,7711
072040,call,華邦電,2344
072041,call,漢唐,2404
072042,call,南亞科,2408
072043,call,京元電子,2449
072044,call,富鼎,8261
072045,call,元大台灣50,0050
072049,call,南亞,1303
072050,call,華夏,1305
072051,call,三芳,1307
072052,call,台達化,1309
072053,call,亞力,1514
072054,call,堤維西,1522
072055,call,中砂,1560
072056,call,華榮,1608
072057,call,合機,1618
072058,call,裕隆,2201
072059,call,華邦電,2344
072060,call,漢唐,2404
072061,call,興勤,2428
072062,call,超豐,2441
072063,call,飛宏,2457
072064,call,飛宏,2457
072065,call,可成,2474
072066,call,鉅祥,2476
072067,call,瑞軒,2489
072068,call,揚博,2493
072069,call,普安,2495
072070,call,華航,2610
072071,call,漢翔,2634
072072,call,聯詠,3034
072073,call,聯詠,3034
072074,call,健鼎,3044
072075,call,耀登,3138
072076,call,玉晶光,3406
072077,call,智伸科,4551
072078,call,和碩,4938
072079,call,亞翔,6139
072080,call,帆宣,6196
072081,call,盛群,6202
072082,call,聯茂,6213
072083,call,晶碩,6491
072084,call,騰輝電子-KY,6672
072085,call,洋基工程,6691
072086,call,泓德能源,6873
072087,call,兆聯實業,6944
072088,call,奕力-KY,6962
072089,call,永擎,7711
072090,call,泰金寶-DR,9105
072091,call,潤泰新,9945
072095,call,南亞,1303
072096,call,國喬,1312
072097,call,華邦電,2344
072098,call,華邦電,2344
072099,call,佳能,2374
072100,call,凌陽,2401
072101,call,友達,2409
072102,call,漢翔,2634
072103,call,亞翔,6139
072106,call,智邦,2345
072109,call,國喬,1312
072110,call,華邦電,2344
072111,call,南亞科,2408
072112,call,鉅祥,2476
072113,call,國泰金,2882
072114,call,國泰金,2882
072115,call,凱基金,2883
072116,call,凱基金,2883
072117,call,中興電,1513
072118,call,台新新光金,2887
072119,call,台新新光金,2887
072121,call,亞力,1514
072122,call,亞力,1514
072123,call,亞力,1514
072124,call,晶豪科,3006
072125,call,華城,1519
072126,call,奇鋐,3017
072127,call,玉晶光,3406
072128,call,鴻海,2317
072129,call,台積電,2330
072131,call,辛耘,3583
072132,call,晟銘電,3013
072133,call,智伸科,4551
072134,call,誠美材,4960
072135,call,天鈺,4961
072136,call,瑞儀,6176
072137,call,力智,6719
072138,call,華東,8110
072139,call,元大台灣50,0050
072141,call,南亞,1303
072142,call,南亞,1303
072143,call,華新,1605
072144,call,光寶科,2301
072145,call,南亞科,2408
072146,call,國泰金,2882
072147,call,中信金,2891
072148,call,健鼎,3044
072149,call,華擎,3515
072150,call,辛耘,3583
072151,call,大銀微系統,4576
072152,call,富鼎,8261
072153,call,富鼎,8261
072155,call,華新,1605
072156,call,大亞,1609
072157,call,聯電,2303
072158,call,鴻海,2317
072159,call,台積電,2330
072160,call,台積電,2330
072161,call,台積電,2330
072162,call,台積電,2330
072163,call,台積電,2330
072164,call,台積電,2330
072165,call,華碩,2357
072166,call,漢唐,2404
072167,call,漢唐,2404
072168,call,南亞科,2408
072169,call,南亞科,2408
072170,call,友達,2409
072171,call,興勤,2428
072172,call,瑞軒,2489
072173,call,智伸科,4551
072174,call,祥碩,5269
072175,call,盛群,6202
072176,call,旭隼,6409
072177,call,南茂,8150
072179,call,華紙,1905
072180,call,國泰金,2882
072181,call,文曄,3036
072182,call,文曄,3036
072183,call,智伸科,4551
072184,call,華碩,2357
072185,call,毅嘉,2402
072186,call,漢唐,2404
072187,call,南亞科,2408
072188,call,南亞科,2408
072189,call,鉅祥,2476
072190,call,亞翔,6139
072191,call,今國光,6209
072192,call,旭隼,6409
072193,call,美時,1795
072194,call,鴻海,2317
072195,call,智邦,2345
072196,call,微星,2377
072197,call,群光,2385
072198,call,南亞科,2408
072199,call,京元電子,2449
072200,call,瑞軒,2489
072201,call,凱基金,2883
072202,call,晟銘電,3013
072203,call,玉晶光,3406
072204,call,玉晶光,3406
072205,call,智伸科,4551
072206,call,立積,4968
072207,call,眾達-KY,4977
072208,call,豐藝,6189
072209,call,豐藝,6189
072210,call,今國光,6209
072211,call,今國光,6209
072212,call,GIS-KY,6456
072213,call,緯穎,6669
072214,call,富世達,6805
072215,call,富世達,6805
072216,call,富世達,6805
072217,call,福懋科,8131
072223,call,南亞,1303
072224,call,華新,1605
072225,call,聯電,2303
072226,call,鴻海,2317
072227,call,台積電,2330
072228,call,華邦電,2344
072229,call,華邦電,2344
072230,call,華邦電,2344
072231,call,漢唐,2404
072232,call,亞光,3019
072233,call,健鼎,3044
072234,call,玉晶光,3406
072235,call,日月光投控,3711
072236,call,亞翔,6139
072237,call,AES-KY,6781
072238,call,至上,8112
072243,call,華邦電,2344
072244,call,華碩,2357
072245,call,富邦金,2881
072246,call,國泰金,2882
072247,call,台新新光金,2887
072248,call,亞光,3019
072250,call,元大台灣50,0050
072251,call,台積電,2330
072252,call,敬鵬,2355
072253,call,英業達,2356
072254,call,華碩,2357
072255,call,友達,2409
072256,call,富邦金,2881
072257,call,凱基金,2883
072258,call,亞光,3019
072259,call,台化,1326
072260,call,華城,1519
072261,call,華邦電,2344
072262,call,鴻準,2354
072263,call,瑞昱,2379
072264,call,威盛,2388
072265,call,威盛,2388
072266,call,南亞科,2408
072267,call,友達,2409
072268,call,建準,2421
072269,call,興勤,2428
072270,call,美律,2439
072271,call,可成,2474
072272,call,兆赫,2485
072273,call,宏達電,2498
072274,call,華航,2610
072275,call,富邦金,2881
072276,call,國泰金,2882
072277,call,奇鋐,3017
072278,call,智原,3035
072279,call,健鼎,3044
072280,call,定穎投控,3715
072281,call,旭隼,6409
072282,call,富鼎,8261
072283,call,南亞,1303
072284,call,遠東新,1402
072286,call,華紙,1905
072287,call,楠梓電,2316
072288,call,南亞科,2408
072289,call,華航,2610
072290,call,華航,2610
072291,call,長榮航,2618
072292,call,凱基金,2883
072293,call,元大金,2885
072294,call,健鼎,3044
072295,call,皇昌,2543
072296,call,智伸科,4551
072297,call,台郡,6269
072298,call,矽創,8016
072299,call,明基材,8215
072300,call,富鼎,8261
072301,call,華邦電,2344
072302,call,華邦電,2344
072303,call,華邦電,2344
072304,call,友達,2409
072305,call,新興,2605
072306,call,奇鋐,3017
072307,call,健鼎,3044
072308,call,今國光,6209
072309,call,勤誠,8210
072310,call,南亞,1303
072311,call,儒鴻,1476
072312,call,楠梓電,2316
072313,call,楠梓電,2316
072314,call,長榮,2603
072315,call,誠美材,4960
072316,call,AES-KY,6781
072317,call,AES-KY,6781
072318,call,富鼎,8261
072319,call,富鼎,8261
072324,call,南亞,1303
072325,call,台玻,1802
072326,call,華紙,1905
072327,call,光寶科,2301
072328,call,鴻海,2317
072329,call,華邦電,2344
07232U,put,元大台灣50,0050
072330,call,南亞科,2408
072331,call,友達,2409
072332,call,京元電子,2449
072333,call,富邦金,2881
072334,call,國泰金,2882
072335,call,晶豪科,3006
072337,call,台積電,2330
072338,call,健鼎,3044
072339,call,聯發科,2454
072340,call,緯創,3231
072341,call,玉晶光,3406
072342,call,皇昌,2543
072343,call,日月光投控,3711
072344,call,亞翔,6139
072345,call,豐藝,6189
072347,call,威強電,3022
072348,call,緯穎,6669
072349,call,富鼎,8261
072350,call,富鼎,8261
072353,call,南亞,1303
072354,call,華城,1519
072355,call,楠梓電,2316
072356,call,仁寶,2324
072357,call,仁寶,2324
072358,call,智邦,2345
072359,call,南亞科,2408
072360,call,建準,2421
072361,call,晶豪科,3006
072362,call,昇貿,3305
072363,call,新日興,3376
072364,call,旭隼,6409
072365,call,旭隼,6409
072366,call,群電,6412
072367,call,力智,6719
072368,call,力智,6719
072369,call,福懋科,8131
072371,call,南亞,1303
072372,call,鴻海,2317
072373,call,鴻海,2317
072374,call,瑞昱,2379
072375,call,威盛,2388
072376,call,聯發科,2454
072377,call,友達,2409
072378,call,華晶科,3059
072379,call,盛群,6202
072380,call,台郡,6269
072381,call,旭隼,6409
072384,call,台積電,2330
072386,call,技嘉,2376
072388,call,瑞昱,2379
072389,call,毅嘉,2402
072390,call,毅嘉,2402
072391,call,漢唐,2404
072392,call,漢唐,2404
072393,call,智原,3035
072394,call,健鼎,3044
072395,call,玉晶光,3406
072396,call,TPK-KY,3673
072397,call,亞翔,6139
072398,call,今國光,6209
072399,call,今國光,6209
072400,call,聯茂,6213
072401,call,富鼎,8261
072402,call,南亞,1303
072403,call,台積電,2330
072404,call,南亞科,2408
072405,call,京元電子,2449
072406,call,定穎投控,3715
072411,call,士電,1503
072412,call,亞德客-KY,1590
072413,call,華紙,1905
072414,call,鴻海,2317
072415,call,鴻海,2317
072416,call,華邦電,2344
072417,call,華邦電,2344
072418,call,華邦電,2344
072419,call,華邦電,2344
072420,call,所羅門,2359
072421,call,友達,2409
072422,call,強茂,2481
072423,call,奇鋐,3017
072424,call,智原,3035
072425,call,新日興,3376
072426,call,辛耘,3583
072427,call,TPK-KY,3673
072428,call,TPK-KY,3673
072429,call,日月光投控,3711
07242U,put,元大台灣50,0050
072430,call,智伸科,4551
072431,call,眾達-KY,4977
072432,call,聯茂,6213
072433,call,洋基工程,6691
072434,call,采鈺,6789
072435,call,致新,8081
072436,call,南茂,8150
072437,call,富鼎,8261
072439,call,南亞,1303
07243U,put,元大台灣50,0050
072440,call,中鋼,2002
072441,call,楠梓電,2316
072442,call,台積電,2330
072443,call,敬鵬,2355
072444,call,華碩,2357
072445,call,友達,2409
072446,call,華航,2610
072447,call,華晶科,3059
072448,call,聯茂,6213
072449,call,台虹,8039
072450,call,南茂,8150
072451,call,富鼎,8261
072452,call,南亞,1303
072453,call,信錦,1582
072454,call,華紙,1905
072455,call,聯電,2303
072456,call,楠梓電,2316
072457,call,華邦電,2344
072458,call,華邦電,2344
072459,call,菱生,2369
072460,call,技嘉,2376
072461,call,研華,2395
072462,call,凌陽,2401
072463,call,友達,2409
072464,call,仲琦,2419
072465,call,志聖,2467
072466,call,陽明,2609
072467,call,陽明,2609
072468,call,慧洋-KY,2637
072469,call,慧洋-KY,2637
072470,call,富邦金,2881
072471,call,永豐金,2890
072472,call,第一金,2892
072473,call,亞光,3019
072474,call,亞光,3019
072475,call,智伸科,4551
072476,call,jpp-KY,5284
072477,call,矽格,6257
072478,call,致新,8081
072479,call,南茂,8150
072480,call,富鼎,8261
072481,call,羅昇,8374
072482,call,台積電,2330
072483,call,瑞昱,2379
072484,call,南亞科,2408
072485,call,南亞科,2408
072486,call,南亞科,2408
072487,call,友達,2409
072488,call,亞光,3019
072489,call,台灣虎航,6757
07248U,put,台積電,2330
072490,call,富世達,6805
072491,call,南亞,1303
072492,call,楠梓電,2316
072493,call,台積電,2330
072494,call,台積電,2330
072495,call,台積電,2330
072496,call,台積電,2330
072497,call,台積電,2330
072498,call,台積電,2330
072499,call,華邦電,2344
072500,call,南亞科,2408
072501,call,南亞科,2408
072502,call,友達,2409
072503,call,強茂,2481
072504,call,智伸科,4551
072505,call,三集瑞-KY,6862
072506,call,南茂,8150
072507,call,富鼎,8261
072508,call,富鼎,8261
072509,call,元大台灣50,0050
07250U,put,大立光,3008
072512,call,南亞,1303
072513,call,東鹼,1708
072514,call,華紙,1905
072515,call,楠梓電,2316
072516,call,瑞昱,2379
072517,call,毅嘉,2402
072518,call,漢唐,2404
072519,call,南亞科,2408
07251U,put,景碩,3189
072520,call,友達,2409
072521,call,京元電子,2449
072522,call,強茂,2481
072523,call,華航,2610
072524,call,長榮航,2618
072525,call,智伸科,4551
072526,call,台郡,6269
072527,call,采鈺,6789
072528,call,矽創,8016
072529,call,富鼎,8261
072532,call,鴻海,2317
072533,call,鴻海,2317
072534,call,台積電,2330
072535,call,華邦電,2344
072536,call,華邦電,2344
072537,call,華邦電,2344
072538,call,華邦電,2344
072539,call,漢唐,2404
072540,call,友達,2409
072541,call,友達,2409
072542,call,智原,3035
072543,call,緯創,3231
072544,call,智伸科,4551
072545,call,聯茂,6213
072546,call,聯茂,6213
072547,call,富世達,6805
072548,call,南亞,1303
072549,call,長興,1717
072550,call,光寶科,2301
072551,call,聯電,2303
072552,call,聯電,2303
072553,call,華邦電,2344
072554,call,華邦電,2344
072555,call,南亞科,2408
072556,call,南亞科,2408
072557,call,友達,2409
072558,call,京元電子,2449
072559,call,凱基金,2883
072560,call,晶豪科,3006
072561,call,晶豪科,3006
072562,call,緯創,3231
072563,call,日月光投控,3711
072564,call,AES-KY,6781
072565,call,富世達,6805
072566,call,富世達,6805
072567,call,元大台灣50,0050
072569,call,南亞,1303
072570,call,南亞科,2408
072571,call,京元電子,2449
072572,call,智原,3035
072573,call,富鼎,8261
072575,call,華新,1605
072576,call,宇隆,2233
072577,call,順德,2351
072578,call,南亞科,2408
072579,call,南亞科,2408
072580,call,南亞科,2408
072581,call,南亞科,2408
072582,call,友達,2409
072583,call,京元電子,2449
072584,call,京元電子,2449
072585,call,強茂,2481
072586,call,晶豪科,3006
072587,call,聯陽,3014
072588,call,聯詠,3034
072589,call,昇貿,3305
072590,call,京鼎,3413
072591,call,日月光投控,3711
072592,call,日月光投控,3711
072593,call,大銀微系統,4576
072594,call,瑞儀,6176
072595,call,盛群,6202
072596,call,聯茂,6213
072597,call,聯茂,6213
072598,call,康舒,6282
072599,call,力智,6719
072600,call,松川精密,7788
072601,call,富鼎,8261
072602,call,南亞,1303
072603,call,華紙,1905
072604,call,南亞科,2408
072605,call,南亞科,2408
072606,call,采鈺,6789
072607,call,富鼎,8261
072608,call,元大台灣50,0050
072610,call,南亞,1303
072611,call,華新,1605
072612,call,華新,1605
072613,call,台積電,2330
072614,call,台積電,2330
072615,call,台積電,2330
072616,call,南亞科,2408
072617,call,南亞科,2408
072618,call,南亞科,2408
072619,call,志聖,2467
072620,call,強茂,2481
072621,call,宏達電,2498
072622,call,聯詠,3034
072623,call,聯詠,3034
072624,call,智原,3035
072625,call,智原,3035
072626,call,日月光投控,3711
072627,call,台郡,6269
072628,call,力智,6719
07262U,put,台積電,2330
072630,call,南茂,8150
072631,call,富鼎,8261
072632,call,南亞,1303
072634,call,南亞,1303
072636,call,強茂,2481
072637,call,威強電,3022
072638,call,智原,3035
072639,call,兆聯實業,6944
072640,call,富鼎,8261
072641,call,乙盛-KY,5243
072647,call,南亞,1303
072648,call,聯電,2303
072649,call,台積電,2330
072650,call,台積電,2330
072651,call,台積電,2330
072652,call,台積電,2330
072653,call,瑞昱,2379
072654,call,瑞昱,2379
072655,call,南亞科,2408
072656,call,友達,2409
072657,call,強茂,2481
072658,call,德律,3030
072659,call,聯詠,3034
072660,call,智原,3035
072661,call,日月光投控,3711
072662,call,盛群,6202
072663,call,聯茂,6213
072664,call,台郡,6269
072665,call,松川精密,7788
072666,call,南茂,8150
072667,call,富鼎,8261
072670,call,元大台灣50,0050
072671,call,南亞,1303
072672,call,南亞,1303
072673,call,南亞,1303
072674,call,南亞,1303
072675,call,亞力,1514
072676,call,台玻,1802
072677,call,台積電,2330
072678,call,台積電,2330
072679,call,瑞昱,2379
072680,call,瑞昱,2379
072681,call,凌陽,2401
072682,call,南亞科,2408
072683,call,南亞科,2408
072684,call,南亞科,2408
072685,call,興勤,2428
072686,call,超豐,2441
072687,call,超豐,2441
072688,call,華航,2610
072689,call,長榮航,2618
072690,call,神基,3005
072692,call,台積電,2330
072693,call,台積電,2330
072694,call,TPK-KY,3673
072695,call,佳必琪,6197
072696,call,台郡,6269
072697,call,力智,6719
072698,call,采鈺,6789
072699,call,采鈺,6789
07269U,put,元大台灣50,0050
072700,call,三集瑞-KY,6862
072701,call,福懋科,8131
072702,call,富鼎,8261
072703,call,富鼎,8261
072704,call,元大台灣50,0050
072705,call,元大台灣50,0050
072706,call,元大台灣50,0050
072707,call,元大台灣50,0050
072708,call,元大台灣50,0050
072711,call,台塑,1301
072712,call,南亞,1303
072713,call,華新,1605
072714,call,永光,1711
072715,call,台玻,1802
072716,call,聯電,2303
072717,call,聯電,2303
072718,call,鴻海,2317
072719,call,中環,2323
072720,call,台積電,2330
072721,call,台積電,2330
072722,call,台積電,2330
072723,call,台亞,2340
072724,call,矽統,2363
072725,call,瑞昱,2379
072726,call,瑞昱,2379
072727,call,凌陽,2401
072728,call,毅嘉,2402
072729,call,漢唐,2404
072730,call,南亞科,2408
072731,call,友達,2409
072732,call,偉詮電,2436
072733,call,義隆,2458
072734,call,華航,2610
072735,call,長榮航,2618
072736,call,漢翔,2634
072737,call,聯詠,3034
072738,call,智原,3035
072739,call,玉晶光,3406
072740,call,日月光投控,3711
072741,call,定穎投控,3715
072742,call,聯茂,6213
072743,call,台郡,6269
072744,call,保瑞,6472
072745,call,力智,6719
072746,call,矽創,8016
072747,call,富鼎,8261
072750,call,聯電,2303
072751,call,瑞昱,2379
072752,call,晶技,3042
072754,call,士電,1503
072755,call,中興電,1513
072756,call,聯電,2303
072757,call,聯電,2303
072758,call,威盛,2388
072759,call,友達,2409
072760,call,長榮航,2618
072761,call,玉山金,2884
072762,call,元大金,2885
072763,call,永豐金,2890
072764,call,中信金,2891
072765,call,德律,3030
072766,call,聯詠,3034
072767,call,晶技,3042
072768,call,聯茂,6213
072769,call,矽格,6257
072770,call,台郡,6269
072773,call,直得,1597
072774,call,聯電,2303
072775,call,楠梓電,2316
072776,call,華碩,2357
072777,call,菱生,2369
072778,call,瑞昱,2379
072779,call,瑞昱,2379
072780,call,強茂,2481
072781,call,台新新光金,2887
072782,call,聯陽,3014
072783,call,智原,3035
072784,call,瑞鼎,3592
072785,call,日月光投控,3711
072786,call,瀚宇博,5469
072787,call,盛群,6202
072788,call,台郡,6269
072789,call,AES-KY,6781
072790,call,雲豹能源,6869
072791,call,矽創,8016
072792,call,台亞,2340
072793,call,菱生,2369
072794,call,菱生,2369
072795,call,威盛,2388
072796,call,強茂,2481
072797,call,華航,2610
072798,call,盛群,6202
072799,call,盛群,6202
072800,call,啟碁,6285
072801,call,元大台灣50,0050
072802,call,元大台灣50,0050
072803,call,元大台灣50,0050
072804,call,聯電,2303
072805,call,聯電,2303
072806,call,聯電,2303
072807,call,聯電,2303
072808,call,聯電,2303
072809,call,中環,2323
072810,call,中環,2323
072811,call,仁寶,2324
072812,call,菱生,2369
072813,call,技嘉,2376
072814,call,技嘉,2376
072815,call,漢唐,2404
072816,call,友達,2409
072817,call,強茂,2481
072818,call,長榮航,2618
072819,call,長榮航,2618
072820,call,德律,3030
072821,call,德律,3030
072822,call,德律,3030
072823,call,晶技,3042
072824,call,晶技,3042
072825,call,晶技,3042
072826,call,晶技,3042
072827,call,晶技,3042
072828,call,緯創,3231
072829,call,定穎投控,3715
072830,call,致伸,4915
072831,call,啟碁,6285
072832,call,啟碁,6285
072833,call,啟碁,6285
072834,call,緯穎,6669
072835,call,緯穎,6669
072836,call,富世達,6805
072837,call,富世達,6805
072838,call,富世達,6805
072839,call,至上,8112
072840,call,華新,1605
072841,call,聯電,2303
072842,call,台積電,2330
072843,call,台積電,2330
072844,call,台積電,2330
072845,call,聯電,2303
072846,call,楠梓電,2316
072847,call,智邦,2345
072848,call,偉詮電,2436
072849,call,義隆,2458
072850,call,強茂,2481
072851,call,益登,3048
072852,call,TPK-KY,3673
072853,call,瀚宇博,5469
072854,call,佳必琪,6197
072855,call,聯茂,6213
072856,call,力智,6719
072857,call,福懋科,8131
072859,call,亞力,1514
072860,call,宇隆,2233
072861,call,光寶科,2301
072862,call,聯電,2303
072863,call,聯電,2303
072864,call,楠梓電,2316
072865,call,鴻海,2317
072867,call,矽統,2363
072868,call,菱生,2369
072869,call,凌陽,2401
07286U,put,景碩,3189
072870,call,毅嘉,2402
072871,call,偉詮電,2436
072872,call,超豐,2441
072873,call,京元電子,2449
072874,call,強茂,2481
072875,call,強茂,2481
072876,call,晶技,3042
072877,call,玉晶光,3406
072878,call,佳必琪,6197
072879,call,保瑞,6472
072880,call,力智,6719
072881,call,采鈺,6789
072882,call,矽創,8016
072883,call,中興電,1513
072884,call,聯電,2303
072885,call,楠梓電,2316
072886,call,台積電,2330
072887,call,菱生,2369
072888,call,技嘉,2376
072889,call,友達,2409
072890,call,超豐,2441
072891,call,強茂,2481
072892,call,智原,3035
072893,call,瑞儀,6176
072894,call,精成科,6191
072895,call,盛群,6202
072896,call,富世達,6805
072897,call,致新,8081
072898,call,南茂,8150
072899,call,勤誠,8210
072903,call,聯電,2303
072904,call,聯電,2303
072905,call,聯電,2303
072906,call,聯電,2303
072907,call,聯電,2303
072908,call,聯電,2303
072909,call,楠梓電,2316
072910,call,楠梓電,2316
072911,call,楠梓電,2316
072912,call,楠梓電,2316
072913,call,楠梓電,2316
072914,call,台積電,2330
072915,call,矽統,2363
072916,call,矽統,2363
072917,call,菱生,2369
072918,call,菱生,2369
072919,call,瑞昱,2379
07291U,put,台積電,2330
072920,call,瑞昱,2379
072921,call,瑞昱,2379
072922,call,瑞昱,2379
072923,call,威盛,2388
072924,call,友達,2409
072925,call,友達,2409
072926,call,友達,2409
072927,call,偉詮電,2436
072928,call,可成,2474
072929,call,智原,3035
072930,call,晶技,3042
072931,call,晶技,3042
072932,call,日月光投控,3711
072933,call,盛群,6202
072934,call,聯茂,6213
072935,call,台郡,6269
072936,call,采鈺,6789
072937,call,富世達,6805
072938,call,南茂,8150
072939,call,南茂,8150
072941,call,TPK-KY,3673
072942,call,聯茂,6213
072946,call,三芳,1307
072947,call,台化,1326
072948,call,中興電,1513
072949,call,華城,1519
072950,call,中砂,1560
072951,call,中砂,1560
072952,call,光寶科,2301
072953,call,金寶,2312
072954,call,華通,2313
072955,call,華通,2313
072956,call,鴻海,2317
072957,call,台積電,2330
072958,call,台積電,2330
072959,call,台積電,2330
072960,call,台積電,2330
072961,call,友達,2409
072962,call,仲琦,2419
072963,call,仲琦,2419
072964,call,鉅祥,2476
072966,call,台積電,2330
072967,call,華航,2610
072968,call,晶豪科,3006
072969,call,聯陽,3014
072970,call,亞光,3019
072971,call,聯發科,2454
072972,call,亞光,3019
072973,call,智原,3035
072974,call,緯創,3231
072975,call,佳必琪,6197
072976,call,佳必琪,6197
072977,call,佳必琪,6197
072978,call,聯茂,6213
072979,call,台郡,6269
072980,call,矽創,8016
072981,call,永光,1711
072982,call,上銀,2049
072983,call,台積電,2330
072984,call,順德,2351
072985,call,菱生,2369
072986,call,智原,3035
072987,call,瑞鼎,3592
072988,call,緯穎,6669
072989,call,采鈺,6789
072990,call,富世達,6805
072991,call,亞泥,1102
072992,call,統一,1216
072993,call,統一,1216
072994,call,三芳,1307
072995,call,儒鴻,1476
072996,call,東元,1504
072997,call,和大,1536
072998,call,中砂,1560
072999,call,大亞,1609
07299U,put,台光電,2383
073000,call,東鹼,1708
073001,call,台橡,2103
073002,call,國際中橡,2104
073003,call,宇隆,2233
073004,call,順德,2351
073005,call,鴻準,2354
073006,call,鴻準,2354
073007,call,矽統,2363
073008,call,凌陽,2401
073009,call,友達,2409
073010,call,強茂,2481
073011,call,裕民,2606
073012,call,雄獅,2731
073013,call,八方雲集,2753
073014,call,洋華,3622
073015,call,達運,6120
073016,call,精成科,6191
073017,call,精成科,6191
073018,call,聯茂,6213
073019,call,力智,6719
073020,call,力智,6719
073021,call,台灣虎航,6757
073022,call,台灣虎航,6757
073023,call,泰金寶-DR,9105
073027,call,台化,1326
073028,call,中興電,1513
073029,call,中砂,1560
073030,call,華新,1605
073031,call,金寶,2312
073032,call,華通,2313
073033,call,華通,2313
073034,call,智邦,2345
073035,call,順德,2351
073036,call,順德,2351
073037,call,技嘉,2376
073038,call,威盛,2388
073039,call,友達,2409
073040,call,友達,2409
073041,call,仲琦,2419
073043,call,可成,2474
073044,call,強茂,2481
073045,call,晶豪科,3006
073046,call,智原,3035
073047,call,新日興,3376
073048,call,日月光投控,3711
073049,call,定穎投控,3715
073050,call,聯茂,6213
073051,call,聯茂,6213
073052,call,聯茂,6213
073053,call,台郡,6269
073054,call,力智,6719
073056,call,力智,6719
073057,call,富世達,6805
073058,call,長華*,8070
073059,call,致新,8081
073060,call,南茂,8150
073063,call,台化,1326
073064,call,華通,2313
073065,call,聯茂,6213
073070,call,台化,1326
073071,call,華通,2313
073072,call,順德,2351
073073,call,智原,3035
073074,call,晶技,3042
073075,call,智易,3596
073076,call,聯茂,6213
073077,call,力智,6719
073078,call,潤泰新,9945
073079,call,台塑,1301
073080,call,台化,1326
073081,call,中砂,1560
073082,call,永光,1711
073083,call,永光,1711
073084,call,鉅祥,2476
073085,call,華航,2610
073086,call,亞光,3019
073087,call,亞光,3019
073088,call,神達,3706
073089,call,聯茂,6213
073090,call,聯茂,6213
073091,call,聯茂,6213
073092,call,聯茂,6213
073093,call,聯茂,6213
073094,call,聯茂,6213
073095,call,聯茂,6213
073096,call,聯茂,6213
073097,call,聯茂,6213
073098,call,力智,6719
073099,call,力智,6719
07309U,put,元大台灣50,0050
073100,call,泓德能源,6873
073106,call,台玻,1802
073107,call,金寶,2312
073108,call,仁寶,2324
073109,call,台積電,2330
073110,call,台亞,2340
073111,call,宏碁,2353
073112,call,矽統,2363
073113,call,微星,2377
073114,call,可成,2474
073115,call,鉅祥,2476
073116,call,強茂,2481
073117,call,強茂,2481
073118,call,強茂,2481
073119,call,強茂,2481
073120,call,強茂,2481
073121,call,強茂,2481
073122,call,陽明,2609
073123,call,華航,2610
073124,call,晶豪科,3006
073125,call,亞光,3019
073126,call,智原,3035
073127,call,晶技,3042
073128,call,新日興,3376
073129,call,玉晶光,3406
07312U,put,世芯-KY,3661
073130,call,精成科,6191
073131,call,佳必琪,6197
073132,call,聯茂,6213
073133,call,聯茂,6213
073134,call,台表科,6278
073135,call,康舒,6282
073136,call,保瑞,6472
073137,call,力智,6719
073138,call,富世達,6805
073139,call,南茂,8150
07313U,put,精成科,6191
073140,call,南茂,8150
073142,call,台塑,1301
073143,call,台化,1326
073144,call,鴻海,2317
073145,call,力智,6719
073146,call,金像電,2368
073148,call,台積電,2330
073149,call,金像電,2368
073150,call,友達,2409
073152,call,矽統,2363
073153,call,金像電,2368
073154,call,大同,2371
073155,call,佳能,2374
073156,call,義隆,2458
073157,call,華固,2548
073158,call,萬海,2615
073159,call,玉晶光,3406
073160,call,宏致,3605
073161,call,中磊,5388
073162,call,旭隼,6409
073163,call,洋基工程,6691
073164,call,福懋科,8131
073165,call,美利達,9914
073166,call,元大台灣50,0050
073167,call,元大台灣50,0050
073170,call,台化,1326
073171,call,順德,2351
073172,call,矽統,2363
073173,call,金像電,2368
073174,call,友達,2409
073175,call,友達,2409
073176,call,友達,2409
073177,call,友達,2409
073178,call,京元電子,2449
073179,call,長榮航,2618
073182,call,長榮航,2618
073183,call,長榮航,2618
073184,call,聯陽,3014
073185,call,聯陽,3014
073186,call,裕民,2606
073187,call,亞翔,6139
073188,call,慧洋-KY,2637
073189,call,亞翔,6139
073190,call,旭隼,6409
073191,call,騰輝電子-KY,6672
073192,call,騰輝電子-KY,6672
073193,call,華晶科,3059
073194,call,台灣虎航,6757
073195,call,台灣虎航,6757
073196,call,泓德能源,6873
073197,call,華東,8110
073201,call,東元,1504
073202,call,華通,2313
073203,call,仁寶,2324
073204,call,台積電,2330
073205,call,順德,2351
073206,call,鴻準,2354
073207,call,矽統,2363
073208,call,金像電,2368
073209,call,金像電,2368
073210,call,漢唐,2404
073211,call,友達,2409
073212,call,義隆,2458
073213,call,義隆,2458
073214,call,鉅祥,2476
073215,call,裕民,2606
073216,call,陽明,2609
073217,call,華航,2610
073218,call,亞光,3019
073219,call,文曄,3036
073220,call,晶技,3042
073221,call,玉晶光,3406
073222,call,智易,3596
073223,call,亞翔,6139
073224,call,精成科,6191
073225,call,佳必琪,6197
073226,call,台表科,6278
073227,call,旭隼,6409
073228,call,台灣虎航,6757
073229,call,矽創,8016
073230,call,華東,8110
073232,call,元大台灣50,0050
073233,call,台塑,1301
073234,call,台塑,1301
073235,call,台塑,1301
073236,call,台化,1326
073237,call,台化,1326
073238,call,台化,1326
073239,call,台積電,2330
073240,call,順德,2351
073241,call,順德,2351
073242,call,矽統,2363
073243,call,矽統,2363
073244,call,金像電,2368
073245,call,金像電,2368
073246,call,金像電,2368
073247,call,菱生,2369
073248,call,技嘉,2376
073249,call,漢唐,2404
07324U,put,台積電,2330
073250,call,友達,2409
073251,call,華航,2610
073253,call,長榮航,2618
073254,call,新日興,3376
073255,call,玉晶光,3406
073256,call,玉晶光,3406
073257,call,亞翔,6139
073258,call,佳必琪,6197
073259,call,矽格,6257
073260,call,矽格,6257
073261,call,騰輝電子-KY,6672
073262,call,力智,6719
073263,call,富世達,6805
073264,call,華東,8110
073265,call,南茂,8150
073266,call,元大台灣50,0050
073267,call,元大台灣50,0050
073268,call,元大台灣50,0050
073269,call,元大台灣50,0050
073280,call,台泥,1101
073281,call,台泥,1101
073282,call,台塑,1301
073283,call,台化,1326
073284,call,聚陽,1477
073285,call,亞力,1514
073286,call,華城,1519
073287,call,信錦,1582
073288,call,大亞,1609
073289,call,大成鋼,2027
073290,call,鴻海,2317
073291,call,鴻海,2317
073292,call,精英,2331
073293,call,華碩,2357
073294,call,華碩,2357
073295,call,矽統,2363
073296,call,金像電,2368
073297,call,金像電,2368
073298,call,金像電,2368
073299,call,金像電,2368
073300,call,金像電,2368
073301,call,金像電,2368
073302,call,漢唐,2404
073303,call,八方雲集,2753
073304,call,聯詠,3034
073305,call,文曄,3036
073306,call,華晶科,3059
073307,call,華晶科,3059
073308,call,新日興,3376
073309,call,TPK-KY,3673
07330U,put,元大台灣50,0050
073310,call,精成科,6191
073311,call,精成科,6191
073312,call,帆宣,6196
073313,call,帆宣,6196
073314,call,帆宣,6196
073315,call,旭隼,6409
073316,call,樺漢,6414
073317,call,緯穎,6669
073318,call,緯穎,6669
073319,call,龍德造船,6753
073320,call,台灣虎航,6757
073322,call,台灣虎航,6757
073323,call,南茂,8150
073324,call,台積電,2330
073325,call,台積電,2330
073326,call,華碩,2357
073327,call,凌陽,2401
073329,call,昆盈,2365
073330,call,友達,2409
073332,call,台新新光金,2887
073333,call,亞光,3019
073334,call,勤誠,8210
073341,call,台塑,1301
073342,call,台化,1326
073343,call,中興電,1513
073344,call,中砂,1560
073345,call,華新,1605
073346,call,華通,2313
073347,call,智邦,2345
073348,call,技嘉,2376
073349,call,威盛,2388
073350,call,漢唐,2404
073351,call,友達,2409
073352,call,可成,2474
073353,call,晶豪科,3006
073354,call,聯陽,3014
073355,call,新日興,3376
073356,call,日月光投控,3711
073357,call,緯穎,6669
073358,call,中砂,1560
073359,call,友達,2409
073360,call,宏達電,2498
073361,call,華航,2610
073362,call,亞翔,6139
073366,call,台塑,1301
073367,call,三芳,1307
073368,call,中砂,1560
073369,call,華新,1605
073370,call,宇隆,2233
073371,call,智邦,2345
073372,call,技嘉,2376
073373,call,可成,2474
073374,call,長榮航,2618
073375,call,慧洋-KY,2637
073376,call,晶豪科,3006
073377,call,聯陽,3014
073378,call,新日興,3376
073379,call,日月光投控,3711
073380,call,瀚宇博,5469
073381,call,亞翔,6139
073382,call,緯穎,6669
073383,call,洋基工程,6691
073384,call,富世達,6805
073385,call,福懋科,8131
073386,call,美利達,9914
073387,call,潤泰新,9945
073388,call,元大台灣50,0050
073389,call,元大台灣50,0050
073390,call,元大台灣50,0050
073391,call,元大台灣50,0050
073392,call,元大台灣50,0050
073393,call,元大台灣50,0050
073394,call,元大台灣50,0050
073397,call,東陽,1319
073398,call,正新,2105
073399,call,裕隆,2201
073400,call,華通,2313
073401,call,華通,2313
073402,call,華通,2313
073403,call,華通,2313
073404,call,華通,2313
073405,call,華通,2313
073406,call,華通,2313
073407,call,華通,2313
073408,call,台積電,2330
073409,call,台積電,2330
073410,call,台積電,2330
073411,call,台積電,2330
073412,call,台積電,2330
073413,call,台積電,2330
073414,call,台積電,2330
073415,call,金像電,2368
073416,call,金像電,2368
073417,call,金像電,2368
073418,call,金像電,2368
073419,call,京元電子,2449
073420,call,裕民,2606
073421,call,萬海,2615
073422,call,德律,3030
073423,call,德律,3030
073424,call,晶技,3042
073425,call,晶技,3042
073426,call,晶技,3042
073427,call,緯創,3231
073428,call,TPK-KY,3673
073429,call,日月光投控,3711
073430,call,台灣精銳,4583
073431,call,台灣精銳,4583
073432,call,祥碩,5269
073433,call,祥碩,5269
073434,call,亞翔,6139
073435,call,亞翔,6139
073436,call,瑞儀,6176
073437,call,盛群,6202
073438,call,台郡,6269
073439,call,啟碁,6285
073440,call,啟碁,6285
073442,call,啟碁,6285
073443,call,緯穎,6669
073444,call,緯穎,6669
073445,call,台灣虎航,6757
073446,call,富世達,6805
073447,call,富世達,6805
073448,call,世紀鋼,9958
073450,call,鴻海,2317
073451,call,信錦,1582
073452,call,東聯,1710
073453,call,正新,2105
073454,call,宇隆,2233
073455,call,昆盈,2365
073457,call,仁寶,2324
073458,call,菱生,2369
073460,call,富世達,6805
073467,call,敦泰,3545
073469,call,騰輝電子-KY,6672
073470,call,采鈺,6789
073471,call,意騰-KY,7749
073472,call,台虹,8039
073473,call,泰金寶-DR,9105
073476,call,華夏,1305
073477,call,華城,1519
073478,call,華城,1519
073479,call,合機,1618
073480,call,台郡,6269
073481,call,台郡,6269
073482,call,長華*,8070
073483,call,致新,8081
073484,call,福懋科,8131
073485,call,福懋科,8131
073489,call,中砂,1560
073490,call,光寶科,2301
073491,call,建準,2421
073492,call,晶豪科,3006
073493,call,昇貿,3305
073494,call,新日興,3376
073495,call,新日興,3376
073496,call,玉晶光,3406
073497,call,玉晶光,3406
073498,call,盛群,6202
073499,call,康舒,6282
073501,call,群電,6412
073503,call,緯穎,6669
073504,call,洋基工程,6691
073505,call,力智,6719
073506,call,力智,6719
073507,call,台塑,1301
073508,call,華通,2313
073509,call,長榮,2603
073510,call,晶豪科,3006
073511,call,玉晶光,3406
073512,call,玉晶光,3406
073513,call,騰輝電子-KY,6672
073514,call,台灣虎航,6757
073515,call,東鹼,1708
073516,call,順德,2351
073517,call,金像電,2368
073518,call,技嘉,2376
073519,call,洋基工程,6691
073520,call,采鈺,6789
073521,call,台化,1326
073522,call,台積電,2330
073523,call,順德,2351
073524,call,矽統,2363
073525,call,矽統,2363
073526,call,金像電,2368
073527,call,金像電,2368
073528,call,金像電,2368
073529,call,技嘉,2376
073530,call,漢唐,2404
073531,call,友達,2409
073532,call,義隆,2458
073533,call,可成,2474
073534,call,長榮航,2618
073535,call,晶豪科,3006
073536,call,聯詠,3034
073537,call,智原,3035
073538,call,智原,3035
073539,call,晶技,3042
073540,call,晶技,3042
073541,call,華晶科,3059
073542,call,玉晶光,3406
073543,call,玉晶光,3406
073544,call,日月光投控,3711
073545,call,帆宣,6196
073546,call,台郡,6269
073547,call,旭隼,6409
073548,call,旭隼,6409
073549,call,騰輝電子-KY,6672
073550,call,AES-KY,6781
073551,call,富世達,6805
073552,call,富世達,6805
073556,call,南亞科,2408
073557,call,友達,2409
073558,call,和碩,4938
073559,call,保瑞,6472
073560,call,元大台灣50,0050
073564,call,金像電,2368
073565,call,新代,7750
073566,call,新代,7750
073567,call,泰金寶-DR,9105
073569,call,義隆,2458
073570,call,正文,4906
073571,call,jpp-KY,5284
073572,call,亞翔,6139
073573,call,新代,7750
073574,call,矽創,8016
073576,call,台化,1326
073578,call,華城,1519
073579,call,東聯,1710
073580,call,光寶科,2301
073581,call,華通,2313
073582,call,鴻海,2317
073583,call,漢翔,2634
073584,call,智原,3035
073585,call,凌航,3135
073586,call,台灣精銳,4583
073587,call,中租-KY,5871
073588,call,今國光,6209
073589,call,力智,6719
073590,call,新代,7750
073591,call,新代,7750
073592,call,振樺電,8114
073593,call,日友,8341
073594,call,億豐,8464
073595,call,元大台灣50,0050
073599,call,華通,2313
073600,call,華通,2313
073601,call,佳世達,2352
073602,call,南亞科,2408
073603,call,友達,2409
073604,call,京鼎,3413
073605,call,材料*-KY,4763
073606,call,瀚宇博,5469
073607,call,瀚宇博,5469
073608,call,亞翔,6139
073609,call,緯穎,6669
073610,call,振樺電,8114
073611,call,振樺電,8114
073618,call,堤維西,1522
073619,call,中砂,1560
073620,call,中砂,1560
073621,call,中砂,1560
073622,call,華新,1605
073623,call,上銀,2049
073624,call,光寶科,2301
073625,call,智邦,2345
073626,call,燿華,2367
073627,call,微星,2377
073628,call,漢唐,2404
073629,call,南亞科,2408
073630,call,南亞科,2408
073631,call,南亞科,2408
073632,call,南亞科,2408
073633,call,友達,2409
073634,call,京元電子,2449
073635,call,創見,2451
073636,call,長榮,2603
073637,call,智原,3035
073638,call,健鼎,3044
073639,call,緯創,3231
073640,call,定穎投控,3715
073641,call,材料*-KY,4763
073642,call,jpp-KY,5284
073643,call,力智,6719
073644,call,力智,6719
073645,call,新代,7750
073646,call,至上,8112
073647,call,美利達,9914
073648,call,神達,3706
073649,call,瀚宇博,5469
073650,call,亞翔,6139
073651,call,采鈺,6789
073652,call,長興,1717
073653,call,矽統,2363
073654,call,金像電,2368
073655,call,南亞科,2408
073656,call,南亞科,2408
073657,call,友達,2409
073658,call,聯詠,3034
073659,call,晶技,3042
073660,call,玉晶光,3406
073661,call,敦泰,3545
073662,call,材料*-KY,4763
073663,call,祥碩,5269
073664,call,亞翔,6139
073665,call,台郡,6269
073666,call,旭隼,6409
073667,call,緯穎,6669
073668,call,采鈺,6789
073669,call,雲豹能源,6869
073670,call,新代,7750
073675,call,華通,2313
073676,call,鴻海,2317
073677,call,台積電,2330
073678,call,金像電,2368
073679,call,金像電,2368
073680,call,菱生,2369
073681,call,漢唐,2404
073682,call,漢唐,2404
073683,call,南亞科,2408
073684,call,友達,2409
073685,call,京元電子,2449
073686,call,義隆,2458
073687,call,陽明,2609
073688,call,晶豪科,3006
073689,call,奇鋐,3017
073690,call,智原,3035
073691,call,智原,3035
073692,call,晶技,3042
073693,call,健鼎,3044
073694,call,TPK-KY,3673
073695,call,神達,3706
073696,call,日月光投控,3711
073697,call,精成科,6191
073698,call,帆宣,6196
073699,call,盛群,6202
073700,call,旭隼,6409
073701,call,旭隼,6409
073702,call,保瑞,6472
073703,call,松川精密,7788
073704,call,矽創,8016
073705,call,士電,1503
073707,call,台積電,2330
073708,call,台積電,2330
073709,call,台積電,2330
073710,call,華城,1519
073711,call,長興,1717
073712,call,華通,2313
073713,call,旭隼,6409
073714,call,龍德造船,6753
073715,call,松川精密,7788
073718,call,京元電子,2449
073719,call,奇鋐,3017
073720,call,AES-KY,6781
073722,call,華城,1519
073723,call,東聯,1710
073724,call,光寶科,2301
073725,call,華通,2313
073726,call,台積電,2330
073727,call,台積電,2330
073728,call,台積電,2330
073729,call,技嘉,2376
073730,call,瑞昱,2379
073731,call,台積電,2330
073732,call,漢唐,2404
073733,call,友達,2409
073734,call,京元電子,2449
073735,call,義隆,2458
073736,call,漢翔,2634
073737,call,奇鋐,3017
073738,call,和大,1536
073739,call,華邦電,2344
073740,call,智原,3035
073741,call,健鼎,3044
073742,call,神達,3706
073744,call,上緯投控,3708
073745,call,日月光投控,3711
073746,call,台灣精銳,4583
073747,call,精成科,6191
073748,call,帆宣,6196
073749,call,台表科,6278
073751,call,旭隼,6409
073752,call,力智,6719
073753,call,台虹,8039
073754,call,長華*,8070
073755,call,泰金寶-DR,9105
073756,call,愛普*,6531
073762,call,台塑,1301
073763,call,華夏,1305
073764,call,亞聚,1308
073765,call,和大,1536
073766,call,東聯,1710
073767,call,仁寶,2324
073768,call,順德,2351
073769,call,英業達,2356
073770,call,鴻海,2317
073771,call,大同,2371
073772,call,大同,2371
073773,call,瑞昱,2379
073774,call,瑞昱,2379
073775,call,瑞昱,2379
073776,call,瑞昱,2379
073777,call,瑞昱,2379
073778,call,南亞科,2408
073779,call,友達,2409
073780,call,友達,2409
073781,call,友達,2409
073782,call,義隆,2458
073783,call,中航,2612
073784,call,漢翔,2634
073785,call,中信金,2891
073786,call,中信金,2891
073787,call,神基,3005
073788,call,晶豪科,3006
073789,call,亞光,3019
073790,call,華晶科,3059
073791,call,昇貿,3305
073792,call,新日興,3376
073793,call,玉晶光,3406
073794,call,牧德,3563
073795,call,台灣精銳,4583
073796,call,台灣精銳,4583
073797,call,華懋,5292
073799,call,帆宣,6196
073800,call,矽格,6257
073801,call,矽格,6257
073802,call,台表科,6278
073803,call,旭隼,6409
073804,call,樺漢,6414
073805,call,樺漢,6414
073806,call,奕力-KY,6962
073807,call,台虹,8039
073809,call,台化,1326
073810,call,東聯,1710
073811,call,台玻,1802
073812,call,允強,2034
073813,call,台積電,2330
073814,call,台積電,2330
073815,call,台積電,2330
073816,call,台積電,2330
073817,call,台積電,2330
073818,call,佳世達,2352
073819,call,超豐,2441
073820,call,可成,2474
073821,call,中航,2612
073822,call,長榮航,2618
073823,call,漢翔,2634
073824,call,永豐金,2890
073825,call,材料*-KY,4763
073826,call,耀登,3138
073827,call,京鼎,3413
073828,call,神達,3706
073829,call,日月光投控,3711
073830,call,祥碩,5269
073831,call,祥碩,5269
073832,call,晶碩,6491
073833,call,龍德造船,6753
073834,call,龍德造船,6753
073835,call,長華*,8070
073836,call,巨大,9921
073837,call,台塑,1301
073838,call,台化,1326
073839,call,台化,1326
073840,call,大成鋼,2027
073841,call,宏碁,2353
073842,call,矽統,2363
073843,call,燿華,2367
073844,call,菱生,2369
073845,call,南亞科,2408
073846,call,瑞軒,2489
073847,call,陽明,2609
073848,call,漢翔,2634
073849,call,聯陽,3014
073850,call,緯創,3231
073851,call,達興材料,5234
073852,call,中磊,5388
073853,call,亞翔,6139
073854,call,台表科,6278
073855,call,旭隼,6409
073856,call,旭隼,6409
073857,call,龍德造船,6753
073858,call,富世達,6805
073859,call,泰金寶-DR,9105
073862,call,三芳,1307
073863,call,東鹼,1708
073864,call,裕隆,2201
073865,call,智邦,2345
073866,call,順德,2351
073867,call,佳世達,2352
073868,call,金像電,2368
073869,call,金像電,2368
073870,call,南亞科,2408
073871,call,友達,2409
073872,call,友達,2409
073873,call,漢翔,2634
073874,call,奇鋐,3017
073875,call,日月光投控,3711
073876,call,台灣精銳,4583
073877,call,亞翔,6139
073878,call,台表科,6278
073879,call,旭隼,6409
073880,call,洋基工程,6691
073881,call,松川精密,7788
073882,call,台虹,8039
073883,call,南茂,8150
073886,call,台塑,1301
073887,call,華紙,1905
073888,call,華紙,1905
073889,call,為升,2231
073890,call,鴻海,2317
073891,call,台積電,2330
073892,call,佳世達,2352
073893,call,友達,2409
073894,call,超豐,2441
073895,call,超豐,2441
073896,call,超豐,2441
073897,call,兆赫,2485
073898,call,奇鋐,3017
073899,call,奇鋐,3017
073900,call,智原,3035
073901,call,健鼎,3044
073902,call,定穎投控,3715
073903,call,定穎投控,3715
073904,call,定穎投控,3715
073905,call,康普,4739
073906,call,康普,4739
073907,call,康普,4739
073908,call,台郡,6269
073909,call,達發,6526
073910,call,緯穎,6669
073911,call,南茂,8150
073913,call,中砂,1560
073914,call,台積電,2330
073915,call,台積電,2330
073916,call,順德,2351
073917,call,金像電,2368
073918,call,金像電,2368
073919,call,瑞昱,2379
073920,call,瑞昱,2379
073921,call,南亞科,2408
073922,call,友達,2409
073923,call,友達,2409
073924,call,友達,2409
073925,call,興勤,2428
073926,call,台新新光金,2887
073927,call,奇鋐,3017
073928,call,亞光,3019
073929,call,智原,3035
073930,call,玉晶光,3406
073931,call,瀚宇博,5469
073932,call,旭隼,6409
073933,call,達發,6526
073934,call,洋基工程,6691
073935,call,力智,6719
073936,call,龍德造船,6753
073937,call,福懋科,8131
073939,call,長榮航太,2645
073940,call,日月光投控,3711
073944,call,中華化,1727
073945,call,映泰,2399
073946,call,蔚華科,3055
073947,call,松翰,5471
073948,call,鈞寶,6155
073949,call,捷敏-KY,6525
073950,call,凌巨,8105
073952,call,大亞,1609
073953,call,東聯,1710
073954,call,世紀風電,2072
073955,call,南港,2101
073956,call,南帝,2108
073957,call,百達-KY,2236
073958,call,智邦,2345
073959,call,華碩,2357
073960,call,國碩,2406
073961,call,國碩,2406
073962,call,新巨,2420
073963,call,聯詠,3034
073965,call,蔚華科,3055
073966,call,蔚華科,3055
073967,call,豐祥-KY,5288
073968,call,鈞寶,6155
073969,call,志強-KY,6768
073970,call,南茂,8150
073971,call,宇瞻,8271
073972,call,亞德客-KY,1590
073973,call,直得,1597
073974,call,中華化,1727
073975,call,中華化,1727
073976,call,新光鋼,2031
073977,call,世紀風電,2072
073978,call,南港,2101
073979,call,南帝,2108
073980,call,為升,2231
073981,call,光罩,2338
073982,call,光罩,2338
073983,call,智邦,2345
073984,call,正崴,2392
073985,call,國碩,2406
073986,call,國碩,2406
073987,call,國碩,2406
073988,call,國碩,2406
073989,call,敦陽科,2480
073990,call,敦陽科,2480
073991,call,普安,2495
073992,call,國建,2501
073993,call,興富發,2542
073994,call,亞航,2630
073997,call,星宇航空,2646
073998,call,中再保,2851
07399U,put,元大台灣50,0050
074000,call,統一超,2912
074001,call,健和興,3003
074003,call,健和興,3003
074005,call,全漢,3015
074006,call,益登,3048
074007,call,緯穎,6669
074008,call,益登,3048
074010,call,蔚華科,3055
074011,call,蔚華科,3055
074012,call,凌航,3135
074013,call,全科,3209
074014,call,牧德,3563
074015,call,宏致,3605
074016,call,宏致,3605
074017,call,東台,4526
074018,call,康普,4739
074019,call,康普,4739
07401U,put,旺宏,2337
074020,call,望隼,4771
074021,call,立積,4968
074022,call,立積,4968
074023,call,豐祥-KY,5288
074024,call,豐祥-KY,5288
074025,call,崇越,5434
074026,call,松翰,5471
074027,call,凌華,6166
074028,call,今國光,6209
074029,call,群電,6412
07402U,put,聯發科,2454
074030,call,迅得,6438
074031,call,保瑞,6472
074032,call,保瑞,6472
074033,call,保瑞,6472
074034,call,捷敏-KY,6525
074035,call,研揚,6579
074036,call,帝寶,6605
074037,call,惠特,6706
074038,call,惠特,6706
074040,call,志強-KY,6768
074041,call,三集瑞-KY,6862
074042,call,LINEPAY,7722
074043,call,凌巨,8105
074044,call,豐泰,9910
074045,call,裕融,9941
074046,call,順德,2351
074047,call,威盛,2388
074048,call,國碩,2406
074049,call,友達,2409
074050,call,鉅祥,2476
074051,call,普安,2495
074052,call,長榮航太,2645
074053,call,京鼎,3413
074054,call,帆宣,6196
074055,call,旭隼,6409
074056,call,聯發科,2454
074057,call,三集瑞-KY,6862
074059,call,中砂,1560
074060,call,直得,1597
074061,call,東聯,1710
074062,call,中華化,1727
074063,call,世紀風電,2072
074064,call,南帝,2108
074065,call,台積電,2330
074066,call,台積電,2330
074067,call,世芯-KY,3661
074068,call,矽統,2363
074069,call,金像電,2368
074070,call,正崴,2392
074071,call,國碩,2406
074072,call,興勤,2428
074073,call,普安,2495
074074,call,冠德,2520
074075,call,興富發,2542
074078,call,亞航,2630
074079,call,長榮航太,2645
074080,call,健和興,3003
074081,call,全漢,3015
074082,call,德律,3030
074083,call,益登,3048
074084,call,蔚華科,3055
074085,call,蔚華科,3055
074086,call,凌航,3135
074087,call,全科,3209
074088,call,弘憶股,3312
074089,call,牧德,3563
07408U,put,智邦,2345
074090,call,宏致,3605
074091,call,碩天,3617
074092,call,達邁,3645
074093,call,東台,4526
074094,call,康普,4739
074095,call,立積,4968
074096,call,立積,4968
074097,call,崇越,5434
074098,call,松翰,5471
074099,call,凌華,6166
074100,call,今國光,6209
074101,call,今國光,6209
074102,call,旭隼,6409
074103,call,旭隼,6409
074104,call,旭隼,6409
074105,call,捷敏-KY,6525
074106,call,達發,6526
074107,call,研揚,6579
074108,call,緯穎,6669
074109,call,龍德造船,6753
074110,call,三集瑞-KY,6862
074111,call,凌巨,8105
074113,call,大成,1210
074114,call,東聯,1710
074115,call,台玻,1802
074116,call,華紙,1905
074117,call,台積電,2330
074118,call,台積電,2330
074119,call,海悅,2348
074120,call,矽統,2363
074121,call,瑞昱,2379
074122,call,瑞昱,2379
074123,call,國碩,2406
074124,call,國碩,2406
074125,call,普安,2495
074126,call,普安,2495
074127,call,亞航,2630
074128,call,星宇航空,2646
074129,call,中再保,2851
07412U,put,日月光投控,3711
074130,call,健和興,3003
074131,call,蔚華科,3055
074132,call,凌航,3135
074133,call,達邁,3645
074134,call,康普,4739
074135,call,康普,4739
074136,call,松翰,5471
074137,call,凌華,6166
074138,call,今國光,6209
074139,call,今國光,6209
074140,call,精誠,6214
074141,call,矽格,6257
074142,call,旭隼,6409
074143,call,捷敏-KY,6525
074144,call,惠特,6706
074145,call,惠特,6706
074146,call,LINEPAY,7722
074147,call,泰金寶-DR,9105
074148,call,元大台灣50,0050
074153,call,大東電,1623
074154,call,中華化,1727
074155,call,台玻,1802
074156,call,台玻,1802
074157,call,中釉,1809
074158,call,智邦,2345
074159,call,智邦,2345
074160,call,金像電,2368
074161,call,瑞昱,2379
074162,call,瑞昱,2379
074163,call,國碩,2406
074164,call,國碩,2406
074165,call,新巨,2420
074166,call,京元電子,2449
074167,call,普安,2495
074168,call,怡利電,2497
074169,call,宏達電,2498
074170,call,豐達科,3004
074171,call,神基,3005
074172,call,神基,3005
074173,call,弘憶股,3312
074174,call,弘憶股,3312
074175,call,牧德,3563
074176,call,牧德,3563
074177,call,神達,3706
074178,call,日月光投控,3711
074179,call,鈞寶,6155
074180,call,矽格,6257
074181,call,旭隼,6409
074182,call,旭隼,6409
074183,call,統新,6426
074184,call,捷敏-KY,6525
074185,call,復盛應用,6670
074186,call,松川精密,7788
074187,call,瀚荃,8103
074188,call,志超,8213
074189,call,志超,8213
074190,call,宇瞻,8271
074191,call,宇瞻,8271
074192,call,元大台灣50,0050
074193,call,元大台灣50,0050
074195,call,台泥,1101
074196,call,聚陽,1477
074197,call,中砂,1560
074198,call,中華化,1727
074199,call,台玻,1802
074200,call,台玻,1802
074201,call,台玻,1802
074202,call,台亞,2340
074203,call,順德,2351
074204,call,所羅門,2359
074205,call,金像電,2368
074206,call,金像電,2368
074207,call,大同,2371
074209,call,國碩,2406
074210,call,國碩,2406
074211,call,南亞科,2408
074212,call,友達,2409
074213,call,友達,2409
074214,call,普安,2495
074215,call,長榮航太,2645
074216,call,國泰金,2882
074217,call,台新新光金,2887
074218,call,統一超,2912
074219,call,全漢,3015
074220,call,奇鋐,3017
074221,call,奇鋐,3017
074223,call,奇鋐,3017
074224,call,信邦,3023
074225,call,蔚華科,3055
074226,call,弘憶股,3312
074227,call,日月光投控,3711
074228,call,東台,4526
074229,call,和碩,4938
074230,call,界霖,5285
074231,call,崇越,5434
074232,call,松翰,5471
074233,call,鈞寶,6155
074234,call,鈞寶,6155
074235,call,鈞寶,6155
074236,call,精誠,6214
074237,call,捷敏-KY,6525
074238,call,達發,6526
074239,call,復盛應用,6670
074240,call,新代,7750
074241,call,凌巨,8105
074242,call,泰金寶-DR,9105
074244,call,上銀,2049
074245,call,智邦,2345
074246,call,金像電,2368
074247,call,大立光,3008
074248,call,牧德,3563
074249,call,亞翔,6139
074250,call,旭隼,6409
074251,call,台塑,1301
074252,call,台化,1326
074253,call,東鹼,1708
074254,call,上銀,2049
074255,call,鴻準,2354
074256,call,所羅門,2359
074257,call,矽統,2363
074258,call,矽統,2363
074259,call,矽統,2363
074260,call,漢唐,2404
074261,call,盟立,2464
074262,call,盟立,2464
074263,call,長榮航太,2645
074264,call,大立光,3008
074265,call,大立光,3008
074266,call,大立光,3008
074267,call,大立光,3008
074268,call,大立光,3008
074269,call,大立光,3008
07426U,put,台達電,2308
074270,call,大立光,3008
074271,call,大立光,3008
074272,call,弘憶股,3312
074273,call,貿聯-KY,3665
074274,call,貿聯-KY,3665
074275,call,貿聯-KY,3665
074276,call,貿聯-KY,3665
074277,call,TPK-KY,3673
074278,call,榮科,4989
074279,call,榮科,4989
074280,call,捷敏-KY,6525
074281,call,天虹,6937
074282,call,松川精密,7788
074283,call,南茂,8150
074284,call,富鼎,8261
074285,call,富鼎,8261
074286,call,富鼎,8261
074287,call,富鼎,8261
074288,call,富鼎,8261
074289,call,富鼎,8261
074291,call,中釉,1809
074292,call,矽統,2363
074293,call,佳能,2374
074294,call,微星,2377
074295,call,盟立,2464
074296,call,大立光,3008
074297,call,大立光,3008
074298,call,大立光,3008
074299,call,富鼎,8261
074300,call,富鼎,8261
074301,call,宇瞻,8271
074302,call,台積電,2330
074303,call,元大台灣50,0050
074304,call,台積電,2330
074305,call,矽統,2363
074306,call,義隆,2458
074307,call,盟立,2464
074308,call,盟立,2464
074309,call,大立光,3008
074310,call,大立光,3008
074311,call,牧德,3563
074312,call,貿聯-KY,3665
074314,call,佳必琪,6197
074315,call,矽創,8016
074316,call,南茂,8150
074317,call,富鼎,8261
074318,call,台泥,1101
074319,call,台化,1326
074320,call,東鹼,1708
074321,call,台玻,1802
074322,call,南港,2101
074323,call,為升,2231
074324,call,台亞,2340
074325,call,順德,2351
074326,call,矽統,2363
074327,call,金像電,2368
074328,call,瑞昱,2379
074329,call,漢唐,2404
074330,call,友達,2409
074331,call,盟立,2464
074332,call,星宇航空,2646
074333,call,統一超,2912
074334,call,奇鋐,3017
074335,call,玉晶光,3406
074336,call,大銀微系統,4576
074337,call,帆宣,6196
074338,call,精誠,6214
074339,call,矽格,6257
074340,call,AES-KY,6781
074341,call,采鈺,6789
074342,call,南茂,8150
074343,call,富鼎,8261
074344,call,泰金寶-DR,9105
074346,call,大成,1210
074347,call,台塑,1301
074348,call,大東電,1623
074349,call,東鹼,1708
074350,call,長興,1717
074351,call,台肥,1722
074352,call,中華化,1727
074353,call,偉詮電,2436
074354,call,盟立,2464
074355,call,盟立,2464
074356,call,盟立,2464
074357,call,健和興,3003
074358,call,大立光,3008
074359,call,大立光,3008
074360,call,大銀微系統,4576
074361,call,榮科,4989
074362,call,旭隼,6409
074363,call,旭隼,6409
074364,call,AES-KY,6781
074365,call,AES-KY,6781
074366,call,瀚荃,8103
074367,call,瀚荃,8103
074368,call,凌巨,8105
074369,call,富鼎,8261
07436U,put,一詮,2486
074370,call,富鼎,8261
074371,call,富鼎,8261
074372,call,豐泰,9910
074373,call,裕融,9941
074375,call,元大台灣50,0050
074377,call,台塑,1301
074378,call,台塑,1301
074379,call,士電,1503
074380,call,和大,1536
074381,call,和大,1536
074382,call,直得,1597
074383,call,直得,1597
074384,call,百達-KY,2236
074385,call,仁寶,2324
074386,call,所羅門,2359
074387,call,所羅門,2359
074388,call,矽統,2363
074389,call,凌陽,2401
074390,call,仲琦,2419
074391,call,晶豪科,3006
074392,call,晶豪科,3006
074393,call,亞光,3019
074394,call,貿聯-KY,3665
074395,call,貿聯-KY,3665
074396,call,榮科,4989
074397,call,富世達,6805
074398,call,富鼎,8261
074399,call,富鼎,8261
074400,call,富鼎,8261
074401,call,富鼎,8261
074402,call,富鼎,8261
074403,call,世紀鋼,9958
074405,call,東聯,1710
074406,call,台玻,1802
074407,call,台玻,1802
074408,call,台玻,1802
074409,call,中釉,1809
074410,call,華碩,2357
074411,call,映泰,2399
074412,call,凌陽,2401
074413,call,盟立,2464
074414,call,盟立,2464
074415,call,盟立,2464
074416,call,大立光,3008
074417,call,大立光,3008
074418,call,大立光,3008
074419,call,亞光,3019
074420,call,晶技,3042
074421,call,凌航,3135
074422,call,宏致,3605
074423,call,遠傳,4904
074424,call,榮科,4989
074425,call,榮科,4989
074426,call,帆宣,6196
074427,call,旭隼,6409
074428,call,旭隼,6409
074429,call,洋基工程,6691
074430,call,富鼎,8261
074431,call,東陽,1319
074432,call,富鼎,8261
074433,call,富鼎,8261
074434,call,富鼎,8261
074437,call,台汽電,8926
074440,call,華城,1519
074441,call,中砂,1560
074442,call,直得,1597
074443,call,大成鋼,2027
074444,call,上銀,2049
074445,call,正新,2105
074446,call,光寶科,2301
074447,call,金寶,2312
074448,call,華通,2313
074449,call,台積電,2330
074450,call,矽統,2363
074451,call,金像電,2368
074452,call,金像電,2368
074453,call,佳能,2374
074454,call,佳能,2374
074455,call,研華,2395
074457,call,毅嘉,2402
074458,call,漢唐,2404
074459,call,盟立,2464
074460,call,盟立,2464
074461,call,盟立,2464
074462,call,鉅祥,2476
074463,call,華航,2610
074464,call,長榮航,2618
074465,call,神基,3005
074466,call,大立光,3008
074467,call,大立光,3008
074468,call,大立光,3008
074469,call,大立光,3008
074470,call,奇鋐,3017
074471,call,亞光,3019
074472,call,威強電,3022
074473,call,德律,3030
074474,call,晶技,3042
074475,call,緯創,3231
074476,call,新日興,3376
074477,call,玉晶光,3406
074478,call,嘉澤,3533
074479,call,宏致,3605
074480,call,神達,3706
074481,call,榮科,4989
074482,call,矽格,6257
074483,call,旭隼,6409
074484,call,群電,6412
074485,call,力智,6719
074486,call,龍德造船,6753
074487,call,富鼎,8261
074488,call,緯穎,6669
074489,call,富鼎,8261
074490,call,台汽電,8926
074491,call,華通,2313
074492,call,鴻海,2317
074493,call,台積電,2330
074494,call,長榮,2603
074495,call,漢翔,2634
074496,call,奇鋐,3017
074497,call,貿聯-KY,3665
074498,call,祥碩,5269
074499,call,瑞昱,2379
074500,call,瑞昱,2379
074501,call,神基,3005
074502,call,晶技,3042
074503,call,日月光投控,3711
074504,call,今國光,6209
074505,call,今國光,6209
074506,call,力智,6719
074507,call,台塑,1301
074508,call,台化,1326
074509,call,華新,1605
074510,call,中鋼,2002
074511,call,台橡,2103
074512,call,智邦,2345
074513,call,佳世達,2352
074514,call,凌陽,2401
074515,call,漢唐,2404
074516,call,南亞科,2408
074517,call,興勤,2428
074518,call,京元電子,2449
074519,call,宏達電,2498
074520,call,漢翔,2634
074521,call,奇鋐,3017
074522,call,奇鋐,3017
074523,call,奇鋐,3017
074524,call,晶技,3042
074525,call,晶技,3042
074526,call,晶技,3042
074527,call,晶技,3042
074528,call,嘉澤,3533
074529,call,材料*-KY,4763
07452U,put,精成科,6191
074530,call,緯穎,6669
074531,call,龍德造船,6753
074532,call,福懋科,8131
074533,call,南茂,8150
074534,call,中釉,1809
074535,call,台積電,2330
074536,call,智邦,2345
074537,call,智邦,2345
074538,call,華碩,2357
074539,call,鴻海,2317
074540,call,華碩,2357
074541,call,奇鋐,3017
074542,call,牧德,3563
074543,call,日月光投控,3711
074544,call,日月光投控,3711
074545,call,帆宣,6196
074546,call,天虹,6937
074547,call,元大台灣50,0050
074548,call,元大台灣50,0050
074550,call,台塑,1301
074551,call,華夏,1305
074552,call,聯成,1313
074553,call,中釉,1809
074554,call,台橡,2103
074555,call,廣宇,2328
074556,call,燿華,2367
074557,call,映泰,2399
074558,call,敦陽科,2480
074559,call,兆赫,2485
074560,call,宏璟,2527
074561,call,興富發,2542
074562,call,星宇航空,2646
074563,call,中再保,2851
074564,call,玉山金,2884
074565,call,晶技,3042
074566,call,晶技,3042
074567,call,揚明光,3504
074568,call,宏致,3605
074569,call,碩天,3617
074570,call,神達,3706
074571,call,材料*-KY,4763
074572,call,望隼,4771
074573,call,榮科,4989
074574,call,榮科,4989
074575,call,長虹,5534
074576,call,群電,6412
074577,call,統新,6426
074578,call,晶碩,6491
074579,call,研揚,6579
074580,call,鼎基,6585
074581,call,達方,8163
074585,call,台化,1326
074586,call,台化,1326
074587,call,金像電,2368
074588,call,長榮,2603
074589,call,長榮航太,2645
074590,call,豐達科,3004
074591,call,奇鋐,3017
074592,call,奇鋐,3017
074593,call,晶技,3042
074594,call,晶技,3042
074595,call,晶技,3042
074596,call,日月光投控,3711
074597,call,誠美材,4960
074598,call,乙盛-KY,5243
074599,call,乙盛-KY,5243
074600,call,祥碩,5269
074601,call,精成科,6191
074602,call,精成科,6191
074603,call,精成科,6191
074604,call,帆宣,6196
074605,call,緯穎,6669
074606,call,龍德造船,6753
074607,call,泓德能源,6873
074608,call,矽創,8016
074609,call,矽創,8016
07460U,put,川湖,2059
074613,call,台塑,1301
074614,call,台化,1326
074615,call,上銀,2049
074616,call,光寶科,2301
074617,call,台積電,2330
074618,call,台積電,2330
074619,call,台積電,2330
074620,call,台積電,2330
074621,call,華碩,2357
074622,call,金像電,2368
074624,call,研華,2395
074625,call,興勤,2428
074626,call,偉詮電,2436
074627,call,漢翔,2634
074628,call,大立光,3008
074629,call,大立光,3008
074630,call,大立光,3008
074631,call,大立光,3008
074632,call,大立光,3008
074633,call,威強電,3022
074634,call,晶技,3042
074635,call,晶技,3042
074636,call,榮科,4989
074637,call,晶碩,6491
074638,call,龍德造船,6753
074639,call,台汽電,8926
074640,call,元大台灣50,0050
074642,call,台塑,1301
074643,call,國喬,1312
074644,call,聯成,1313
074645,call,台化,1326
074646,call,遠東新,1402
074647,call,華通,2313
074648,call,矽統,2363
074649,call,毅嘉,2402
07464U,put,力積電,6770
074650,call,漢唐,2404
074651,call,南亞科,2408
074652,call,興勤,2428
074653,call,興勤,2428
074654,call,中工,2515
074655,call,漢翔,2634
074656,call,慧洋-KY,2637
074657,call,晶豪科,3006
074658,call,奇鋐,3017
074659,call,德律,3030
074660,call,晶技,3042
074661,call,昇貿,3305
074662,call,融程電,3416
074663,call,牧德,3563
074664,call,定穎投控,3715
074665,call,乙盛-KY,5243
074666,call,佳必琪,6197
074667,call,啟碁,6285
074668,call,群電,6412
074669,call,保瑞,6472
074670,call,龍德造船,6753
074673,call,台塑,1301
074674,call,台塑,1301
074675,call,亞德客-KY,1590
074676,call,直得,1597
074677,call,大亞,1609
074678,call,長興,1717
074679,call,台玻,1802
074680,call,上銀,2049
074681,call,上銀,2049
074682,call,台積電,2330
074683,call,金像電,2368
074684,call,漢唐,2404
074685,call,漢唐,2404
074686,call,興勤,2428
074687,call,義隆,2458
074688,call,漢翔,2634
074689,call,漢翔,2634
074690,call,永豐金,2890
074691,call,中信金,2891
074692,call,大立光,3008
074693,call,大立光,3008
074694,call,大立光,3008
074695,call,奇鋐,3017
074696,call,奇鋐,3017
074697,call,奇鋐,3017
074698,call,威強電,3022
074699,call,德律,3030
074700,call,晶技,3042
074701,call,大銀微系統,4576
074702,call,材料*-KY,4763
074703,call,亞翔,6139
074704,call,精成科,6191
074705,call,佳必琪,6197
074706,call,台積電,2330
074707,call,盛群,6202
074708,call,和椿,6215
074709,call,矽格,6257
074710,call,致新,8081
074711,call,可寧衛*,8422
074712,call,台化,1326
074713,call,可成,2474
074714,call,京元電子,2449
074715,call,AES-KY,6781
074716,call,為升,2231
074717,call,智邦,2345
074718,call,順德,2351
074719,call,京元電子,2449
074720,call,飛宏,2457
074721,call,義隆,2458
074722,call,長榮航太,2645
074723,call,神基,3005
074724,call,新日興,3376
074725,call,玉晶光,3406
074726,call,牧德,3563
074727,call,捷敏-KY,6525
074728,call,騰輝電子-KY,6672
074729,call,騰輝電子-KY,6672
074730,call,騰輝電子-KY,6672
074731,call,視陽,6782
074732,call,睿生光電,6861
074733,call,睿生光電,6861
074734,call,南茂,8150
074735,call,富鼎,8261
074736,call,富鼎,8261
074737,call,百和,9938
074738,call,國喬,1312
074739,call,美時,1795
074740,call,為升,2231
074741,call,仲琦,2419
074742,call,亞航,2630
074743,call,德律,3030
074744,call,京鼎,3413
074745,call,騰輝電子-KY,6672
074746,call,矽創,8016
074748,call,東陽,1319
074749,call,八貫,1342
074750,call,大亞,1609
074751,call,東鹼,1708
074754,call,台表科,6278
074755,call,永光,1711
074756,call,怡利電,2497
074757,call,亞航,2630
074758,call,亞航,2630
074759,call,豐達科,3004
074760,call,神基,3005
074761,call,全漢,3015
074762,call,弘憶股,3312
074763,call,松翰,5471
074764,call,台塑化,6505
074765,call,復盛應用,6670
074766,call,睿生光電,6861
074767,call,富鼎,8261
074768,call,山林水,8473
074769,call,台汽電,8926
07476U,put,川湖,2059
074771,call,大亞,1609
074772,call,光寶科,2301
074773,call,華泰,2329
074774,call,台積電,2330
074775,call,順德,2351
074776,call,佳世達,2352
074777,call,華碩,2357
074778,call,漢翔,2634
074779,call,騰輝電子-KY,6672
074780,call,騰輝電子-KY,6672
074781,call,力智,6719
074782,call,龍德造船,6753
074783,call,AES-KY,6781
074784,call,福懋科,8131
074785,call,富鼎,8261
074786,call,元大台灣50,0050
074787,call,元大台灣50,0050
074790,call,台化,1326
074791,call,台化,1326
074792,call,中華化,1727
074793,call,台橡,2103
074794,call,台積電,2330
074795,call,台積電,2330
074796,call,聯強,2347
074797,call,鉅祥,2476
074798,call,長榮,2603
074799,call,亞航,2630
074800,call,漢翔,2634
074801,call,漢翔,2634
074802,call,大立光,3008
074803,call,大立光,3008
074804,call,大立光,3008
074805,call,亞光,3019
074806,call,健鼎,3044
074807,call,華晶科,3059
074808,call,日月光投控,3711
074809,call,日月光投控,3711
074810,call,正文,4906
074811,call,和碩,4938
074812,call,亞翔,6139
074813,call,帆宣,6196
074814,call,盛群,6202
074815,call,台表科,6278
074816,call,騰輝電子-KY,6672
074817,call,力智,6719
074818,call,力智,6719
074819,call,龍德造船,6753
074820,call,福懋科,8131
074821,call,福懋科,8131
074822,call,富鼎,8261
074823,call,富鼎,8261
074824,call,富鼎,8261
074825,call,富鼎,8261
074826,call,富鼎,8261
074830,call,大亞,1609
074831,call,長興,1717
074832,call,台橡,2103
074833,call,華通,2313
074834,call,台積電,2330
074835,call,台積電,2330
074836,call,台積電,2330
074837,call,台積電,2330
074838,call,佳世達,2352
074839,call,矽統,2363
074840,call,燿華,2367
074841,call,漢唐,2404
074842,call,亞航,2630
074843,call,長榮航太,2645
074844,call,晶豪科,3006
074845,call,大立光,3008
074846,call,大立光,3008
074847,call,德律,3030
074848,call,昇貿,3305
074849,call,牧德,3563
074850,call,乙盛-KY,5243
074851,call,亞翔,6139
074852,call,佳必琪,6197
074853,call,啟碁,6285
074854,call,群電,6412
074855,call,騰輝電子-KY,6672
074856,call,騰輝電子-KY,6672
074857,call,騰輝電子-KY,6672
074858,call,力智,6719
074859,call,福懋科,8131
074860,call,台積電,2330
074862,call,材料*-KY,4763
074863,call,南茂,8150
074864,call,富鼎,8261
074865,call,富鼎,8261
074866,call,富鼎,8261
074867,call,遠東新,1402
074868,call,大亞,1609
074869,call,長興,1717
074870,call,美時,1795
074871,call,菱生,2369
074872,call,京元電子,2449
074873,call,京元電子,2449
074874,call,長榮航太,2645
074875,call,大立光,3008
074876,call,大立光,3008
074877,call,大立光,3008
074878,call,大立光,3008
074879,call,敦泰,3545
074880,call,望隼,4771
074881,call,台郡,6269
074882,call,保瑞,6472
074883,call,保瑞,6472
074884,call,騰輝電子-KY,6672
074885,call,龍德造船,6753
074889,call,矽統,2363
074890,call,瑞昱,2379
074891,call,智原,3035
074892,call,矽格,6257
074893,call,啟碁,6285
074894,call,華城,1519
074895,call,長興,1717
074896,call,美時,1795
074897,call,美時,1795
074898,call,光寶科,2301
074899,call,可成,2474
074900,call,智原,3035
074901,call,十銓,4967
074902,call,台塑化,6505
074903,call,捷敏-KY,6525
074904,call,龍德造船,6753
074905,call,矽創,8016
074906,call,台泥,1101
074907,call,第一銅,2009
074908,call,精英,2331
074909,call,可成,2474
07490U,put,台達電,2308
074910,call,宏達電,2498
074911,call,神達,3706
074912,call,采鈺,6789
074913,call,東元,1504
074914,call,長興,1717
074915,call,長興,1717
074916,call,鴻海,2317
074917,call,瑞昱,2379
074918,call,超豐,2441
074919,call,創見,2451
07491U,put,金像電,2368
074920,call,AES-KY,6781
074921,call,AES-KY,6781
074922,call,南茂,8150
074923,call,東陽,1319
074924,call,光寶科,2301
074925,call,金寶,2312
074926,call,華泰,2329
074927,call,台積電,2330
074928,call,台積電,2330
074929,call,台積電,2330
074930,call,台積電,2330
074931,call,華碩,2357
074932,call,瑞昱,2379
074933,call,群光,2385
074934,call,南亞科,2408
074935,call,義隆,2458
074936,call,鉅祥,2476
074937,call,長榮,2603
074938,call,陽明,2609
074939,call,亞光,3019
074940,call,智原,3035
074941,call,華晶科,3059
074942,call,新日興,3376
074943,call,京鼎,3413
074944,call,嘉澤,3533
074945,call,宏致,3605
074946,call,貿聯-KY,3665
074947,call,日月光投控,3711
074948,call,正文,4906
074949,call,中磊,5388
074950,call,帆宣,6196
074951,call,盛群,6202
074952,call,台塑化,6505
074953,call,捷敏-KY,6525
074954,call,緯穎,6669
074955,call,龍德造船,6753
074956,call,矽創,8016
074960,call,華新,1605
074961,call,中鋼,2002
074962,call,華通,2313
074963,call,華通,2313
074964,call,智邦,2345
074965,call,順德,2351
074966,call,燿華,2367
074967,call,金像電,2368
074968,call,金像電,2368
074969,call,瑞昱,2379
074970,call,瑞昱,2379
074971,call,漢唐,2404
074972,call,漢唐,2404
074973,call,漢唐,2404
074974,call,國碩,2406
074975,call,南亞科,2408
074976,call,南亞科,2408
074977,call,南亞科,2408
074978,call,友達,2409
074979,call,友達,2409
074980,call,興勤,2428
074981,call,義隆,2458
074982,call,長榮航太,2645
074983,call,大立光,3008
074984,call,大立光,3008
074985,call,貿聯-KY,3665
074986,call,TPK-KY,3673
074987,call,日月光投控,3711
074988,call,日月光投控,3711
074989,call,佳必琪,6197
074990,call,今國光,6209
074991,call,康舒,6282
074992,call,龍德造船,6753
074993,call,AES-KY,6781
074996,call,台塑,1301
074997,call,永光,1711
074998,call,長興,1717
074999,call,長興,1717
075000,call,台玻,1802
075001,call,中環,2323
075002,call,台積電,2330
075003,call,台積電,2330
075004,call,順德,2351
075005,call,佳世達,2352
075006,call,佳世達,2352
075007,call,瑞昱,2379
075008,call,南亞科,2408
075009,call,鉅祥,2476
075010,call,富邦金,2881
075011,call,凱基金,2883
075012,call,台新新光金,2887
075013,call,大立光,3008
075014,call,大立光,3008
075015,call,奇鋐,3017
075016,call,智易,3596
075017,call,康普,4739
075018,call,亞翔,6139
075019,call,佳必琪,6197
075020,call,捷敏-KY,6525
075021,call,捷敏-KY,6525
075022,call,龍德造船,6753
075023,call,松川精密,7788
075024,call,矽創,8016
075025,call,福懋科,8131
075026,call,南茂,8150
075027,call,南茂,8150
075033,call,卜蜂,1215
075034,call,台塑,1301
075035,call,台化,1326
075036,call,亞力,1514
075037,call,華新,1605
075038,call,中環,2323
075039,call,瑞昱,2379
075040,call,普安,2495
075041,call,豐達科,3004
075042,call,益登,3048
075043,call,智易,3596
075044,call,宏致,3605
075045,call,三福化,4755
075046,call,十銓,4967
075047,call,佳必琪,6197
075048,call,啟碁,6285
075049,call,捷敏-KY,6525
075050,call,捷敏-KY,6525
075051,call,富世達,6805
075052,call,矽創,8016
075053,call,鴻海,2317
075054,call,鴻海,2317
075055,call,金像電,2368
075056,call,金像電,2368
075057,call,微星,2377
075058,call,漢唐,2404
075059,call,南亞科,2408
075060,call,南亞科,2408
075061,call,怡利電,2497
075062,call,怡利電,2497
075063,call,玉山金,2884
075064,call,全漢,3015
075065,call,全漢,3015
075066,call,貿聯-KY,3665
075067,call,貿聯-KY,3665
075068,call,南寶,4766
075069,call,帆宣,6196
07506U,put,智邦,2345
075070,call,矽格,6257
075071,call,樺漢,6414
075072,call,樺漢,6414
075073,call,捷敏-KY,6525
075074,call,捷敏-KY,6525
075075,call,富世達,6805
075078,call,為升,2231
075079,call,鴻海,2317
075080,call,京元電子,2449
075081,call,義隆,2458
075082,call,凱基金,2883
075083,call,晶豪科,3006
075084,call,京鼎,3413
075085,call,牧德,3563
075087,call,貿聯-KY,3665
075088,call,泰金寶-DR,9105
075091,call,京元電子,2449
075092,call,貿聯-KY,3665
075093,call,宏致,3605
075094,call,貿聯-KY,3665
075095,call,益登,3048
075096,call,緯創,3231
075098,call,鴻海,2317
075099,call,台積電,2330
075100,call,台積電,2330
075101,call,矽統,2363
075102,call,研華,2395
075103,call,南亞科,2408
075104,call,中工,2515
075105,call,奇鋐,3017
075106,call,奇鋐,3017
075107,call,聯詠,3034
075108,call,華邦電,2344
075109,call,京鼎,3413
075110,call,事欣科,4916
075111,call,南亞科,2408
075112,call,事欣科,4916
075113,call,祥碩,5269
075114,call,今國光,6209
075115,call,今國光,6209
075116,call,采鈺,6789
075117,call,富世達,6805
075127,call,台塑,1301
075128,call,台化,1326
075129,call,亞力,1514
075130,call,亞德客-KY,1590
075131,call,永光,1711
075132,call,長興,1717
075133,call,台玻,1802
075134,call,鴻海,2317
075135,call,順德,2351
075136,call,研華,2395
075137,call,京元電子,2449
075138,call,中再保,2851
075139,call,富邦金,2881
075140,call,台新新光金,2887
075141,call,晶豪科,3006
075142,call,大立光,3008
075143,call,奇鋐,3017
075144,call,智原,3035
075145,call,益登,3048
075146,call,牧德,3563
075147,call,定穎投控,3715
075148,call,大銀微系統,4576
075149,call,三福化,4755
075150,call,天鈺,4961
075151,call,十銓,4967
075152,call,亞翔,6139
075153,call,富世達,6805
075154,call,松川精密,7788
075155,call,福懋科,8131
075156,call,可寧衛*,8422
075159,call,宏泰,1612
075160,call,美時,1795
075161,call,美時,1795
075162,call,光罩,2338
075163,call,友達,2409
075164,call,潤弘,2597
075165,call,統一超,2912
075166,call,威強電,3022
075167,call,零壹,3029
075168,call,玉晶光,3406
075169,call,融程電,3416
075170,call,碩天,3617
075171,call,事欣科,4916
075172,call,立積,4968
075173,call,眾達-KY,4977
075174,call,眾達-KY,4977
075175,call,精誠,6214
075176,call,寶成,9904
075178,call,東陽,1319
075179,call,台積電,2330
075180,call,台積電,2330
075181,call,映泰,2399
075182,call,大立光,3008
075183,call,牧德,3563
075184,call,大銀微系統,4576
075185,call,事欣科,4916
075186,call,啟碁,6285
075187,call,研揚,6579
075188,call,富世達,6805
075191,call,信錦,1582
075192,call,長興,1717
075193,call,光寶科,2301
075194,call,鴻海,2317
075195,call,台積電,2330
075196,call,智邦,2345
075197,call,華碩,2357
075198,call,微星,2377
075199,call,瑞昱,2379
075200,call,群光,2385
075201,call,研華,2395
075202,call,南亞科,2408
075203,call,長榮,2603
075204,call,長榮航太,2645
075205,call,奇鋐,3017
075206,call,亞光,3019
075207,call,新日興,3376
075208,call,嘉澤,3533
075209,call,貿聯-KY,3665
075210,call,日月光投控,3711
075211,call,事欣科,4916
075212,call,事欣科,4916
075213,call,台塑化,6505
075214,call,緯穎,6669
075215,call,龍德造船,6753
075216,call,采鈺,6789
075217,call,富世達,6805
075218,call,富世達,6805
075219,call,矽創,8016
075220,call,寶成,9904
075221,call,台化,1326
075222,call,中華化,1727
075223,call,美時,1795
075224,call,為升,2231
075225,call,為升,2231
075226,call,佳世達,2352
075227,call,華碩,2357
075228,call,菱生,2369
075229,call,瑞昱,2379
075230,call,研華,2395
075231,call,研華,2395
075232,call,友達,2409
075233,call,友達,2409
075234,call,京元電子,2449
075235,call,義隆,2458
075236,call,長榮航太,2645
075237,call,長榮航太,2645
075238,call,長榮航太,2645
075239,call,大立光,3008
075240,call,晟銘電,3013
075241,call,全漢,3015
075242,call,凌航,3135
075243,call,日月光投控,3711
075244,call,大銀微系統,4576
075245,call,事欣科,4916
075246,call,事欣科,4916
075247,call,立積,4968
075248,call,松翰,5471
075249,call,亞翔,6139
07524U,put,元大台灣50,0050
075250,call,今國光,6209
075251,call,康舒,6282
075252,call,樺漢,6414
075253,call,騰輝電子-KY,6672
075254,call,騰輝電子-KY,6672
075255,call,力智,6719
075260,call,台化,1326
075261,call,遠東新,1402
075262,call,為升,2231
075263,call,台積電,2330
075265,call,台積電,2330
075266,call,金像電,2368
075267,call,金像電,2368
075269,call,瑞昱,2379
075270,call,研華,2395
075271,call,毅嘉,2402
075272,call,南亞科,2408
075273,call,偉詮電,2436
075274,call,偉詮電,2436
075275,call,義隆,2458
075276,call,鉅祥,2476
075277,call,兆赫,2485
075278,call,華航,2610
075279,call,慧洋-KY,2637
075280,call,長榮航太,2645
075281,call,永豐金,2890
075282,call,大立光,3008
075283,call,大立光,3008
075284,call,奇鋐,3017
075285,call,奇鋐,3017
075286,call,亞光,3019
075287,call,京鼎,3413
075288,call,宏致,3605
075289,call,神達,3706
075290,call,日月光投控,3711
075291,call,材料*-KY,4763
075292,call,事欣科,4916
075293,call,亞翔,6139
075294,call,帆宣,6196
075295,call,保瑞,6472
075296,call,緯穎,6669
075297,call,緯穎,6669
075298,call,騰輝電子-KY,6672
075299,call,矽創,8016
075301,call,南茂,8150
075302,call,南茂,8150
075303,call,世紀鋼,9958
075304,call,研華,2395
075305,call,漢唐,2404
075306,call,友達,2409
075307,call,漢翔,2634
075308,call,威強電,3022
075309,call,事欣科,4916
075310,call,亞翔,6139
075311,call,鴻海,2317
075312,call,南茂,8150
075313,call,華通,2313
075314,call,華通,2313
075315,call,金像電,2368
075316,call,友達,2409
075317,call,友達,2409
075318,call,緯創,3231
075319,call,宏致,3605
075320,call,碩天,3617
075321,call,碩天,3617
075322,call,貿聯-KY,3665
075323,call,貿聯-KY,3665
075324,call,日月光投控,3711
075325,call,天鈺,4961
075326,call,天鈺,4961
075327,call,天鈺,4961
075328,call,松翰,5471
075329,call,亞翔,6139
075330,call,啟碁,6285
075331,call,富世達,6805
075332,call,富世達,6805
075333,call,富世達,6805
075334,call,和大,1536
075335,call,信錦,1582
075336,call,美時,1795
075337,call,光寶科,2301
075338,call,智邦,2345
075339,call,金像電,2368
075340,call,微星,2377
075341,call,瑞昱,2379
075343,call,毅嘉,2402
075344,call,南亞科,2408
075345,call,南亞科,2408
075346,call,友達,2409
075347,call,興勤,2428
075348,call,偉詮電,2436
075349,call,鉅祥,2476
075350,call,長榮,2603
075351,call,永豐金,2890
075352,call,晶豪科,3006
075353,call,奇鋐,3017
075354,call,亞光,3019
075355,call,宏致,3605
075356,call,貿聯-KY,3665
075357,call,日月光投控,3711
075358,call,事欣科,4916
075359,call,事欣科,4916
075360,call,帆宣,6196
075361,call,盛群,6202
075362,call,啟碁,6285
075363,call,保瑞,6472
075364,call,緯穎,6669
075365,call,龍德造船,6753
075366,call,富世達,6805
075367,call,矽創,8016
075368,call,南茂,8150
075369,call,南茂,8150
075371,call,士電,1503
075372,call,和大,1536
075374,call,新光鋼,2031
075375,call,鴻海,2317
075377,call,超豐,2441
075378,call,萬海,2615
075379,call,亞光,3019
075380,call,建漢,3062
075381,call,新日興,3376
075382,call,凌華,6166
075383,call,迅得,6438
075384,call,南茂,8150
075385,call,勤誠,8210
075386,call,勤誠,8210
075387,call,元大台灣50,0050
075390,call,智邦,2345
075391,call,南亞科,2408
075392,call,南亞科,2408
075393,call,普安,2495
075394,call,漢翔,2634
075395,call,漢翔,2634
075396,call,日月光投控,3711
075397,call,緯穎,6669
075398,call,雲豹能源,6869
075399,call,元大台灣50,0050
07539U,put,台達電,2308
075400,call,美時,1795
075401,call,廣宇,2328
075402,call,光罩,2338
075403,call,矽統,2363
075404,call,瑞昱,2379
075405,call,南亞科,2408
075406,call,南亞科,2408
075407,call,興勤,2428
075408,call,超豐,2441
075409,call,超豐,2441
075410,call,超豐,2441
075411,call,義隆,2458
075412,call,長榮航太,2645
075413,call,大立光,3008
075414,call,威強電,3022
075415,call,凌航,3135
075416,call,弘憶股,3312
075417,call,宏致,3605
075419,call,達邁,3645
075421,call,日月光投控,3711
075422,call,日月光投控,3711
075423,call,康普,4739
075424,call,望隼,4771
075425,call,事欣科,4916
075426,call,事欣科,4916
075427,call,事欣科,4916
075428,call,亞翔,6139
075429,call,今國光,6209
075430,call,台表科,6278
075431,call,台表科,6278
075432,call,騰輝電子-KY,6672
075433,call,惠特,6706
075434,call,力智,6719
075435,call,富世達,6805
075436,call,松川精密,7788
075437,call,松川精密,7788
075438,call,南茂,8150
075439,call,南茂,8150
075440,call,南茂,8150
075441,call,南茂,8150
075447,call,台塑,1301
075448,call,亞力,1514
075449,call,和大,1536
075450,call,和大,1536
075451,call,台玻,1802
075452,call,台積電,2330
075453,call,英業達,2356
075454,call,南亞科,2408
075455,call,南亞科,2408
075456,call,友達,2409
075457,call,富邦金,2881
075458,call,晶豪科,3006
075459,call,大立光,3008
075460,call,日月光投控,3711
075461,call,十銓,4967
075462,call,亞翔,6139
075464,call,台玻,1802
075465,call,光寶科,2301
075466,call,仁寶,2324
075467,call,台積電,2330
075468,call,菱生,2369
075469,call,瑞昱,2379
075470,call,瑞昱,2379
075471,call,偉詮電,2436
075472,call,京元電子,2449
075473,call,創見,2451
075474,call,台新新光金,2887
075475,call,永豐金,2890
075476,call,大立光,3008
075477,call,大立光,3008
075478,call,益登,3048
075479,call,華晶科,3059
07547U,put,嘉澤,3533
075480,call,華晶科,3059
075481,call,昇貿,3305
075482,call,玉晶光,3406
075483,call,玉晶光,3406
075484,call,嘉澤,3533
075485,call,日月光投控,3711
075486,call,定穎投控,3715
075487,call,材料*-KY,4763
075488,call,材料*-KY,4763
075489,call,今國光,6209
075490,call,今國光,6209
075491,call,惠特,6706
075492,call,富世達,6805
075493,call,台塑,1301
075494,call,聚陽,1477
075495,call,士電,1503
075496,call,長興,1717
075497,call,台玻,1802
075498,call,台積電,2330
075499,call,智邦,2345
075500,call,智邦,2345
075501,call,順德,2351
075502,call,金像電,2368
075503,call,菱生,2369
075504,call,瑞昱,2379
075505,call,材料*-KY,4763
075506,call,瑞昱,2379
075507,call,台塑,1301
075509,call,研華,2395
075510,call,研華,2395
075511,call,凌陽,2401
075512,call,漢唐,2404
075513,call,南亞科,2408
075514,call,南亞科,2408
075515,call,京元電子,2449
075516,call,鉅祥,2476
075517,call,普安,2495
075518,call,長榮航,2618
075519,call,漢翔,2634
075520,call,大立光,3008
075521,call,大立光,3008
075522,call,聯陽,3014
075523,call,奇鋐,3017
075524,call,奇鋐,3017
075525,call,智原,3035
075526,call,文曄,3036
075527,call,健鼎,3044
075528,call,玉晶光,3406
075529,call,宏致,3605
075530,call,貿聯-KY,3665
075531,call,貿聯-KY,3665
075533,call,神達,3706
075534,call,日月光投控,3711
075535,call,康普,4739
075536,call,精成科,6191
075537,call,帆宣,6196
075538,call,矽格,6257
075539,call,矽格,6257
07553U,put,欣興,3037
075540,call,台表科,6278
075541,call,矽創,8016
075542,call,南茂,8150
075546,call,臻鼎-KY,4958
075547,call,臻鼎-KY,4958
075548,call,台化,1326
075549,call,東聯,1710
075550,call,凱美,2375
075551,call,凱美,2375
075552,call,凱美,2375
075553,call,技嘉,2376
075554,call,技嘉,2376
075555,call,立隆電,2472
075556,call,立隆電,2472
075557,call,立隆電,2472
075558,call,大立光,3008
075559,call,大立光,3008
075560,call,奇鋐,3017
075561,call,大聯大,3702
075562,call,新唐,4919
075563,call,新唐,4919
075564,call,臻鼎-KY,4958
075565,call,臻鼎-KY,4958
075566,call,臻鼎-KY,4958
075567,call,臻鼎-KY,4958
075568,call,力成,6239
075569,call,力成,6239
075570,call,力成,6239
075571,call,力成,6239
075572,call,同欣電,6271
075573,call,同欣電,6271
075574,call,同欣電,6271
075575,call,台塑化,6505
075576,call,緯穎,6669
075577,call,采鈺,6789
075578,call,巨大,9921
075579,call,美時,1795
075580,call,金像電,2368
075581,call,凱美,2375
075582,call,凱美,2375
075583,call,立隆電,2472
075584,call,可成,2474
075585,call,漢翔,2634
075586,call,臻鼎-KY,4958
075587,call,臻鼎-KY,4958
075588,call,力成,6239
075589,call,同欣電,6271
075590,call,台塑化,6505
075591,call,台虹,8039
075594,call,台塑,1301
075595,call,長榮航太,2645
075596,call,大立光,3008
075597,call,緯創,3231
075598,call,緯創,3231
075599,call,事欣科,4916
075600,call,臻鼎-KY,4958
075601,call,臻鼎-KY,4958
075602,call,臻鼎-KY,4958
075603,call,臻鼎-KY,4958
075604,call,力成,6239
075605,call,同欣電,6271
075606,call,啟碁,6285
075607,call,凱美,2375
075608,call,立隆電,2472
075609,call,漢翔,2634
07560U,put,台積電,2330
075610,call,嘉澤,3533
075611,call,事欣科,4916
075612,call,新唐,4919
075613,call,新唐,4919
075614,call,臻鼎-KY,4958
075615,call,臻鼎-KY,4958
075616,call,臻鼎-KY,4958
075617,call,力成,6239
075618,call,台表科,6278
075619,call,台塑化,6505
075620,call,達發,6526
075621,call,巨大,9921
075624,call,台塑,1301
075625,call,聯發科,2454
075626,call,台塑,1301
075627,call,長興,1717
075628,call,上銀,2049
075629,call,華通,2313
07562U,put,台達電,2308
075630,call,金像電,2368
075631,call,微星,2377
075632,call,慧洋-KY,2637
075633,call,臻鼎-KY,4958
075634,call,臻鼎-KY,4958
075635,call,同欣電,6271
075636,call,同欣電,6271
075637,call,至上,8112
075640,call,台塑,1301
075641,call,台化,1326
075642,call,矽統,2363
075643,call,凱美,2375
075644,call,凱美,2375
075645,call,興勤,2428
075646,call,立隆電,2472
075647,call,鉅祥,2476
075648,call,漢翔,2634
075649,call,大立光,3008
075650,call,聯詠,3034
075651,call,智原,3035
075652,call,弘憶股,3312
075653,call,望隼,4771
075654,call,新唐,4919
075655,call,新唐,4919
075656,call,新唐,4919
075657,call,臻鼎-KY,4958
075658,call,臻鼎-KY,4958
075659,call,盛群,6202
075660,call,力成,6239
075661,call,力成,6239
075662,call,同欣電,6271
075663,call,騰輝電子-KY,6672
075664,call,松川精密,7788
075665,call,台虹,8039
075666,call,同欣電,6271
075667,call,啟碁,6285
075668,call,南亞科,2408
075669,call,元大台灣50,0050
075670,call,台塑,1301
075671,call,台積電,2330
075672,call,英業達,2356
075673,call,凱美,2375
075674,call,凱美,2375
075675,call,凱美,2375
075676,call,凱美,2375
075677,call,研華,2395
075678,call,漢唐,2404
075679,call,南亞科,2408
075680,call,京元電子,2449
075681,call,立隆電,2472
075682,call,立隆電,2472
075683,call,立隆電,2472
075684,call,台積電,2330
075685,call,漢翔,2634
075686,call,大立光,3008
075687,call,大立光,3008
075688,call,大立光,3008
075689,call,奇鋐,3017
075690,call,緯創,3231
075691,call,玉晶光,3406
075692,call,新唐,4919
075693,call,新唐,4919
075694,call,臻鼎-KY,4958
075695,call,臻鼎-KY,4958
075696,call,臻鼎-KY,4958
075697,call,臻鼎-KY,4958
075698,call,力成,6239
075699,call,力成,6239
075700,call,力成,6239
075701,call,同欣電,6271
075702,call,同欣電,6271
075703,call,同欣電,6271
075704,call,台表科,6278
075705,call,迅得,6438
075706,call,勤誠,8210
075713,call,台化,1326
075714,call,大亞,1609
075715,call,為升,2231
075716,call,台積電,2330
075717,call,金像電,2368
075718,call,金像電,2368
075719,call,金像電,2368
075720,call,凱美,2375
075721,call,凱美,2375
075722,call,研華,2395
075723,call,國碩,2406
075724,call,南亞科,2408
075725,call,友達,2409
075726,call,興勤,2428
075727,call,義隆,2458
075728,call,立隆電,2472
075729,call,立隆電,2472
075730,call,華航,2610
075731,call,長榮航太,2645
075732,call,長榮航太,2645
075734,call,晶豪科,3006
075735,call,晶豪科,3006
075736,call,大立光,3008
075737,call,亞光,3019
075738,call,玉晶光,3406
075739,call,大聯大,3702
075740,call,正文,4906
075741,call,新唐,4919
075742,call,新唐,4919
075743,call,臻鼎-KY,4958
075744,call,臻鼎-KY,4958
075745,call,臻鼎-KY,4958
075746,call,臻鼎-KY,4958
075747,call,jpp-KY,5284
075748,call,中磊,5388
075749,call,今國光,6209
075750,call,力成,6239
075751,call,力成,6239
075752,call,力成,6239
075753,call,力成,6239
075754,call,矽格,6257
075755,call,同欣電,6271
075756,call,同欣電,6271
075757,call,GIS-KY,6456
075758,call,松川精密,7788
075759,call,南茂,8150
075760,call,立隆電,2472
075761,call,大立光,3008
075762,call,力成,6239
075763,call,台虹,8039
075765,call,宏碁,2353
075766,call,燿華,2367
075767,call,凱美,2375
075768,call,可成,2474
075769,call,奇鋐,3017
075770,call,奇鋐,3017
075771,call,定穎投控,3715
075772,call,台塑化,6505
075773,call,龍德造船,6753
075774,call,所羅門,2359
075775,call,凱美,2375
075776,call,立隆電,2472
075777,call,臻鼎-KY,4958
075778,call,臻鼎-KY,4958
075779,call,臻鼎-KY,4958
075780,call,松翰,5471
075781,call,采鈺,6789
075782,call,凱美,2375
075783,call,凱美,2375
075784,call,立隆電,2472
075785,call,長榮航太,2645
075786,call,晶技,3042
075787,call,新唐,4919
075788,call,新唐,4919
075789,call,臻鼎-KY,4958
07578U,put,智邦,2345
075790,call,臻鼎-KY,4958
075791,call,力成,6239
075792,call,同欣電,6271
075793,call,台塑,1301
075794,call,台化,1326
075795,call,台化,1326
075796,call,儒鴻,1476
075797,call,上銀,2049
075798,call,台橡,2103
075799,call,台積電,2330
075800,call,台積電,2330
075801,call,順德,2351
075802,call,所羅門,2359
075803,call,金像電,2368
075804,call,瑞昱,2379
075805,call,漢唐,2404
075806,call,南亞科,2408
075807,call,南亞科,2408
075808,call,京元電子,2449
075809,call,立隆電,2472
075810,call,鉅祥,2476
075811,call,長榮航太,2645
075812,call,神基,3005
075813,call,奇鋐,3017
075814,call,奇鋐,3017
075815,call,亞光,3019
075816,call,聯詠,3034
075817,call,聯詠,3034
075818,call,智原,3035
075819,call,智原,3035
075820,call,晶技,3042
075821,call,健鼎,3044
075822,call,宏致,3605
075823,call,神達,3706
075824,call,日月光投控,3711
075825,call,大銀微系統,4576
075826,call,材料*-KY,4763
075827,call,事欣科,4916
075828,call,jpp-KY,5284
075829,call,亞翔,6139
075830,call,精成科,6191
075831,call,盛群,6202
075832,call,力成,6239
075833,call,力成,6239
075834,call,力成,6239
075835,call,台表科,6278
075836,call,台塑化,6505
075837,call,達發,6526
075838,call,采鈺,6789
075839,call,松川精密,7788
075840,call,台虹,8039
075841,call,台虹,8039
075842,call,台虹,8039
075843,call,南茂,8150
075844,call,泰金寶-DR,9105
075845,call,元大台灣50,0050
075846,call,富邦科技,0052
075850,call,台聚,1304
075851,call,億光,2393
075852,call,立隆電,2472
075853,call,漢翔,2634
075854,call,奇鋐,3017
075855,call,晶技,3042
075856,call,牧德,3563
075857,call,力成,6239
075858,call,台表科,6278
075859,call,台虹,8039
07585U,put,緯穎,6669
075863,call,元大台灣50,0050
075865,call,台積電,2330
075866,call,長興,1717
075867,call,上銀,2049
075868,call,華通,2313
075869,call,華碩,2357
075870,call,金像電,2368
075871,call,立隆電,2472
075872,call,漢翔,2634
075873,call,奇鋐,3017
075874,call,力成,6239
075875,call,南茂,8150
075876,call,勤誠,8210
075877,call,台化,1326
075878,call,台化,1326
075879,call,金像電,2368
075880,call,立隆電,2472
075881,call,力成,6239
075882,call,松川精密,7788
075883,call,台塑,1301
075884,call,台化,1326
075885,call,亞力,1514
075886,call,正新,2105
075887,call,鴻海,2317
075888,call,智邦,2345
075889,call,金像電,2368
075890,call,金像電,2368
075891,call,凌陽,2401
075892,call,南亞科,2408
075893,call,友達,2409
075894,call,義隆,2458
075895,call,立隆電,2472
075896,call,長榮航太,2645
075897,call,晶豪科,3006
075898,call,奇鋐,3017
075899,call,奇鋐,3017
075901,call,晶技,3042
075902,call,晶技,3042
075903,call,玉晶光,3406
075904,call,嘉澤,3533
075905,call,大聯大,3702
075906,call,正文,4906
075907,call,jpp-KY,5284
075908,call,今國光,6209
075909,call,力成,6239
075910,call,台表科,6278
075911,call,台塑化,6505
075912,call,達發,6526
075913,call,采鈺,6789
075914,call,台虹,8039
075915,call,南茂,8150
075917,call,台積電,2330
075918,call,凱美,2375
075919,call,新唐,4919
075920,call,佳必琪,6197
075921,call,研揚,6579
075924,call,南亞科,2408
075925,call,貿聯-KY,3665
075926,call,力積電,6770
075927,call,力積電,6770
075929,call,華通,2313
075930,call,貿聯-KY,3665
075931,call,華泰,2329
075932,call,慧洋-KY,2637
075933,call,智原,3035
075934,call,力積電,6770
075935,call,富世達,6805
075936,call,台虹,8039
075937,call,元大台灣50,0050
075938,call,富邦科技,0052
075939,call,台塑,1301
075940,call,上銀,2049
075941,call,華通,2313
075942,call,順德,2351
075943,call,所羅門,2359
075944,call,凱美,2375
075945,call,瑞昱,2379
075946,call,南亞科,2408
075947,call,超豐,2441
075948,call,京元電子,2449
075949,call,亞航,2630
075950,call,漢翔,2634
075951,call,神基,3005
075952,call,晶豪科,3006
075953,call,聯詠,3034
075954,call,智原,3035
075955,call,健鼎,3044
075956,call,牧德,3563
075957,call,貿聯-KY,3665
075958,call,神達,3706
075959,call,日月光投控,3711
075960,call,事欣科,4916
075961,call,新唐,4919
075962,call,亞翔,6139
075963,call,精成科,6191
075964,call,佳必琪,6197
075965,call,力積電,6770
075966,call,力積電,6770
075967,call,力積電,6770
075968,call,力積電,6770
075969,call,采鈺,6789
075970,call,富世達,6805
075971,call,松川精密,7788
075972,call,南茂,8150
075973,call,元大台灣50,0050
075974,call,元大台灣50,0050
075982,call,台塑,1301
075983,call,中興電,1513
075984,call,第一銅,2009
075985,call,大成鋼,2027
075986,call,金寶,2312
075987,call,鴻海,2317
075988,call,鴻海,2317
075989,call,微星,2377
075990,call,威盛,2388
075991,call,建準,2421
075992,call,超豐,2441
075993,call,京元電子,2449
075994,call,冠德,2520
075995,call,裕民,2606
075996,call,陽明,2609
075997,call,長榮航,2618
075998,call,亞航,2630
075999,call,晶豪科,3006
076000,call,晶豪科,3006
076001,call,華晶科,3059
076002,call,昇貿,3305
076003,call,嘉澤,3533
076004,call,嘉澤,3533
076005,call,貿聯-KY,3665
076006,call,貿聯-KY,3665
076007,call,日月光投控,3711
076008,call,祥碩,5269
076009,call,祥碩,5269
076010,call,中磊,5388
076011,call,中租-KY,5871
076012,call,帆宣,6196
076013,call,佳必琪,6197
076014,call,矽格,6257
076015,call,保瑞,6472
076016,call,緯穎,6669
076017,call,緯穎,6669
076018,call,惠特,6706
076019,call,力積電,6770
076020,call,力積電,6770
076021,call,力積電,6770
076022,call,至上,8112
076023,call,南茂,8150
076024,call,宇瞻,8271
076026,call,台塑,1301
076027,call,台化,1326
076028,call,亞力,1514
076029,call,華城,1519
076030,call,台積電,2330
076031,call,台積電,2330
076032,call,光罩,2338
076033,call,矽統,2363
076034,call,瑞昱,2379
076035,call,威盛,2388
076036,call,南亞科,2408
076037,call,友達,2409
076038,call,立隆電,2472
076039,call,立隆電,2472
076040,call,亞航,2630
076041,call,漢翔,2634
076042,call,晶豪科,3006
076043,call,晶技,3042
076044,call,京鼎,3413
076045,call,臻鼎-KY,4958
076046,call,臻鼎-KY,4958
076047,call,亞翔,6139
076048,call,佳必琪,6197
076049,call,力成,6239
076050,call,力成,6239
076051,call,保瑞,6472
076052,call,台塑化,6505
076053,call,力積電,6770
076054,call,力積電,6770
076055,call,力積電,6770
076056,call,采鈺,6789
076057,call,台虹,8039
076058,call,台虹,8039
076059,call,南茂,8150
076060,call,台塑,1301
076061,call,亞力,1514
076062,call,華通,2313
076063,call,光罩,2338
076064,call,智邦,2345
076065,call,金像電,2368
076066,call,南亞科,2408
076067,call,南亞科,2408
076068,call,友達,2409
076070,call,義隆,2458
076071,call,亞航,2630
076072,call,晶豪科,3006
076073,call,AES-KY,6781
076074,call,AES-KY,6781
076075,call,AES-KY,6781
076076,call,嘉澤,3533
076077,call,帆宣,6196
076078,call,力成,6239
076079,call,矽格,6257
07607U,put,新日興,3376
076080,call,台塑化,6505
076081,call,台塑化,6505
076082,call,龍德造船,6753
076083,call,力積電,6770
076084,call,力積電,6770
076085,call,力積電,6770
076086,call,采鈺,6789
076087,call,松川精密,7788
076091,call,亞力,1514
076092,call,大東電,1623
076093,call,勝一,1773
076094,call,台橡,2103
076095,call,為升,2231
076096,call,麗正,2302
076097,call,海悅,2348
076098,call,燿華,2367
076099,call,研華,2395
076100,call,毅嘉,2402
076101,call,新興,2605
076102,call,文曄,3036
076103,call,宏致,3605
076104,call,海華,3694
076105,call,新唐,4919
076106,call,天鈺,4961
076107,call,台塑化,6505
076108,call,力積電,6770
076109,call,睿生光電,6861
076110,call,元大台灣50,0050
076112,call,上銀,2049
076113,call,國碩,2406
076114,call,南亞科,2408
076115,call,南亞科,2408
076116,call,亞航,2630
076117,call,亞航,2630
076118,call,貿聯-KY,3665
076119,call,事欣科,4916
076120,call,瑞儀,6176
076121,call,帆宣,6196
076122,call,台塑,1301
076123,call,台塑,1301
076124,call,台化,1326
076125,call,台化,1326
076126,call,華碩,2357
076127,call,矽統,2363
076128,call,凱美,2375
076129,call,南亞科,2408
07612U,put,訊芯-KY,6451
076130,call,南亞科,2408
076131,call,台積電,2330
076132,call,立隆電,2472
076133,call,立隆電,2472
076134,call,漢翔,2634
076135,call,亞光,3019
076136,call,晶技,3042
076137,call,宏致,3605
076138,call,事欣科,4916
076139,call,臻鼎-KY,4958
076140,call,臻鼎-KY,4958
076141,call,力成,6239
076142,call,矽格,6257
076143,call,台郡,6269
076144,call,同欣電,6271
076145,call,同欣電,6271
076146,call,台表科,6278
076147,call,台塑化,6505
076148,call,台塑化,6505
076149,call,力積電,6770
076150,call,力積電,6770
076151,call,力積電,6770
076152,call,采鈺,6789
076153,call,台虹,8039
076154,call,台虹,8039
076155,call,台虹,8039
076156,call,福懋科,8131
076157,call,台汽電,8926
076158,call,台塑,1301
076159,call,台塑,1301
076160,call,中砂,1560
076161,call,台積電,2330
076162,call,台積電,2330
076163,call,旺宏,2337
076164,call,旺宏,2337
076165,call,旺宏,2337
076166,call,旺宏,2337
076167,call,所羅門,2359
076168,call,菱生,2369
076169,call,南亞科,2408
076170,call,超豐,2441
076171,call,京元電子,2449
076172,call,立隆電,2472
076173,call,希華,2484
076174,call,晶豪科,3006
076175,call,聯詠,3034
076176,call,晶技,3042
076177,call,晶技,3042
076178,call,京鼎,3413
076179,call,TPK-KY,3673
076180,call,日月光投控,3711
076181,call,臻鼎-KY,4958
076182,call,臻鼎-KY,4958
076183,call,盛群,6202
076184,call,力成,6239
076185,call,矽格,6257
076186,call,鈺邦,6449
076187,call,台塑化,6505
076188,call,緯穎,6669
076189,call,騰輝電子-KY,6672
076190,call,台虹,8039
076191,call,台虹,8039
076192,call,南茂,8150
076194,call,台積電,2330
076195,call,旺宏,2337
076196,call,旺宏,2337
076197,call,友達,2409
076198,call,晶技,3042
076199,call,日月光投控,3711
076200,call,緯穎,6669
076203,call,富邦科技,0052
076204,call,富邦科技,0052
076208,call,台化,1326
076209,call,大成鋼,2027
076210,call,鴻海,2317
076211,call,鴻海,2317
076212,call,鴻海,2317
076213,call,旺宏,2337
076214,call,旺宏,2337
076215,call,旺宏,2337
076216,call,旺宏,2337
076217,call,旺宏,2337
076218,call,英業達,2356
076219,call,金像電,2368
076220,call,大同,2371
076221,call,漢唐,2404
076222,call,漢唐,2404
076223,call,漢唐,2404
076224,call,友達,2409
076225,call,偉詮電,2436
076226,call,京元電子,2449
076227,call,希華,2484
076228,call,中工,2515
076229,call,大立光,3008
076230,call,信邦,3023
076231,call,文曄,3036
076232,call,緯創,3231
076233,call,玉晶光,3406
076234,call,京鼎,3413
076235,call,上緯投控,3708
076236,call,日月光投控,3711
076237,call,日月光投控,3711
076238,call,日月光投控,3711
076239,call,定穎投控,3715
076240,call,康普,4739
076241,call,正文,4906
076242,call,崇越,5434
076243,call,精成科,6191
076244,call,精成科,6191
076245,call,力成,6239
076246,call,康舒,6282
076247,call,旭隼,6409
076248,call,鈺邦,6449
076249,call,緯穎,6669
076250,call,台虹,8039
076251,call,南茂,8150
076252,call,世紀鋼,9958
076253,call,仁寶,2324
076254,call,旺宏,2337
076255,call,旺宏,2337
076256,call,京鼎,3413
076257,call,台塑化,6505
076258,call,台塑化,6505
076259,call,緯穎,6669
07625U,put,鴻海,2317
076260,call,緯穎,6669
076261,call,台虹,8039
076262,call,士電,1503
076263,call,巧新,1563
076264,call,正新,2105
076265,call,華泰,2329
076266,call,旺宏,2337
076267,call,所羅門,2359
076268,call,燿華,2367
076269,call,希華,2484
076270,call,希華,2484
076271,call,國建,2501
076272,call,京鼎,3413
076273,call,瑞鼎,3592
076274,call,新唐,4919
076275,call,界霖,5285
076276,call,瑞儀,6176
076277,call,華孚,6235
076278,call,群電,6412
076279,call,鈺邦,6449
07627U,put,聯發科,2454
076280,call,台虹,8039
076281,call,巨大,9921
076284,call,台塑,1301
076285,call,台塑,1301
076286,call,旺宏,2337
076287,call,菱生,2369
076288,call,凱美,2375
076289,call,漢唐,2404
076290,call,南亞科,2408
076291,call,立隆電,2472
076292,call,希華,2484
076293,call,晶技,3042
076294,call,益登,3048
076295,call,緯創,3231
076296,call,力成,6239
076297,call,樺漢,6414
076298,call,台塑化,6505
076299,call,洋基工程,6691
07629U,put,元大台灣50,0050
076300,call,力積電,6770
076301,call,力積電,6770
076302,call,采鈺,6789
076303,call,台虹,8039
076304,call,致新,8081
076305,call,華城,1519
076306,call,台橡,2103
076307,call,旺宏,2337
076308,call,旺宏,2337
076309,call,旺宏,2337
07630U,put,元大台灣50,0050
076310,call,旺宏,2337
076311,call,智邦,2345
076312,call,矽統,2363
076313,call,燿華,2367
076316,call,AES-KY,6781
076317,call,金像電,2368
076318,call,菱生,2369
076319,call,毅嘉,2402
076320,call,義隆,2458
076321,call,立隆電,2472
076322,call,希華,2484
076323,call,希華,2484
076324,call,大立光,3008
076325,call,信邦,3023
076326,call,信邦,3023
076327,call,信邦,3023
076328,call,文曄,3036
076329,call,晶技,3042
07632U,put,毅嘉,2402
076330,call,京鼎,3413
076331,call,臻鼎-KY,4958
076332,call,崇越,5434
076333,call,力成,6239
076334,call,矽格,6257
076335,call,旭隼,6409
076336,call,台塑化,6505
076337,call,台虹,8039
076338,call,南茂,8150
076339,call,台塑,1301
076340,call,台塑,1301
076341,call,台積電,2330
076342,call,台積電,2330
076343,call,台積電,2330
076344,call,旺宏,2337
076345,call,旺宏,2337
076346,call,旺宏,2337
076347,call,旺宏,2337
076348,call,旺宏,2337
076349,call,立隆電,2472
076350,call,宏璟,2527
076351,call,統一超,2912
076352,call,京鼎,3413
076353,call,新唐,4919
076354,call,新唐,4919
076355,call,崇越,5434
076356,call,台表科,6278
076357,call,台表科,6278
076358,call,台表科,6278
076359,call,力積電,6770
076360,call,富世達,6805
076361,call,兆聯實業,6944
076364,call,台積電,2330
076365,call,台積電,2330
076366,call,台積電,2330
076367,call,台積電,2330
076368,call,台積電,2330
076369,call,興勤,2428
07636U,put,台積電,2330
076370,call,台塑化,6505
076371,call,緯穎,6669
076372,call,龍德造船,6753
076374,call,台塑,1301
076375,call,旺宏,2337
076376,call,旺宏,2337
076377,call,旺宏,2337
076378,call,旺宏,2337
076379,call,所羅門,2359
07637U,put,智邦,2345
076380,call,所羅門,2359
076381,call,凱美,2375
076382,call,希華,2484
076383,call,希華,2484
076384,call,京鼎,3413
076385,call,貿聯-KY,3665
076386,call,鈺邦,6449
076387,call,鈺邦,6449
076388,call,台塑化,6505
076389,call,力積電,6770
076390,call,AES-KY,6781
076391,call,南茂,8150
076392,call,勤誠,8210
076401,call,台積電,2330
076402,call,興勤,2428
076403,call,文曄,3036
076404,call,群創,3481
076405,call,群創,3481
076406,call,日月光投控,3711
076407,call,崇越,5434
076408,call,矽格,6257
076409,call,台塑化,6505
07640U,put,元大台灣50,0050
076410,call,捷敏-KY,6525
076411,call,台化,1326
076412,call,新纖,1409
076413,call,華城,1519
076414,call,永光,1711
076415,call,正新,2105
076416,call,台積電,2330
076417,call,佳能,2374
076418,call,威盛,2388
076419,call,漢唐,2404
07641U,put,元大台灣50,0050
076420,call,南亞科,2408
076421,call,京元電子,2449
076422,call,台新新光金,2887
076423,call,大立光,3008
076424,call,德律,3030
076425,call,玉晶光,3406
076426,call,群創,3481
076427,call,群創,3481
076428,call,群創,3481
076429,call,群創,3481
076430,call,群創,3481
076431,call,貿聯-KY,3665
076432,call,貿聯-KY,3665
076433,call,定穎投控,3715
076434,call,臻鼎-KY,4958
076435,call,臻鼎-KY,4958
076436,call,崇越,5434
076437,call,彩晶,6116
076438,call,帆宣,6196
076439,call,力成,6239
076440,call,矽格,6257
076441,call,旭隼,6409
076442,call,台塑化,6505
076443,call,台塑化,6505
076444,call,台塑化,6505
076445,call,台塑化,6505
076446,call,洋基工程,6691
076447,call,龍德造船,6753
076448,call,力積電,6770
076449,call,力積電,6770
076450,call,采鈺,6789
076451,call,南茂,8150
076452,call,南茂,8150
076453,call,南茂,8150
076454,call,南茂,8150
076455,call,中砂,1560
076456,call,巧新,1563
076457,call,台積電,2330
076458,call,旺宏,2337
076459,call,旺宏,2337
07645U,put,鴻海,2317
076460,call,旺宏,2337
076461,call,旺宏,2337
076462,call,旺宏,2337
076463,call,晶技,3042
076464,call,京鼎,3413
076465,call,群創,3481
076466,call,彩晶,6116
076467,call,鈺邦,6449
076468,call,鈺邦,6449
076469,call,鈺邦,6449
076470,call,力積電,6770
076471,call,采鈺,6789
076472,call,富世達,6805
076473,call,智邦,2345
076474,call,長榮,2603
076475,call,中再保,2851
076476,call,兆豐金,2886
076477,call,大立光,3008
076478,call,大立光,3008
076479,call,智原,3035
07647U,put,訊芯-KY,6451
076480,call,京鼎,3413
076481,call,群創,3481
076482,call,群創,3481
076483,call,群創,3481
076484,call,群創,3481
076485,call,群創,3481
076486,call,群創,3481
076487,call,新唐,4919
076488,call,臻鼎-KY,4958
076489,call,彩晶,6116
076490,call,彩晶,6116
076491,call,彩晶,6116
076492,call,彩晶,6116
076493,call,彩晶,6116
076494,call,彩晶,6116
076495,call,台表科,6278
076496,call,GIS-KY,6456
076497,call,元大台灣50,0050
076498,call,元大台灣50,0050
076502,call,新纖,1409
076504,call,新纖,1409
076505,call,華新,1605
076506,call,京元電子,2449
076507,call,群創,3481
076508,call,群創,3481
076509,call,群創,3481
07650U,put,中砂,1560
076510,call,群創,3481
076511,call,彩晶,6116
076512,call,樺漢,6414
076513,call,捷敏-KY,6525
076514,call,松川精密,7788
076516,call,新纖,1409
076517,call,新纖,1409
076518,call,士電,1503
076519,call,華通,2313
07651U,put,台玻,1802
076520,call,鴻海,2317
076521,call,所羅門,2359
076522,call,瑞昱,2379
076523,call,南亞科,2408
076524,call,友達,2409
076525,call,京元電子,2449
076526,call,晶豪科,3006
076527,call,聯詠,3034
076528,call,智原,3035
076529,call,晶技,3042
07652U,put,華擎,3515
076530,call,群創,3481
076531,call,群創,3481
076532,call,群創,3481
076533,call,群創,3481
076534,call,群創,3481
076535,call,貿聯-KY,3665
076536,call,日月光投控,3711
076537,call,臻鼎-KY,4958
076538,call,彩晶,6116
076539,call,盛群,6202
07653U,put,台虹,8039
076540,call,力成,6239
076541,call,鈺邦,6449
076542,call,緯穎,6669
076543,call,騰輝電子-KY,6672
076544,call,AES-KY,6781
076545,call,南茂,8150
076550,call,台積電,2330
076551,call,台積電,2330
076552,call,台積電,2330
076553,call,台積電,2330
076554,call,台積電,2330
076555,call,台積電,2330
076556,call,光罩,2338
076557,call,英業達,2356
076558,call,國碩,2406
076559,call,立隆電,2472
076560,call,大立光,3008
076561,call,群創,3481
076562,call,嘉澤,3533
076563,call,碩天,3617
076564,call,遠傳,4904
076565,call,新唐,4919
076566,call,彩晶,6116
076567,call,和椿,6215
076568,call,台塑化,6505
076569,call,捷敏-KY,6525
076570,call,美德醫療-DR,9103
076572,call,群創,3481
076573,call,群創,3481
076574,call,群創,3481
076575,call,群創,3481
076576,call,群創,3481
076577,call,群創,3481
076578,call,群創,3481
076579,call,臻鼎-KY,4958
076580,call,jpp-KY,5284
076581,call,台化,1326
076582,call,台化,1326
076583,call,新纖,1409
076584,call,華城,1519
076585,call,華城,1519
076586,call,華新,1605
076587,call,美時,1795
076588,call,佳世達,2352
076589,call,矽統,2363
076590,call,矽統,2363
076591,call,燿華,2367
076592,call,瑞昱,2379
076593,call,瑞昱,2379
076594,call,南亞科,2408
076595,call,南亞科,2408
076596,call,兆豐金,2886
076597,call,晶技,3042
076598,call,華晶科,3059
076599,call,玉晶光,3406
076600,call,玉晶光,3406
076601,call,群創,3481
076602,call,群創,3481
076603,call,嘉澤,3533
076604,call,日月光投控,3711
076605,call,定穎投控,3715
076606,call,定穎投控,3715
076607,call,臻鼎-KY,4958
076608,call,臻鼎-KY,4958
076609,call,十銓,4967
076610,call,十銓,4967
076611,call,瑞儀,6176
076612,call,力成,6239
076613,call,同欣電,6271
076614,call,旭隼,6409
076615,call,AES-KY,6781
076616,call,AES-KY,6781
076617,call,泰金寶-DR,9105
076618,call,泰金寶-DR,9105
07661U,put,台玻,1802
076622,call,台積電,2330
076623,call,群創,3481
076624,call,群創,3481
076625,call,jpp-KY,5284
076628,call,遠東新,1402
076629,call,矽統,2363
076630,call,漢翔,2634
076631,call,漢翔,2634
076632,call,漢翔,2634
076633,call,新纖,1409
076634,call,華新,1605
076635,call,廣宇,2328
076636,call,台積電,2330
076637,call,京元電子,2449
076638,call,普安,2495
076639,call,晶技,3042
076640,call,新唐,4919
076641,call,鈞寶,6155
076644,call,台化,1326
076645,call,亞德客-KY,1590
076646,call,華通,2313
076647,call,華通,2313
076648,call,台積電,2330
076649,call,台積電,2330
076650,call,所羅門,2359
076651,call,佳能,2374
076652,call,南亞科,2408
076653,call,南亞科,2408
076654,call,偉詮電,2436
076655,call,立隆電,2472
076656,call,宏達電,2498
076657,call,漢翔,2634
076658,call,長榮航太,2645
076659,call,大立光,3008
076660,call,晟銘電,3013
076661,call,文曄,3036
076662,call,晶技,3042
076663,call,昇貿,3305
076664,call,京鼎,3413
076665,call,日月光投控,3711
076666,call,臻鼎-KY,4958
076667,call,臻鼎-KY,4958
076668,call,臻鼎-KY,4958
076669,call,乙盛-KY,5243
076670,call,jpp-KY,5284
076671,call,瑞儀,6176
076672,call,今國光,6209
076673,call,力成,6239
076674,call,台郡,6269
076675,call,力積電,6770
076676,call,力積電,6770
076677,call,新代,7750
076678,call,致新,8081
076679,call,福懋科,8131
076680,call,福懋科,8131
076681,call,新纖,1409
076682,call,群創,3481
076683,call,群創,3481
076684,call,定穎投控,3715
076685,call,定穎投控,3715
076686,call,亞德客-KY,1590
076687,call,台玻,1802
076688,call,光寶科,2301
076689,call,台積電,2330
076690,call,順德,2351
076691,call,群創,3481
076692,call,定穎投控,3715
076693,call,定穎投控,3715
076694,call,力成,6239
076695,call,樺漢,6414
076696,call,力積電,6770
076697,call,力積電,6770
076698,call,泓德能源,6873
076699,call,台化,1326
076700,call,華城,1519
076701,call,永光,1711
076702,call,光寶科,2301
076703,call,華通,2313
076704,call,鴻海,2317
076705,call,漢唐,2404
076706,call,超豐,2441
076707,call,京元電子,2449
076708,call,立隆電,2472
076709,call,漢翔,2634
076710,call,德律,3030
076711,call,聯詠,3034
076712,call,緯創,3231
076713,call,日月光投控,3711
076714,call,定穎投控,3715
076715,call,新唐,4919
076716,call,臻鼎-KY,4958
076717,call,瑞儀,6176
076718,call,帆宣,6196
076719,call,力成,6239
07671U,put,台達電,2308
076720,call,矽格,6257
076721,call,捷敏-KY,6525
076722,call,緯穎,6669
076723,call,洋基工程,6691
076724,call,龍德造船,6753
076725,call,力積電,6770
076726,call,采鈺,6789
07672U,put,聯發科,2454
076733,call,台泥,1101
076734,call,宏碁,2353
076735,call,建準,2421
076736,call,大立光,3008
076737,call,群創,3481
076738,call,群創,3481
076739,call,晶彩科,3535
076740,call,牧德,3563
076741,call,定穎投控,3715
076742,call,事欣科,4916
076743,call,jpp-KY,5284
076744,call,瀚宇博,5469
076745,call,彩晶,6116
076746,call,和椿,6215
076748,call,騰輝電子-KY,6672
076749,call,惠特,6706
076750,call,采鈺,6789
076751,call,采鈺,6789
076755,call,順德,2351
076756,call,金像電,2368
076757,call,偉詮電,2436
076758,call,超豐,2441
076759,call,創見,2451
076760,call,立隆電,2472
076761,call,鉅祥,2476
076762,call,亞航,2630
076763,call,昇貿,3305
076764,call,新唐,4919
076765,call,捷敏-KY,6525
076766,call,緯穎,6669
076767,call,惠特,6706
076768,call,天虹,6937
076776,call,巧新,1563
076777,call,台積電,2330
076778,call,旺宏,2337
076779,call,光罩,2338
076780,call,中再保,2851
076781,call,兆豐金,2886
076782,call,京鼎,3413
076783,call,京鼎,3413
076784,call,京鼎,3413
076785,call,元大台灣50,0050
076786,call,元大台灣50,0050
076787,call,華碩,2357
076788,call,長榮,2603
076789,call,漢翔,2634
076790,call,力智,6719
076791,call,AES-KY,6781
076792,call,新纖,1409
076793,call,研華,2395
076794,call,鈺邦,6449
076795,call,鈺邦,6449
076796,call,龍德造船,6753
076797,call,元大台灣50,0050
076798,call,元大台灣50,0050
076799,call,元大台灣50,0050
076800,call,台塑,1301
076801,call,中興電,1513
076802,call,中砂,1560
076803,call,華新,1605
076804,call,上銀,2049
076805,call,金寶,2312
076806,call,華通,2313
076807,call,華通,2313
076808,call,華通,2313
076809,call,鴻海,2317
076810,call,鴻海,2317
076811,call,華碩,2357
076812,call,菱生,2369
076813,call,凱美,2375
076814,call,技嘉,2376
076815,call,威盛,2388
076816,call,威盛,2388
076817,call,研華,2395
076818,call,凌陽,2401
076819,call,偉詮電,2436
076820,call,京元電子,2449
076821,call,陽明,2609
076822,call,長榮航,2618
076823,call,漢翔,2634
076824,call,玉山金,2884
076825,call,神基,3005
076826,call,亞光,3019
076827,call,威強電,3022
076828,call,德律,3030
076829,call,德律,3030
076830,call,晶技,3042
076831,call,晶技,3042
076832,call,晶技,3042
076833,call,緯創,3231
076834,call,昇貿,3305
076835,call,新日興,3376
076836,call,玉晶光,3406
076837,call,貿聯-KY,3665
076838,call,貿聯-KY,3665
076839,call,日月光投控,3711
076840,call,定穎投控,3715
076841,call,祥碩,5269
076842,call,漢翔,2634
076843,call,富華新,3056
076844,call,瑞儀,6176
076845,call,佳必琪,6197
076846,call,力成,6239
076847,call,矽格,6257
076848,call,同欣電,6271
076849,call,群電,6412
076850,call,樺漢,6414
076851,call,樺漢,6414
076852,call,樺漢,6414
076853,call,保瑞,6472
076854,call,緯穎,6669
076855,call,緯穎,6669
076856,call,緯穎,6669
076857,call,力智,6719
076858,call,力積電,6770
076859,call,力積電,6770
076860,call,采鈺,6789
076861,call,富世達,6805
076862,call,富世達,6805
076863,call,富世達,6805
076864,call,松川精密,7788
076865,call,矽創,8016
076866,call,至上,8112
076867,call,達方,8163
076868,call,世紀鋼,9958
076869,call,華城,1519
07686U,put,鴻海,2317
076870,call,光寶科,2301
076871,call,金寶,2312
076872,call,華通,2313
076873,call,鴻海,2317
076874,call,鴻海,2317
076875,call,所羅門,2359
076876,call,菱生,2369
076877,call,威盛,2388
076878,call,漢唐,2404
076879,call,國碩,2406
07687U,put,鴻海,2317
076880,call,南亞科,2408
076881,call,漢翔,2634
076882,call,威強電,3022
076883,call,德律,3030
076884,call,聯詠,3034
076885,call,智原,3035
076886,call,緯創,3231
076887,call,貿聯-KY,3665
076888,call,日月光投控,3711
076889,call,祥碩,5269
076890,call,力成,6239
076891,call,樺漢,6414
076892,call,緯穎,6669
076893,call,力智,6719
076894,call,龍德造船,6753
076895,call,富世達,6805
076901,call,台泥,1101
076902,call,台化,1326
076903,call,亞德客-KY,1590
076904,call,台玻,1802
076905,call,中鋼,2002
076906,call,智邦,2345
076907,call,順德,2351
076908,call,宏碁,2353
076909,call,所羅門,2359
076910,call,研華,2395
076911,call,南亞科,2408
076912,call,偉詮電,2436
076913,call,宏達電,2498
076914,call,亞航,2630
076915,call,漢翔,2634
076916,call,長榮航太,2645
076917,call,晟銘電,3013
076918,call,晶技,3042
076919,call,緯創,3231
076920,call,京鼎,3413
076921,call,嘉澤,3533
076922,call,牧德,3563
076923,call,貿聯-KY,3665
076924,call,jpp-KY,5284
076925,call,今國光,6209
076926,call,台郡,6269
076927,call,樺漢,6414
076928,call,騰輝電子-KY,6672
076929,call,力智,6719
07692U,put,旺宏,2337
076930,call,龍德造船,6753
076931,call,亞德客-KY,1590
076932,call,台玻,1802
076933,call,光寶科,2301
076936,call,光寶科,2301
076937,call,華通,2313
076938,call,威盛,2388
076939,call,神基,3005
076940,call,臻鼎-KY,4958
076941,call,臻鼎-KY,4958
076942,call,力成,6239
076943,call,力成,6239
076944,call,康舒,6282
076945,call,樺漢,6414
076946,call,鈺邦,6449
076947,call,中興電,1513
076948,call,信錦,1582
076949,call,台玻,1802
076950,call,大成鋼,2027
076951,call,金寶,2312
076952,call,鴻海,2317
076953,call,台亞,2340
076954,call,順德,2351
076955,call,微星,2377
076956,call,正崴,2392
076957,call,長榮,2603
076958,call,漢翔,2634
076959,call,玉山金,2884
076960,call,神基,3005
076961,call,晶技,3042
076962,call,凌航,3135
076963,call,達邁,3645
076964,call,華懋,5292
076965,call,中磊,5388
076966,call,康舒,6282
076967,call,啟碁,6285
076968,call,樺漢,6414
076969,call,緯穎,6669
076970,call,三集瑞-KY,6862
076971,call,雲豹能源,6869
076976,call,上銀,2049
076977,call,華通,2313
076978,call,菱生,2369
076979,call,神基,3005
076980,call,緯創,3231
076981,call,緯創,3231
076982,call,貿聯-KY,3665
076983,call,力成,6239
076984,call,樺漢,6414
076985,call,緯穎,6669
076986,call,騰輝電子-KY,6672
076988,call,富世達,6805
076990,call,信錦,1582
076991,call,永光,1711
076992,call,智邦,2345
076993,call,正崴,2392
076994,call,研華,2395
076995,call,京元電子,2449
076996,call,亞航,2630
076997,call,漢翔,2634
076998,call,貿聯-KY,3665
076999,call,力成,6239
077000,call,緯穎,6669
077001,call,力積電,6770
077002,call,新代,7750
077003,call,台塑,1301
077005,call,新纖,1409
077006,call,上銀,2049
077007,call,台積電,2330
077008,call,台積電,2330
077009,call,燿華,2367
077010,call,金像電,2368
077011,call,菱生,2369
077012,call,威盛,2388
077013,call,南亞科,2408
077014,call,南亞科,2408
077015,call,超豐,2441
077016,call,京元電子,2449
077017,call,京元電子,2449
077018,call,京元電子,2449
077019,call,聯詠,3034
077020,call,文曄,3036
077021,call,晶技,3042
077022,call,昇貿,3305
077023,call,玉晶光,3406
077024,call,京鼎,3413
077025,call,群創,3481
077026,call,群創,3481
077027,call,日月光投控,3711
077028,call,定穎投控,3715
077029,call,事欣科,4916
077030,call,新唐,4919
077031,call,臻鼎-KY,4958
077032,call,矽格,6257
077033,call,樺漢,6414
077034,call,鈺邦,6449
077035,call,緯穎,6669
077036,call,緯穎,6669
077037,call,緯穎,6669
077038,call,洋基工程,6691
077039,call,龍德造船,6753
07703U,put,鴻海,2317
077040,call,力積電,6770
077041,call,采鈺,6789
077042,call,宇瞻,8271
077043,call,美利達,9914
077044,call,台積電,2330
077045,call,超豐,2441
077046,call,神基,3005
077047,call,晶技,3042
077048,call,健鼎,3044
077049,call,嘉澤,3533
077050,call,崇越,5434
077051,call,亞翔,6139
077052,call,捷敏-KY,6525
077053,call,緯穎,6669
077054,call,旺宏,2337
077055,call,奇鋐,3017
077056,call,貿聯-KY,3665
077057,call,臻鼎-KY,4958
077058,call,力成,6239
077059,call,亞泥,1102
077060,call,台塑,1301
077061,call,台塑,1301
077062,call,東陽,1319
077063,call,台化,1326
077064,call,聚陽,1477
077065,call,台積電,2330
077066,call,美時,1795
077067,call,美時,1795
077068,call,中鋼,2002
077069,call,上銀,2049
077070,call,國際中橡,2104
077071,call,仁寶,2324
077072,call,台積電,2330
077073,call,台積電,2330
077074,call,台積電,2330
077075,call,旺宏,2337
077076,call,旺宏,2337
077077,call,順德,2351
077078,call,宏碁,2353
077079,call,英業達,2356
077080,call,華碩,2357
077081,call,金像電,2368
077082,call,金像電,2368
077083,call,金像電,2368
077084,call,金像電,2368
077086,call,微星,2377
077087,call,微星,2377
077088,call,瑞昱,2379
077089,call,研華,2395
077090,call,漢唐,2404
077091,call,國碩,2406
077092,call,南亞科,2408
077093,call,南亞科,2408
077094,call,友達,2409
077095,call,超豐,2441
077096,call,京元電子,2449
077097,call,立隆電,2472
077098,call,立隆電,2472
077099,call,雄獅,2731
077100,call,元大金,2885
077101,call,華立,3010
077102,call,奇鋐,3017
077103,call,零壹,3029
077104,call,緯創,3231
077105,call,緯創,3231
077106,call,新日興,3376
077107,call,融程電,3416
077108,call,貿聯-KY,3665
077109,call,貿聯-KY,3665
077110,call,瑞儀,6176
077111,call,飛捷,6206
077112,call,力成,6239
077113,call,力成,6239
077114,call,啟碁,6285
077115,call,啟碁,6285
077116,call,緯穎,6669
077117,call,至上,8112
077118,call,至上,8112
077119,call,宇瞻,8271
077120,call,寶成,9904
077121,call,大成鋼,2027
077122,call,旺宏,2337
077123,call,所羅門,2359
077124,call,微星,2377
077125,call,超豐,2441
077126,call,京元電子,2449
077127,call,京元電子,2449
077128,call,義隆,2458
077129,call,鉅祥,2476
077130,call,瑞軒,2489
077131,call,台新新光金,2887
077132,call,晶豪科,3006
077133,call,臻鼎-KY,4958
077134,call,誠美材,4960
077135,call,祥碩,5269
077136,call,亞翔,6139
077137,call,亞翔,6139
077138,call,精成科,6191
077139,call,樺漢,6414
07713U,put,台積電,2330
077140,call,龍德造船,6753
077141,call,力積電,6770
077142,call,力積電,6770
077148,call,鴻海,2317
077149,call,金像電,2368
077150,call,亞航,2630
077151,call,神基,3005
077152,call,嘉澤,3533
077153,call,貿聯-KY,3665
077154,call,同欣電,6271
077155,call,保瑞,6472
077156,call,保瑞,6472
077157,call,宇瞻,8271
077161,call,台化,1326
077162,call,華城,1519
077163,call,上銀,2049
077164,call,光寶科,2301
077165,call,華通,2313
077166,call,智邦,2345
077167,call,矽統,2363
077168,call,微星,2377
077169,call,威盛,2388
077170,call,研華,2395
077171,call,凌陽,2401
077172,call,毅嘉,2402
077173,call,漢唐,2404
077174,call,立隆電,2472
077175,call,鉅祥,2476
077176,call,華航,2610
077177,call,神基,3005
077178,call,德律,3030
077179,call,聯詠,3034
077180,call,晶技,3042
077181,call,緯創,3231
077182,call,昇貿,3305
077183,call,新日興,3376
077184,call,玉晶光,3406
077185,call,貿聯-KY,3665
077186,call,日月光投控,3711
077187,call,材料*-KY,4763
077188,call,帆宣,6196
077189,call,佳必琪,6197
077190,call,力成,6239
077191,call,矽格,6257
077192,call,群電,6412
077193,call,保瑞,6472
077194,call,采鈺,6789
077200,call,台塑,1301
077201,call,大成鋼,2027
077202,call,金寶,2312
077203,call,菱生,2369
077204,call,微星,2377
077206,call,威盛,2388
077207,call,研華,2395
077208,call,國碩,2406
077209,call,南亞科,2408
077210,call,立隆電,2472
077211,call,漢翔,2634
077212,call,神基,3005
077213,call,奇鋐,3017
077214,call,奇鋐,3017
077215,call,德律,3030
077216,call,聯詠,3034
077217,call,文曄,3036
077218,call,晶技,3042
077219,call,緯創,3231
077220,call,京鼎,3413
077221,call,群創,3481
077222,call,貿聯-KY,3665
077223,call,日月光投控,3711
077224,call,臻鼎-KY,4958
077225,call,臻鼎-KY,4958
077226,call,鴻海,2317
077227,call,力成,6239
077228,call,矽格,6257
077229,call,樺漢,6414
077230,call,鈺邦,6449
077231,call,緯穎,6669
077232,call,力智,6719
077233,call,龍德造船,6753
077234,call,力積電,6770
077235,call,采鈺,6789
077236,call,富世達,6805
077237,call,振樺電,8114
077238,call,福懋科,8131
077239,call,宇瞻,8271
07723U,put,台達電,2308
077241,call,台塑,1301
077242,call,東聯,1710
077243,call,大成鋼,2027
077244,call,台積電,2330
077245,call,台積電,2330
077246,call,英業達,2356
077247,call,華碩,2357
077248,call,華碩,2357
077249,call,研華,2395
07724U,put,鴻海,2317
077250,call,研華,2395
077251,call,南亞科,2408
077252,call,南亞科,2408
077253,call,超豐,2441
077254,call,京元電子,2449
077255,call,京元電子,2449
077256,call,京元電子,2449
077257,call,創見,2451
077258,call,立隆電,2472
077259,call,亞航,2630
07725U,put,智邦,2345
077260,call,漢翔,2634
077261,call,富邦金,2881
077262,call,晶技,3042
077263,call,群創,3481
077264,call,群創,3481
077265,call,牧德,3563
077266,call,貿聯-KY,3665
077267,call,貿聯-KY,3665
077268,call,貿聯-KY,3665
077269,call,神達,3706
077270,call,和碩,4938
077271,call,臻鼎-KY,4958
077272,call,臻鼎-KY,4958
077273,call,矽格,6257
077274,call,樺漢,6414
077275,call,樺漢,6414
077276,call,緯穎,6669
077277,call,緯穎,6669
077278,call,緯穎,6669
077279,call,騰輝電子-KY,6672
077280,call,力積電,6770
077281,call,元大台灣50,0050
077282,call,元大台灣50,0050
077283,call,元大台灣50,0050
077284,call,元大台灣50,0050
077285,call,台積電,2330
077286,call,台積電,2330
077287,call,台積電,2330
077288,call,台積電,2330
077289,call,台積電,2330
07728U,put,緯穎,6669
077290,call,技嘉,2376
077291,call,奇鋐,3017
077292,call,奇鋐,3017
077293,call,達邁,3645
077294,call,台表科,6278
077295,call,緯穎,6669
077296,call,力積電,6770
077297,call,采鈺,6789
077298,call,勤誠,8210
077299,call,中興電,1513
077300,call,長興,1717
077301,call,大成鋼,2027
077302,call,光寶科,2301
077303,call,鴻海,2317
077304,call,台積電,2330
077305,call,台積電,2330
077306,call,研華,2395
077307,call,南亞科,2408
077308,call,友達,2409
077309,call,友達,2409
077310,call,陽明,2609
077311,call,萬海,2615
077312,call,晶豪科,3006
077313,call,奇鋐,3017
077314,call,奇鋐,3017
077315,call,奇鋐,3017
077316,call,晶技,3042
077317,call,晶技,3042
077318,call,嘉澤,3533
077319,call,嘉澤,3533
077320,call,嘉澤,3533
077321,call,日月光投控,3711
077322,call,臻鼎-KY,4958
077323,call,臻鼎-KY,4958
077324,call,眾達-KY,4977
077325,call,樺漢,6414
077326,call,樺漢,6414
077327,call,樺漢,6414
077328,call,緯穎,6669
077329,call,緯穎,6669
077330,call,緯穎,6669
077331,call,AES-KY,6781
077332,call,AES-KY,6781
077333,call,AES-KY,6781
077334,call,華東,8110
077337,call,華邦電,2344
077338,call,華邦電,2344
077339,call,微星,2377
07733U,put,台積電,2330
077340,call,微星,2377
077341,call,志聖,2467
077342,call,漢翔,2634
077343,call,聯詠,3034
077344,call,光聖,6442
077345,call,愛普*,6531
077346,call,愛普*,6531
077347,call,愛普*,6531
077348,call,元大台灣50,0050
077349,call,華邦電,2344
077350,call,國碩,2406
077351,call,奇鋐,3017
077352,call,緯創,3231
077353,call,群創,3481
077354,call,凌華,6166
077355,call,飛捷,6206
077356,call,樺漢,6414
077357,call,樺漢,6414
077358,call,光聖,6442
077359,call,光聖,6442
077360,call,光聖,6442
077361,call,愛普*,6531
077362,call,緯穎,6669
077363,call,振樺電,8114
077364,call,台塑,1301
077365,call,華邦電,2344
077366,call,南亞科,2408
077367,call,愛普*,6531
077368,call,力積電,6770
077370,call,巧新,1563
077371,call,亞德客-KY,1590
077372,call,大東電,1623
077373,call,中碳,1723
077374,call,大成鋼,2027
077375,call,鴻海,2317
077376,call,仁寶,2324
077377,call,台積電,2330
077378,call,台積電,2330
077379,call,華邦電,2344
077380,call,華邦電,2344
077381,call,華邦電,2344
077382,call,華邦電,2344
077384,call,華邦電,2344
077385,call,華邦電,2344
077386,call,智邦,2345
077387,call,志聖,2467
077388,call,志聖,2467
077389,call,志聖,2467
077390,call,敦陽科,2480
077391,call,萬海,2615
077392,call,台灣高鐵,2633
077393,call,中信金,2891
077394,call,文曄,3036
077395,call,緯創,3231
077396,call,緯創,3231
077397,call,緯創,3231
077398,call,明泰,3380
077399,call,京鼎,3413
077400,call,群創,3481
077401,call,宏致,3605
077402,call,上緯投控,3708
077403,call,臻鼎-KY,4958
077404,call,祥碩,5269
077405,call,祥碩,5269
077406,call,中磊,5388
077407,call,中租-KY,5871
077408,call,凌華,6166
077409,call,力成,6239
077410,call,光聖,6442
077411,call,光聖,6442
077412,call,光聖,6442
077413,call,鴻海,2317
077414,call,台積電,2330
077415,call,台積電,2330
077416,call,保瑞,6472
077417,call,晶碩,6491
077418,call,愛普*,6531
077419,call,愛普*,6531
077420,call,愛普*,6531
077421,call,愛普*,6531
077422,call,龍德造船,6753
077423,call,新代,7750
077424,call,台化,1326
077425,call,長興,1717
077426,call,旺宏,2337
077427,call,敬鵬,2355
077428,call,志聖,2467
077429,call,宏達電,2498
077430,call,玉晶光,3406
077431,call,貿聯-KY,3665
077432,call,貿聯-KY,3665
077433,call,大聯大,3702
077434,call,上品,4770
077435,call,樺漢,6414
077436,call,光聖,6442
077437,call,愛普*,6531
077438,call,AES-KY,6781
077439,call,兆聯實業,6944
077440,call,宇瞻,8271
077441,call,台塑,1301
077442,call,美時,1795
077443,call,大成鋼,2027
077444,call,台積電,2330
077445,call,台積電,2330
077446,call,華邦電,2344
077447,call,華邦電,2344
077448,call,華邦電,2344
077449,call,英業達,2356
077450,call,英業達,2356
077451,call,金像電,2368
077452,call,金像電,2368
077453,call,金像電,2368
077454,call,威盛,2388
077455,call,研華,2395
077456,call,南亞科,2408
077457,call,京元電子,2449
077458,call,京元電子,2449
077459,call,京元電子,2449
07745U,put,台光電,2383
077460,call,志聖,2467
077461,call,志聖,2467
077462,call,志聖,2467
077463,call,新興,2605
077464,call,漢翔,2634
077465,call,文曄,3036
077466,call,文曄,3036
077467,call,晶技,3042
077468,call,緯創,3231
077469,call,京鼎,3413
077470,call,群創,3481
077471,call,宏致,3605
077472,call,日月光投控,3711
077473,call,日月光投控,3711
077474,call,材料*-KY,4763
077475,call,臻鼎-KY,4958
077476,call,樺漢,6414
077477,call,愛普*,6531
077478,call,愛普*,6531
077479,call,愛普*,6531
077480,call,緯穎,6669
077481,call,緯穎,6669
077482,call,緯穎,6669
077483,call,龍德造船,6753
077484,call,力積電,6770
077485,call,國喬,1312
077486,call,大成鋼,2027
077487,call,旺宏,2337
077488,call,華邦電,2344
077489,call,華邦電,2344
07748U,put,台玻,1802
077490,call,正崴,2392
077491,call,正崴,2392
077492,call,億光,2393
077493,call,台積電,2330
077494,call,友達,2409
077495,call,志聖,2467
077496,call,志聖,2467
077497,call,亞航,2630
077498,call,漢翔,2634
077499,call,奇鋐,3017
07749U,put,華通,2313
077500,call,奇鋐,3017
077501,call,益登,3048
077502,call,益登,3048
077503,call,緯創,3231
077504,call,緯創,3231
077505,call,嘉澤,3533
077506,call,智易,3596
077507,call,碩天,3617
077508,call,貿聯-KY,3665
077509,call,大聯大,3702
07750U,put,華通,2313
077510,call,康普,4739
077511,call,康普,4739
077512,call,臻鼎-KY,4958
077513,call,飛捷,6206
077514,call,樺漢,6414
077515,call,迅得,6438
077516,call,光聖,6442
077517,call,光聖,6442
077518,call,達發,6526
077519,call,愛普*,6531
077520,call,騰輝電子-KY,6672
077521,call,長華*,8070
077522,call,長華*,8070
077523,call,世紀鋼,9958
077524,call,世紀鋼,9958
077525,call,元大台灣50,0050
077526,call,元大台灣50,0050
077532,call,華城,1519
077533,call,上銀,2049
077534,call,光寶科,2301
077535,call,華通,2313
077536,call,華邦電,2344
077537,call,華邦電,2344
077538,call,華邦電,2344
077539,call,華邦電,2344
077540,call,智邦,2345
077541,call,華碩,2357
077542,call,漢唐,2404
077543,call,超豐,2441
077544,call,京元電子,2449
077545,call,志聖,2467
077546,call,志聖,2467
077547,call,志聖,2467
077548,call,新興,2605
077549,call,華航,2610
077550,call,奇鋐,3017
077551,call,奇鋐,3017
077552,call,緯創,3231
077553,call,新日興,3376
077554,call,貿聯-KY,3665
077555,call,神達,3706
077556,call,日月光投控,3711
077557,call,材料*-KY,4763
077558,call,和碩,4938
077559,call,祥碩,5269
077560,call,亞翔,6139
077561,call,帆宣,6196
077562,call,光聖,6442
077563,call,光聖,6442
077564,call,愛普*,6531
077565,call,愛普*,6531
077566,call,愛普*,6531
077567,call,愛普*,6531
077568,call,愛普*,6531
077569,call,緯穎,6669
077570,call,台塑,1301
077571,call,台塑,1301
077572,call,台塑,1301
077573,call,金寶,2312
077574,call,旺宏,2337
077575,call,旺宏,2337
077576,call,旺宏,2337
077577,call,華邦電,2344
077578,call,華邦電,2344
077579,call,漢翔,2634
077580,call,智原,3035
077581,call,晶技,3042
077582,call,緯創,3231
077583,call,緯創,3231
077584,call,緯創,3231
077585,call,緯創,3231
077586,call,樺漢,6414
077587,call,愛普*,6531
077588,call,台化,1326
077589,call,台化,1326
077590,call,光寶科,2301
077591,call,光寶科,2301
077592,call,麗正,2302
077593,call,華通,2313
077594,call,華通,2313
077595,call,台積電,2330
077596,call,台積電,2330
077597,call,台積電,2330
077598,call,華邦電,2344
077599,call,華邦電,2344
077600,call,漢翔,2634
077601,call,奇鋐,3017
077602,call,奇鋐,3017
077603,call,聯詠,3034
077604,call,弘憶股,3312
077605,call,宏致,3605
077606,call,宏致,3605
077607,call,貿聯-KY,3665
077608,call,貿聯-KY,3665
077609,call,貿聯-KY,3665
077610,call,定穎投控,3715
077611,call,定穎投控,3715
077612,call,定穎投控,3715
077613,call,材料*-KY,4763
077614,call,愛普*,6531
077615,call,愛普*,6531
077616,call,愛普*,6531
077617,call,愛普*,6531
077618,call,愛普*,6531
077619,call,LINEPAY,7722
077620,call,新代,7750
077624,call,瑞昱,2379
077625,call,研華,2395
077626,call,南亞科,2408
077627,call,創見,2451
077628,call,奇鋐,3017
077629,call,聯詠,3034
077630,call,群創,3481
077633,call,宏泰,1612
077634,call,台肥,1722
077635,call,光寶科,2301
077636,call,鴻海,2317
077637,call,華邦電,2344
077638,call,智邦,2345
077639,call,海悅,2348
077640,call,漢唐,2404
077641,call,南亞科,2408
077642,call,南亞科,2408
077643,call,南亞科,2408
077644,call,京元電子,2449
077645,call,創見,2451
077646,call,宏璟,2527
077647,call,華固,2548
077648,call,長榮,2603
077649,call,萬海,2615
077650,call,第一金,2892
077651,call,智原,3035
077652,call,凌航,3135
077653,call,緯創,3231
077654,call,緯創,3231
077655,call,緯創,3231
077656,call,嘉澤,3533
077657,call,日月光投控,3711
077658,call,臻鼎-KY,4958
077659,call,臻鼎-KY,4958
07765U,put,富邦科技,0052
077660,call,眾達-KY,4977
077661,call,豐藝,6189
077662,call,力成,6239
077663,call,旭隼,6409
077664,call,達發,6526
077665,call,采鈺,6789
077666,call,睿生光電,6861
077667,call,宇瞻,8271
077668,call,富邦媒,8454
07766U,put,國巨*,2327
077670,call,鼎元,2426
077671,call,緯創,3231
077672,call,松翰,5471
077673,call,凌華,6166
077674,call,睿生光電,6861
077677,call,國喬,1312
077678,call,台積電,2330
077679,call,台積電,2330
077680,call,新興,2605
077681,call,長榮航太,2645
077682,call,奇鋐,3017
077683,call,奇鋐,3017
077684,call,智原,3035
077685,call,飛捷,6206
077686,call,緯穎,6669
077687,call,緯穎,6669
077688,call,富世達,6805
077689,call,富世達,6805
077692,call,台塑,1301
077693,call,麗正,2302
077694,call,台積電,2330
077695,call,台積電,2330
077696,call,台積電,2330
077697,call,華邦電,2344
077698,call,華邦電,2344
077699,call,金像電,2368
077700,call,金像電,2368
077701,call,金像電,2368
077702,call,微星,2377
077703,call,研華,2395
077704,call,漢唐,2404
077705,call,南亞科,2408
077706,call,南亞科,2408
077707,call,鼎元,2426
077708,call,超豐,2441
077709,call,立隆電,2472
077710,call,亞航,2630
077711,call,漢翔,2634
077712,call,漢翔,2634
077713,call,晶技,3042
077714,call,京鼎,3413
077715,call,群創,3481
077716,call,大聯大,3702
077717,call,定穎投控,3715
077718,call,臻鼎-KY,4958
077719,call,亞翔,6139
077720,call,精成科,6191
077721,call,帆宣,6196
077722,call,旭隼,6409
077723,call,緯穎,6669
077724,call,緯穎,6669
077726,call,緯穎,6669
077727,call,一詮,2486
077728,call,騰輝電子-KY,6672
07772U,put,欣興,3037
077731,call,龍德造船,6753
077732,call,力積電,6770
077733,call,采鈺,6789
077734,call,力積電,6770
077736,call,宇瞻,8271
077737,call,宇瞻,8271
077738,call,世紀鋼,9958
077745,call,台化,1326
077746,call,長興,1717
077747,call,美時,1795
077748,call,鴻海,2317
077749,call,仁寶,2324
077750,call,英業達,2356
077751,call,金像電,2368
077752,call,威盛,2388
077754,call,台積電,2330
077755,call,研華,2395
077756,call,南亞科,2408
077757,call,南亞科,2408
077758,call,友達,2409
077759,call,鼎元,2426
07775U,put,富邦科技,0052
077760,call,創見,2451
077761,call,亞航,2630
077762,call,漢翔,2634
077763,call,文曄,3036
077764,call,晶技,3042
077765,call,緯創,3231
077766,call,緯創,3231
077767,call,京鼎,3413
077768,call,群創,3481
077769,call,嘉澤,3533
077770,call,宏致,3605
077771,call,大聯大,3702
077772,call,臻鼎-KY,4958
077773,call,臻鼎-KY,4958
077774,call,眾達-KY,4977
077775,call,飛捷,6206
077776,call,保瑞,6472
077777,call,緯穎,6669
077778,call,龍德造船,6753
077779,call,力積電,6770
077780,call,宇瞻,8271
077781,call,世紀鋼,9958
077783,call,台玻,1802
077784,call,華通,2313
077785,call,友達,2409
077786,call,鼎元,2426
077787,call,萬海,2615
077788,call,富邦金,2881
077789,call,明泰,3380
077790,call,凌華,6166
077791,call,今國光,6209
077792,call,富邦媒,8454
077794,call,光寶科,2301
077795,call,友達,2409
077796,call,創見,2451
077797,call,文曄,3036
077798,call,新唐,4919
077799,call,松川精密,7788
077800,call,東聯,1710
077801,call,東聯,1710
077802,call,緯創,3231
077803,call,緯創,3231
077804,call,鴻海,2317
077805,call,台積電,2330
077806,call,華邦電,2344
077807,call,華碩,2357
077808,call,鼎元,2426
077809,call,創見,2451
077810,call,志聖,2467
077811,call,志聖,2467
077812,call,緯創,3231
077813,call,群創,3481
077814,call,光聖,6442
077815,call,光聖,6442
077816,call,愛普*,6531
077817,call,愛普*,6531
077818,call,愛普*,6531
077819,call,愛普*,6531
077820,call,富邦媒,8454
077821,call,亞德客-KY,1590
077822,call,英業達,2356
077823,call,大立光,3008
077824,call,國精化,4722
077825,call,眾達-KY,4977
077826,call,今國光,6209
077827,call,研揚,6579
077828,call,南亞科,2408
077829,call,緯創,3231
077830,call,嘉澤,3533
077831,call,日月光投控,3711
077832,call,新唐,4919
077833,call,富世達,6805
077834,call,光寶科,2301
077835,call,華邦電,2344
077836,call,華邦電,2344
077837,call,智邦,2345
077838,call,所羅門,2359
077839,call,創見,2451
077840,call,富邦金,2881
077841,call,大立光,3008
077842,call,大立光,3008
077843,call,定穎投控,3715
077844,call,力積電,6770
077845,call,力積電,6770
077846,call,力積電,6770
077847,call,來億-KY,6890
077848,call,來億-KY,6890
077849,call,福懋科,8131
077855,call,美時,1795
077856,call,台玻,1802
077857,call,仁寶,2324
077858,call,台積電,2330
077859,call,台積電,2330
077860,call,金像電,2368
077861,call,南亞科,2408
077862,call,友達,2409
077863,call,大立光,3008
077864,call,文曄,3036
077865,call,緯創,3231
077866,call,京鼎,3413
077867,call,群創,3481
077868,call,嘉澤,3533
077869,call,國精化,4722
077870,call,臻鼎-KY,4958
077871,call,騰輝電子-KY,6672
077872,call,龍德造船,6753
077873,call,力積電,6770
077874,call,力積電,6770
077875,call,勤誠,8210
077876,call,台塑,1301
077877,call,長興,1717
077878,call,台玻,1802
077879,call,華通,2313
077880,call,鴻海,2317
077881,call,台積電,2330
077882,call,台積電,2330
077883,call,台積電,2330
077884,call,華邦電,2344
077885,call,微星,2377
077886,call,漢唐,2404
077887,call,南亞科,2408
077888,call,立隆電,2472
077889,call,長榮,2603
077890,call,萬海,2615
077891,call,大立光,3008
077892,call,大立光,3008
077893,call,緯創,3231
077894,call,日月光投控,3711
077895,call,定穎投控,3715
077896,call,國精化,4722
077897,call,臻鼎-KY,4958
077898,call,臻鼎-KY,4958
077899,call,旭隼,6409
077900,call,緯穎,6669
077901,call,騰輝電子-KY,6672
077902,call,AES-KY,6781
077903,call,至上,8112
077904,call,元大台灣50,0050
077912,call,遠東新,1402
077913,call,東聯,1710
077914,call,台積電,2330
077915,call,台積電,2330
077916,call,台積電,2330
077917,call,華邦電,2344
077918,call,華邦電,2344
077919,call,華邦電,2344
077920,call,華邦電,2344
077921,call,佳世達,2352
077922,call,所羅門,2359
077923,call,金像電,2368
077924,call,微星,2377
077925,call,瑞昱,2379
077926,call,威盛,2388
077927,call,研華,2395
077928,call,南亞科,2408
077929,call,南亞科,2408
07792U,put,鴻海,2317
077930,call,南亞科,2408
077931,call,友達,2409
077932,call,志聖,2467
077933,call,立隆電,2472
077934,call,陽明,2609
077935,call,萬海,2615
077936,call,漢翔,2634
077937,call,漢翔,2634
077938,call,長榮航太,2645
077939,call,大立光,3008
077940,call,奇鋐,3017
077941,call,奇鋐,3017
077942,call,奇鋐,3017
077943,call,奇鋐,3017
077944,call,晶技,3042
077945,call,宏致,3605
077946,call,日月光投控,3711
077947,call,臻鼎-KY,4958
077948,call,臻鼎-KY,4958
077949,call,亞翔,6139
077950,call,旭隼,6409
077951,call,緯穎,6669
077952,call,緯穎,6669
077953,call,緯穎,6669
077954,call,緯穎,6669
077955,call,龍德造船,6753
077956,call,力積電,6770
077957,call,力積電,6770
077958,call,富世達,6805
077963,call,鼎元,2426
077964,call,宏致,3605
077965,call,來億-KY,6890
077971,call,LINEPAY,7722
077972,call,聯成,1313
077973,call,台化,1326
077974,call,華榮,1608
077975,call,華泰,2329
077976,call,凱美,2375
077977,call,研華,2395
077978,call,健鼎,3044
077979,call,十銓,4967
077980,call,界霖,5285
077981,call,佳必琪,6197
077982,call,愛普*,6531
077983,call,惠特,6706
077984,call,力積電,6770
077985,call,天虹,6937
077986,call,天虹,6937
077987,call,富邦科技,0052
07798U,put,力積電,6770
077990,call,台玻,1802
077991,call,金像電,2368
077992,call,義隆,2458
077993,call,志聖,2467
077994,call,立隆電,2472
077995,call,大立光,3008
077996,call,聯詠,3034
077997,call,京鼎,3413
077998,call,群創,3481
077999,call,日月光投控,3711
078000,call,帆宣,6196
078001,call,富世達,6805
078002,call,致新,8081
078003,call,宇瞻,8271
078004,call,華通,2313
078007,call,華通,2313
078008,call,仁寶,2324
078009,call,台積電,2330
078010,call,華邦電,2344
078011,call,華邦電,2344
078012,call,志聖,2467
078013,call,奇鋐,3017
078014,call,奇鋐,3017
078015,call,晶技,3042
078016,call,晶技,3042
078017,call,晶技,3042
078018,call,盛群,6202
078019,call,捷敏-KY,6525
078020,call,愛普*,6531
078021,call,華邦電,2344
078022,call,漢唐,2404
078023,call,南亞科,2408
078024,call,力積電,6770
078025,call,國喬,1312
078026,call,中砂,1560
078027,call,華泰,2329
078028,call,旺宏,2337
078029,call,旺宏,2337
078030,call,敬鵬,2355
078031,call,金像電,2368
078032,call,京元電子,2449
078033,call,京元電子,2449
078034,call,兆赫,2485
078035,call,大立光,3008
078036,call,亞光,3019
078037,call,群創,3481
078038,call,定穎投控,3715
078039,call,臻鼎-KY,4958
078040,call,亞翔,6139
078041,call,南茂,8150
078043,call,台化,1326
078044,call,美時,1795
078045,call,華通,2313
078046,call,鴻海,2317
078047,call,仁寶,2324
078048,call,台積電,2330
078049,call,台積電,2330
078050,call,台積電,2330
078051,call,華邦電,2344
078052,call,所羅門,2359
078053,call,金像電,2368
078054,call,瑞昱,2379
078055,call,漢唐,2404
078056,call,南亞科,2408
078057,call,友達,2409
078058,call,志聖,2467
078059,call,陽明,2609
07805U,put,鴻海,2317
078060,call,漢翔,2634
078061,call,長榮航太,2645
078062,call,大立光,3008
078063,call,奇鋐,3017
078064,call,奇鋐,3017
078065,call,晶技,3042
078066,call,京鼎,3413
078067,call,群創,3481
078068,call,嘉澤,3533
078069,call,宏致,3605
078070,call,日月光投控,3711
078071,call,臻鼎-KY,4958
078072,call,十銓,4967
078073,call,亞翔,6139
078074,call,今國光,6209
078075,call,力成,6239
078076,call,愛普*,6531
078077,call,緯穎,6669
078078,call,龍德造船,6753
078079,call,力積電,6770
078080,call,富世達,6805
078081,call,南茂,8150
078082,call,華城,1519
078083,call,友達,2409
078084,call,亞翔,6139
078085,call,南茂,8150
078086,call,台化,1326
078087,call,台化,1326
078088,call,台積電,2330
078089,call,旺宏,2337
078090,call,旺宏,2337
078091,call,漢唐,2404
078092,call,南亞科,2408
078093,call,南亞科,2408
078094,call,南亞科,2408
078095,call,京元電子,2449
078096,call,晟銘電,3013
078097,call,威強電,3022
078098,call,中磊,5388
078099,call,亞翔,6139
078100,call,亞翔,6139
078101,call,精誠,6214
078102,call,南茂,8150
078104,call,長興,1717
078105,call,台積電,2330
078106,call,台積電,2330
078107,call,台積電,2330
078108,call,台積電,2330
078109,call,華邦電,2344
078110,call,金像電,2368
078111,call,漢唐,2404
078112,call,南亞科,2408
078113,call,智原,3035
078114,call,日月光投控,3711
078115,call,定穎投控,3715
078116,call,國精化,4722
078117,call,啟碁,6285
078118,call,光聖,6442
078119,call,愛普*,6531
078120,call,愛普*,6531
078121,call,緯穎,6669
078122,call,來億-KY,6890
078123,call,至上,8112
078124,call,南茂,8150
078125,call,華城,1519
078126,call,華邦電,2344
078127,call,華邦電,2344
078128,call,英業達,2356
078129,call,所羅門,2359
078130,call,矽統,2363
078131,call,技嘉,2376
078132,call,研華,2395
078133,call,南亞科,2408
078134,call,南亞科,2408
078135,call,京元電子,2449
078136,call,華航,2610
078137,call,玉山金,2884
078138,call,元大金,2885
078139,call,永豐金,2890
078140,call,中信金,2891
078141,call,晶豪科,3006
078142,call,大立光,3008
078143,call,奇鋐,3017
078144,call,亞光,3019
078147,call,新日興,3376
078148,call,玉晶光,3406
078149,call,定穎投控,3715
078150,call,定穎投控,3715
078151,call,臻鼎-KY,4958
078152,call,啟碁,6285
078153,call,緯穎,6669
078154,call,力智,6719
078155,call,力智,6719
078156,call,力積電,6770
078157,call,AES-KY,6781
078158,call,泰金寶-DR,9105
078159,call,泰金寶-DR,9105
078160,call,元大台灣50,0050
078167,call,金像電,2368
078168,call,京元電子,2449
078169,call,遠傳,4904
078170,call,力積電,6770
078171,call,元大台灣50,0050
078172,call,台塑,1301
078173,call,儒鴻,1476
078174,call,中興電,1513
078175,call,美時,1795
078176,call,中鋼,2002
078177,call,中鋼,2002
078178,call,大成鋼,2027
078179,call,鴻海,2317
078180,call,鴻海,2317
078181,call,台積電,2330
078182,call,台積電,2330
078183,call,台積電,2330
078184,call,華邦電,2344
078185,call,華邦電,2344
078186,call,順德,2351
078187,call,所羅門,2359
078188,call,微星,2377
078189,call,研華,2395
078190,call,南亞科,2408
078191,call,創見,2451
078192,call,創見,2451
078193,call,創見,2451
078194,call,志聖,2467
078195,call,華航,2610
078196,call,國泰金,2882
078197,call,德律,3030
078198,call,德律,3030
078199,call,晶技,3042
078200,call,緯創,3231
078201,call,京鼎,3413
078202,call,群創,3481
078203,call,群創,3481
078204,call,宏致,3605
078205,call,大聯大,3702
078206,call,日月光投控,3711
078207,call,定穎投控,3715
078208,call,國精化,4722
078209,call,臻鼎-KY,4958
078210,call,中磊,5388
078211,call,力成,6239
078212,call,保瑞,6472
078213,call,緯穎,6669
078214,call,緯穎,6669
078215,call,龍德造船,6753
078216,call,龍德造船,6753
078217,call,松川精密,7788
078218,call,南茂,8150
078219,call,宇瞻,8271
078220,call,晶豪科,3006
078221,call,台塑化,6505
078223,call,華榮,1608
078224,call,鴻海,2317
078225,call,鴻海,2317
078226,call,中環,2323
078227,call,華邦電,2344
078228,call,華邦電,2344
078229,call,佳能,2374
078230,call,南亞科,2408
078231,call,京元電子,2449
078232,call,兆赫,2485
078233,call,新興,2605
078234,call,大立光,3008
078235,call,奇鋐,3017
078236,call,智原,3035
078237,call,台塑化,6505
078238,call,東元,1504
078239,call,鴻海,2317
078240,call,華邦電,2344
078241,call,華邦電,2344
078242,call,漢唐,2404
078243,call,志聖,2467
078244,call,立隆電,2472
078245,call,京鼎,3413
078246,call,嘉澤,3533
078247,call,祥碩,5269
078248,call,龍德造船,6753
078249,call,至上,8112
078250,call,至上,8112
078251,call,台泥,1101
078252,call,永光,1711
078253,call,台玻,1802
078254,call,華通,2313
078255,call,矽統,2363
078256,call,金像電,2368
078257,call,菱生,2369
078258,call,志聖,2467
078259,call,立隆電,2472
078260,call,奇鋐,3017
078261,call,德律,3030
078262,call,晶技,3042
078263,call,緯創,3231
078264,call,京鼎,3413
078265,call,牧德,3563
078266,call,帆宣,6196
078267,call,富世達,6805
078268,call,松川精密,7788
078269,call,宇瞻,8271
07826U,put,欣興,3037
078275,call,台塑,1301
078276,call,大成鋼,2027
078277,call,華通,2313
078278,call,華通,2313
078279,call,華通,2313
078280,call,鴻海,2317
078281,call,鴻海,2317
078282,call,台積電,2330
078283,call,台積電,2330
078284,call,台積電,2330
078285,call,華碩,2357
078286,call,微星,2377
078287,call,研華,2395
078288,call,南亞科,2408
078289,call,超豐,2441
078290,call,志聖,2467
078291,call,立隆電,2472
078292,call,鉅祥,2476
078293,call,萬海,2615
078294,call,長榮航,2618
078295,call,晶豪科,3006
078296,call,大立光,3008
078297,call,緯創,3231
078298,call,緯創,3231
078299,call,群創,3481
078300,call,日月光投控,3711
078301,call,定穎投控,3715
078302,call,臻鼎-KY,4958
078303,call,十銓,4967
078304,call,十銓,4967
078305,call,亞翔,6139
078306,call,佳必琪,6197
078307,call,台塑化,6505
078308,call,緯穎,6669
078309,call,緯穎,6669
078310,call,力積電,6770
078311,call,汎銓,6830
078312,call,宇瞻,8271
078316,call,東元,1504
078317,call,長興,1717
078318,call,台積電,2330
078319,call,台積電,2330
078320,call,鴻準,2354
078321,call,矽統,2363
078322,call,漢唐,2404
078323,call,南亞科,2408
078324,call,南亞科,2408
078325,call,可成,2474
078326,call,普安,2495
078327,call,大立光,3008
078328,call,群創,3481
078333,call,鴻海,2317
078334,call,台積電,2330
078335,call,台積電,2330
078336,call,台積電,2330
078337,call,金像電,2368
078338,call,南亞科,2408
078339,call,漢翔,2634
078340,call,群創,3481
078341,call,嘉澤,3533
078342,call,臻鼎-KY,4958
078343,call,致新,8081
078344,call,至上,8112
078345,call,元大台灣50,0050
078346,call,金寶,2312
078347,call,鴻海,2317
078348,call,華泰,2329
078349,call,台積電,2330
078350,call,台積電,2330
078351,call,台積電,2330
078352,call,旺宏,2337
078353,call,華邦電,2344
078354,call,台積電,2330
078355,call,金像電,2368
078356,call,微星,2377
078357,call,南亞科,2408
078358,call,超豐,2441
078359,call,京元電子,2449
078360,call,創見,2451
078361,call,兆赫,2485
078362,call,晶豪科,3006
078363,call,奇鋐,3017
078364,call,德律,3030
078365,call,智原,3035
078366,call,晶技,3042
078367,call,緯創,3231
078368,call,大聯大,3702
078369,call,日月光投控,3711
078370,call,臻鼎-KY,4958
078371,call,中磊,5388
078372,call,緯穎,6669
078373,call,力積電,6770
078374,call,汎銓,6830
078375,call,汎銓,6830
078376,call,松川精密,7788
078377,call,矽創,8016
078378,call,至上,8112
078379,call,南茂,8150
078380,call,宇瞻,8271
078382,call,元大台灣50,0050
078383,call,元大台灣50,0050
078385,call,所羅門,2359
078386,call,金像電,2368
078387,call,陽明,2609
078388,call,亞航,2630
078389,call,德律,3030
078390,call,智原,3035
078391,call,晶技,3042
078392,call,牧德,3563
078393,call,亞翔,6139
078394,call,今國光,6209
078395,call,今國光,6209
078396,call,同欣電,6271
078397,call,同欣電,6271
078398,call,台塑化,6505
078399,call,台塑化,6505
078400,call,惠特,6706
078401,call,力積電,6770
078402,call,南茂,8150
078403,call,南茂,8150
078404,call,台積電,2330
078409,call,旺宏,2337
07840U,put,創意,3443
078410,call,智邦,2345
078411,call,台化,1326
078412,call,華新,1605
078413,call,上銀,2049
078414,call,華通,2313
078415,call,鴻海,2317
078416,call,華泰,2329
078417,call,旺宏,2337
078418,call,旺宏,2337
078419,call,旺宏,2337
07841U,put,力積電,6770
078420,call,旺宏,2337
078421,call,華邦電,2344
078422,call,金像電,2368
078423,call,金像電,2368
078424,call,凱美,2375
078425,call,漢唐,2404
078426,call,漢唐,2404
078427,call,萬海,2615
078428,call,奇鋐,3017
078429,call,文曄,3036
078430,call,晶技,3042
078431,call,晶技,3042
078432,call,日月光投控,3711
078433,call,日月光投控,3711
078434,call,力成,6239
078435,call,力成,6239
078436,call,同欣電,6271
078437,call,訊芯-KY,6451
078438,call,訊芯-KY,6451
078439,call,訊芯-KY,6451
078440,call,緯穎,6669
078441,call,富世達,6805
078442,call,至上,8112
078443,call,京元電子,2449
078444,call,訊芯-KY,6451
078445,call,訊芯-KY,6451
078446,call,訊芯-KY,6451
078447,call,台塑化,6505
078448,call,汎銓,6830
078449,call,宇瞻,8271
078450,call,智邦,2345
078451,call,智邦,2345
078452,call,智原,3035
078453,call,晶技,3042
078454,call,康舒,6282
078455,call,AES-KY,6781
078456,call,南茂,8150
078457,call,台泥,1101
078458,call,華通,2313
078459,call,華通,2313
078460,call,鴻海,2317
078461,call,鴻海,2317
078462,call,台積電,2330
078463,call,台積電,2330
078464,call,台積電,2330
078465,call,華邦電,2344
078466,call,鴻準,2354
078467,call,微星,2377
078468,call,研華,2395
078469,call,南亞科,2408
07846U,put,創意,3443
078470,call,友達,2409
078471,call,凱基金,2883
078472,call,大立光,3008
078473,call,大立光,3008
078474,call,奇鋐,3017
078475,call,健鼎,3044
078476,call,緯創,3231
078477,call,緯創,3231
078478,call,國精化,4722
078479,call,材料*-KY,4763
07847U,put,創意,3443
078480,call,臻鼎-KY,4958
078481,call,臻鼎-KY,4958
078482,call,眾達-KY,4977
078483,call,亞翔,6139
078484,call,精成科,6191
078485,call,佳必琪,6197
078486,call,力成,6239
078487,call,力成,6239
078488,call,訊芯-KY,6451
078489,call,台塑化,6505
078490,call,緯穎,6669
078491,call,AES-KY,6781
078492,call,采鈺,6789
078493,call,采鈺,6789
078494,call,采鈺,6789
078495,call,富世達,6805
078496,call,富世達,6805
078497,call,宇瞻,8271
078498,call,國喬,1312
078499,call,順德,2351
078500,call,鼎元,2426
078501,call,健鼎,3044
078502,call,達邁,3645
078503,call,康普,4739
078504,call,盛群,6202
078506,call,訊芯-KY,6451
078507,call,訊芯-KY,6451
078508,call,洋基工程,6691
078509,call,采鈺,6789
078510,call,南茂,8150
078511,call,元大台灣50,0050
078512,call,元大台灣50,0050
078513,call,智邦,2345
078514,call,智邦,2345
078515,call,智邦,2345
078516,call,所羅門,2359
078517,call,日月光投控,3711
078518,call,臻鼎-KY,4958
078519,call,臻鼎-KY,4958
07851U,put,矽格,6257
078520,call,臻鼎-KY,4958
078521,call,帆宣,6196
078522,call,光聖,6442
078523,call,訊芯-KY,6451
078524,call,AES-KY,6781
078525,call,勤誠,8210
078526,call,勤誠,8210
078527,call,元大台灣50,0050
078535,call,華邦電,2344
078536,call,金像電,2368
078537,call,南亞科,2408
078538,call,創見,2451
078539,call,宏達電,2498
078540,call,訊芯-KY,6451
078541,call,訊芯-KY,6451
078542,call,訊芯-KY,6451
078543,call,訊芯-KY,6451
078544,call,松川精密,7788
078547,call,台塑,1301
078548,call,台玻,1802
078549,call,大成鋼,2027
07854U,put,台積電,2330
078550,call,華通,2313
078551,call,鴻海,2317
078552,call,鴻海,2317
078553,call,台積電,2330
078554,call,台積電,2330
078555,call,台積電,2330
078556,call,台積電,2330
078557,call,華碩,2357
078558,call,技嘉,2376
078559,call,研華,2395
07855U,put,矽格,6257
078560,call,南亞科,2408
078561,call,南亞科,2408
078562,call,京元電子,2449
078563,call,京元電子,2449
078564,call,志聖,2467
078565,call,可成,2474
078566,call,鉅祥,2476
078567,call,長榮航,2618
078568,call,大立光,3008
078569,call,奇鋐,3017
078570,call,京鼎,3413
078571,call,群創,3481
078572,call,嘉澤,3533
078573,call,祥碩,5269
078574,call,亞翔,6139
078575,call,訊芯-KY,6451
078576,call,訊芯-KY,6451
078577,call,訊芯-KY,6451
078578,call,台塑化,6505
078579,call,台塑化,6505
078580,call,緯穎,6669
078581,call,騰輝電子-KY,6672
078582,call,富世達,6805
078583,call,元大台灣50,0050
078585,call,士電,1503
078586,call,中砂,1560
078587,call,美時,1795
078588,call,鴻海,2317
078589,call,京元電子,2449
078590,call,日月光投控,3711
078591,call,臻鼎-KY,4958
078592,call,亞翔,6139
078593,call,力成,6239
078594,call,訊芯-KY,6451
078595,call,訊芯-KY,6451
078596,call,訊芯-KY,6451
078597,call,AES-KY,6781
078598,call,富世達,6805
078599,call,致新,8081
078600,call,南茂,8150
078601,call,南茂,8150
078602,call,旺宏,2337
078603,call,智邦,2345
078604,call,南亞科,2408
078605,call,南亞科,2408
078606,call,友達,2409
078607,call,群創,3481
078608,call,力成,6239
078609,call,力積電,6770
07860U,put,晶豪科,3006
078610,call,AES-KY,6781
078611,call,中興電,1513
078612,call,鴻海,2317
078613,call,台積電,2330
078614,call,台積電,2330
078615,call,台積電,2330
078616,call,華邦電,2344
078617,call,華邦電,2344
078618,call,華邦電,2344
078619,call,所羅門,2359
078620,call,金像電,2368
078621,call,研華,2395
078622,call,南亞科,2408
078623,call,南亞科,2408
078624,call,南亞科,2408
078625,call,超豐,2441
078626,call,萬海,2615
078627,call,漢翔,2634
078628,call,晶豪科,3006
078629,call,緯創,3231
07862U,put,台達電,2308
078630,call,緯創,3231
078631,call,京鼎,3413
078632,call,嘉澤,3533
078633,call,嘉澤,3533
078634,call,嘉澤,3533
078635,call,嘉澤,3533
078636,call,牧德,3563
078637,call,日月光投控,3711
078638,call,中磊,5388
078639,call,佳必琪,6197
078640,call,力成,6239
078641,call,力成,6239
078642,call,力成,6239
078643,call,樺漢,6414
078645,call,樺漢,6414
078646,call,緯穎,6669
078647,call,力積電,6770
078648,call,力積電,6770
078649,call,力積電,6770
078650,call,AES-KY,6781
078651,call,富世達,6805
078652,call,富世達,6805
078653,call,元大台灣50,0050
078654,call,元大台灣50,0050
078658,call,光寶科,2301
078659,call,鴻海,2317
078660,call,鴻海,2317
078661,call,台積電,2330
078662,call,台積電,2330
078663,call,台積電,2330
078664,call,台積電,2330
078665,call,台亞,2340
078666,call,華邦電,2344
078667,call,智邦,2345
078668,call,菱生,2369
078669,call,微星,2377
078670,call,瑞昱,2379
078671,call,興勤,2428
078672,call,京元電子,2449
078673,call,立隆電,2472
078674,call,宏達電,2498
078675,call,聯詠,3034
078676,call,晶技,3042
078677,call,健鼎,3044
078678,call,緯創,3231
078679,call,玉晶光,3406
078680,call,定穎投控,3715
078681,call,國精化,4722
078682,call,材料*-KY,4763
078683,call,新唐,4919
078684,call,臻鼎-KY,4958
078685,call,祥碩,5269
078686,call,祥碩,5269
078687,call,中磊,5388
078688,call,上海商銀,5876
078689,call,啟碁,6285
078690,call,迅得,6438
078691,call,緯穎,6669
078692,call,緯穎,6669
078693,call,勤誠,8210
078696,call,亞德客-KY,1590
078697,call,長榮航太,2645
078698,call,群創,3481
078699,call,中磊,5388
078700,call,力成,6239
078701,call,保瑞,6472
078702,call,富世達,6805
078703,call,宇瞻,8271
078704,call,旺宏,2337
078705,call,京元電子,2449
078706,call,日月光投控,3711
078707,call,定穎投控,3715
078708,call,康舒,6282
078709,call,樺漢,6414
078710,call,元大台灣50,0050
078713,call,中砂,1560
078714,call,光寶科,2301
078715,call,華通,2313
078716,call,鴻海,2317
078717,call,旺宏,2337
078718,call,旺宏,2337
078719,call,華邦電,2344
07871U,put,大同,2371
078720,call,順德,2351
078721,call,金像電,2368
078722,call,微星,2377
078723,call,南亞科,2408
078724,call,友達,2409
078725,call,京元電子,2449
078726,call,鉅祥,2476
078727,call,大立光,3008
078728,call,奇鋐,3017
078729,call,健鼎,3044
07872U,put,友達,2409
078730,call,緯創,3231
078731,call,群創,3481
078732,call,日月光投控,3711
078733,call,康普,4739
078734,call,材料*-KY,4763
078735,call,臻鼎-KY,4958
078736,call,亞翔,6139
078737,call,佳必琪,6197
078738,call,盛群,6202
078739,call,力成,6239
078740,call,樺漢,6414
078741,call,樺漢,6414
078742,call,樺漢,6414
078743,call,樺漢,6414
078744,call,緯穎,6669
078745,call,洋基工程,6691
078746,call,力積電,6770
078747,call,富世達,6805
078748,call,致新,8081
078749,call,南茂,8150
07874U,put,晶豪科,3006
078750,call,宇瞻,8271
078753,call,中華化,1727
078754,call,旺宏,2337
078755,call,旺宏,2337
078756,call,旺宏,2337
078757,call,大立光,3008
078758,call,群創,3481
078759,call,國精化,4722
078760,call,啟碁,6285
078761,call,樺漢,6414
078762,call,兆聯實業,6944
078763,call,新代,7750
078764,call,宇瞻,8271
078766,call,華城,1519
078767,call,光寶科,2301
078768,call,華通,2313
078769,call,廣宇,2328
078770,call,台積電,2330
078771,call,智邦,2345
078772,call,京元電子,2449
078773,call,晶豪科,3006
078774,call,晟銘電,3013
078775,call,奇鋐,3017
078776,call,零壹,3029
078777,call,健鼎,3044
078778,call,日月光投控,3711
078779,call,新唐,4919
078780,call,眾達-KY,4977
078781,call,佳必琪,6197
078782,call,今國光,6209
078783,call,力成,6239
078784,call,啟碁,6285
078785,call,光聖,6442
078786,call,力積電,6770
078787,call,勤誠,8210
078788,call,新纖,1409
078789,call,光罩,2338
078790,call,聯強,2347
078791,call,矽統,2363
078792,call,佳能,2374
078793,call,凌陽,2401
078794,call,瑞軒,2489
078795,call,王品,2727
078796,call,信邦,3023
078797,call,群創,3481
078798,call,康普,4739
078799,call,新唐,4919
078800,call,帆宣,6196
078801,call,台郡,6269
078802,call,同欣電,6271
078803,call,樺漢,6414
078805,call,華榮,1608
078806,call,華通,2313
078807,call,群創,3481
078808,call,群創,3481
078809,call,緯穎,6669
078810,call,緯穎,6669
078815,call,元大台灣50,0050
078816,call,定穎投控,3715
078817,call,緯穎,6669
078818,call,元大台灣50,0050
078819,call,元大台灣50,0050
078822,call,和桐,1714
078823,call,和桐,1714
078824,call,和桐,1714
078825,call,光寶科,2301
078826,call,華通,2313
078827,call,台積電,2330
078828,call,台積電,2330
078829,call,台積電,2330
078830,call,台積電,2330
078831,call,英業達,2356
078832,call,華碩,2357
078833,call,燿華,2367
078834,call,金像電,2368
078835,call,金像電,2368
078836,call,技嘉,2376
078837,call,瑞昱,2379
078838,call,瑞昱,2379
078839,call,友達,2409
07883U,put,台達電,2308
078840,call,鼎元,2426
078841,call,創見,2451
078842,call,盟立,2464
078843,call,盟立,2464
078844,call,大毅,2478
078845,call,嘉晶,3016
078846,call,晶技,3042
078847,call,晶技,3042
078848,call,昇貿,3305
078849,call,辛耘,3583
07884U,put,元大台灣50,0050
078850,call,辛耘,3583
078851,call,辛耘,3583
078852,call,辛耘,3583
078853,call,臻鼎-KY,4958
078854,call,臻鼎-KY,4958
078855,call,眾達-KY,4977
078856,call,祥碩,5269
078857,call,長虹,5534
078858,call,亞翔,6139
078859,call,佳必琪,6197
078860,call,佳必琪,6197
078861,call,矽格,6257
078862,call,樺漢,6414
078863,call,光聖,6442
078864,call,緯穎,6669
078865,call,緯穎,6669
078866,call,緯穎,6669
078867,call,騰輝電子-KY,6672
078868,call,和桐,1714
078869,call,友達,2409
078870,call,友達,2409
078871,call,京元電子,2449
078872,call,盟立,2464
078873,call,大毅,2478
078874,call,揚博,2493
078875,call,長榮航,2618
078876,call,揚明光,3504
078877,call,辛耘,3583
078878,call,辛耘,3583
078879,call,精成科,6191
078880,call,佳必琪,6197
078881,call,富邦科技,0052
078882,call,華通,2313
078883,call,華通,2313
078884,call,燿華,2367
078885,call,友達,2409
078886,call,超豐,2441
078887,call,志聖,2467
078888,call,國泰金,2882
078889,call,凱基金,2883
078890,call,台新新光金,2887
078891,call,台郡,6269
078892,call,樺漢,6414
078893,call,台玻,1802
078894,call,世紀風電,2072
078895,call,旺宏,2337
078896,call,旺宏,2337
078897,call,大毅,2478
078898,call,揚博,2493
078899,call,嘉晶,3016
078900,call,嘉晶,3016
078901,call,嘉晶,3016
078902,call,辛耘,3583
078903,call,緯穎,6669
078904,call,緯穎,6669
078905,call,緯穎,6669
078906,call,緯穎,6669
078907,call,緯穎,6669
078908,call,汎銓,6830
078910,call,和桐,1714
078911,call,東和鋼鐵,2006
078912,call,百達-KY,2236
078913,call,金像電,2368
078914,call,鼎元,2426
078915,call,京元電子,2449
078916,call,大毅,2478
078917,call,揚博,2493
078918,call,晶豪科,3006
078919,call,嘉晶,3016
078920,call,凌航,3135
078921,call,昇貿,3305
078922,call,辛耘,3583
078923,call,辛耘,3583
078924,call,康普,4739
078925,call,臻鼎-KY,4958
078926,call,台表科,6278
078927,call,聯策,6658
078928,call,緯穎,6669
078929,call,洋基工程,6691
078930,call,三集瑞-KY,6862
078932,call,中興電,1513
078933,call,亞德客-KY,1590
078934,call,華通,2313
078935,call,旺宏,2337
078936,call,華邦電,2344
078937,call,佳能,2374
078938,call,研華,2395
078939,call,南亞科,2408
078940,call,超豐,2441
078941,call,京元電子,2449
078942,call,萬海,2615
078943,call,漢翔,2634
078944,call,晶豪科,3006
078945,call,奇鋐,3017
078946,call,零壹,3029
078947,call,智原,3035
078948,call,緯創,3231
078949,call,日月光投控,3711
078950,call,大銀微系統,4576
078951,call,國精化,4722
078952,call,新唐,4919
078953,call,臻鼎-KY,4958
078954,call,眾達-KY,4977
078955,call,長榮,2603
078956,call,帆宣,6196
078957,call,矽格,6257
078958,call,台塑化,6505
078959,call,緯穎,6669
078960,call,AES-KY,6781
078961,call,富世達,6805
078962,call,勤誠,8210
078966,call,中砂,1560
078967,call,立積,4968
078968,call,上銀,2049
078969,call,華通,2313
078970,call,台積電,2330
078971,call,台積電,2330
078972,call,旺宏,2337
078973,call,華邦電,2344
078974,call,華邦電,2344
078975,call,金像電,2368
078976,call,技嘉,2376
078977,call,微星,2377
078978,call,微星,2377
078979,call,研華,2395
078980,call,友達,2409
078981,call,創見,2451
078982,call,盟立,2464
078983,call,志聖,2467
078984,call,鉅祥,2476
078985,call,揚博,2493
078986,call,大立光,3008
078987,call,嘉晶,3016
078988,call,奇鋐,3017
078989,call,晶技,3042
07898U,put,台達電,2308
078990,call,緯創,3231
078991,call,牧德,3563
078992,call,辛耘,3583
078993,call,辛耘,3583
078994,call,材料*-KY,4763
078995,call,臻鼎-KY,4958
078996,call,亞翔,6139
078997,call,帆宣,6196
078998,call,力成,6239
078999,call,力成,6239
07899U,put,台積電,2330
079000,call,矽格,6257
079001,call,旭隼,6409
079002,call,保瑞,6472
079003,call,騰輝電子-KY,6672
079004,call,AES-KY,6781
079005,call,富世達,6805
079006,call,兆聯實業,6944
079007,call,松川精密,7788
079008,call,元大台灣50,0050
079010,call,旺宏,2337
079011,call,華邦電,2344
079012,call,創見,2451
079013,call,志聖,2467
079014,call,大毅,2478
079015,call,大毅,2478
079016,call,揚博,2493
079017,call,嘉晶,3016
079018,call,嘉晶,3016
079019,call,樺漢,6414
07901U,put,創意,3443
079020,call,保瑞,6472
079021,call,元大台灣50,0050
079022,call,美時,1795
079023,call,光寶科,2301
079024,call,華通,2313
079025,call,鴻海,2317
079026,call,台積電,2330
079027,call,台積電,2330
079028,call,旺宏,2337
079029,call,旺宏,2337
079030,call,智邦,2345
079031,call,智邦,2345
079032,call,智邦,2345
079033,call,金像電,2368
079034,call,研華,2395
079035,call,京元電子,2449
079036,call,京元電子,2449
079037,call,京元電子,2449
079038,call,盟立,2464
079039,call,大毅,2478
079040,call,揚博,2493
079041,call,揚博,2493
079042,call,國泰金,2882
079043,call,大立光,3008
079044,call,嘉晶,3016
079045,call,晶技,3042
079046,call,緯創,3231
079047,call,辛耘,3583
079048,call,亞翔,6139
079049,call,佳必琪,6197
079050,call,精誠,6214
079051,call,樺漢,6414
079052,call,樺漢,6414
079053,call,晶碩,6491
079054,call,台塑化,6505
079055,call,捷敏-KY,6525
079056,call,緯穎,6669
079057,call,AES-KY,6781
079058,call,富世達,6805
079059,call,富世達,6805
079060,call,富世達,6805
079061,call,兆聯實業,6944
079068,call,台玻,1802
079069,call,光寶科,2301
079070,call,旺宏,2337
079071,call,大同,2371
079072,call,京元電子,2449
079073,call,嘉晶,3016
079074,call,緯創,3231
079075,call,辛耘,3583
079076,call,貿聯-KY,3665
079077,call,神達,3706
079078,call,臻鼎-KY,4958
079079,call,力成,6239
079080,call,力積電,6770
079084,call,上銀,2049
079085,call,台積電,2330
079086,call,南亞科,2408
079087,call,建準,2421
079088,call,創見,2451
079089,call,健鼎,3044
079090,call,鈺邦,6449
079092,call,中興電,1513
079093,call,台玻,1802
079094,call,台積電,2330
079095,call,旺宏,2337
079096,call,旺宏,2337
079097,call,華邦電,2344
079098,call,南亞科,2408
079099,call,京元電子,2449
079100,call,盟立,2464
079101,call,普安,2495
079102,call,長榮,2603
079103,call,長榮,2603
079104,call,萬海,2615
079105,call,漢翔,2634
079106,call,長榮,2603
079107,call,大立光,3008
079108,call,奇鋐,3017
079109,call,智原,3035
079110,call,緯創,3231
079111,call,貿聯-KY,3665
079112,call,貿聯-KY,3665
079113,call,日月光投控,3711
079114,call,臻鼎-KY,4958
079115,call,臻鼎-KY,4958
079116,call,十銓,4967
079117,call,凌華,6166
079118,call,康舒,6282
079119,call,力積電,6770
07911U,put,揚博,2493
079120,call,汎銓,6830
079121,call,汎銓,6830
079122,call,新代,7750
079123,call,新代,7750
079124,call,華通,2313
079125,call,盟立,2464
079126,call,盟立,2464
079127,call,盟立,2464
079128,call,大毅,2478
079129,call,大毅,2478
07912U,put,力積電,6770
079130,call,嘉晶,3016
079131,call,嘉晶,3016
079132,call,嘉晶,3016
079133,call,緯創,3231
079134,call,貿聯-KY,3665
079135,call,合勤控,3704
079136,call,力成,6239
079137,call,力成,6239
079138,call,騰輝電子-KY,6672
079139,call,汎銓,6830
07913U,put,可寧衛*,8422
079140,call,台化,1326
079141,call,直得,1597
079142,call,光寶科,2301
079143,call,台積電,2330
079144,call,台積電,2330
079145,call,台積電,2330
079146,call,台積電,2330
079147,call,華邦電,2344
079148,call,華邦電,2344
079149,call,華邦電,2344
07914U,put,可寧衛*,8422
079150,call,威盛,2388
079151,call,南亞科,2408
079152,call,南亞科,2408
079153,call,南亞科,2408
079154,call,京元電子,2449
079155,call,揚博,2493
079157,call,嘉晶,3016
079158,call,奇鋐,3017
079159,call,奇鋐,3017
079160,call,德律,3030
079161,call,宏致,3605
079162,call,貿聯-KY,3665
079163,call,貿聯-KY,3665
079164,call,貿聯-KY,3665
079165,call,貿聯-KY,3665
079166,call,合勤控,3704
079167,call,凌華,6166
079168,call,佳必琪,6197
079169,call,力成,6239
079170,call,同欣電,6271
079171,call,同欣電,6271
079172,call,啟碁,6285
079173,call,樺漢,6414
079174,call,樺漢,6414
079175,call,緯穎,6669
079176,call,緯穎,6669
079177,call,緯穎,6669
079178,call,緯穎,6669
079179,call,力積電,6770
079180,call,汎銓,6830
079181,call,汎銓,6830
079182,call,兆聯實業,6944
079183,call,至上,8112
079184,call,富邦科技,0052
079186,call,中砂,1560
079187,call,上銀,2049
079188,call,上銀,2049
079189,call,華通,2313
07918U,put,群創,3481
079190,call,華通,2313
079191,call,華通,2313
079192,call,鴻海,2317
079193,call,台積電,2330
079194,call,華邦電,2344
079195,call,智邦,2345
079196,call,智邦,2345
079197,call,智邦,2345
079198,call,所羅門,2359
079199,call,金像電,2368
079200,call,南亞科,2408
079201,call,南亞科,2408
079202,call,南亞科,2408
079203,call,京元電子,2449
079204,call,創見,2451
079205,call,創見,2451
079206,call,盟立,2464
079207,call,亞航,2630
079208,call,嘉晶,3016
079209,call,緯創,3231
079210,call,昇貿,3305
079211,call,昇貿,3305
079212,call,辛耘,3583
079213,call,貿聯-KY,3665
079214,call,貿聯-KY,3665
079215,call,貿聯-KY,3665
079216,call,貿聯-KY,3665
079217,call,合勤控,3704
079218,call,臻鼎-KY,4958
079219,call,亞翔,6139
07921U,put,台積電,2330
079220,call,凌華,6166
079221,call,力成,6239
079222,call,力成,6239
079223,call,力成,6239
079224,call,矽格,6257
079225,call,力積電,6770
079226,call,力積電,6770
079227,call,富世達,6805
079228,call,富世達,6805
079229,call,富世達,6805
079230,call,兆聯實業,6944
079231,call,振樺電,8114
079232,call,勤誠,8210
079233,call,勤誠,8210
079234,call,勤誠,8210
079235,call,元大台灣50,0050
079237,call,上銀,2049
079238,call,光寶科,2301
079239,call,鴻海,2317
079240,call,華邦電,2344
079241,call,智邦,2345
079242,call,金像電,2368
079243,call,南亞科,2408
079244,call,鉅祥,2476
079246,call,大毅,2478
079247,call,揚博,2493
079248,call,揚博,2493
079249,call,大立光,3008
079250,call,大立光,3008
079251,call,嘉晶,3016
079252,call,奇鋐,3017
079253,call,晶技,3042
079254,call,晶技,3042
079255,call,辛耘,3583
079256,call,辛耘,3583
079257,call,辛耘,3583
079258,call,貿聯-KY,3665
079259,call,貿聯-KY,3665
07925U,put,群創,3481
079260,call,貿聯-KY,3665
079261,call,合勤控,3704
079262,call,臻鼎-KY,4958
079263,call,亞翔,6139
079264,call,凌華,6166
079265,call,凌華,6166
079266,call,帆宣,6196
079267,call,力成,6239
079268,call,保瑞,6472
079269,call,緯穎,6669
079270,call,力積電,6770
079271,call,富世達,6805
079274,call,富邦科技,0052
079275,call,元大高股息,0056
079283,call,華榮,1608
079284,call,上銀,2049
079285,call,光寶科,2301
079286,call,華通,2313
079287,call,鴻海,2317
079288,call,仁寶,2324
079289,call,智邦,2345
079290,call,所羅門,2359
079291,call,毅嘉,2402
079292,call,南亞科,2408
079293,call,台積電,2330
079294,call,興勤,2428
079295,call,美律,2439
079296,call,創見,2451
079297,call,宏璟,2527
079298,call,亞航,2630
079299,call,元大金,2885
079300,call,奇鋐,3017
079301,call,亞光,3019
079302,call,智原,3035
079303,call,緯創,3231
079304,call,新日興,3376
079305,call,嘉澤,3533
079306,call,貿聯-KY,3665
079307,call,合勤控,3704
079308,call,合勤控,3704
079309,call,日月光投控,3711
079310,call,東台,4526
079311,call,新唐,4919
079312,call,十銓,4967
079313,call,十銓,4967
079314,call,凌華,6166
079315,call,飛捷,6206
079316,call,力智,6719
079317,call,汎銓,6830
079318,call,松川精密,7788
079319,call,華東,8110
079320,call,華東,8110
079321,call,至上,8112
079322,call,元大台灣50,0050
079323,call,元大台灣50,0050
079324,call,旺宏,2337
079325,call,微星,2377
079326,call,緯創,3231
079327,call,緯創,3231
079328,call,緯創,3231
079329,call,辛耘,3583
07932U,put,鴻海,2317
079330,call,貿聯-KY,3665
079331,call,緯穎,6669
079332,call,緯穎,6669
079333,call,富世達,6805
079335,call,華夏,1305
079336,call,台化,1326
079337,call,仁寶,2324
079338,call,旺宏,2337
079339,call,金像電,2368
07933U,put,台積電,2330
079340,call,美律,2439
079341,call,大立光,3008
079342,call,大立光,3008
079343,call,晟銘電,3013
079344,call,嘉晶,3016
079345,call,緯創,3231
079346,call,緯創,3231
079347,call,貿聯-KY,3665
079348,call,今國光,6209
079349,call,緯穎,6669
079350,call,勤誠,8210
079351,call,勤誠,8210
079352,call,勤誠,8210
079353,call,華城,1519
079354,call,華邦電,2344
079355,call,金像電,2368
079356,call,南亞科,2408
079357,call,臻鼎-KY,4958
079358,call,力積電,6770
079359,call,AES-KY,6781
079360,call,至上,8112
079361,call,亞德客-KY,1590
079362,call,亞德客-KY,1590
079363,call,和桐,1714
079364,call,第一銅,2009
079365,call,台亞,2340
079366,call,金像電,2368
079367,call,菱生,2369
079368,call,正崴,2392
079369,call,凱基金,2883
079370,call,大立光,3008
079371,call,聯詠,3034
079372,call,大聯大,3702
079373,call,和碩,4938
079374,call,奕力-KY,6962
079375,call,新代,7750
079377,call,上銀,2049
079378,call,華邦電,2344
079379,call,華邦電,2344
079380,call,華邦電,2344
079381,call,華邦電,2344
079382,call,揚博,2493
079383,call,晶技,3042
079384,call,牧德,3563
079385,call,日月光投控,3711
079386,call,眾達-KY,4977
079387,call,至上,8112
079390,call,華新,1605
079391,call,東聯,1710
079392,call,上銀,2049
079393,call,光寶科,2301
079394,call,華通,2313
079395,call,台積電,2330
079396,call,華邦電,2344
079397,call,智邦,2345
079398,call,所羅門,2359
079399,call,金像電,2368
079400,call,研華,2395
079401,call,友達,2409
079402,call,盟立,2464
079403,call,晶豪科,3006
079404,call,大立光,3008
079405,call,奇鋐,3017
079406,call,智原,3035
079407,call,文曄,3036
079408,call,牧德,3563
079409,call,碩天,3617
07940U,put,創意,3443
079410,call,合勤控,3704
079411,call,國精化,4722
079412,call,眾達-KY,4977
079413,call,亞翔,6139
079414,call,力成,6239
079415,call,台郡,6269
079416,call,保瑞,6472
079417,call,緯穎,6669
079418,call,力積電,6770
079419,call,富邦科技,0052
079420,call,元大高股息,0056
079421,call,台玻,1802
079422,call,上銀,2049
079423,call,華通,2313
079424,call,鴻海,2317
079425,call,旺宏,2337
079426,call,華邦電,2344
079427,call,華邦電,2344
079428,call,所羅門,2359
079429,call,毅嘉,2402
079430,call,南亞科,2408
079431,call,南亞科,2408
079432,call,京元電子,2449
079433,call,盟立,2464
079434,call,普安,2495
079435,call,長榮,2603
079436,call,元大金,2885
079437,call,晶豪科,3006
079438,call,大立光,3008
079439,call,大立光,3008
079440,call,奇鋐,3017
079441,call,亞光,3019
079442,call,智原,3035
079443,call,文曄,3036
079444,call,晶技,3042
079445,call,緯創,3231
079446,call,嘉澤,3533
079447,call,宏致,3605
079448,call,大聯大,3702
079449,call,日月光投控,3711
079450,call,臻鼎-KY,4958
079451,call,臻鼎-KY,4958
079452,call,十銓,4967
079453,call,祥碩,5269
079454,call,飛捷,6206
079455,call,康舒,6282
079456,call,樺漢,6414
079457,call,緯穎,6669
079458,call,力積電,6770
079460,call,力積電,6770
079461,call,兆聯實業,6944
079462,call,新代,7750
079463,call,華東,8110
079464,call,至上,8112
079465,call,勤誠,8210
079467,call,亞德客-KY,1590
079468,call,上銀,2049
079469,call,旺宏,2337
079470,call,宏碁,2353
079471,call,微星,2377
079472,call,研華,2395
079473,call,志聖,2467
079474,call,立隆電,2472
079475,call,奇鋐,3017
079476,call,聯詠,3034
079477,call,文曄,3036
079478,call,玉晶光,3406
079479,call,定穎投控,3715
079480,call,國精化,4722
079481,call,臻鼎-KY,4958
079482,call,盛群,6202
079483,call,台郡,6269
079484,call,緯穎,6669
079485,call,緯穎,6669
079486,call,緯穎,6669
079487,call,富世達,6805
079488,call,富世達,6805
079489,call,富世達,6805
079490,call,新代,7750
079491,call,亞德客-KY,1590
079492,call,光寶科,2301
079493,call,鴻海,2317
079494,call,義隆,2458
079495,call,大立光,3008
079496,call,嘉晶,3016
079497,call,臻鼎-KY,4958
079498,call,飛捷,6206
079499,call,永光,1711
079500,call,台玻,1802
079501,call,光寶科,2301
079502,call,光寶科,2301
079503,call,光寶科,2301
079504,call,光寶科,2301
079505,call,旺宏,2337
079506,call,金像電,2368
079507,call,盟立,2464
079508,call,大毅,2478
079509,call,大立光,3008
07950U,put,元大台灣50,0050
079510,call,大立光,3008
079511,call,晟銘電,3013
079512,call,奇鋐,3017
079513,call,智原,3035
079514,call,緯創,3231
079516,call,貿聯-KY,3665
079517,call,定穎投控,3715
079518,call,國精化,4722
079519,call,臻鼎-KY,4958
07951U,put,元大台灣50,0050
079520,call,凌華,6166
079521,call,光聖,6442
079522,call,緯穎,6669
079524,call,華城,1519
079525,call,華邦電,2344
079526,call,華邦電,2344
079527,call,華邦電,2344
079528,call,順德,2351
079529,call,順德,2351
079530,call,所羅門,2359
079531,call,研華,2395
079532,call,瑞軒,2489
079533,call,揚博,2493
079534,call,晶豪科,3006
079535,call,晶豪科,3006
079536,call,大立光,3008
079537,call,大立光,3008
079538,call,凌航,3135
079539,call,貿聯-KY,3665
079540,call,國精化,4722
079541,call,國精化,4722
079542,call,緯穎,6669
079543,call,緯穎,6669
079544,call,力積電,6770
079545,call,AES-KY,6781
079546,call,汎銓,6830
079547,call,振樺電,8114
079552,call,亞德客-KY,1590
079553,call,光寶科,2301
079554,call,光寶科,2301
079555,call,光寶科,2301
079556,call,華通,2313
079557,call,華通,2313
079558,call,華通,2313
079559,call,鴻海,2317
079560,call,鴻海,2317
079561,call,仁寶,2324
079562,call,仁寶,2324
079563,call,台積電,2330
079564,call,華邦電,2344
079565,call,華邦電,2344
079566,call,華邦電,2344
079567,call,智邦,2345
079568,call,智邦,2345
079569,call,華碩,2357
079570,call,金像電,2368
079571,call,南亞科,2408
079572,call,南亞科,2408
079573,call,南亞科,2408
079574,call,盟立,2464
079575,call,盟立,2464
079576,call,立隆電,2472
079577,call,揚博,2493
079578,call,晶豪科,3006
079579,call,晶豪科,3006
079580,call,嘉晶,3016
079581,call,奇鋐,3017
079582,call,奇鋐,3017
079583,call,奇鋐,3017
079584,call,信邦,3023
079585,call,緯創,3231
079586,call,緯創,3231
079587,call,辛耘,3583
079588,call,碩天,3617
079589,call,貿聯-KY,3665
07958U,put,台積電,2330
079590,call,貿聯-KY,3665
079591,call,大聯大,3702
079592,call,日月光投控,3711
079593,call,日月光投控,3711
079594,call,日月光投控,3711
079595,call,力成,6239
079596,call,力成,6239
079597,call,樺漢,6414
079598,call,樺漢,6414
079599,call,保瑞,6472
07959U,put,台積電,2330
079600,call,保瑞,6472
079601,call,緯穎,6669
079602,call,緯穎,6669
079603,call,騰輝電子-KY,6672
079604,call,新代,7750
079605,call,新代,7750
079606,call,勤誠,8210
079607,call,勤誠,8210
079608,call,勤誠,8210
079609,call,直得,1597
07960U,put,台積電,2330
079610,call,所羅門,2359
079611,call,研華,2395
079612,call,盟立,2464
079613,call,奇鋐,3017
079614,call,威強電,3022
079615,call,凌華,6166
079616,call,富世達,6805
079617,call,元大台灣50,0050
079619,call,旺宏,2337
07961U,put,旺宏,2337
079620,call,矽統,2363
079621,call,金像電,2368
079622,call,研華,2395
079623,call,南亞科,2408
079624,call,晶豪科,3006
079625,call,奇鋐,3017
079626,call,文曄,3036
079627,call,正文,4906
079628,call,富世達,6805
079629,call,勤誠,8210
07962U,put,旺宏,2337
079630,call,今國光,6209
079631,call,光聖,6442
079632,call,泓德能源,6873
079634,call,東和鋼鐵,2006
079635,call,旺宏,2337
079636,call,順德,2351
079637,call,鴻準,2354
079638,call,揚博,2493
079639,call,嘉晶,3016
07963U,put,友達,2409
079640,call,奇鋐,3017
079641,call,奇鋐,3017
079642,call,文曄,3036
079643,call,凌航,3135
079644,call,新日興,3376
079645,call,智伸科,4551
079646,call,亞翔,6139
079647,call,矽創,8016
079648,call,宏全,9939
079650,call,台玻,1802
079651,call,鴻海,2317
079652,call,旺宏,2337
079653,call,華邦電,2344
079654,call,所羅門,2359
079655,call,大同,2371
079656,call,微星,2377
079657,call,毅嘉,2402
079658,call,南亞科,2408
079659,call,建準,2421
07965U,put,元大台灣50,0050
079660,call,京元電子,2449
079661,call,晶豪科,3006
079662,call,大立光,3008
079663,call,晟銘電,3013
079664,call,奇鋐,3017
079665,call,亞光,3019
079666,call,信邦,3023
079667,call,信邦,3023
079668,call,緯創,3231
079669,call,嘉澤,3533
079670,call,宏致,3605
079671,call,日月光投控,3711
079672,call,臻鼎-KY,4958
079673,call,十銓,4967
079674,call,光聖,6442
079675,call,達發,6526
079676,call,力積電,6770
079677,call,兆聯實業,6944
079678,call,致新,8081
079679,call,勤誠,8210
079682,call,亞德客-KY,1590
079683,call,華新,1605
079684,call,東聯,1710
079685,call,和桐,1714
079686,call,第一銅,2009
079687,call,光寶科,2301
079688,call,光寶科,2301
079689,call,華通,2313
079690,call,鴻海,2317
079691,call,台積電,2330
079692,call,台積電,2330
079693,call,台積電,2330
079694,call,旺宏,2337
079695,call,華邦電,2344
079696,call,智邦,2345
079697,call,鴻準,2354
079698,call,華碩,2357
079699,call,金像電,2368
079700,call,菱生,2369
079701,call,南亞科,2408
079702,call,友達,2409
079703,call,京元電子,2449
079704,call,大立光,3008
079705,call,奇鋐,3017
079706,call,緯創,3231
079707,call,牧德,3563
079708,call,貿聯-KY,3665
079709,call,日月光投控,3711
079710,call,臻鼎-KY,4958
079711,call,亞翔,6139
079712,call,力成,6239
079713,call,保瑞,6472
079714,call,緯穎,6669
079715,call,力積電,6770
079716,call,富世達,6805
079717,call,富世達,6805
079718,call,上銀,2049
079719,call,上銀,2049
079720,call,上銀,2049
079721,call,光寶科,2301
079722,call,光寶科,2301
079723,call,光寶科,2301
079724,call,光寶科,2301
079725,call,台積電,2330
079726,call,旺宏,2337
079727,call,旺宏,2337
079728,call,旺宏,2337
079729,call,華邦電,2344
079730,call,華邦電,2344
079731,call,華邦電,2344
079732,call,威盛,2388
079733,call,南亞科,2408
079734,call,南亞科,2408
079735,call,建準,2421
079736,call,建準,2421
079737,call,盟立,2464
079738,call,盟立,2464
079739,call,奇鋐,3017
07973U,put,旺宏,2337
079740,call,奇鋐,3017
079741,call,奇鋐,3017
079742,call,奇鋐,3017
079743,call,亞光,3019
079744,call,亞光,3019
079745,call,奇鋐,3017
079746,call,奇鋐,3017
079747,call,奇鋐,3017
079748,call,奇鋐,3017
079749,call,奇鋐,3017
07974U,put,友達,2409
079751,call,文曄,3036
079752,call,晶技,3042
079753,call,宏致,3605
079754,call,大銀微系統,4576
079755,call,大銀微系統,4576
079756,call,國精化,4722
079757,call,國精化,4722
079758,call,帆宣,6196
079759,call,力成,6239
079760,call,樺漢,6414
079761,call,光聖,6442
079762,call,光聖,6442
079763,call,保瑞,6472
079764,call,緯穎,6669
079765,call,騰輝電子-KY,6672
079766,call,惠特,6706
079767,call,富世達,6805
079768,call,富世達,6805
079769,call,富世達,6805
079770,call,富世達,6805
079771,call,富世達,6805
079772,call,富世達,6805
079773,call,汎銓,6830
079774,call,汎銓,6830
079775,call,松川精密,7788
079776,call,和桐,1714
079777,call,東和鋼鐵,2006
079778,call,大成鋼,2027
079779,call,盟立,2464
079780,call,盟立,2464
079781,call,奇鋐,3017
079782,call,國精化,4722
079783,call,國精化,4722
079784,call,富世達,6805
079785,call,汎銓,6830
079786,call,汎銓,6830
079787,call,汎銓,6830
079789,call,台化,1326
07978U,put,長興,1717
079790,call,亞德客-KY,1590
079791,call,亞德客-KY,1590
079792,call,美時,1795
079793,call,光寶科,2301
079794,call,華通,2313
079795,call,華通,2313
079796,call,燿華,2367
079797,call,金像電,2368
079798,call,金像電,2368
079799,call,京元電子,2449
079800,call,京元電子,2449
079801,call,盟立,2464
079802,call,立隆電,2472
079803,call,亞航,2630
079804,call,大立光,3008
079805,call,大立光,3008
079806,call,健鼎,3044
079807,call,玉晶光,3406
079808,call,嘉澤,3533
079809,call,定穎投控,3715
079810,call,亞翔,6139
079811,call,力成,6239
079812,call,力成,6239
079813,call,同欣電,6271
079814,call,同欣電,6271
079815,call,光聖,6442
079816,call,保瑞,6472
079817,call,台塑化,6505
079818,call,松川精密,7788
07981U,put,彩晶,6116
079821,call,上銀,2049
079822,call,上銀,2049
079823,call,華通,2313
079824,call,華通,2313
079825,call,鴻海,2317
079826,call,鴻海,2317
079828,call,台積電,2330
079829,call,台積電,2330
07982U,put,聯鈞,3450
079830,call,旺宏,2337
079831,call,旺宏,2337
079832,call,金像電,2368
079833,call,金像電,2368
079834,call,群光,2385
079835,call,大立光,3008
079836,call,正崴,2392
079837,call,京元電子,2449
079838,call,晶豪科,3006
079839,call,晶豪科,3006
07983U,put,台虹,8039
079840,call,晶技,3042
079841,call,宏致,3605
079842,call,貿聯-KY,3665
079843,call,日月光投控,3711
079844,call,日月光投控,3711
079845,call,定穎投控,3715
079846,call,定穎投控,3715
079847,call,鈞興-KY,4571
079848,call,亞翔,6139
079849,call,亞翔,6139
07984U,put,元大台灣50,0050
079850,call,台郡,6269
079851,call,統新,6426
079852,call,達發,6526
079853,call,南亞,1303
079854,call,南亞,1303
079855,call,南亞,1303
079856,call,所羅門,2359
079857,call,建準,2421
079858,call,超豐,2441
079859,call,凌華,6166
079860,call,矽力*-KY,6415
079861,call,矽力*-KY,6415
079862,call,矽力*-KY,6415
079865,call,南亞,1303
079866,call,鴻海,2317
079867,call,台積電,2330
079868,call,台積電,2330
079869,call,京元電子,2449
07986U,put,台積電,2330
079870,call,緯穎,6669
079871,call,南亞,1303
079872,call,南亞,1303
079873,call,南亞,1303
079874,call,南亞,1303
079875,call,南亞,1303
079876,call,南亞,1303
079877,call,南亞,1303
079878,call,南亞,1303
079879,call,南亞,1303
079880,call,南亞,1303
079881,call,南亞,1303
079882,call,上銀,2049
079883,call,仁寶,2324
079884,call,鴻準,2354
079885,call,大銀微系統,4576
079886,call,矽力*-KY,6415
079887,call,矽力*-KY,6415
079888,call,矽力*-KY,6415
079889,call,矽力*-KY,6415
079890,call,矽力*-KY,6415
079892,call,矽力*-KY,6415
079893,call,光聖,6442
079894,call,南茂,8150
079899,call,南亞,1303
079900,call,南亞,1303
079901,call,南亞,1303
079902,call,南亞,1303
079903,call,上銀,2049
079904,call,上銀,2049
079905,call,上銀,2049
079906,call,上銀,2049
079907,call,光寶科,2301
079908,call,光寶科,2301
079909,call,光寶科,2301
079910,call,光寶科,2301
079911,call,全友,2305
079912,call,台積電,2330
079913,call,台積電,2330
079914,call,華邦電,2344
079915,call,華邦電,2344
079916,call,華邦電,2344
079917,call,華邦電,2344
079918,call,所羅門,2359
079919,call,所羅門,2359
079920,call,光聖,6442
079921,call,南亞科,2408
079922,call,南亞科,2408
079923,call,揚博,2493
079924,call,晶豪科,3006
079925,call,晶豪科,3006
079926,call,晶豪科,3006
079927,call,晶豪科,3006
079928,call,晶豪科,3006
079929,call,晶豪科,3006
07992U,put,台積電,2330
079930,call,晶豪科,3006
079931,call,大立光,3008
079932,call,緯創,3231
079933,call,宏致,3605
079934,call,貿聯-KY,3665
079935,call,臻鼎-KY,4958
079936,call,臻鼎-KY,4958
079937,call,臻鼎-KY,4958
079938,call,飛捷,6206
079939,call,矽力*-KY,6415
07993U,put,台積電,2330
079940,call,光聖,6442
079941,call,光聖,6442
079942,call,力積電,6770
079944,call,南亞,1303
079945,call,南亞,1303
079946,call,華新,1605
079947,call,上銀,2049
079948,call,光寶科,2301
079949,call,華通,2313
079950,call,台積電,2330
079951,call,旺宏,2337
079952,call,華邦電,2344
079953,call,智邦,2345
079954,call,金像電,2368
079955,call,瑞昱,2379
079956,call,南亞科,2408
079957,call,友達,2409
079958,call,京元電子,2449
079959,call,皇昌,2543
079960,call,王品,2727
079961,call,大立光,3008
079962,call,緯創,3231
079963,call,貿聯-KY,3665
079964,call,日月光投控,3711
079965,call,臻鼎-KY,4958
079966,call,天鈺,4961
079967,call,天鈺,4961
079968,call,祥碩,5269
079969,call,亞翔,6139
079970,call,力成,6239
079971,call,同欣電,6271
079972,call,矽力*-KY,6415
079973,call,矽力*-KY,6415
079974,call,力積電,6770
079975,call,松川精密,7788
079978,call,南亞,1303
079979,call,台玻,1802
07997U,put,中砂,1560
079980,call,東和鋼鐵,2006
079981,call,大成鋼,2027
079982,call,上銀,2049
079983,call,上銀,2049
079984,call,華通,2313
079985,call,台積電,2330
079986,call,台積電,2330
079987,call,台積電,2330
079988,call,所羅門,2359
079989,call,金像電,2368
07998U,put,聯鈞,3450
079990,call,大同,2371
079991,call,微星,2377
079992,call,瑞昱,2379
079993,call,威盛,2388
079994,call,建準,2421
079995,call,京元電子,2449
079996,call,晶豪科,3006
079997,call,亞光,3019
079998,call,文曄,3036
079999,call,嘉澤,3533
080000,call,宏致,3605
080001,call,大銀微系統,4576
080002,call,十銓,4967
080003,call,帆宣,6196
080004,call,力成,6239
080005,call,樺漢,6414
080006,call,光聖,6442
080007,call,台塑化,6505
080008,call,達發,6526
080009,call,騰輝電子-KY,6672
080010,call,惠特,6706
080011,call,AES-KY,6781
080012,call,兆聯實業,6944
080013,call,松川精密,7788
080014,call,致新,8081
080015,call,勤誠,8210
080016,call,南亞,1303
080017,call,新光鋼,2031
080018,call,全友,2305
080019,call,茂矽,2342
080020,call,技嘉,2376
080021,call,鼎元,2426
080022,call,裕民,2606
080023,call,晶豪科,3006
080024,call,晶豪科,3006
080025,call,晶豪科,3006
080026,call,矽力*-KY,6415
080027,call,統新,6426
080028,call,統新,6426
080029,call,LINEPAY,7722
08002U,put,元大台灣50,0050
080030,call,富邦媒,8454
080031,call,南亞,1303
080032,call,南亞,1303
080033,call,光寶科,2301
080034,call,晶豪科,3006
080035,call,晶豪科,3006
080036,call,牧德,3563
080037,call,宏致,3605
080038,call,jpp-KY,5284
080039,call,亞翔,6139
08003U,put,元大台灣50,0050
080040,call,矽力*-KY,6415
080041,call,AES-KY,6781
080042,call,勤誠,8210
080044,call,南亞,1303
080045,call,南亞,1303
080046,call,光寶科,2301
080047,call,鴻海,2317
080048,call,鴻海,2317
080049,call,鴻海,2317
080050,call,鴻海,2317
080051,call,友達,2409
080052,call,皇昌,2543
080053,call,嘉晶,3016
080054,call,帆宣,6196
080055,call,矽格,6257
080056,call,騰輝電子-KY,6672
080057,call,AES-KY,6781
080058,call,勤誠,8210
080059,call,元大台灣50,0050
080060,call,元大台灣50,0050
080062,call,南亞,1303
080063,call,南亞,1303
080064,call,南亞,1303
080065,call,中砂,1560
080066,call,永光,1711
080067,call,光寶科,2301
080068,call,光寶科,2301
080069,call,華通,2313
080070,call,華邦電,2344
080071,call,漢唐,2404
080072,call,南亞科,2408
080073,call,晶豪科,3006
080074,call,健鼎,3044
080075,call,健鼎,3044
080076,call,全科,3209
080077,call,牧德,3563
080078,call,辛耘,3583
080079,call,智伸科,4551
08007U,put,康舒,6282
080080,call,矽力*-KY,6415
080081,call,矽力*-KY,6415
080083,call,統新,6426
080085,call,力智,6719
080086,call,AES-KY,6781
080087,call,松川精密,7788
080088,call,南茂,8150
080089,call,天二科技,6834
080090,call,倍利科,7822
080092,call,光寶科,2301
080093,call,南亞科,2408
080094,call,南亞科,2408
080095,call,強茂,2481
080096,call,定穎投控,3715
080098,call,上銀,2049
080099,call,楠梓電,2316
080100,call,旺宏,2337
080101,call,華碩,2357
080102,call,技嘉,2376
080103,call,南亞科,2408
080104,call,長榮,2603
080105,call,長榮航,2618
080106,call,群創,3481
080107,call,緯穎,6669
080108,call,富世達,6805
080109,call,楠梓電,2316
080110,call,楠梓電,2316
080111,call,楠梓電,2316
080112,call,楠梓電,2316
080113,call,旺宏,2337
080114,call,華邦電,2344
080115,call,華邦電,2344
080116,call,南亞科,2408
080117,call,南亞科,2408
080118,call,超豐,2441
080119,call,超豐,2441
080120,call,強茂,2481
080122,call,兆赫,2485
080123,call,長榮航,2618
080124,call,健和興,3003
080125,call,威強電,3022
080126,call,群創,3481
080127,call,群創,3481
080128,call,群創,3481
080129,call,定穎投控,3715
080130,call,帆宣,6196
080131,call,帆宣,6196
080132,call,飛捷,6206
080133,call,飛捷,6206
080134,call,力成,6239
080135,call,同欣電,6271
080136,call,力積電,6770
080137,call,力積電,6770
080138,call,AES-KY,6781
080139,call,AES-KY,6781
080140,call,富世達,6805
080141,call,天二科技,6834
080142,call,天二科技,6834
080143,call,天二科技,6834
080144,call,倍利科,7822
080145,call,勤誠,8210
080146,call,宇瞻,8271
080147,call,宇瞻,8271
080150,call,台橡,2103
080151,call,光寶科,2301
080152,call,楠梓電,2316
080153,call,台積電,2330
080154,call,旺宏,2337
080155,call,旺宏,2337
080156,call,旺宏,2337
080157,call,華邦電,2344
080158,call,華邦電,2344
080159,call,華邦電,2344
080160,call,華碩,2357
080161,call,矽統,2363
080162,call,研華,2395
080163,call,南亞科,2408
080164,call,南亞科,2408
080166,call,南亞科,2408
080167,call,南亞科,2408
080168,call,南亞科,2408
080169,call,南亞科,2408
080170,call,南亞科,2408
080171,call,南亞科,2408
080172,call,南亞科,2408
080173,call,建準,2421
080174,call,建準,2421
080175,call,鼎元,2426
080176,call,文曄,3036
080177,call,凌航,3135
080178,call,緯創,3231
080179,call,緯創,3231
080180,call,群創,3481
080181,call,宏致,3605
080182,call,貿聯-KY,3665
080183,call,貿聯-KY,3665
080184,call,飛捷,6206
080185,call,飛捷,6206
080186,call,緯穎,6669
080187,call,力積電,6770
080188,call,富世達,6805
080189,call,富世達,6805
080190,call,天二科技,6834
080191,call,松川精密,7788
080195,call,南亞,1303
080196,call,光寶科,2301
080197,call,楠梓電,2316
080198,call,南亞科,2408
080199,call,大毅,2478
08019U,put,康舒,6282
080200,call,強茂,2481
080201,call,強茂,2481
080202,call,強茂,2481
080203,call,嘉晶,3016
080204,call,文曄,3036
080205,call,矽力*-KY,6415
080206,call,倍利科,7822
080207,call,直得,1597
080208,call,楠梓電,2316
080209,call,智邦,2345
080210,call,鴻準,2354
080211,call,鴻準,2354
080212,call,強茂,2481
080213,call,健鼎,3044
080214,call,群創,3481
080215,call,飛捷,6206
080216,call,台郡,6269
080217,call,富世達,6805
080218,call,富世達,6805
080219,call,華新,1605
080220,call,台玻,1802
080221,call,第一銅,2009
080222,call,光寶科,2301
080223,call,華通,2313
080224,call,楠梓電,2316
080225,call,楠梓電,2316
080226,call,台積電,2330
080227,call,台積電,2330
080228,call,台積電,2330
080229,call,旺宏,2337
080230,call,華邦電,2344
080231,call,所羅門,2359
080232,call,金像電,2368
080233,call,微星,2377
080234,call,瑞昱,2379
080235,call,南亞科,2408
080236,call,建準,2421
080237,call,京元電子,2449
080238,call,志聖,2467
080239,call,強茂,2481
080240,call,強茂,2481
080241,call,亞光,3019
080242,call,群創,3481
080243,call,群創,3481
080244,call,嘉澤,3533
080245,call,日月光投控,3711
080246,call,十銓,4967
080247,call,彩晶,6116
080248,call,力成,6239
080249,call,台塑化,6505
080250,call,騰輝電子-KY,6672
080251,call,富世達,6805
080252,call,兆聯實業,6944
080253,call,意騰-KY,7749
080254,call,南茂,8150
080255,call,勤誠,8210
080256,call,宇瞻,8271
080257,call,巨大,9921
080258,call,南亞,1303
080259,call,新光鋼,2031
08025U,put,定穎投控,3715
080260,call,光寶科,2301
080261,call,楠梓電,2316
080262,call,華邦電,2344
080263,call,技嘉,2376
080264,call,南亞科,2408
080265,call,南亞科,2408
080266,call,友達,2409
080267,call,強茂,2481
080268,call,強茂,2481
080269,call,強茂,2481
08026U,put,定穎投控,3715
080270,call,大立光,3008
080271,call,緯創,3231
080272,call,群創,3481
080273,call,群創,3481
080274,call,貿聯-KY,3665
080275,call,日月光投控,3711
080276,call,臻鼎-KY,4958
080277,call,祥碩,5269
080278,call,亞翔,6139
080279,call,力成,6239
08027U,put,緯穎,6669
080280,call,啟碁,6285
080281,call,矽力*-KY,6415
080282,call,矽力*-KY,6415
080283,call,矽力*-KY,6415
080284,call,光聖,6442
080285,call,力積電,6770
080286,call,富世達,6805
080287,call,天二科技,6834
080288,call,天虹,6937
080289,call,奕力-KY,6962
080290,call,金像電,2368
080291,call,金像電,2368
080292,call,凱美,2375
080293,call,凱美,2375
080294,call,凱美,2375
080295,call,凱美,2375
080296,call,威盛,2388
080297,call,研華,2395
080298,call,南亞科,2408
080299,call,南亞科,2408
080300,call,南亞科,2408
080301,call,群創,3481
080302,call,群創,3481
080303,call,臻鼎-KY,4958
080304,call,力成,6239
080305,call,旭隼,6409
080306,call,富世達,6805
080307,call,倍利科,7822
080308,call,宇瞻,8271
080309,call,華新,1605
080310,call,金像電,2368
080311,call,永光,1711
080312,call,中鋼,2002
080313,call,第一銅,2009
080314,call,新光鋼,2031
080315,call,南帝,2108
080316,call,華邦電,2344
080317,call,矽統,2363
080318,call,立隆電,2472
080319,call,群創,3481
080320,call,群創,3481
080321,call,嘉澤,3533
080322,call,致新,8081
080323,call,至上,8112
080324,call,至上,8112
080325,call,美利達,9914
080326,call,巨大,9921
080327,call,巨大,9921
080328,call,南亞,1303
080329,call,偉詮電,2436
08032U,put,奇鋐,3017
080330,call,威強電,3022
080331,call,智伸科,4551
080332,call,飛捷,6206
080333,call,矽力*-KY,6415
080334,call,矽創,8016
080335,call,士電,1503
080336,call,至上,8112
080337,call,巨大,9921
080338,call,旺宏,2337
080339,call,旺宏,2337
08033U,put,世芯-KY,3661
080340,call,聯鈞,3450
080341,call,聯鈞,3450
080342,call,旺宏,2337
080343,call,華邦電,2344
080344,call,華邦電,2344
080345,call,矽統,2363
080346,call,長榮,2603
080347,call,長榮,2603
080348,call,萬海,2615
080349,call,萬海,2615
080350,call,乙盛-KY,5243
080351,call,旺宏,2337
080352,call,旺宏,2337
080353,call,研華,2395
080354,call,超豐,2441
080355,call,強茂,2481
080356,call,強茂,2481
080357,call,強茂,2481
080358,call,長榮航太,2645
080359,call,嘉晶,3016
080360,call,威強電,3022
080361,call,威強電,3022
080362,call,昇貿,3305
080363,call,昇貿,3305
080364,call,群創,3481
080365,call,鈞興-KY,4571
080366,call,臻鼎-KY,4958
080367,call,天二科技,6834
080368,call,永擎,7711
080369,call,永擎,7711
080370,call,宏全,9939
080371,call,亞德客-KY,1590
080372,call,光寶科,2301
080373,call,光寶科,2301
080374,call,華邦電,2344
080375,call,華邦電,2344
080376,call,兆赫,2485
080377,call,長榮,2603
080378,call,長榮,2603
080379,call,文曄,3036
080380,call,緯創,3231
080381,call,辛耘,3583
080382,call,力成,6239
080383,call,啟碁,6285
080384,call,矽力*-KY,6415
080385,call,華新,1605
080386,call,光寶科,2301
080387,call,光寶科,2301
080388,call,光寶科,2301
080389,call,台積電,2330
08038P,put,鴻海,2317
080390,call,台積電,2330
080391,call,台積電,2330
080392,call,台積電,2330
080393,call,友達,2409
080394,call,強茂,2481
080395,call,強茂,2481
080396,call,萬海,2615
080397,call,威強電,3022
080398,call,晶技,3042
080399,call,日月光投控,3711
080400,call,南茂,8150
080401,call,南茂,8150
080407,call,南亞,1303
080408,call,華城,1519
080409,call,和桐,1714
080410,call,台橡,2103
080411,call,台橡,2103
080412,call,中砂,1560
080413,call,光寶科,2301
080414,call,楠梓電,2316
080415,call,聯鈞,3450
080416,call,聯鈞,3450
080417,call,鴻海,2317
080418,call,台積電,2330
080419,call,台積電,2330
080420,call,台積電,2330
080421,call,華碩,2357
080422,call,華碩,2357
080423,call,矽統,2363
080424,call,金像電,2368
080425,call,技嘉,2376
080426,call,微星,2377
080427,call,漢唐,2404
080428,call,漢唐,2404
080429,call,友達,2409
080430,call,京元電子,2449
080431,call,京元電子,2449
080432,call,揚博,2493
080433,call,亞航,2630
080434,call,健和興,3003
080435,call,大立光,3008
080436,call,德律,3030
080437,call,晶技,3042
080438,call,晶技,3042
080439,call,健鼎,3044
080440,call,緯創,3231
080441,call,緯創,3231
080442,call,緯創,3231
080443,call,緯創,3231
080444,call,群創,3481
080445,call,貿聯-KY,3665
080446,call,日月光投控,3711
080447,call,大銀微系統,4576
080448,call,臻鼎-KY,4958
080449,call,中磊,5388
080450,call,亞翔,6139
080451,call,帆宣,6196
080452,call,啟碁,6285
080453,call,旭隼,6409
080454,call,旭隼,6409
080455,call,力積電,6770
080456,call,富世達,6805
080457,call,天二科技,6834
080458,call,天二科技,6834
080459,call,天二科技,6834
080460,call,至上,8112
080461,call,至上,8112
080462,call,巨大,9921
080463,call,巨大,9921
080464,call,南亞,1303
080465,call,東元,1504
080466,call,上銀,2049
080467,call,光寶科,2301
080468,call,華通,2313
080469,call,楠梓電,2316
080470,call,鴻海,2317
080471,call,旺宏,2337
080472,call,華邦電,2344
080473,call,華碩,2357
080474,call,所羅門,2359
080475,call,矽統,2363
080476,call,金像電,2368
080477,call,瑞昱,2379
080478,call,研華,2395
080479,call,建準,2421
080480,call,京元電子,2449
080481,call,揚博,2493
080482,call,威強電,3022
080483,call,文曄,3036
080484,call,健鼎,3044
080485,call,群創,3481
080486,call,嘉澤,3533
080487,call,十銓,4967
080488,call,飛捷,6206
080489,call,力成,6239
08048U,put,台積電,2330
080490,call,GIS-KY,6456
080491,call,捷敏-KY,6525
080492,call,緯穎,6669
080493,call,力積電,6770
080494,call,AES-KY,6781
080495,call,富世達,6805
080496,call,倍利科,7822
080497,call,至上,8112
080498,call,勤誠,8210
080499,call,寶成,9904
080506,call,南亞,1303
080507,call,南亞,1303
080508,call,南亞,1303
080509,call,聯鈞,3450
080510,call,世芯-KY,3661
080511,call,迅得,6438
080512,call,亞德客-KY,1590
080513,call,上銀,2049
080514,call,上銀,2049
080515,call,華通,2313
080516,call,華通,2313
080517,call,仁寶,2324
080518,call,仁寶,2324
080519,call,台積電,2330
08051P,put,台積電,2330
080520,call,鴻準,2354
080521,call,英業達,2356
080522,call,所羅門,2359
080523,call,所羅門,2359
080524,call,矽統,2363
080525,call,金像電,2368
080526,call,技嘉,2376
080527,call,創見,2451
080528,call,大毅,2478
080529,call,揚博,2493
080530,call,長榮,2603
080531,call,新興,2605
080532,call,萬海,2615
080533,call,嘉晶,3016
080534,call,威強電,3022
080535,call,文曄,3036
080536,call,晶技,3042
080537,call,群創,3481
080538,call,群創,3481
080539,call,群創,3481
080540,call,大聯大,3702
080541,call,日月光投控,3711
080542,call,定穎投控,3715
080543,call,定穎投控,3715
080544,call,定穎投控,3715
080545,call,中磊,5388
080546,call,亞翔,6139
080547,call,樺漢,6414
080548,call,矽力*-KY,6415
080549,call,矽力*-KY,6415
080550,call,保瑞,6472
080551,call,力積電,6770
080552,call,天二科技,6834
080553,call,天二科技,6834
080554,call,永擎,7711
080555,call,永擎,7711
080556,call,松川精密,7788
080557,call,至上,8112
080558,call,巨大,9921
080561,call,長興,1717
080562,call,長興,1717
080563,call,昆盈,2365
080564,call,宏致,3605
080565,call,GIS-KY,6456
080567,call,中砂,1560
080568,call,長興,1717
080569,call,所羅門,2359
080570,call,金像電,2368
080571,call,技嘉,2376
080572,call,微星,2377
080573,call,超豐,2441
080574,call,大毅,2478
080575,call,揚博,2493
080576,call,華擎,3515
080577,call,宏致,3605
080578,call,宏致,3605
080579,call,宏致,3605
080580,call,宏致,3605
080581,call,大聯大,3702
080582,call,誠美材,4960
080583,call,光聖,6442
080584,call,光聖,6442
080585,call,富世達,6805
080586,call,元大台灣50,0050
080588,call,智邦,2345
080589,call,健鼎,3044
080591,call,新纖,1409
080592,call,台玻,1802
080593,call,金像電,2368
080594,call,金像電,2368
080595,call,晶技,3042
080596,call,健鼎,3044
080597,call,GIS-KY,6456
080598,call,至上,8112
080599,call,至上,8112
080600,call,台化,1326
080601,call,士電,1503
080602,call,中鋼,2002
080603,call,光寶科,2301
080604,call,華通,2313
080605,call,鴻海,2317
080606,call,仁寶,2324
080607,call,台積電,2330
080608,call,英業達,2356
080609,call,所羅門,2359
080610,call,矽統,2363
080611,call,研華,2395
080612,call,漢唐,2404
080613,call,興勤,2428
080614,call,可成,2474
080615,call,強茂,2481
080616,call,揚博,2493
080617,call,長榮,2603
080618,call,長榮航,2618
080619,call,長榮航太,2645
080620,call,聯詠,3034
080621,call,智原,3035
080622,call,晶技,3042
080623,call,健鼎,3044
080624,call,緯創,3231
080625,call,新日興,3376
080626,call,玉晶光,3406
080627,call,群創,3481
080628,call,達明,4585
080629,call,帆宣,6196
08062U,put,可寧衛*,8422
080630,call,矽格,6257
080631,call,台郡,6269
080632,call,旭隼,6409
080633,call,樺漢,6414
080634,call,力智,6719
080635,call,力積電,6770
080636,call,勤誠,8210
080637,call,泰金寶-DR,9105
080638,call,世紀鋼,9958
080641,call,南亞,1303
080642,call,華城,1519
080643,call,長興,1717
080644,call,美時,1795
080645,call,鴻海,2317
080646,call,仁寶,2324
080647,call,旺宏,2337
080648,call,華邦電,2344
080649,call,華邦電,2344
080650,call,智邦,2345
080651,call,鴻準,2354
080652,call,英業達,2356
080653,call,矽統,2363
080654,call,燿華,2367
080655,call,金像電,2368
080656,call,技嘉,2376
080657,call,微星,2377
080658,call,鼎元,2426
080659,call,超豐,2441
080660,call,大毅,2478
080661,call,萬海,2615
080662,call,王品,2727
080663,call,健鼎,3044
080664,call,宏致,3605
080665,call,貿聯-KY,3665
080666,call,神達,3706
080667,call,日月光投控,3711
080668,call,臻鼎-KY,4958
080669,call,亞翔,6139
080670,call,力成,6239
080671,call,矽格,6257
080672,call,世芯-KY,3661
080673,call,同欣電,6271
080674,call,光聖,6442
080675,call,洋基工程,6691
080676,call,力積電,6770
080677,call,松川精密,7788
080678,call,富邦媒,8454
080679,call,巨大,9921
080680,call,世紀鋼,9958
080681,call,士電,1503
080682,call,華邦電,2344
080683,call,華邦電,2344
080684,call,華邦電,2344
080685,call,微星,2377
080686,call,超豐,2441
080687,call,創見,2451
080688,call,長榮航太,2645
080689,call,健鼎,3044
080690,call,辛耘,3583
080691,call,神達,3706
080692,call,大銀微系統,4576
080693,call,和碩,4938
080694,call,崇越,5434
080695,call,光聖,6442
080696,call,力積電,6770
080697,call,福懋科,8131
080698,call,長興,1717
080699,call,台玻,1802
080700,call,上銀,2049
080701,call,鴻海,2317
080702,call,技嘉,2376
080703,call,微星,2377
080704,call,揚博,2493
080705,call,健鼎,3044
080706,call,宏致,3605
080707,call,臻鼎-KY,4958
080708,call,誠美材,4960
080709,call,亞翔,6139
080710,call,台郡,6269
080711,call,矽力*-KY,6415
080712,call,保瑞,6472
080713,call,力積電,6770
080714,call,力積電,6770
080715,call,華新,1605
080716,call,台橡,2103
080717,call,鴻海,2317
080718,call,鴻海,2317
080719,call,仁寶,2324
080720,call,英業達,2356
080721,call,所羅門,2359
080722,call,技嘉,2376
080723,call,聯發科,2454
080724,call,微星,2377
080725,call,微星,2377
080726,call,興勤,2428
080727,call,京元電子,2449
080728,call,普安,2495
080729,call,健鼎,3044
080730,call,緯創,3231
080731,call,嘉澤,3533
080732,call,宏致,3605
080733,call,宏致,3605
080734,call,大聯大,3702
080735,call,光聖,6442
080736,call,力積電,6770
080737,call,松川精密,7788
080740,call,南亞,1303
080741,call,南亞,1303
080742,call,金像電,2368
080743,call,台光電,2383
080744,call,南亞,1303
080745,call,上銀,2049
080746,call,光寶科,2301
080747,call,鴻海,2317
080748,call,鴻海,2317
080749,call,仁寶,2324
080750,call,台積電,2330
080751,call,華邦電,2344
080752,call,華邦電,2344
080753,call,鴻準,2354
080754,call,華碩,2357
080755,call,金像電,2368
080756,call,台積電,2330
080757,call,金像電,2368
080758,call,金像電,2368
080759,call,技嘉,2376
08075U,put,國巨*,2327
080760,call,微星,2377
080761,call,研華,2395
080762,call,創見,2451
080763,call,揚博,2493
080764,call,長榮,2603
080765,call,長榮,2603
080766,call,長榮,2603
080767,call,裕民,2606
080768,call,漢翔,2634
080769,call,聯詠,3034
080770,call,文曄,3036
080771,call,緯創,3231
080772,call,群創,3481
080773,call,貿聯-KY,3665
080774,call,大聯大,3702
080775,call,日月光投控,3711
080776,call,日月光投控,3711
080777,call,智伸科,4551
080778,call,材料*-KY,4763
080779,call,臻鼎-KY,4958
080780,call,力成,6239
080781,call,力成,6239
080782,call,力成,6239
080783,call,台塑化,6505
080784,call,騰輝電子-KY,6672
080785,call,力積電,6770
080786,call,松川精密,7788
080787,call,至上,8112
080788,call,宇瞻,8271
080790,call,鴻準,2354
080791,call,鴻準,2354
080792,call,超豐,2441
080793,call,大毅,2478
080794,call,玉晶光,3406
080795,call,臻鼎-KY,4958
080796,call,臻鼎-KY,4958
080797,call,光聖,6442
080798,call,騰輝電子-KY,6672
080799,call,勤誠,8210
08079U,put,可寧衛*,8422
080802,call,華碩,2357
080803,call,大立光,3008
080804,call,奇鋐,3017
080805,call,奇鋐,3017
080806,call,奇鋐,3017
080807,call,材料*-KY,4763
080808,call,和碩,4938
080809,call,力成,6239
080810,call,元大台灣50,0050
080812,call,台塑,1301
080813,call,中興電,1513
080814,call,亞力,1514
080815,call,中砂,1560
080816,call,和桐,1714
080817,call,長興,1717
080818,call,大成鋼,2027
080819,call,上銀,2049
080820,call,上銀,2049
080821,call,華碩,2357
080822,call,所羅門,2359
080823,call,所羅門,2359
080824,call,研華,2395
080825,call,偉詮電,2436
080826,call,大立光,3008
080827,call,奇鋐,3017
080828,call,奇鋐,3017
080829,call,奇鋐,3017
08082U,put,可寧衛*,8422
080830,call,奇鋐,3017
080831,call,奇鋐,3017
080832,call,奇鋐,3017
080833,call,亞光,3019
080834,call,威健,3033
080835,call,威健,3033
080836,call,威健,3033
080837,call,威健,3033
080838,call,玉晶光,3406
080839,call,日月光投控,3711
08083U,put,華通,2313
080840,call,正文,4906
080841,call,帆宣,6196
080842,call,力成,6239
080843,call,力積電,6770
080844,call,亞光,3019
080845,call,世芯-KY,3661
080846,call,富世達,6805
080847,call,光聖,6442
080848,call,光聖,6442
080849,call,光聖,6442
080850,call,羅昇,8374
080851,call,天虹,6937
080852,call,中砂,1560
080853,call,仁寶,2324
080854,call,華碩,2357
080855,call,所羅門,2359
080856,call,所羅門,2359
080857,call,偉詮電,2436
080858,call,大立光,3008
080859,call,奇鋐,3017
080860,call,奇鋐,3017
080861,call,奇鋐,3017
080862,call,辛耘,3583
080863,call,大銀微系統,4576
080864,call,飛捷,6206
080865,call,光聖,6442
080866,call,華東,8110
080867,call,宇瞻,8271
080868,call,台化,1326
080869,call,士電,1503
080870,call,亞力,1514
080871,call,大成鋼,2027
080872,call,鴻海,2317
080873,call,鴻海,2317
080874,call,智邦,2345
080875,call,鴻準,2354
080876,call,華碩,2357
080877,call,所羅門,2359
080878,call,偉詮電,2436
080879,call,偉詮電,2436
080880,call,鉅祥,2476
080881,call,奇鋐,3017
080882,call,奇鋐,3017
080883,call,奇鋐,3017
080884,call,奇鋐,3017
080885,call,文曄,3036
080886,call,文曄,3036
080887,call,辛耘,3583
080888,call,辛耘,3583
080889,call,盛群,6202
080890,call,鈺邦,6449
080891,call,鈺邦,6449
080892,call,力積電,6770
080893,call,富世達,6805
080894,call,華榮,1608
080895,call,上銀,2049
080896,call,光寶科,2301
080897,call,鴻海,2317
080898,call,台積電,2330
080899,call,華邦電,2344
080900,call,華邦電,2344
080901,call,華邦電,2344
080902,call,華碩,2357
080903,call,所羅門,2359
080904,call,金像電,2368
080905,call,金像電,2368
080906,call,技嘉,2376
080907,call,微星,2377
080908,call,創見,2451
080909,call,宏達電,2498
080910,call,新興,2605
080911,call,大立光,3008
080912,call,大立光,3008
080913,call,大立光,3008
080914,call,奇鋐,3017
080915,call,威健,3033
080916,call,威健,3033
080917,call,文曄,3036
080918,call,健鼎,3044
080919,call,健鼎,3044
080920,call,健鼎,3044
080921,call,緯創,3231
080922,call,群創,3481
080923,call,貿聯-KY,3665
080924,call,日月光投控,3711
080925,call,日月光投控,3711
080926,call,日月光投控,3711
080927,call,和碩,4938
080928,call,和碩,4938
080929,call,飛捷,6206
08092U,put,國巨*,2327
080930,call,力成,6239
080931,call,力成,6239
080932,call,台郡,6269
080933,call,騰輝電子-KY,6672
080934,call,松川精密,7788
080935,call,至上,8112
080936,call,技嘉,2376
080937,call,技嘉,2376
080938,call,大毅,2478
080939,call,光聖,6442
080940,call,南茂,8150
080942,call,東元,1504
080943,call,華城,1519
080944,call,大成鋼,2027
080946,call,華邦電,2344
080947,call,智邦,2345
080948,call,華碩,2357
080949,call,技嘉,2376
080950,call,神基,3005
080951,call,大立光,3008
080952,call,奇鋐,3017
080953,call,奇鋐,3017
080954,call,日月光投控,3711
080955,call,佳必琪,6197
080956,call,精誠,6214
080957,call,力成,6239
080958,call,光聖,6442
080959,call,力積電,6770
080960,call,三集瑞-KY,6862
080961,call,至上,8112
080962,call,世紀鋼,9958
080974,call,台化,1326
080975,call,士電,1503
080976,call,中鋼,2002
080977,call,上銀,2049
080978,call,光寶科,2301
080979,call,華通,2313
080980,call,鴻海,2317
080981,call,華邦電,2344
080982,call,華碩,2357
080983,call,所羅門,2359
080984,call,漢唐,2404
080985,call,興勤,2428
080986,call,創見,2451
080987,call,可成,2474
080988,call,強茂,2481
080989,call,長榮,2603
080990,call,長榮航,2618
080991,call,長榮航太,2645
080992,call,奇鋐,3017
080993,call,奇鋐,3017
080994,call,威健,3033
080995,call,威健,3033
080996,call,威健,3033
080997,call,聯詠,3034
080998,call,智原,3035
080999,call,文曄,3036
08099U,put,元大台灣50,0050
081000,call,晶技,3042
081001,call,緯創,3231
081002,call,新日興,3376
081003,call,玉晶光,3406
081004,call,大聯大,3702
081005,call,智伸科,4551
081006,call,達明,4585
081007,call,材料*-KY,4763
081008,call,和碩,4938
081009,call,帆宣,6196
08100U,put,元大台灣50,0050
081010,call,精誠,6214
081011,call,台郡,6269
081012,call,旭隼,6409
081013,call,GIS-KY,6456
081014,call,台塑化,6505
081015,call,緯穎,6669
081016,call,騰輝電子-KY,6672
081017,call,力智,6719
081018,call,松川精密,7788
081019,call,至上,8112
081020,call,勤誠,8210
081023,call,台積電,2330
081024,call,台積電,2330
081027,call,南亞,1303
081028,call,新纖,1409
081029,call,中興電,1513
081030,call,華城,1519
081031,call,鴻海,2317
081032,call,所羅門,2359
081033,call,矽統,2363
081034,call,燿華,2367
081035,call,研華,2395
081036,call,研華,2395
081037,call,偉詮電,2436
081038,call,亞航,2630
081039,call,大立光,3008
081040,call,大立光,3008
081041,call,奇鋐,3017
081042,call,奇鋐,3017
081043,call,嘉澤,3533
081044,call,大聯大,3702
081045,call,大聯大,3702
081046,call,材料*-KY,4763
081047,call,矽格,6257
081048,call,GIS-KY,6456
081049,call,捷敏-KY,6525
081050,call,洋基工程,6691
081051,call,松川精密,7788
081052,call,南港,2101
081053,call,宇隆,2233
081054,call,宇隆,2233
081055,call,仁寶,2324
081056,call,國巨*,2327
081057,call,國巨*,2327
081058,call,國巨*,2327
081059,call,國巨*,2327
081060,call,國巨*,2327
081061,call,旺宏,2337
081062,call,旺宏,2337
081063,call,宏碁,2353
081064,call,正崴,2392
081065,call,可成,2474
081066,call,漢翔,2634
081067,call,奇鋐,3017
081068,call,精金,3049
081069,call,精金,3049
081070,call,嘉基,6715
081071,call,嘉基,6715
081072,call,力積電,6770
081073,call,力積電,6770
081074,call,富邦媒,8454
081075,call,寶成,9904
081076,call,潤泰新,9945
081077,call,南亞,1303
081078,call,力積電,6770
081079,call,國巨*,2327
081080,call,研華,2395
081081,call,揚博,2493
081082,call,星宇航空,2646
081083,call,精金,3049
081084,call,力積電,6770
081085,call,力積電,6770
081086,call,南亞,1303
081087,call,南亞,1303
081088,call,金寶,2312
081089,call,精英,2331
081090,call,英業達,2356
081091,call,華碩,2357
081092,call,志聖,2467
081093,call,和碩,4938
081094,call,臻鼎-KY,4958
081095,call,華懋,5292
081096,call,GIS-KY,6456
081097,call,睿生光電,6861
081098,call,松川精密,7788
081099,call,世紀鋼,9958
081100,call,元大台灣50,0050
081107,call,國巨*,2327
081108,call,國巨*,2327
081109,call,旺宏,2337
081110,call,華碩,2357
081111,call,大立光,3008
081113,call,文曄,3036
081114,call,碩天,3617
081115,call,緯穎,6669
081116,call,騰輝電子-KY,6672
081117,call,勤誠,8210
081118,call,富邦科技,0052
081122,call,宇隆,2233
081123,call,仁寶,2324
081124,call,國巨*,2327
081127,call,國巨*,2327
081129,call,采鈺,6789
081130,call,國巨*,2327
081131,call,國巨*,2327
081132,call,華碩,2357
081133,call,華碩,2357
081134,call,和碩,4938
081135,call,臻鼎-KY,4958
081136,call,南亞,1303
081137,call,上銀,2049
081138,call,國巨*,2327
081139,call,國巨*,2327
081140,call,國巨*,2327
081141,call,國巨*,2327
081142,call,國巨*,2327
081143,call,國巨*,2327
081144,call,奇鋐,3017
081145,call,奇鋐,3017
081146,call,大銀微系統,4576
081147,call,飛捷,6206
081148,call,嘉基,6715
081149,call,嘉基,6715
081150,call,力積電,6770
081151,call,華東,8110
081152,call,南亞,1303
081153,call,中鋼,2002
081154,call,光寶科,2301
081155,call,華通,2313
081156,call,中環,2323
081157,call,台積電,2330
081158,call,華邦電,2344
081159,call,華邦電,2344
081160,call,鴻準,2354
081161,call,所羅門,2359
081162,call,正崴,2392
081163,call,偉詮電,2436
081164,call,可成,2474
081165,call,強茂,2481
081166,call,中信金,2891
081167,call,第一金,2892
081168,call,奇鋐,3017
081169,call,威健,3033
081170,call,聯詠,3034
081171,call,新日興,3376
081172,call,精誠,6214
081173,call,矽力*-KY,6415
081174,call,台塑化,6505
081175,call,勤誠,8210
081176,call,南亞,1303
081177,call,東陽,1319
081178,call,新纖,1409
081179,call,東元,1504
08117U,put,友達,2409
081180,call,華城,1519
081181,call,華榮,1608
081182,call,永光,1711
081183,call,宇隆,2233
081184,call,中環,2323
081185,call,仁寶,2324
081186,call,台積電,2330
081187,call,台積電,2330
081188,call,台積電,2330
081189,call,旺宏,2337
081190,call,華邦電,2344
081191,call,智邦,2345
081192,call,鴻準,2354
081193,call,華碩,2357
081194,call,金像電,2368
081195,call,技嘉,2376
081196,call,微星,2377
081197,call,正崴,2392
081198,call,宏達電,2498
081199,call,新興,2605
081200,call,亞航,2630
081201,call,漢翔,2634
081202,call,長榮航太,2645
081203,call,大立光,3008
081204,call,奇鋐,3017
081205,call,健鼎,3044
081206,call,群創,3481
081207,call,碩天,3617
081208,call,台積電,2330
081209,call,貿聯-KY,3665
081210,call,日月光投控,3711
081211,call,臻鼎-KY,4958
081212,call,佳必琪,6197
081213,call,飛捷,6206
081214,call,力成,6239
081215,call,樺漢,6414
081216,call,光聖,6442
081217,call,緯穎,6669
081218,call,龍德造船,6753
081219,call,力積電,6770
081220,call,富世達,6805
081221,call,南亞,1303
081222,call,南亞,1303
081223,call,南亞,1303
081224,call,大成鋼,2027
081225,call,宇隆,2233
081226,call,光寶科,2301
081227,call,鴻海,2317
081228,call,鴻海,2317
081229,call,仁寶,2324
081230,call,台積電,2330
081231,call,台積電,2330
081232,call,華邦電,2344
081233,call,華邦電,2344
081234,call,智邦,2345
081235,call,鴻準,2354
081236,call,英業達,2356
081237,call,所羅門,2359
081238,call,金像電,2368
081239,call,金像電,2368
081240,call,技嘉,2376
081241,call,技嘉,2376
081242,call,技嘉,2376
081243,call,創見,2451
081244,call,萬海,2615
081245,call,神基,3005
081246,call,大立光,3008
081247,call,晶技,3042
081248,call,緯創,3231
081249,call,群創,3481
081250,call,嘉澤,3533
081251,call,嘉澤,3533
081252,call,嘉澤,3533
081253,call,碩天,3617
081254,call,貿聯-KY,3665
081255,call,日月光投控,3711
081256,call,日月光投控,3711
081257,call,亞翔,6139
081258,call,精誠,6214
081259,call,樺漢,6414
081260,call,光聖,6442
081261,call,光聖,6442
081262,call,騰輝電子-KY,6672
081263,call,力積電,6770
081264,call,力積電,6770
081265,call,至上,8112
081266,call,勤誠,8210
081267,call,勤誠,8210
081268,call,世紀鋼,9958
081272,call,鴻海,2317
081273,call,國巨*,2327
081274,call,國巨*,2327
081275,call,國巨*,2327
081276,call,台積電,2330
081277,call,南亞,1303
081278,call,仁寶,2324
081279,call,英業達,2356
081280,call,友達,2409
081281,call,國泰金,2882
081282,call,晶技,3042
081283,call,弘憶股,3312
081284,call,華擎,3515
081285,call,嘉澤,3533
081286,call,南寶,4766
081287,call,祥碩,5269
081288,call,祥碩,5269
081289,call,光聖,6442
081290,call,光聖,6442
081291,call,百和,9938
081292,call,中華化,1727
081293,call,聯電,2303
081294,call,聯電,2303
081295,call,毅嘉,2402
081296,call,志聖,2467
081297,call,漢翔,2634
081298,call,和碩,4938
081299,call,精誠,6214
081303,call,東元,1504
081304,call,聯電,2303
081305,call,聯電,2303
081306,call,台積電,2330
081307,call,台積電,2330
081308,call,台積電,2330
081309,call,所羅門,2359
081310,call,威盛,2388
081311,call,南亞科,2408
081312,call,南亞科,2408
081313,call,南亞科,2408
081314,call,漢翔,2634
081315,call,大立光,3008
081316,call,晶技,3042
081317,call,日月光投控,3711
081318,call,力成,6239
081319,call,矽創,8016
081320,call,南亞,1303
081321,call,宇隆,2233
081322,call,聯電,2303
081323,call,聯電,2303
081324,call,聯電,2303
081325,call,聯電,2303
081326,call,聯電,2303
081327,call,國巨*,2327
081329,call,華碩,2357
081330,call,所羅門,2359
081331,call,南亞科,2408
081332,call,南亞科,2408
081333,call,志聖,2467
081334,call,揚博,2493
081335,call,長榮,2603
081336,call,長榮,2603
081337,call,陽明,2609
081338,call,陽明,2609
081339,call,萬海,2615
081340,call,萬海,2615
081341,call,慧洋-KY,2637
081342,call,威健,3033
081343,call,嘉澤,3533
081344,call,嘉澤,3533
081345,call,定穎投控,3715
081346,call,南亞,1303
081347,call,永光,1711
081348,call,中華化,1727
081349,call,光寶科,2301
081350,call,聯電,2303
081351,call,聯電,2303
081352,call,聯電,2303
081353,call,聯電,2303
081354,call,聯電,2303
081355,call,聯電,2303
081356,call,聯電,2303
081357,call,聯電,2303
081358,call,聯電,2303
081359,call,聯電,2303
081360,call,所羅門,2359
081361,call,所羅門,2359
081362,call,矽統,2363
081363,call,技嘉,2376
081364,call,技嘉,2376
081365,call,技嘉,2376
081366,call,南亞科,2408
081367,call,南亞科,2408
081368,call,南亞科,2408
081369,call,南亞科,2408
081370,call,南亞科,2408
081371,call,強茂,2481
081372,call,長榮,2603
081373,call,萬海,2615
081374,call,大立光,3008
081375,call,大立光,3008
081376,call,大立光,3008
081377,call,大立光,3008
081378,call,奇鋐,3017
081379,call,亞光,3019
081380,call,嘉澤,3533
081381,call,台表科,6278
081382,call,騰輝電子-KY,6672
081383,call,力積電,6770
081384,call,AES-KY,6781
081385,call,勤誠,8210
081387,call,南亞,1303
081388,call,華城,1519
081389,call,中鋼,2002
081390,call,大成鋼,2027
081391,call,聯電,2303
081392,call,聯電,2303
081393,call,聯電,2303
081394,call,南亞科,2408
081395,call,友達,2409
081396,call,強茂,2481
081397,call,長榮,2603
081398,call,陽明,2609
081399,call,陽明,2609
081400,call,台積電,2330
081401,call,陽明,2609
081402,call,萬海,2615
081403,call,華南金,2880
081404,call,大立光,3008
081405,call,奇鋐,3017
081406,call,威健,3033
081407,call,碩天,3617
081408,call,緯穎,6669
081409,call,嘉基,6715
081410,call,潤泰新,9945
081411,call,元大高股息,0056
081416,call,南亞,1303
081417,call,南亞,1303
081418,call,南亞,1303
081419,call,上銀,2049
081420,call,聯電,2303
081421,call,聯電,2303
081422,call,聯電,2303
081423,call,聯電,2303
081424,call,鴻海,2317
081425,call,鴻海,2317
081426,call,鴻海,2317
081427,call,仁寶,2324
081428,call,台積電,2330
081429,call,台積電,2330
08142U,put,新日興,3376
081430,call,旺宏,2337
081431,call,旺宏,2337
081432,call,旺宏,2337
081433,call,華邦電,2344
081434,call,宏碁,2353
081435,call,所羅門,2359
081436,call,所羅門,2359
081437,call,所羅門,2359
081438,call,金像電,2368
081439,call,金像電,2368
081440,call,南亞科,2408
081441,call,長榮,2603
081442,call,長榮,2603
081443,call,陽明,2609
081444,call,萬海,2615
081445,call,萬海,2615
081446,call,漢翔,2634
081447,call,漢翔,2634
081448,call,大立光,3008
081449,call,奇鋐,3017
08144U,put,南電,8046
081450,call,奇鋐,3017
081451,call,奇鋐,3017
081452,call,奇鋐,3017
081453,call,晶技,3042
081454,call,緯創,3231
081455,call,群創,3481
081456,call,嘉澤,3533
081457,call,貿聯-KY,3665
081458,call,貿聯-KY,3665
081459,call,日月光投控,3711
081460,call,力成,6239
081461,call,矽力*-KY,6415
081462,call,騰輝電子-KY,6672
081463,call,力積電,6770
081464,call,力積電,6770
081465,call,力積電,6770
081466,call,至上,8112
081467,call,至上,8112
081468,call,美利達,9914
081469,call,華城,1519
081470,call,大成鋼,2027
081471,call,光寶科,2301
081472,call,聯電,2303
081473,call,聯電,2303
081474,call,聯電,2303
081475,call,華通,2313
081476,call,國巨*,2327
081477,call,國巨*,2327
081478,call,台積電,2330
081479,call,中砂,1560
081480,call,台積電,2330
081481,call,台積電,2330
081482,call,台積電,2330
081483,call,智邦,2345
081484,call,英業達,2356
081485,call,大同,2371
081486,call,矽統,2363
081487,call,技嘉,2376
081488,call,微星,2377
081489,call,萬海,2615
081490,call,漢唐,2404
081491,call,亞光,3019
081492,call,南亞科,2408
081493,call,鉅祥,2476
081494,call,萬海,2615
081495,call,台灣精銳,4583
081496,call,大立光,3008
081497,call,大立光,3008
081498,call,奇鋐,3017
081499,call,德律,3030
081500,call,聯詠,3034
081501,call,緯創,3231
081502,call,緯創,3231
081503,call,緯創,3231
081504,call,玉晶光,3406
081505,call,牧德,3563
081506,call,辛耘,3583
081507,call,日月光投控,3711
081508,call,帆宣,6196
081509,call,力成,6239
081510,call,啟碁,6285
081511,call,旭隼,6409
081512,call,保瑞,6472
081513,call,龍德造船,6753
081514,call,力積電,6770
081515,call,AES-KY,6781
081516,call,富世達,6805
081517,call,松川精密,7788
081518,call,元大台灣50,0050
081521,call,聯電,2303
081522,call,聯電,2303
081523,call,聯電,2303
081524,call,聯電,2303
081525,call,聯電,2303
081526,call,聯電,2303
081527,call,華通,2313
081528,call,鴻海,2317
081529,call,國巨*,2327
081530,call,國巨*,2327
081531,call,國巨*,2327
081532,call,國巨*,2327
081533,call,國巨*,2327
081534,call,國巨*,2327
081535,call,國巨*,2327
081536,call,台積電,2330
081537,call,台積電,2330
081538,call,台積電,2330
081539,call,華邦電,2344
081540,call,所羅門,2359
081541,call,金像電,2368
081542,call,研華,2395
081543,call,漢唐,2404
081544,call,南亞科,2408
081545,call,南亞科,2408
081546,call,南亞科,2408
081547,call,南亞科,2408
081548,call,南亞科,2408
081549,call,長榮,2603
08154U,put,欣興,3037
081550,call,陽明,2609
081551,call,萬海,2615
081552,call,大立光,3008
081553,call,大立光,3008
081554,call,奇鋐,3017
081555,call,晶技,3042
081556,call,緯創,3231
081557,call,玉晶光,3406
081558,call,嘉澤,3533
081559,call,貿聯-KY,3665
081560,call,日月光投控,3711
081561,call,臻鼎-KY,4958
081562,call,亞翔,6139
081563,call,精誠,6214
081564,call,緯穎,6669
081565,call,騰輝電子-KY,6672
081566,call,力積電,6770
081567,call,富世達,6805
08156U,put,亞力,1514
081572,call,聯電,2303
081573,call,聯電,2303
081574,call,仁寶,2324
081575,call,金像電,2368
081576,call,陽明,2609
081577,call,萬海,2615
081578,call,騰輝電子-KY,6672
081579,call,松川精密,7788
08157U,put,台玻,1802
081582,call,美時,1795
081583,call,國巨*,2327
081584,call,國巨*,2327
081585,call,萬海,2615
081586,call,京鼎,3413
081587,call,臻鼎-KY,4958
081588,call,臻鼎-KY,4958
081589,call,眾達-KY,4977
08158U,put,台玻,1802
081590,call,亞翔,6139
081591,call,勤誠,8210
081592,call,勝一,1773
081594,call,為升,2231
081595,call,金像電,2368
081596,call,群光,2385
081597,call,正崴,2392
081598,call,興富發,2542
081599,call,新興,2605
081600,call,萬海,2615
081601,call,晶技,3042
081602,call,嘉澤,3533
081603,call,乙盛-KY,5243
081604,call,台郡,6269
081605,call,國巨*,2327
081606,call,鼎元,2426
081607,call,揚博,2493
081608,call,長榮,2603
081609,call,新興,2605
081610,call,晟銘電,3013
081611,call,群創,3481
081612,call,中砂,1560
081613,call,臻鼎-KY,4958
081614,call,臻鼎-KY,4958
081615,call,台郡,6269
081616,call,中砂,1560
081617,call,友達,2409
081618,call,漢唐,2404
081619,call,友達,2409
081620,call,陽明,2609
081621,call,長榮,2603
081622,call,陽明,2609
081623,call,長榮航太,2645
081624,call,陽明,2609
081625,call,嘉晶,3016
081626,call,萬海,2615
081629,call,南亞,1303
08162U,put,元大台灣50,0050
081630,call,東陽,1319
081631,call,亞德客-KY,1590
081632,call,長興,1717
081633,call,上銀,2049
081634,call,鴻海,2317
081635,call,台積電,2330
081636,call,台積電,2330
081637,call,華邦電,2344
081638,call,華邦電,2344
081639,call,智邦,2345
08163U,put,元大台灣50,0050
081640,call,智邦,2345
081641,call,微星,2377
081642,call,威盛,2388
081643,call,興勤,2428
081644,call,揚博,2493
081645,call,神基,3005
081646,call,神基,3005
081647,call,大立光,3008
081648,call,大立光,3008
081649,call,大立光,3008
08164U,put,聯電,2303
081650,call,嘉晶,3016
081651,call,嘉晶,3016
081652,call,晶技,3042
081653,call,晶技,3042
081654,call,健鼎,3044
081655,call,緯創,3231
081656,call,玉晶光,3406
081657,call,嘉澤,3533
081658,call,辛耘,3583
081659,call,辛耘,3583
081660,call,貿聯-KY,3665
081661,call,貿聯-KY,3665
081662,call,貿聯-KY,3665
081663,call,日月光投控,3711
081664,call,日月光投控,3711
081665,call,臻鼎-KY,4958
081666,call,臻鼎-KY,4958
081667,call,亞翔,6139
081668,call,力成,6239
081669,call,力成,6239
081670,call,力成,6239
081671,call,樺漢,6414
081672,call,光聖,6442
081673,call,光聖,6442
081674,call,台塑化,6505
081675,call,騰輝電子-KY,6672
081676,call,力積電,6770
081677,call,力積電,6770
081678,call,富世達,6805
081679,call,富世達,6805
081680,call,富世達,6805
081681,call,松川精密,7788
081682,call,倍利科,7822
081683,call,元大台灣50,0050
081684,call,茂矽,2342
081685,call,萬海,2615
081686,call,萬海,2615
081687,call,大立光,3008
081688,call,大立光,3008
081689,call,晶彩科,3535
081690,call,建國,5515
081691,call,山林水,8473
081692,call,萬海,2615
081693,call,長華*,8070
081699,call,南亞,1303
081700,call,華城,1519
081701,call,中鋼,2002
081702,call,上銀,2049
081703,call,華通,2313
081704,call,鴻海,2317
081705,call,仁寶,2324
081706,call,台積電,2330
081707,call,台積電,2330
081708,call,台積電,2330
081709,call,旺宏,2337
081710,call,華邦電,2344
081711,call,智邦,2345
081712,call,宏碁,2353
081713,call,英業達,2356
081714,call,所羅門,2359
081715,call,金像電,2368
081716,call,技嘉,2376
081717,call,南亞科,2408
081718,call,友達,2409
081719,call,京元電子,2449
081720,call,強茂,2481
081721,call,漢翔,2634
081722,call,大立光,3008
081723,call,嘉晶,3016
081724,call,晶技,3042
081725,call,緯創,3231
081726,call,新日興,3376
081727,call,群創,3481
081728,call,牧德,3563
081729,call,辛耘,3583
081730,call,碩天,3617
081731,call,貿聯-KY,3665
081732,call,臻鼎-KY,4958
081733,call,力成,6239
081734,call,保瑞,6472
081735,call,緯穎,6669
081736,call,嘉基,6715
081737,call,力積電,6770
081738,call,富世達,6805
081739,call,至上,8112
081740,call,聯電,2303
081741,call,華通,2313
081742,call,國巨*,2327
081743,call,台積電,2330
081744,call,華邦電,2344
081745,call,鴻準,2354
081746,call,所羅門,2359
081747,call,金像電,2368
081748,call,南亞科,2408
081749,call,長榮,2603
08174U,put,台達電,2308
081750,call,萬海,2615
081751,call,貿聯-KY,3665
081752,call,亞翔,6139
081753,call,旭隼,6409
081754,call,騰輝電子-KY,6672
081755,call,力積電,6770
081759,call,國巨*,2327
08175U,put,瑞軒,2489
081762,call,南亞,1303
081763,call,信錦,1582
081764,call,光寶科,2301
081765,call,光寶科,2301
081766,call,陽明,2609
081767,call,陽明,2609
081768,call,萬海,2615
081769,call,康普,4739
081770,call,帆宣,6196
081771,call,所羅門,2359
081772,call,所羅門,2359
081773,call,大立光,3008
081774,call,大立光,3008
081775,call,大立光,3008
081776,call,宏致,3605
081777,call,臻鼎-KY,4958
081778,call,中鋼,2002
081779,call,光寶科,2301
081780,call,光寶科,2301
081781,call,聯電,2303
081782,call,鴻海,2317
081783,call,鴻海,2317
081784,call,仁寶,2324
081785,call,台積電,2330
081786,call,台積電,2330
081787,call,旺宏,2337
081788,call,旺宏,2337
081789,call,旺宏,2337
081790,call,華邦電,2344
081791,call,華碩,2357
081792,call,所羅門,2359
081793,call,技嘉,2376
081794,call,南亞科,2408
081795,call,長榮,2603
081796,call,新興,2605
081797,call,陽明,2609
081798,call,陽明,2609
081799,call,萬海,2615
081800,call,萬海,2615
081801,call,慧洋-KY,2637
081802,call,大立光,3008
081803,call,大立光,3008
081804,call,大立光,3008
081805,call,大立光,3008
081806,call,大立光,3008
081807,call,大立光,3008
081808,call,嘉晶,3016
081809,call,奇鋐,3017
081810,call,奇鋐,3017
081811,call,奇鋐,3017
081812,call,奇鋐,3017
081813,call,緯創,3231
081814,call,宏致,3605
081815,call,宏致,3605
081816,call,宏致,3605
081817,call,貿聯-KY,3665
081818,call,貿聯-KY,3665
081819,call,臻鼎-KY,4958
081820,call,十銓,4967
081821,call,凌華,6166
081822,call,光聖,6442
081823,call,研揚,6579
081824,call,力積電,6770
081825,call,力積電,6770
081826,call,宏全,9939
081827,call,大同,2371
081828,call,萬海,2615
081829,call,奇鋐,3017
081830,call,國巨*,2327
081831,call,國巨*,2327
081832,call,國巨*,2327
081833,call,國巨*,2327
081834,call,智邦,2345
081835,call,金像電,2368
081836,call,陽明,2609
081837,call,大立光,3008
081838,call,日月光投控,3711
081839,call,長華*,8070
08183U,put,欣興,3037
081840,call,致新,8081
081841,call,遠東新,1402
081842,call,亞德客-KY,1590
081843,call,長興,1717
081844,call,中華化,1727
081845,call,光寶科,2301
081846,call,聯電,2303
081847,call,鴻海,2317
081848,call,鴻海,2317
081849,call,鴻海,2317
08184U,put,聯電,2303
081850,call,國巨*,2327
081851,call,鴻準,2354
081852,call,興勤,2428
081853,call,揚博,2493
081854,call,興富發,2542
081855,call,長榮,2603
081856,call,新興,2605
081857,call,陽明,2609
081858,call,萬海,2615
081859,call,台新新光金,2887
081860,call,神基,3005
081861,call,大立光,3008
081862,call,大立光,3008
081863,call,大立光,3008
081864,call,奇鋐,3017
081865,call,健鼎,3044
081866,call,玉晶光,3406
081867,call,嘉澤,3533
081868,call,日月光投控,3711
081869,call,和碩,4938
08186U,put,元大台灣50,0050
081870,call,十銓,4967
081871,call,亞翔,6139
081872,call,台郡,6269
081873,call,旭隼,6409
081874,call,光聖,6442
081875,call,台塑化,6505
081876,call,騰輝電子-KY,6672
081877,call,睿生光電,6861
081878,call,松川精密,7788
081879,call,長榮,2603
08187U,put,元大台灣50,0050
081880,call,潤泰新,9945
081882,call,聚陽,1477
081883,call,中華化,1727
081884,call,中華化,1727
081885,call,光寶科,2301
081886,call,聯電,2303
081887,call,陽明,2609
081888,call,大立光,3008
081889,call,聯鈞,3450
081890,call,聯鈞,3450
081891,call,嘉晶,3016
081892,call,建國,5515
081893,call,保瑞,6472
081894,call,保瑞,6472
081895,call,台塑化,6505
081896,call,帝寶,6605
081897,call,騰輝電子-KY,6672
081898,call,騰輝電子-KY,6672
081899,call,騰輝電子-KY,6672
081900,call,力積電,6770
081901,call,巨大,9921
081902,call,富邦科技,0052
081912,call,台泥,1101
081913,call,南亞,1303
081914,call,南亞,1303
081915,call,東陽,1319
081916,call,儒鴻,1476
081917,call,華城,1519
081918,call,華榮,1608
081919,call,永光,1711
081920,call,上銀,2049
081921,call,宇隆,2233
081922,call,光寶科,2301
081923,call,華通,2313
081924,call,鴻海,2317
081925,call,仁寶,2324
081926,call,仁寶,2324
081927,call,國巨*,2327
081928,call,國巨*,2327
081929,call,台積電,2330
081930,call,台亞,2340
081931,call,華邦電,2344
081932,call,智邦,2345
081933,call,宏碁,2353
081934,call,英業達,2356
081935,call,華碩,2357
081936,call,矽統,2363
081937,call,金像電,2368
081938,call,凱美,2375
081939,call,技嘉,2376
081940,call,研華,2395
081941,call,漢唐,2404
081942,call,南亞科,2408
081943,call,友達,2409
081944,call,京元電子,2449
081945,call,創見,2451
081946,call,強茂,2481
081947,call,強茂,2481
081948,call,長榮,2603
081949,call,長榮,2603
08194U,put,聯電,2303
081950,call,長榮,2603
081951,call,新興,2605
081952,call,裕民,2606
081953,call,陽明,2609
081954,call,華航,2610
081955,call,長榮航,2618
081956,call,漢翔,2634
081957,call,長榮航太,2645
081958,call,神基,3005
081959,call,大立光,3008
081960,call,大立光,3008
081961,call,大立光,3008
081962,call,嘉晶,3016
081963,call,奇鋐,3017
081964,call,新日興,3376
081965,call,群創,3481
081966,call,牧德,3563
081967,call,辛耘,3583
081968,call,瑞鼎,3592
081969,call,宏致,3605
08196U,put,啟碁,6285
081970,call,貿聯-KY,3665
081971,call,日月光投控,3711
081972,call,材料*-KY,4763
081973,call,新唐,4919
081974,call,和碩,4938
081975,call,臻鼎-KY,4958
081976,call,乙盛-KY,5243
081977,call,崇越,5434
081978,call,亞翔,6139
081979,call,帆宣,6196
081980,call,佳必琪,6197
081981,call,飛捷,6206
081982,call,力成,6239
081983,call,台郡,6269
081984,call,啟碁,6285
081985,call,旭隼,6409
081986,call,矽力*-KY,6415
081987,call,保瑞,6472
081988,call,騰輝電子-KY,6672
081989,call,力積電,6770
081990,call,AES-KY,6781
081991,call,兆聯實業,6944
081992,call,華東,8110
081993,call,勤誠,8210
081994,call,世紀鋼,9958
081995,call,大成鋼,2027
081996,call,台達電,2308
081997,call,台達電,2308
081998,call,技嘉,2376
081999,call,友達,2409
082000,call,亞泥,1102
082001,call,台達電,2308
082002,call,台達電,2308
082003,call,台達電,2308
082004,call,台達電,2308
082005,call,台達電,2308
082006,call,台達電,2308
082007,call,台達電,2308
082008,call,台達電,2308
082009,call,台達電,2308
082010,call,台達電,2308
082011,call,台達電,2308
082012,call,南亞科,2408
082013,call,長榮,2603
082014,call,長榮,2603
082015,call,長榮,2603
082016,call,萬海,2615
082017,call,台新新光金,2887
082018,call,德律,3030
082019,call,嘉澤,3533
082020,call,牧德,3563
082021,call,嘉澤,3533
082022,call,TPK-KY,3673
082023,call,群電,6412
082024,call,嘉基,6715
082025,call,力積電,6770
082026,call,力積電,6770
082027,call,AES-KY,6781
082028,call,倍利科,7822
082029,call,台達電,2308
082030,call,台達電,2308
082031,call,台達電,2308
082032,call,洋基工程,6691
082033,call,台達電,2308
082034,call,台達電,2308
082035,call,台達電,2308
082036,call,台達電,2308
082037,call,台達電,2308
082038,call,台達電,2308
082039,call,鼎元,2426
082040,call,漢翔,2634
082041,call,信邦,3023
082042,call,文曄,3036
082044,call,亞德客-KY,1590
082045,call,光寶科,2301
082046,call,台達電,2308
082047,call,台達電,2308
082048,call,台達電,2308
082049,call,台達電,2308
082050,call,台達電,2308
082051,call,台達電,2308
082052,call,仁寶,2324
082053,call,台積電,2330
082054,call,台積電,2330
082055,call,旺宏,2337
082056,call,旺宏,2337
082057,call,旺宏,2337
082058,call,華邦電,2344
082059,call,所羅門,2359
082060,call,技嘉,2376
082061,call,微星,2377
082062,call,大毅,2478
082063,call,長榮,2603
082064,call,陽明,2609
082065,call,漢翔,2634
082066,call,奇鋐,3017
082067,call,奇鋐,3017
082068,call,奇鋐,3017
082069,call,嘉澤,3533
082070,call,日月光投控,3711
082071,call,臻鼎-KY,4958
082072,call,十銓,4967
082073,call,十銓,4967
082074,call,和椿,6215
082075,call,保瑞,6472
082076,call,緯穎,6669
082077,call,力積電,6770
082078,call,富世達,6805
082079,call,富世達,6805
082080,call,倍利科,7822
082081,call,勤誠,8210
082082,call,勤誠,8210
082083,call,勤誠,8210
082084,call,寶成,9904
082088,call,新纖,1409
082089,call,華城,1519
082090,call,中砂,1560
082091,call,美時,1795
082093,call,美時,1795
082094,call,大成鋼,2027
082095,call,台達電,2308
082096,call,台達電,2308
082097,call,台達電,2308
082098,call,台達電,2308
082099,call,鴻海,2317
082100,call,旺宏,2337
082101,call,華邦電,2344
082102,call,智邦,2345
082103,call,研華,2395
082104,call,研華,2395
082105,call,京元電子,2449
082106,call,長榮,2603
082107,call,陽明,2609
082108,call,兆豐金,2886
082109,call,嘉晶,3016
082110,call,奇鋐,3017
082111,call,緯創,3231
082112,call,嘉澤,3533
082113,call,嘉澤,3533
082114,call,貿聯-KY,3665
082115,call,大聯大,3702
082116,call,臻鼎-KY,4958
082117,call,亞翔,6139
082118,call,力成,6239
082119,call,啟碁,6285
082120,call,啟碁,6285
082121,call,旭隼,6409
082122,call,緯穎,6669
082123,call,力智,6719
082124,call,力積電,6770
082125,call,元大台灣50,0050
082127,call,直得,1597
082128,call,聯電,2303
082129,call,聯電,2303
08212U,put,啟碁,6285
082130,call,台達電,2308
082131,call,台達電,2308
082132,call,台達電,2308
082133,call,台達電,2308
082134,call,台達電,2308
082135,call,國巨*,2327
082136,call,台積電,2330
082137,call,漢唐,2404
082138,call,長榮,2603
082139,call,長榮,2603
082140,call,萬海,2615
082141,call,萬海,2615
082142,call,聯詠,3034
082143,call,聯詠,3034
082144,call,jpp-KY,5284
082145,call,力成,6239
082146,call,矽格,6257
082147,call,騰輝電子-KY,6672
082148,call,富世達,6805
082150,call,南亞,1303
082151,call,遠東新,1402
082152,call,台玻,1802
082153,call,楠梓電,2316
082154,call,鴻海,2317
082155,call,國巨*,2327
082156,call,國巨*,2327
082157,call,華邦電,2344
082158,call,智邦,2345
082159,call,矽統,2363
082160,call,南亞科,2408
082161,call,鼎元,2426
082162,call,宏璟,2527
082163,call,長榮,2603
082164,call,裕民,2606
082165,call,萬海,2615
082166,call,中再保,2851
082167,call,奇鋐,3017
082168,call,精金,3049
082169,call,精金,3049
08216U,put,啟碁,6285
082170,call,貿聯-KY,3665
082171,call,TPK-KY,3673
082172,call,日月光投控,3711
082173,call,眾達-KY,4977
082174,call,台表科,6278
082175,call,研揚,6579
082176,call,倍利科,7822
08217U,put,啟碁,6285
082183,call,長興,1717
082185,call,聯電,2303
082186,call,台達電,2308
082187,call,台達電,2308
082188,call,台達電,2308
082189,call,台達電,2308
082190,call,台達電,2308
082191,call,鴻海,2317
082192,call,國巨*,2327
082193,call,台積電,2330
082194,call,台積電,2330
082195,call,智邦,2345
082196,call,瑞昱,2379
082197,call,興勤,2428
082198,call,揚博,2493
082199,call,萬海,2615
08219U,put,燿華,2367
082200,call,漢翔,2634
082201,call,奇鋐,3017
082202,call,文曄,3036
082203,call,文曄,3036
082204,call,健鼎,3044
082205,call,玉晶光,3406
082206,call,群創,3481
082207,call,嘉澤,3533
082208,call,嘉澤,3533
082209,call,TPK-KY,3673
082210,call,日月光投控,3711
082211,call,十銓,4967
082212,call,中磊,5388
082213,call,亞翔,6139
082214,call,光聖,6442
082215,call,松川精密,7788
082220,call,南亞,1303
082221,call,東陽,1319
082222,call,聯發科,2454
082223,call,聯發科,2454
082224,call,聯發科,2454
082225,call,儒鴻,1476
082226,call,聚陽,1477
082227,call,華城,1519
082228,call,上銀,2049
082229,call,台達電,2308
082230,call,台達電,2308
082231,call,台達電,2308
082232,call,台達電,2308
082233,call,台達電,2308
082234,call,台達電,2308
082235,call,台達電,2308
082236,call,台達電,2308
082237,call,台達電,2308
082238,call,華通,2313
082239,call,鴻海,2317
082240,call,鴻海,2317
082241,call,仁寶,2324
082242,call,華邦電,2344
082243,call,智邦,2345
082244,call,英業達,2356
082245,call,矽統,2363
082246,call,金像電,2368
082247,call,技嘉,2376
082248,call,研華,2395
082249,call,漢唐,2404
082250,call,南亞科,2408
082251,call,南亞科,2408
082252,call,南亞科,2408
082253,call,友達,2409
082254,call,京元電子,2449
082255,call,創見,2451
082256,call,裕民,2606
082257,call,華航,2610
082258,call,慧洋-KY,2637
082259,call,長榮航太,2645
082260,call,嘉晶,3016
082261,call,奇鋐,3017
082262,call,奇鋐,3017
082263,call,奇鋐,3017
082264,call,緯創,3231
082265,call,新日興,3376
082266,call,群創,3481
082267,call,牧德,3563
082268,call,辛耘,3583
082269,call,瑞鼎,3592
082270,call,宏致,3605
082271,call,貿聯-KY,3665
082272,call,日月光投控,3711
082273,call,材料*-KY,4763
082274,call,新唐,4919
082275,call,臻鼎-KY,4958
082276,call,聯茂,6213
082277,call,眾達-KY,4977
082278,call,昇陽半導體,8028
082279,call,崇越,5434
082280,call,佳必琪,6197
082281,call,力成,6239
082282,call,保瑞,6472
082283,call,緯穎,6669
082284,call,緯穎,6669
082285,call,力積電,6770
082286,call,台達電,2308
082287,call,國巨*,2327
082288,call,英業達,2356
082289,call,萬海,2615
082290,call,慧洋-KY,2637
082291,call,矽力*-KY,6415
082292,call,台達電,2308
082293,call,南亞科,2408
082294,call,南亞科,2408
082295,call,飛宏,2457
082296,call,陽明,2609
082297,call,陽明,2609
082298,call,萬海,2615
082299,call,萬海,2615
082300,call,萬海,2615
082301,call,奇鋐,3017
082302,call,奇鋐,3017
082303,call,TPK-KY,3673
082304,call,jpp-KY,5284
082305,call,中纖,1718
082306,call,中纖,1718
082307,call,中纖,1718
082308,call,美時,1795
082309,call,創見,2451
082310,call,陽明,2609
082311,call,陽明,2609
082312,call,萬海,2615
082313,call,長榮航太,2645
082314,call,中再保,2851
082315,call,國泰金,2882
082316,call,精金,3049
082317,call,貿聯-KY,3665
082318,call,十銓,4967
082319,call,保瑞,6472
082320,call,台塑化,6505
082321,call,台塑化,6505
082322,call,南茂,8150
082323,call,台達電,2308
082324,call,裕民,2606
082325,call,陽明,2609
082326,call,萬海,2615
082327,call,萬海,2615
082328,call,萬海,2615
082329,call,慧洋-KY,2637
082330,call,元大台灣50,0050
082331,call,元大台灣50,0050
082339,call,台泥,1101
082340,call,中纖,1718
082341,call,中鋼,2002
082342,call,聯電,2303
082343,call,聯電,2303
082344,call,台達電,2308
082345,call,台達電,2308
082346,call,台達電,2308
082347,call,台達電,2308
082348,call,台達電,2308
082349,call,台達電,2308
082350,call,台積電,2330
082351,call,台積電,2330
082352,call,華邦電,2344
082353,call,華邦電,2344
082354,call,華邦電,2344
082355,call,華邦電,2344
082356,call,所羅門,2359
082357,call,技嘉,2376
082358,call,南亞科,2408
082359,call,南亞科,2408
082360,call,鼎元,2426
082361,call,創見,2451
082362,call,長榮,2603
082363,call,新興,2605
082364,call,裕民,2606
082365,call,陽明,2609
082366,call,陽明,2609
082367,call,萬海,2615
082368,call,萬海,2615
082369,call,萬海,2615
082370,call,萬海,2615
082371,call,萬海,2615
082372,call,萬海,2615
082373,call,中再保,2851
082374,call,奇鋐,3017
082375,call,奇鋐,3017
082376,call,奇鋐,3017
082377,call,奇鋐,3017
082378,call,緯創,3231
082379,call,緯創,3231
08237U,put,台塑,1301
082380,call,群創,3481
082381,call,宏致,3605
082382,call,貿聯-KY,3665
082383,call,臻鼎-KY,4958
082384,call,臻鼎-KY,4958
082385,call,十銓,4967
082386,call,十銓,4967
082387,call,保瑞,6472
082389,call,嘉基,6715
082390,call,力積電,6770
082391,call,力積電,6770
082392,call,力積電,6770
082394,call,亞聚,1308
082395,call,永光,1711
082396,call,中纖,1718
082397,call,台橡,2103
082398,call,南帝,2108
082399,call,鼎元,2426
082400,call,瑞軒,2489
082401,call,新興,2605
082402,call,萬海,2615
082403,call,萬海,2615
082404,call,達明,4585
082405,call,華懋,5292
082406,call,中租-KY,5871
082407,call,康舒,6282
082408,call,嘉基,6715
082409,call,南茂,8150
082411,call,華榮,1608
082412,call,聯電,2303
082413,call,楠梓電,2316
082414,call,華泰,2329
082415,call,華碩,2357
082416,call,德律,3030
082417,call,京鼎,3413
082418,call,TPK-KY,3673
082419,call,台郡,6269
082420,call,光聖,6442
082421,call,富世達,6805
082422,call,至上,8112
082429,call,台泥,1101
082430,call,南亞,1303
082431,call,亞德客-KY,1590
082432,call,中纖,1718
082433,call,台玻,1802
082434,call,光寶科,2301
082435,call,華通,2313
082436,call,國巨*,2327
082437,call,旺宏,2337
082438,call,華邦電,2344
082439,call,矽統,2363
08243U,put,台積電,2330
082440,call,金像電,2368
082441,call,金像電,2368
082442,call,微星,2377
082443,call,南亞科,2408
082444,call,南亞科,2408
082445,call,南亞科,2408
082446,call,鼎元,2426
082447,call,大毅,2478
082448,call,瑞軒,2489
082449,call,長榮,2603
082450,call,陽明,2609
082451,call,萬海,2615
082452,call,萬海,2615
082453,call,萬海,2615
082454,call,漢翔,2634
082455,call,慧洋-KY,2637
082456,call,中再保,2851
082457,call,奇鋐,3017
082458,call,文曄,3036
082459,call,健鼎,3044
082460,call,精金,3049
082461,call,玉晶光,3406
082462,call,群創,3481
082463,call,嘉澤,3533
082464,call,貿聯-KY,3665
082465,call,貿聯-KY,3665
082466,call,貿聯-KY,3665
082467,call,貿聯-KY,3665
082468,call,十銓,4967
082469,call,中磊,5388
082470,call,亞翔,6139
082471,call,台表科,6278
082472,call,啟碁,6285
082473,call,旭隼,6409
082474,call,光聖,6442
082475,call,台塑化,6505
082476,call,研揚,6579
082477,call,緯穎,6669
082478,call,富世達,6805
082479,call,松川精密,7788
082480,call,華東,8110
082481,call,至上,8112
082482,call,勤誠,8210
082484,call,中鋼,2002
082485,call,中鋼,2002
082486,call,聯電,2303
082487,call,台達電,2308
082488,call,台達電,2308
082489,call,國巨*,2327
082490,call,國巨*,2327
082491,call,所羅門,2359
082492,call,強茂,2481
082493,call,強茂,2481
082494,call,陽明,2609
082495,call,陽明,2609
082496,call,漢翔,2634
082497,call,漢翔,2634
082498,call,慧洋-KY,2637
082499,call,嘉澤,3533
08249U,put,台積電,2330
082500,call,嘉澤,3533
082501,call,光聖,6442
082502,call,光聖,6442
082503,call,南亞,1303
082504,call,士電,1503
082505,call,華城,1519
082506,call,中砂,1560
082507,call,華新,1605
082508,call,長興,1717
082509,call,中碳,1723
082510,call,台玻,1802
082511,call,第一銅,2009
082512,call,上銀,2049
082513,call,萬海,2615
082514,call,台橡,2103
082516,call,金寶,2312
082517,call,精成科,6191
082518,call,華通,2313
082520,call,仁寶,2324
082521,call,國巨*,2327
082522,call,旺宏,2337
082523,call,華邦電,2344
082524,call,智邦,2345
082525,call,英業達,2356
082526,call,華碩,2357
082527,call,金像電,2368
082528,call,大同,2371
082529,call,技嘉,2376
082530,call,研華,2395
082531,call,南亞科,2408
082532,call,友達,2409
082533,call,京元電子,2449
082534,call,強茂,2481
082535,call,長榮,2603
082536,call,萬海,2615
082537,call,慧洋-KY,2637
082538,call,國泰金,2882
082539,call,台新新光金,2887
082540,call,奇鋐,3017
082541,call,智原,3035
082542,call,文曄,3036
082543,call,京鼎,3413
082544,call,牧德,3563
082545,call,辛耘,3583
082546,call,貿聯-KY,3665
082547,call,大聯大,3702
082548,call,神達,3706
082549,call,日月光投控,3711
082550,call,定穎投控,3715
082551,call,大銀微系統,4576
082552,call,臻鼎-KY,4958
082553,call,祥碩,5269
082554,call,jpp-KY,5284
082555,call,中磊,5388
082556,call,中租-KY,5871
082557,call,佳必琪,6197
082558,call,盛群,6202
082559,call,力成,6239
082560,call,康舒,6282
082561,call,矽力*-KY,6415
082562,call,光聖,6442
082563,call,保瑞,6472
082564,call,緯穎,6669
082565,call,騰輝電子-KY,6672
082566,call,力積電,6770
082567,call,富世達,6805
082568,call,至上,8112
082569,call,宇瞻,8271
082570,call,泰金寶-DR,9105
082571,call,國巨*,2327
082572,call,貿聯-KY,3665
082573,call,中租-KY,5871
082574,call,康舒,6282
082575,call,中鋼,2002
082576,call,光寶科,2301
082577,call,致茂,2360
082578,call,創見,2451
082579,call,裕民,2606
082580,call,陽明,2609
082581,call,陽明,2609
082582,call,聯電,2303
082583,call,台達電,2308
082584,call,國巨*,2327
082585,call,台表科,6278
082586,call,保瑞,6472
082587,call,光寶科,2301
082588,call,光寶科,2301
082589,call,國巨*,2327
08258U,put,華通,2313
082590,call,國巨*,2327
082591,call,致茂,2360
082592,call,致茂,2360
082593,call,致茂,2360
082594,call,上緯投控,3708
082595,call,國巨*,2327
082596,call,國巨*,2327
082597,call,致茂,2360
082598,call,新興,2605
082599,call,精金,3049
08259U,put,國巨*,2327
082600,call,玉晶光,3406
082601,call,帆宣,6196
082602,call,保瑞,6472
082603,call,緯穎,6669
082605,call,南亞,1303
082606,call,亞德客-KY,1590
082607,call,第一銅,2009
082608,call,大成鋼,2027
082609,call,上銀,2049
08260U,put,台光電,2383
082610,call,光寶科,2301
082611,call,聯電,2303
082612,call,聯電,2303
082613,call,聯電,2303
082614,call,台達電,2308
082615,call,台達電,2308
082616,call,台達電,2308
082617,call,台達電,2308
082618,call,台達電,2308
082619,call,鴻海,2317
082620,call,台積電,2330
082621,call,鴻海,2317
082622,call,鴻海,2317
082623,call,仁寶,2324
082624,call,台積電,2330
082625,call,台積電,2330
082626,call,華邦電,2344
082627,call,英業達,2356
082628,call,所羅門,2359
082629,call,致茂,2360
082630,call,致茂,2360
082631,call,矽統,2363
082632,call,微星,2377
082633,call,創見,2451
082634,call,長榮,2603
082635,call,長榮,2603
082636,call,新興,2605
082637,call,裕民,2606
082638,call,陽明,2609
082639,call,陽明,2609
082640,call,陽明,2609
082643,call,長榮航,2618
082644,call,慧洋-KY,2637
082645,call,奇鋐,3017
082646,call,奇鋐,3017
082647,call,奇鋐,3017
082648,call,奇鋐,3017
082649,call,健鼎,3044
082650,call,緯創,3231
082651,call,緯創,3231
082652,call,玉晶光,3406
082653,call,玉晶光,3406
082654,call,玉晶光,3406
082655,call,群創,3481
082656,call,嘉澤,3533
082657,call,宏致,3605
082658,call,宏致,3605
082659,call,貿聯-KY,3665
082660,call,貿聯-KY,3665
082661,call,材料*-KY,4763
082662,call,臻鼎-KY,4958
082663,call,眾達-KY,4977
082664,call,光聖,6442
082665,call,保瑞,6472
082666,call,台塑化,6505
082667,call,松川精密,7788
082668,call,宇瞻,8271
082673,call,華榮,1608
082674,call,光寶科,2301
082675,call,台達電,2308
082676,call,台達電,2308
082677,call,台達電,2308
082678,call,順德,2351
082679,call,致茂,2360
08267U,put,元大台灣50,0050
082680,call,致茂,2360
082681,call,金像電,2368
082682,call,正崴,2392
082683,call,興富發,2542
082684,call,德律,3030
082685,call,大銀微系統,4576
082686,call,矽力*-KY,6415
082687,call,視陽,6782
082688,call,意騰-KY,7749
082689,call,南亞,1303
082690,call,南亞,1303
082691,call,光寶科,2301
082692,call,華邦電,2344
082693,call,智邦,2345
082694,call,智邦,2345
082695,call,技嘉,2376
082696,call,技嘉,2376
082697,call,微星,2377
082698,call,京元電子,2449
082699,call,陽明,2609
082700,call,陽明,2609
082701,call,奇鋐,3017
082702,call,嘉澤,3533
082703,call,日月光投控,3711
082704,call,保瑞,6472
082705,call,富世達,6805
082706,call,意騰-KY,7749
082707,call,倍利科,7822
082708,call,勤誠,8210
082709,call,勤誠,8210
08270U,put,川湖,2059
082715,call,南亞,1303
082716,call,聯電,2303
082717,call,台達電,2308
082718,call,華邦電,2344
082719,call,金像電,2368
08271U,put,台積電,2330
082720,call,金像電,2368
082721,call,南亞科,2408
082722,call,漢翔,2634
082723,call,中再保,2851
082724,call,健鼎,3044
082725,call,嘉澤,3533
082726,call,宏致,3605
082727,call,貿聯-KY,3665
082728,call,臻鼎-KY,4958
082729,call,祥碩,5269
08272U,put,漢唐,2404
082730,call,亞翔,6139
082731,call,亞翔,6139
082732,call,富世達,6805
082733,call,宇瞻,8271
082737,call,士電,1503
082738,call,華城,1519
082739,call,長興,1717
082740,call,中鋼,2002
082741,call,第一銅,2009
082742,call,上銀,2049
082743,call,台橡,2103
082744,call,南帝,2108
082745,call,光寶科,2301
082746,call,聯電,2303
082747,call,仁寶,2324
082748,call,智邦,2345
082749,call,順德,2351
08274U,put,台積電,2330
082750,call,英業達,2356
082751,call,所羅門,2359
082752,call,致茂,2360
082753,call,致茂,2360
082754,call,致茂,2360
082755,call,金像電,2368
082756,call,大同,2371
082757,call,友達,2409
082758,call,京元電子,2449
082759,call,創見,2451
082760,call,新興,2605
082761,call,裕民,2606
082762,call,國泰金,2882
082763,call,台新新光金,2887
082764,call,智原,3035
082765,call,京鼎,3413
082766,call,牧德,3563
082767,call,宏致,3605
082768,call,貿聯-KY,3665
082769,call,貿聯-KY,3665
082770,call,貿聯-KY,3665
082771,call,大聯大,3702
082772,call,神達,3706
082773,call,日月光投控,3711
082774,call,臻鼎-KY,4958
082775,call,祥碩,5269
082776,call,中租-KY,5871
082777,call,佳必琪,6197
082778,call,力成,6239
082779,call,保瑞,6472
082780,call,騰輝電子-KY,6672
082781,call,力積電,6770
082782,call,宇瞻,8271
082787,call,智邦,2345
082788,call,聯詠,3034
082789,call,健鼎,3044
082790,call,緯創,3231
082791,call,日月光投控,3711
082792,call,光聖,6442
082793,call,台泥,1101
082794,call,鉅祥,2476
082795,call,希華,2484
082796,call,瑞軒,2489
082797,call,瑞軒,2489
082798,call,裕民,2606
082799,call,富邦金,2881
082800,call,華晶科,3059
082801,call,日月光投控,3711
082802,call,力成,6239
082803,call,光聖,6442
082804,call,光聖,6442
082805,call,緯穎,6669
082806,call,天二科技,6834
082807,call,文曄,3036
082808,call,晶彩科,3535
082809,call,十銓,4967
08280U,put,飛宏,2457
082810,call,台泥,1101
082811,call,第一銅,2009
082812,call,國巨*,2327
082813,call,希華,2484
082814,call,希華,2484
082815,call,漢翔,2634
082816,call,聯詠,3034
082817,call,群創,3481
082818,call,日月光投控,3711
082819,call,東聯,1710
08281U,put,元大台灣50,0050
082820,call,希華,2484
082821,call,裕民,2606
082822,call,慧洋-KY,2637
082823,call,嘉基,6715
082824,call,元大台灣50,0050
082828,call,南亞,1303
082829,call,士電,1503
082830,call,華城,1519
082831,call,上銀,2049
082832,call,光寶科,2301
082833,call,聯電,2303
082834,call,旺宏,2337
082835,call,華邦電,2344
082836,call,英業達,2356
082837,call,所羅門,2359
082838,call,致茂,2360
082839,call,致茂,2360
082840,call,大同,2371
082841,call,微星,2377
082842,call,南亞科,2408
082843,call,京元電子,2449
082844,call,希華,2484
082845,call,裕民,2606
082846,call,裕民,2606
082847,call,奇鋐,3017
082848,call,牧德,3563
082849,call,日月光投控,3711
082850,call,佳必琪,6197
082851,call,力成,6239
082852,call,保瑞,6472
082853,call,騰輝電子-KY,6672
082854,call,力積電,6770
082855,call,南茂,8150
082856,call,南亞,1303
082857,call,亞德客-KY,1590
082858,call,台玻,1802
082859,call,聯電,2303
08285U,put,台化,1326
082860,call,台達電,2308
082861,call,台達電,2308
082862,call,台達電,2308
082863,call,台達電,2308
082864,call,台達電,2308
082865,call,台達電,2308
082866,call,台達電,2308
082867,call,台達電,2308
082868,call,華通,2313
082869,call,鴻海,2317
08286U,put,聯電,2303
082870,call,仁寶,2324
082871,call,國巨*,2327
082872,call,台積電,2330
082873,call,台積電,2330
082874,call,台積電,2330
082875,call,台積電,2330
082876,call,華邦電,2344
082877,call,所羅門,2359
082878,call,矽統,2363
082879,call,金像電,2368
08287U,put,欣興,3037
082880,call,微星,2377
082881,call,南亞科,2408
082882,call,京元電子,2449
082883,call,強茂,2481
082884,call,希華,2484
082885,call,希華,2484
082886,call,長榮,2603
082887,call,裕民,2606
082888,call,陽明,2609
082889,call,漢翔,2634
08288U,put,川湖,2059
082890,call,慧洋-KY,2637
082891,call,富邦金,2881
082892,call,嘉晶,3016
082894,call,奇鋐,3017
082895,call,聯詠,3034
082896,call,緯創,3231
082897,call,群創,3481
082898,call,嘉澤,3533
082899,call,辛耘,3583
08289U,put,國巨*,2327
082900,call,貿聯-KY,3665
082901,call,臻鼎-KY,4958
082902,call,眾達-KY,4977
082903,call,亞翔,6139
082904,call,力成,6239
082905,call,光聖,6442
082906,call,台塑化,6505
082907,call,緯穎,6669
082908,call,緯穎,6669
082909,call,緯穎,6669
08290U,put,金像電,2368
082910,call,力積電,6770
082911,call,富世達,6805
082913,call,南亞,1303
082914,call,直得,1597
082915,call,宇隆,2233
082916,call,華邦電,2344
082917,call,創見,2451
082918,call,聯發科,2454
082919,call,志聖,2467
08291U,put,漢唐,2404
082920,call,立隆電,2472
082921,call,可成,2474
082922,call,希華,2484
082923,call,長榮,2603
082924,call,裕民,2606
082925,call,慧洋-KY,2637
082926,call,慧洋-KY,2637
082927,call,長榮航太,2645
082928,call,富邦金,2881
082929,call,台積電,2330
08292U,put,長榮,2603
082930,call,國泰金,2882
082931,call,奇鋐,3017
082932,call,精金,3049
082933,call,緯創,3231
082934,call,玉晶光,3406
082935,call,揚明光,3504
082936,call,TPK-KY,3673
082937,call,材料*-KY,4763
082938,call,帆宣,6196
082939,call,力成,6239
08293U,put,欣興,3037
082940,call,光聖,6442
082941,call,保瑞,6472
082942,call,研揚,6579
082943,call,緯穎,6669
082944,call,惠特,6706
082945,call,嘉基,6715
082946,call,視陽,6782
08294U,put,力成,6239
082953,call,南亞,1303
082954,call,東聯,1710
082955,call,東聯,1710
082956,call,光寶科,2301
082957,call,光寶科,2301
082958,call,光寶科,2301
082959,call,仁寶,2324
082960,call,台積電,2330
082961,call,技嘉,2376
082962,call,威盛,2388
082963,call,希華,2484
082964,call,慧洋-KY,2637
082965,call,富邦金,2881
082966,call,奇鋐,3017
082967,call,瑞鼎,3592
082968,call,宏致,3605
082969,call,臻鼎-KY,4958
08296U,put,華通,2313
082970,call,長虹,5534
082971,call,瑞儀,6176
082972,call,可寧衛*,8422
082973,call,宏全,9939
082974,call,中纖,1718
082975,call,上銀,2049
082976,call,台達電,2308
082977,call,台達電,2308
082978,call,台達電,2308
082979,call,台達電,2308
08297U,put,欣興,3037
082980,call,鴻海,2317
082981,call,仁寶,2324
082982,call,台積電,2330
082983,call,台積電,2330
082984,call,台積電,2330
082985,call,旺宏,2337
082986,call,旺宏,2337
082987,call,旺宏,2337
082988,call,金像電,2368
082989,call,金像電,2368
08298U,put,力成,6239
082990,call,技嘉,2376
082991,call,微星,2377
082992,call,南亞科,2408
082993,call,友達,2409
082994,call,友達,2409
082995,call,創見,2451
082996,call,創見,2451
082997,call,長榮,2603
082998,call,陽明,2609
082999,call,慧洋-KY,2637
08299U,put,鴻海,2317
083000,call,中再保,2851
083001,call,華南金,2880
083002,call,富邦金,2881
083003,call,兆豐金,2886
083004,call,聯詠,3034
083005,call,玉晶光,3406
083006,call,玉晶光,3406
083007,call,玉晶光,3406
083008,call,群創,3481
083009,call,群創,3481
08300U,put,欣興,3037
083010,call,嘉澤,3533
083011,call,嘉澤,3533
083012,call,宏致,3605
083013,call,宏致,3605
083014,call,神達,3706
083015,call,日月光投控,3711
083016,call,日月光投控,3711
083017,call,日月光投控,3711
083018,call,臻鼎-KY,4958
083019,call,十銓,4967
08301U,put,聯電,2303
083020,call,十銓,4967
083021,call,矽力*-KY,6415
083022,call,光聖,6442
083023,call,保瑞,6472
083024,call,保瑞,6472
083025,call,緯穎,6669
083026,call,緯穎,6669
083027,call,力積電,6770
083028,call,力積電,6770
083029,call,瀚荃,8103
083030,call,瀚荃,8103
083031,call,至上,8112
083032,call,台玻,1802
083033,call,華通,2313
083034,call,華通,2313
083035,call,金像電,2368
083036,call,強茂,2481
083039,call,台玻,1802
083040,call,上銀,2049
083041,call,聯電,2303
083042,call,瑞軒,2489
083043,call,裕民,2606
083047,call,光寶科,2301
083048,call,台達電,2308
083049,call,台達電,2308
083050,call,華邦電,2344
083051,call,華邦電,2344
083052,call,順德,2351
083053,call,致茂,2360
083054,call,金像電,2368
083055,call,金像電,2368
083056,call,研華,2395
083057,call,南亞科,2408
083058,call,南亞科,2408
083059,call,京元電子,2449
083060,call,志聖,2467
083061,call,強茂,2481
083062,call,玉晶光,3406
083063,call,辛耘,3583
083064,call,臻鼎-KY,4958
083065,call,臻鼎-KY,4958
083066,call,眾達-KY,4977
083067,call,乙盛-KY,5243
083068,call,亞翔,6139
083069,call,台表科,6278
08306U,put,聯電,2303
083070,call,保瑞,6472
083071,call,保瑞,6472
083072,call,視陽,6782
083073,call,勤誠,8210
083074,call,台達電,2308
083075,call,順德,2351
083076,call,致茂,2360
083077,call,漢唐,2404
083078,call,美時,1795
083079,call,南亞科,2408
08307U,put,中砂,1560
083080,call,友達,2409
083081,call,立隆電,2472
083082,call,可成,2474
083083,call,鉅祥,2476
083084,call,長榮航太,2645
083085,call,奇鋐,3017
083086,call,奇鋐,3017
083087,call,文曄,3036
083088,call,辛耘,3583
083089,call,臻鼎-KY,4958
08308U,put,上銀,2049
083090,call,帆宣,6196
083091,call,台表科,6278
083092,call,緯穎,6669
083093,call,富世達,6805
083094,call,富世達,6805
083098,call,台塑,1301
083099,call,台達電,2308
08309U,put,宇瞻,8271
083100,call,台達電,2308
083101,call,台達電,2308
083102,call,國巨*,2327
083103,call,順德,2351
083104,call,順德,2351
083105,call,華碩,2357
083106,call,致茂,2360
083107,call,致茂,2360
083108,call,致茂,2360
083109,call,鉅祥,2476
08310U,put,宇瞻,8271
083110,call,希華,2484
083111,call,普安,2495
083112,call,奇鋐,3017
083113,call,奇鋐,3017
083114,call,奇鋐,3017
083115,call,亞光,3019
083116,call,亞光,3019
083117,call,亞光,3019
083118,call,宏致,3605
083119,call,上品,4770
08311U,put,台積電,2330
083120,call,上品,4770
083121,call,眾達-KY,4977
083122,call,亞翔,6139
083123,call,亞翔,6139
083124,call,帆宣,6196
083125,call,台表科,6278
083126,call,群電,6412
083127,call,緯穎,6669
083128,call,緯穎,6669
083129,call,永光,1711
083130,call,國巨*,2327
083131,call,致茂,2360
083132,call,希華,2484
083133,call,希華,2484
083134,call,緯穎,6669
083135,call,惠特,6706
083136,call,南亞,1303
083137,call,士電,1503
083138,call,華城,1519
083139,call,直得,1597
08313U,put,元大台灣50,0050
083140,call,光寶科,2301
083141,call,台積電,2330
083142,call,台積電,2330
083143,call,台積電,2330
083144,call,台積電,2330
083145,call,旺宏,2337
083146,call,順德,2351
083147,call,英業達,2356
083148,call,金像電,2368
083149,call,金像電,2368
083150,call,技嘉,2376
083151,call,友達,2409
083152,call,可成,2474
083153,call,強茂,2481
083154,call,長榮航太,2645
083155,call,國泰金,2882
083156,call,奇鋐,3017
083157,call,玉晶光,3406
083158,call,牧德,3563
083159,call,宏致,3605
083160,call,日月光投控,3711
083161,call,十銓,4967
083162,call,眾達-KY,4977
083163,call,佳必琪,6197
083164,call,台表科,6278
083165,call,保瑞,6472
083166,call,緯穎,6669
083167,call,緯穎,6669
083168,call,騰輝電子-KY,6672
083169,call,惠特,6706
083170,call,富世達,6805
083173,call,南亞,1303
083174,call,亞德客-KY,1590
083175,call,中鋼,2002
083176,call,聯電,2303
083177,call,台達電,2308
083178,call,華泰,2329
083179,call,鴻海,2317
08317U,put,美時,1795
083180,call,鴻海,2317
083181,call,台積電,2330
083182,call,台積電,2330
083183,call,智邦,2345
083184,call,智邦,2345
083185,call,宏碁,2353
083186,call,英業達,2356
083187,call,華碩,2357
083188,call,致茂,2360
083189,call,南亞科,2408
083190,call,南亞科,2408
083191,call,金像電,2368
083192,call,晶豪科,3006
083193,call,技嘉,2376
083194,call,技嘉,2376
083195,call,微星,2377
083196,call,友達,2409
083197,call,鉅祥,2476
083198,call,鉅祥,2476
083199,call,鉅祥,2476
083200,call,大銀微系統,4576
083201,call,瑞軒,2489
083203,call,長榮,2603
083204,call,裕民,2606
083205,call,富邦金,2881
083206,call,台新新光金,2887
083207,call,健鼎,3044
083208,call,健鼎,3044
083209,call,凌航,3135
083210,call,貿聯-KY,3665
083211,call,貿聯-KY,3665
083212,call,貿聯-KY,3665
083213,call,臻鼎-KY,4958
083214,call,瑞儀,6176
083215,call,光聖,6442
083216,call,光聖,6442
083217,call,光聖,6442
083218,call,台塑化,6505
083219,call,騰輝電子-KY,6672
083220,call,寶成,9904
083221,call,元大台灣50,0050
083225,call,台塑,1301
083226,call,南亞,1303
083227,call,亞德客-KY,1590
083228,call,中華化,1727
083229,call,中華化,1727
083230,call,美時,1795
083231,call,美時,1795
083232,call,台玻,1802
083233,call,中鋼,2002
083234,call,上銀,2049
083235,call,光寶科,2301
083236,call,光寶科,2301
083237,call,聯電,2303
083238,call,台達電,2308
083239,call,華通,2313
08323U,put,川湖,2059
083240,call,華通,2313
083241,call,鴻海,2317
083242,call,仁寶,2324
083243,call,國巨*,2327
083244,call,國巨*,2327
083245,call,台積電,2330
083246,call,台積電,2330
083247,call,智邦,2345
083248,call,順德,2351
083249,call,宏碁,2353
08324U,put,欣興,3037
083250,call,英業達,2356
083251,call,所羅門,2359
083252,call,矽統,2363
083253,call,矽統,2363
083254,call,金像電,2368
083255,call,技嘉,2376
083256,call,技嘉,2376
083257,call,微星,2377
083258,call,微星,2377
083259,call,研華,2395
08325U,put,力成,6239
083260,call,漢唐,2404
083261,call,南亞科,2408
083262,call,南亞科,2408
083263,call,京元電子,2449
083264,call,京元電子,2449
083265,call,創見,2451
083266,call,志聖,2467
083267,call,立隆電,2472
083268,call,強茂,2481
083269,call,陽明,2609
083270,call,漢翔,2634
083271,call,奇鋐,3017
083272,call,奇鋐,3017
083273,call,德律,3030
083274,call,聯詠,3034
083275,call,聯詠,3034
083276,call,緯創,3231
083277,call,緯創,3231
083278,call,昇貿,3305
083279,call,玉晶光,3406
08327U,put,康舒,6282
083280,call,玉晶光,3406
083281,call,群創,3481
083282,call,華擎,3515
083283,call,嘉澤,3533
083284,call,辛耘,3583
083285,call,貿聯-KY,3665
083286,call,日月光投控,3711
083287,call,新唐,4919
083288,call,臻鼎-KY,4958
083289,call,眾達-KY,4977
08328U,put,欣興,3037
083290,call,眾達-KY,4977
083291,call,祥碩,5269
083292,call,力成,6239
083293,call,力成,6239
083294,call,啟碁,6285
083295,call,旭隼,6409
083296,call,群電,6412
083297,call,光聖,6442
083298,call,研揚,6579
083299,call,AES-KY,6781
08329U,put,大亞,1609
083300,call,富世達,6805
083302,call,國喬,1312
083303,call,永光,1711
083304,call,上銀,2049
083305,call,光寶科,2301
083306,call,聯電,2303
083307,call,台達電,2308
083308,call,台達電,2308
083309,call,鴻海,2317
08330U,put,英業達,2356
083310,call,仁寶,2324
083311,call,台亞,2340
083312,call,茂矽,2342
083313,call,智邦,2345
083314,call,微星,2377
083315,call,漢唐,2404
083316,call,南亞科,2408
083317,call,瑞軒,2489
083318,call,新興,2605
083319,call,智原,3035
08331U,put,金像電,2368
083320,call,健鼎,3044
083321,call,揚明光,3504
083322,call,嘉澤,3533
083323,call,貿聯-KY,3665
083324,call,日月光投控,3711
083325,call,康普,4739
083326,call,正文,4906
083327,call,新唐,4919
083328,call,乙盛-KY,5243
083329,call,矽格,6257
08332U,put,裕民,2606
083330,call,台郡,6269
083331,call,台表科,6278
083332,call,啟碁,6285
083333,call,矽力*-KY,6415
083334,call,富世達,6805
083335,call,南亞科,2408
083336,call,松川精密,7788
083337,call,南茂,8150
08333U,put,嘉晶,3016
083340,call,鴻海,2317
083341,call,國巨*,2327
083342,call,華邦電,2344
083343,call,致茂,2360
083344,call,瑞軒,2489
083345,call,大立光,3008
083346,call,大立光,3008
083347,call,臻鼎-KY,4958
083348,call,啟碁,6285
083349,call,AES-KY,6781
08334U,put,聯詠,3034
083350,call,南亞,1303
083351,call,南亞,1303
083352,call,南亞,1303
083353,call,永光,1711
083354,call,光寶科,2301
083355,call,順德,2351
083356,call,順德,2351
083357,call,正崴,2392
083358,call,大立光,3008
083359,call,大立光,3008
08335U,put,緯創,3231
083360,call,大立光,3008
083361,call,大立光,3008
083362,call,玉晶光,3406
083363,call,玉晶光,3406
083364,call,康普,4739
083365,call,三福化,4755
083366,call,眾達-KY,4977
083367,call,眾達-KY,4977
083368,call,眾達-KY,4977
083369,call,眾達-KY,4977
08336U,put,聯茂,6213
083370,call,今國光,6209
083371,call,緯穎,6669
083372,call,嘉基,6715
083373,call,AES-KY,6781
083374,call,AES-KY,6781
083375,call,富世達,6805
083376,call,富鼎,8261
083377,call,富鼎,8261
083378,call,微星,2377
083379,call,大立光,3008
08337U,put,矽格,6257
083380,call,大立光,3008
083381,call,大立光,3008
083382,call,大立光,3008
083383,call,光聖,6442
083384,call,南茂,8150
083385,call,南亞,1303
083386,call,台化,1326
083387,call,聯電,2303
083388,call,國巨*,2327
083389,call,順德,2351
08338U,put,旭隼,6409
083390,call,凱美,2375
083391,call,技嘉,2376
083392,call,技嘉,2376
083393,call,亞航,2630
083394,call,大立光,3008
083395,call,奇鋐,3017
083396,call,揚明光,3504
083397,call,台塑化,6505
083398,call,富世達,6805
083399,call,松川精密,7788
08339U,put,緯穎,6669
083401,call,南亞,1303
083402,call,南亞科,2408
083403,call,鉅祥,2476
083404,call,大立光,3008
083405,call,大立光,3008
083406,call,大立光,3008
083407,call,玉晶光,3406
083408,call,神達,3706
083409,call,今國光,6209
08340U,put,宇瞻,8271
083411,call,南亞,1303
083412,call,南亞,1303
083413,call,東元,1504
083414,call,華城,1519
083415,call,華城,1519
083416,call,華城,1519
083417,call,第一銅,2009
083418,call,聯電,2303
083419,call,台達電,2308
08341U,put,可寧衛*,8422
083420,call,華通,2313
083421,call,華通,2313
083422,call,仁寶,2324
083423,call,台積電,2330
083424,call,台積電,2330
083425,call,旺宏,2337
083426,call,順德,2351
083427,call,鴻準,2354
083428,call,鴻準,2354
083429,call,鴻準,2354
083430,call,大同,2371
083431,call,技嘉,2376
083432,call,研華,2395
083433,call,大毅,2478
083434,call,強茂,2481
083435,call,強茂,2481
083436,call,強茂,2481
083437,call,希華,2484
083438,call,希華,2484
083439,call,瑞軒,2489
083440,call,漢翔,2634
083441,call,慧洋-KY,2637
083442,call,嘉晶,3016
083443,call,健鼎,3044
083444,call,揚明光,3504
083445,call,貿聯-KY,3665
083446,call,貿聯-KY,3665
083447,call,事欣科,4916
083448,call,臻鼎-KY,4958
083449,call,亞翔,6139
08344U,put,中砂,1560
083450,call,光聖,6442
083451,call,GIS-KY,6456
083452,call,台塑化,6505
083453,call,洋基工程,6691
083454,call,富世達,6805
083455,call,松川精密,7788
083456,call,元大台灣50,0050
083457,call,元大台灣50,0050
083458,call,元大台灣50,0050
08345U,put,欣興,3037
083460,call,國喬,1312
083461,call,華城,1519
083462,call,華城,1519
083463,call,華城,1519
083464,call,華通,2313
083465,call,華通,2313
083466,call,國巨*,2327
083467,call,台積電,2330
083468,call,台積電,2330
083469,call,智邦,2345
08346U,put,元大台灣50,0050
083470,call,智邦,2345
083471,call,順德,2351
083472,call,鴻準,2354
083473,call,華碩,2357
083474,call,金像電,2368
083475,call,技嘉,2376
083476,call,南亞科,2408
083477,call,友達,2409
083478,call,大立光,3008
083479,call,大立光,3008
08347U,put,華新,1605
083480,call,大立光,3008
083481,call,大立光,3008
083482,call,大立光,3008
083483,call,大立光,3008
083484,call,大立光,3008
083485,call,大立光,3008
083486,call,大立光,3008
083487,call,大立光,3008
083488,call,大立光,3008
083489,call,大立光,3008
08348U,put,台光電,2383
083490,call,大立光,3008
083491,call,大立光,3008
083492,call,大立光,3008
083493,call,奇鋐,3017
083494,call,奇鋐,3017
083495,call,奇鋐,3017
083496,call,新日興,3376
083497,call,玉晶光,3406
083498,call,玉晶光,3406
083499,call,辛耘,3583
083500,call,貿聯-KY,3665
083501,call,日月光投控,3711
083502,call,臻鼎-KY,4958
083504,call,松翰,5471
083505,call,瑞儀,6176
083506,call,台郡,6269
083507,call,鈺邦,6449
083508,call,騰輝電子-KY,6672
083509,call,騰輝電子-KY,6672
083510,call,力積電,6770
083511,call,AES-KY,6781
083512,call,晶心科,6533
083513,call,富世達,6805
083514,call,富世達,6805
083515,call,富鼎,8261
083516,call,富鼎,8261
083518,call,台塑,1301
083519,call,南亞,1303
083520,call,美時,1795
083521,call,台玻,1802
083522,call,中鋼,2002
083523,call,聯電,2303
083524,call,台達電,2308
083525,call,華通,2313
083526,call,鴻海,2317
083527,call,國巨*,2327
083528,call,智邦,2345
083529,call,所羅門,2359
08352U,put,宏碁,2353
083530,call,矽統,2363
083531,call,漢唐,2404
083532,call,南亞科,2408
083533,call,建準,2421
083534,call,鉅祥,2476
083535,call,瑞軒,2489
083536,call,富邦金,2881
083537,call,台新新光金,2887
083538,call,大立光,3008
083539,call,大立光,3008
083540,call,大立光,3008
083541,call,大立光,3008
083542,call,大立光,3008
083543,call,大立光,3008
083544,call,大立光,3008
083545,call,大立光,3008
083546,call,大立光,3008
083547,call,大立光,3008
083548,call,嘉晶,3016
083549,call,智原,3035
08354U,put,中砂,1560
083550,call,健鼎,3044
083551,call,凌航,3135
083552,call,緯創,3231
083553,call,玉晶光,3406
083554,call,嘉澤,3533
083555,call,貿聯-KY,3665
083556,call,臻鼎-KY,4958
083557,call,祥碩,5269
083558,call,力成,6239
083559,call,矽格,6257
08355U,put,欣興,3037
083560,call,光聖,6442
083561,call,富世達,6805
083562,call,富鼎,8261
083563,call,寶成,9904
083564,call,元大台灣50,0050
083565,call,台塑,1301
083566,call,南亞,1303
083567,call,士電,1503
083568,call,華城,1519
083569,call,台達電,2308
08356U,put,立積,4968
083570,call,華通,2313
083571,call,國巨*,2327
083572,call,台積電,2330
083573,call,鴻準,2354
083574,call,敬鵬,2355
083575,call,金像電,2368
083576,call,大同,2371
083577,call,南亞科,2408
083578,call,鉅祥,2476
083579,call,亞航,2630
083580,call,大立光,3008
083581,call,大立光,3008
083582,call,大立光,3008
083583,call,大立光,3008
083584,call,大立光,3008
083585,call,奇鋐,3017
083586,call,昇貿,3305
083587,call,玉晶光,3406
083588,call,玉晶光,3406
083589,call,牧德,3563
083590,call,TPK-KY,3673
083591,call,定穎投控,3715
083592,call,智伸科,4551
083593,call,十銓,4967
083594,call,佳必琪,6197
083595,call,台郡,6269
083596,call,保瑞,6472
083597,call,騰輝電子-KY,6672
083598,call,富世達,6805
083599,call,南茂,8150
08359U,put,英業達,2356
083600,call,富鼎,8261
083601,call,富鼎,8261
083602,call,台塑,1301
083603,call,南亞,1303
083604,call,國喬,1312
083605,call,國喬,1312
083606,call,國喬,1312
083607,call,國喬,1312
083608,call,永光,1711
083609,call,永光,1711
08360U,put,金像電,2368
083610,call,長興,1717
083611,call,鴻海,2317
083612,call,順德,2351
083613,call,南亞科,2408
083614,call,南亞科,2408
083615,call,南亞科,2408
083616,call,興勤,2428
083617,call,興勤,2428
083618,call,興勤,2428
083619,call,超豐,2441
08361U,put,緯創,3231
083620,call,超豐,2441
083621,call,漢翔,2634
083622,call,富邦金,2881
083623,call,大立光,3008
083624,call,大立光,3008
083625,call,大立光,3008
083626,call,大立光,3008
083627,call,台光電,2383
083628,call,奇鋐,3017
083629,call,新日興,3376
08362U,put,緯穎,6669
083630,call,新日興,3376
083631,call,玉晶光,3406
083632,call,力積電,6770
083633,call,AES-KY,6781
083634,call,AES-KY,6781
083635,call,AES-KY,6781
083636,call,富世達,6805
083637,call,富世達,6805
083638,call,富鼎,8261
083639,call,富鼎,8261
08363U,put,臻鼎-KY,4958
083640,call,台化,1326
083641,call,順德,2351
083642,call,勤誠,8210
083643,call,鴻準,2354
083644,call,正崴,2392
083645,call,大立光,3008
083646,call,新日興,3376
083647,call,新日興,3376
083648,call,玉晶光,3406
083649,call,玉晶光,3406
08364U,put,奇鋐,3017
083650,call,眾達-KY,4977
083651,call,眾達-KY,4977
083652,call,今國光,6209
083653,call,富世達,6805
083654,call,南亞,1303
083655,call,聯電,2303
083656,call,台達電,2308
083657,call,國巨*,2327
083658,call,華邦電,2344
083659,call,鴻準,2354
08365U,put,日月光投控,3711
083660,call,金像電,2368
083661,call,南亞科,2408
083662,call,京元電子,2449
083663,call,強茂,2481
083664,call,亞航,2630
083665,call,玉晶光,3406
083666,call,宏致,3605
083667,call,貿聯-KY,3665
083668,call,富世達,6805
083669,call,松川精密,7788
08366U,put,奇鋐,3017
083671,call,光寶科,2301
083672,call,光寶科,2301
083673,call,台積電,2330
083674,call,聯電,2303
083675,call,聯電,2303
083676,call,國巨*,2327
083677,call,國巨*,2327
083678,call,矽統,2363
083679,call,金像電,2368
083680,call,金像電,2368
083681,call,金像電,2368
083682,call,友達,2409
083683,call,京元電子,2449
083684,call,智原,3035
083685,call,健鼎,3044
083686,call,玉晶光,3406
083687,call,玉晶光,3406
083688,call,貿聯-KY,3665
083689,call,臻鼎-KY,4958
083690,call,亞翔,6139
083691,call,力成,6239
083692,call,矽力*-KY,6415
083693,call,富世達,6805
083694,call,富世達,6805
083695,call,松川精密,7788
083696,call,士電,1503
083697,call,建準,2421
083698,call,元大台灣50,0050
083699,call,南亞,1303
083700,call,南亞,1303
083701,call,東元,1504
083702,call,華城,1519
083703,call,華城,1519
083704,call,直得,1597
083705,call,上銀,2049
083706,call,台達電,2308
083707,call,台達電,2308
083708,call,台積電,2330
083709,call,華通,2313
08370U,put,上銀,2049
083710,call,華通,2313
083711,call,仁寶,2324
083712,call,台積電,2330
083713,call,台積電,2330
083714,call,順德,2351
083715,call,順德,2351
083716,call,順德,2351
083717,call,順德,2351
083718,call,順德,2351
083719,call,致茂,2360
08371U,put,宏碁,2353
083720,call,致茂,2360
083721,call,金像電,2368
083722,call,金像電,2368
083723,call,友達,2409
083724,call,興勤,2428
083725,call,強茂,2481
083726,call,強茂,2481
083727,call,揚博,2493
083728,call,大立光,3008
083729,call,辛耘,3583
08372U,put,台光電,2383
083730,call,辛耘,3583
083731,call,辛耘,3583
083732,call,貿聯-KY,3665
083733,call,貿聯-KY,3665
083734,call,十銓,4967
083735,call,眾達-KY,4977
083736,call,眾達-KY,4977
083737,call,矽力*-KY,6415
083738,call,矽力*-KY,6415
083739,call,光聖,6442
08373U,put,京元電子,2449
083740,call,台塑化,6505
083741,call,AES-KY,6781
083742,call,AES-KY,6781
083743,call,AES-KY,6781
083744,call,富世達,6805
083745,call,富世達,6805
083746,call,富世達,6805
083747,call,松川精密,7788
083748,call,勤誠,8210
083749,call,勤誠,8210
08374U,put,聯詠,3034
083750,call,宇瞻,8271
083752,call,長興,1717
083753,call,中纖,1718
083754,call,光寶科,2301
083755,call,光寶科,2301
083756,call,聯電,2303
083757,call,台達電,2308
083758,call,國巨*,2327
083759,call,國巨*,2327
08375U,put,欣興,3037
083760,call,智邦,2345
083761,call,鴻準,2354
083762,call,所羅門,2359
083763,call,矽統,2363
083764,call,燿華,2367
083765,call,漢唐,2404
083766,call,漢唐,2404
083767,call,超豐,2441
083768,call,京元電子,2449
083769,call,鉅祥,2476
08376U,put,健鼎,3044
083770,call,兆赫,2485
083771,call,揚博,2493
083772,call,宏達電,2498
083773,call,陽明,2609
083774,call,奇鋐,3017
083775,call,威健,3033
083776,call,智原,3035
083777,call,健鼎,3044
083778,call,緯創,3231
083779,call,玉晶光,3406
08377U,put,立積,4968
083780,call,嘉澤,3533
083781,call,宏致,3605
083782,call,貿聯-KY,3665
083783,call,大聯大,3702
083784,call,大銀微系統,4576
083785,call,正文,4906
083786,call,jpp-KY,5284
083787,call,力成,6239
083788,call,矽格,6257
083789,call,同欣電,6271
08378U,put,聯茂,6213
083790,call,同欣電,6271
083791,call,台表科,6278
083792,call,康舒,6282
083793,call,光聖,6442
083794,call,GIS-KY,6456
083795,call,力積電,6770
083796,call,AES-KY,6781
083797,call,AES-KY,6781
083798,call,富世達,6805
083799,call,松川精密,7788
08379U,put,旭隼,6409
083800,call,元大台灣50,0050
083805,call,南亞,1303
083806,call,華城,1519
083807,call,華新,1605
083808,call,光寶科,2301
083809,call,光寶科,2301
08380U,put,欣興,3037
083810,call,聯電,2303
083811,call,聯電,2303
083812,call,國巨*,2327
083813,call,國巨*,2327
083814,call,國巨*,2327
083815,call,台積電,2330
083816,call,旺宏,2337
083817,call,順德,2351
083818,call,鴻準,2354
083819,call,金像電,2368
083820,call,大同,2371
083821,call,技嘉,2376
083822,call,京元電子,2449
083823,call,強茂,2481
083824,call,希華,2484
083825,call,陽明,2609
083826,call,亞航,2630
083827,call,漢翔,2634
083828,call,慧洋-KY,2637
083829,call,大立光,3008
08382U,put,金像電,2368
083830,call,奇鋐,3017
083831,call,聯詠,3034
083832,call,昇貿,3305
083833,call,富世達,6805
083834,call,新日興,3376
083835,call,玉晶光,3406
083836,call,嘉澤,3533
083837,call,牧德,3563
083838,call,宏致,3605
083839,call,貿聯-KY,3665
08383U,put,緯創,3231
083840,call,定穎投控,3715
083841,call,事欣科,4916
083842,call,十銓,4967
083843,call,力成,6239
083844,call,台郡,6269
083845,call,啟碁,6285
083846,call,GIS-KY,6456
083847,call,保瑞,6472
083848,call,緯穎,6669
083849,call,騰輝電子-KY,6672
08384U,put,臻鼎-KY,4958
083850,call,松川精密,7788
083851,call,元大台灣50,0050
083852,call,元大台灣50,0050
083853,call,元大台灣50,0050
083855,call,南亞,1303
083856,call,南亞,1303
083857,call,東陽,1319
083859,call,士電,1503
08385U,put,緯穎,6669
083860,call,中砂,1560
083861,call,中鋼,2002
083862,call,聯電,2303
083863,call,鴻海,2317
083864,call,智邦,2345
083865,call,智邦,2345
083866,call,順德,2351
083867,call,鴻準,2354
083868,call,鴻準,2354
083869,call,英業達,2356
083870,call,矽統,2363
083871,call,金像電,2368
083872,call,金像電,2368
083873,call,凱美,2375
083874,call,技嘉,2376
083875,call,漢唐,2404
083876,call,漢唐,2404
083877,call,京元電子,2449
083878,call,十銓,4967
083879,call,同欣電,6271
08387U,put,台積電,2330
083880,call,矽力*-KY,6415
083881,call,矽力*-KY,6415
083882,call,保瑞,6472
083883,call,捷敏-KY,6525
083884,call,富世達,6805
083885,call,松川精密,7788
083886,call,寶成,9904
083888,call,士電,1503
083889,call,東元,1504
083890,call,亞力,1514
083891,call,華新,1605
083892,call,華新,1605
083893,call,國巨*,2327
083894,call,華邦電,2344
083895,call,順德,2351
083896,call,京元電子,2449
083897,call,健和興,3003
083898,call,新日興,3376
083899,call,玉晶光,3406
083900,call,玉晶光,3406
083901,call,群創,3481
083902,call,晶彩科,3535
083903,call,達邁,3645
083904,call,眾達-KY,4977
083905,call,今國光,6209
083906,call,今國光,6209
083907,call,同欣電,6271
083908,call,GIS-KY,6456
083909,call,GIS-KY,6456
08390U,put,奇鋐,3017
083910,call,緯穎,6669
083911,call,嘉基,6715
083912,call,AES-KY,6781
083913,call,AES-KY,6781
083914,call,富世達,6805
083915,call,睿生光電,6861
083916,call,松川精密,7788
083917,call,明基材,8215
083918,call,台汽電,8926
083919,call,元大台灣50,0050
08391U,put,日月光投控,3711
083920,call,亞德客-KY,1590
083921,call,光寶科,2301
083922,call,光寶科,2301
083923,call,聯電,2303
083924,call,聯電,2303
083925,call,聯電,2303
083926,call,國巨*,2327
083927,call,金像電,2368
083928,call,大同,2371
083929,call,正崴,2392
083930,call,正崴,2392
083931,call,正崴,2392
083932,call,毅嘉,2402
083933,call,毅嘉,2402
083934,call,毅嘉,2402
083935,call,友達,2409
083936,call,友達,2409
083937,call,志聖,2467
083938,call,大立光,3008
083939,call,奇鋐,3017
083940,call,奇鋐,3017
083941,call,玉晶光,3406
083942,call,宏致,3605
083943,call,TPK-KY,3673
083944,call,眾達-KY,4977
083945,call,松川精密,7788
083946,call,松川精密,7788
083947,call,鼎炫-KY,8499
083948,call,南亞,1303
083949,call,金像電,2368
083950,call,日電貿,3090
083951,call,玉晶光,3406
083952,call,玉晶光,3406
083953,call,嘉澤,3533
083954,call,富世達,6805
083955,call,南亞,1303
083956,call,南亞,1303
083957,call,永光,1711
083958,call,勝一,1773
083959,call,光寶科,2301
08395U,put,上銀,2049
083960,call,台達電,2308
083961,call,台達電,2308
083962,call,華通,2313
083963,call,華通,2313
083964,call,智邦,2345
083965,call,致茂,2360
083966,call,金像電,2368
083967,call,建準,2421
083968,call,裕民,2606
083969,call,日電貿,3090
08396U,put,中興電,1513
083970,call,玉晶光,3406
083971,call,玉晶光,3406
083972,call,牧德,3563
083973,call,貿聯-KY,3665
083974,call,日月光投控,3711
083975,call,雙鍵,4764
083976,call,臻鼎-KY,4958
083977,call,臻鼎-KY,4958
083978,call,復盛應用,6670
083979,call,采鈺,6789
08397U,put,宇瞻,8271
083980,call,富世達,6805
083981,call,中華化,1727
083982,call,日電貿,3090
083983,call,玉晶光,3406
083984,call,宏致,3605
083985,call,台郡,6269
083986,call,采鈺,6789
083987,call,富世達,6805
083988,call,富世達,6805
083989,call,松川精密,7788
08398U,put,台化,1326
083990,call,元大台灣50,0050
083991,call,元大台灣50,0050
083997,call,光寶科,2301
083998,call,台達電,2308
083999,call,鴻海,2317
08399U,put,欣興,3037
084000,call,仁寶,2324
084001,call,台積電,2330
084002,call,鴻準,2354
084003,call,英業達,2356
084004,call,華碩,2357
084005,call,技嘉,2376
084006,call,友達,2409
084007,call,創見,2451
084008,call,大毅,2478
084009,call,長榮,2603
08400U,put,日月光投控,3711
084010,call,裕民,2606
084011,call,陽明,2609
084012,call,美時,1795
084013,call,慧洋-KY,2637
084014,call,富邦金,2881
084015,call,凱基金,2883
084016,call,神基,3005
084017,call,文曄,3036
084018,call,健鼎,3044
084019,call,精金,3049
08401U,put,智邦,2345
084020,call,日電貿,3090
084021,call,奇鋐,3017
084022,call,亞光,3019
084023,call,日電貿,3090
084024,call,緯創,3231
084025,call,玉晶光,3406
084026,call,玉晶光,3406
084027,call,玉晶光,3406
084028,call,玉晶光,3406
084029,call,玉晶光,3406
08402U,put,日月光投控,3711
084030,call,玉晶光,3406
084031,call,玉晶光,3406
084032,call,群創,3481
084033,call,貿聯-KY,3665
084034,call,神達,3706
084035,call,雙鍵,4764
084036,call,臻鼎-KY,4958
084037,call,力成,6239
084038,call,矽力*-KY,6415
084039,call,力積電,6770
08403U,put,友達,2409
084040,call,富世達,6805
084041,call,富世達,6805
084045,call,富世達,6805
084046,call,富世達,6805
084047,call,富世達,6805
084048,call,富世達,6805
084049,call,富世達,6805
08404U,put,中興電,1513
084050,call,富世達,6805
084051,call,松川精密,7788
084057,call,南亞,1303
084058,call,國喬,1312
084059,call,華新,1605
08405U,put,鴻海,2317
084060,call,長興,1717
084061,call,台玻,1802
084062,call,光寶科,2301
084063,call,台積電,2330
084064,call,金像電,2368
084065,call,新興,2605
084066,call,玉山金,2884
084067,call,元大金,2885
084068,call,永豐金,2890
084069,call,中信金,2891
08406U,put,台積電,2330
084070,call,玉晶光,3406
084071,call,玉晶光,3406
084072,call,雙鍵,4764
084075,call,國喬,1312
084076,call,長興,1717
084077,call,國巨*,2327
084078,call,金像電,2368
084079,call,日電貿,3090
08407U,put,台積電,2330
084080,call,日電貿,3090
084081,call,日電貿,3090
084082,call,玉晶光,3406
084083,call,玉晶光,3406
084084,call,雙鍵,4764
084085,call,臻鼎-KY,4958
084086,call,矽力*-KY,6415
084087,call,采鈺,6789
084088,call,采鈺,6789
084089,call,采鈺,6789
08408U,put,台積電,2330
084090,call,采鈺,6789
084091,call,采鈺,6789
084092,call,富世達,6805
084093,call,光寶科,2301
084094,call,奇鋐,3017
084095,call,日電貿,3090
084096,call,玉晶光,3406
084097,call,采鈺,6789
08409U,put,華通,2313
084101,call,南亞,1303
084102,call,華城,1519
084103,call,華新,1605
084104,call,長興,1717
084105,call,台玻,1802
084106,call,光寶科,2301
084107,call,聯電,2303
084108,call,華通,2313
084109,call,鴻海,2317
08410U,put,鴻海,2317
084110,call,仁寶,2324
084111,call,國巨*,2327
084112,call,國巨*,2327
084113,call,台積電,2330
084114,call,華邦電,2344
084115,call,智邦,2345
084116,call,鴻準,2354
084117,call,金像電,2368
084118,call,技嘉,2376
084119,call,南亞科,2408
08411U,put,台積電,2330
084120,call,友達,2409
084121,call,建準,2421
084122,call,長榮,2603
084123,call,陽明,2609
084124,call,奇鋐,3017
084125,call,聯詠,3034
084126,call,日電貿,3090
084127,call,緯創,3231
084128,call,玉晶光,3406
084129,call,玉晶光,3406
08412U,put,台積電,2330
084130,call,群創,3481
084131,call,嘉澤,3533
084132,call,牧德,3563
084133,call,貿聯-KY,3665
084134,call,日月光投控,3711
084135,call,雙鍵,4764
084136,call,雙鍵,4764
084137,call,臻鼎-KY,4958
084138,call,十銓,4967
084139,call,祥碩,5269
08413U,put,智邦,2345
084140,call,亞翔,6139
084141,call,力成,6239
084142,call,同欣電,6271
084143,call,啟碁,6285
084144,call,保瑞,6472
084145,call,緯穎,6669
084146,call,緯穎,6669
084147,call,緯穎,6669
084148,call,力積電,6770
084149,call,AES-KY,6781
08414U,put,日月光投控,3711
084150,call,采鈺,6789
084151,call,松川精密,7788
084152,call,南茂,8150
084153,call,元大台灣50,0050
084154,call,元大台灣50,0050
084156,call,南亞,1303
084157,call,東元,1504
084158,call,長興,1717
084159,call,上銀,2049
08415U,put,勤誠,8210
084160,call,台達電,2308
084161,call,華通,2313
084162,call,仁寶,2324
084163,call,華邦電,2344
084164,call,智邦,2345
084165,call,所羅門,2359
084166,call,矽統,2363
084167,call,金像電,2368
084168,call,漢唐,2404
084169,call,南亞科,2408
08416U,put,華泰,2329
084170,call,友達,2409
084171,call,建準,2421
084172,call,鉅祥,2476
084173,call,宏達電,2498
084174,call,健和興,3003
084175,call,奇鋐,3017
084176,call,日電貿,3090
084177,call,日電貿,3090
084178,call,日電貿,3090
084179,call,緯創,3231
08417U,put,大量,3167
084180,call,玉晶光,3406
084181,call,群創,3481
084182,call,辛耘,3583
084183,call,大銀微系統,4576
084184,call,今國光,6209
084185,call,矽格,6257
084186,call,康舒,6282
084187,call,光聖,6442
084188,call,緯穎,6669
084189,call,力積電,6770
08418U,put,台積電,2330
084192,call,國喬,1312
084193,call,華城,1519
084194,call,長興,1717
084195,call,台達電,2308
084196,call,金寶,2312
084197,call,華通,2313
084198,call,鴻海,2317
084199,call,國巨*,2327
08419U,put,台積電,2330
084200,call,華邦電,2344
084201,call,智邦,2345
084202,call,英業達,2356
084203,call,華碩,2357
084204,call,矽統,2363
084205,call,漢唐,2404
084206,call,建準,2421
084207,call,長榮,2603
084208,call,國泰金,2882
084209,call,永豐金,2890
08420P,put,台積電,2330
08420U,put,元大台灣50,0050
084210,call,德律,3030
084211,call,智原,3035
084212,call,日電貿,3090
084213,call,日電貿,3090
084214,call,日電貿,3090
084215,call,全科,3209
084216,call,緯創,3231
084217,call,玉晶光,3406
084218,call,嘉澤,3533
084219,call,牧德,3563
08421U,put,華通,2313
084220,call,日月光投控,3711
084221,call,定穎投控,3715
084222,call,雙鍵,4764
084223,call,雙鍵,4764
084224,call,臻鼎-KY,4958
084225,call,乙盛-KY,5243
084226,call,力成,6239
084227,call,矽格,6257
084228,call,啟碁,6285
084229,call,晶碩,6491
08422U,put,華通,2313
084230,call,視陽,6782
084231,call,采鈺,6789
084232,call,至上,8112
084233,call,新纖,1409
084234,call,致茂,2360
084235,call,萬海,2615
084236,call,健鼎,3044
084237,call,日電貿,3090
084238,call,日電貿,3090
084239,call,定穎投控,3715
08423U,put,元大台灣50,0050
084240,call,定穎投控,3715
084241,call,雙鍵,4764
084242,call,采鈺,6789
084243,call,采鈺,6789
084244,call,南亞,1303
084245,call,國喬,1312
084246,call,台化,1326
084247,call,長興,1717
084248,call,南亞科,2408
084249,call,奇鋐,3017
08424U,put,元大台灣50,0050
084250,call,晶技,3042
084251,call,貿聯-KY,3665
084252,call,定穎投控,3715
084254,call,南亞,1303
084255,call,南亞,1303
084256,call,南亞,1303
084257,call,台化,1326
084258,call,上銀,2049
084259,call,聯電,2303
08425U,put,華通,2313
084260,call,聯電,2303
084261,call,台達電,2308
084262,call,台達電,2308
084263,call,金寶,2312
084264,call,華通,2313
084265,call,金像電,2368
084266,call,金像電,2368
084267,call,金像電,2368
084268,call,研華,2395
084269,call,京元電子,2449
08426U,put,元大台灣50,0050
084270,call,晶技,3042
084271,call,晶技,3042
084273,call,晶技,3042
084274,call,晶技,3042
084275,call,緯創,3231
084276,call,貿聯-KY,3665
084277,call,神達,3706
084278,call,日月光投控,3711
084279,call,定穎投控,3715
08427U,put,台積電,2330
084280,call,材料*-KY,4763
084281,call,新唐,4919
084282,call,力成,6239
084283,call,達發,6526
084284,call,帝寶,6605
084285,call,南亞,1303
084286,call,國喬,1312
084287,call,台達電,2308
084288,call,華通,2313
084289,call,京元電子,2449
08428U,put,華城,1519
084290,call,京元電子,2449
084291,call,日電貿,3090
084292,call,臻鼎-KY,4958
084293,call,臻鼎-KY,4958
084294,call,力成,6239
084295,call,晶碩,6491
084296,call,台塑化,6505
084297,call,AES-KY,6781
084298,call,元大台灣50,0050
08429U,put,華通,2313
084301,call,南亞,1303
084302,call,台化,1326
084303,call,上銀,2049
084304,call,台達電,2308
084305,call,華通,2313
084306,call,英業達,2356
084307,call,所羅門,2359
084308,call,矽統,2363
084309,call,金像電,2368
08430U,put,鴻海,2317
084310,call,漢唐,2404
084311,call,南亞科,2408
084312,call,京元電子,2449
084313,call,鉅祥,2476
084314,call,奇鋐,3017
084315,call,晶技,3042
084316,call,晶技,3042
084317,call,群創,3481
084318,call,辛耘,3583
084319,call,日月光投控,3711
08431U,put,台積電,2330
084320,call,臻鼎-KY,4958
084321,call,今國光,6209
084322,call,力成,6239
084323,call,矽力*-KY,6415
084324,call,至上,8112
084325,call,元大台灣50,0050
08432U,put,台積電,2330
084330,call,南亞,1303
084331,call,南亞,1303
084332,call,台化,1326
084333,call,華城,1519
084334,call,中砂,1560
084335,call,華新,1605
084336,call,台玻,1802
084337,call,光寶科,2301
084338,call,聯電,2303
084339,call,金寶,2312
084340,call,國巨*,2327
084341,call,鴻準,2354
084342,call,華碩,2357
084343,call,金像電,2368
084344,call,技嘉,2376
084345,call,京元電子,2449
084346,call,陽明,2609
084347,call,萬海,2615
084348,call,萬海,2615
084349,call,萬海,2615
08434U,put,華城,1519
084350,call,慧洋-KY,2637
084351,call,神基,3005
084352,call,聯詠,3034
084353,call,文曄,3036
084354,call,晶技,3042
084355,call,晶技,3042
084356,call,健鼎,3044
084357,call,緯創,3231
084358,call,群創,3481
084359,call,嘉澤,3533
08435U,put,華城,1519
084360,call,貿聯-KY,3665
084361,call,神達,3706
084362,call,日月光投控,3711
084363,call,定穎投控,3715
084364,call,臻鼎-KY,4958
084365,call,眾達-KY,4977
084366,call,祥碩,5269
084367,call,力成,6239
084368,call,同欣電,6271
084369,call,啟碁,6285
08436U,put,台達電,2308
084370,call,矽力*-KY,6415
084371,call,保瑞,6472
084372,call,達發,6526
084373,call,AES-KY,6781
084374,call,采鈺,6789
084375,call,采鈺,6789
084376,call,采鈺,6789
08437U,put,台達電,2308
084380,call,聯成,1313
084381,call,新纖,1409
084382,call,中砂,1560
084383,call,和桐,1714
084384,call,勝一,1773
084385,call,致茂,2360
084386,call,瑞昱,2379
084387,call,瑞昱,2379
084388,call,威盛,2388
084389,call,志聖,2467
08438U,put,華通,2313
084390,call,冠德,2520
084391,call,華航,2610
084392,call,長榮航,2618
084393,call,凱基金,2883
084394,call,嘉晶,3016
084395,call,新日興,3376
084396,call,定穎投控,3715
084397,call,正文,4906
084398,call,jpp-KY,5284
084399,call,華懋,5292
08439U,put,啟碁,6285
084400,call,台郡,6269
084401,call,聯策,6658
084402,call,惠特,6706
084404,call,台達電,2308
084405,call,台達電,2308
084406,call,華通,2313
084407,call,致茂,2360
084408,call,萬海,2615
084409,call,萬海,2615
08440U,put,元大台灣50,0050
084410,call,漢翔,2634
084411,call,嘉晶,3016
084412,call,智原,3035
084413,call,晶技,3042
084414,call,日電貿,3090
084415,call,牧德,3563
084416,call,貿聯-KY,3665
084417,call,新唐,4919
084418,call,矽格,6257
084419,call,力積電,6770
08441U,put,華城,1519
084420,call,采鈺,6789
084421,call,台塑,1301
084422,call,華夏,1305
084423,call,東陽,1319
084424,call,東元,1504
084425,call,直得,1597
084426,call,台達電,2308
084427,call,台達電,2308
084428,call,台達電,2308
084429,call,台達電,2308
08442U,put,華城,1519
084430,call,研華,2395
084431,call,研華,2395
084432,call,強茂,2481
084433,call,強茂,2481
084434,call,強茂,2481
084435,call,定穎投控,3715
084436,call,定穎投控,3715
084437,call,大銀微系統,4576
084438,call,大銀微系統,4576
084439,call,達發,6526
08443U,put,台積電,2330
084440,call,復盛應用,6670
084441,call,振樺電,8114
084442,call,福懋科,8131
084443,call,南亞,1303
084444,call,國喬,1312
084445,call,國喬,1312
084446,call,東元,1504
084447,call,上銀,2049
084448,call,光寶科,2301
084449,call,聯電,2303
08444U,put,台積電,2330
084450,call,台達電,2308
084451,call,仁寶,2324
084452,call,台積電,2330
084453,call,台積電,2330
084454,call,旺宏,2337
084455,call,旺宏,2337
084456,call,旺宏,2337
084457,call,智邦,2345
084458,call,智邦,2345
084459,call,智邦,2345
08445U,put,矽統,2363
084460,call,智邦,2345
084461,call,鴻準,2354
084462,call,華碩,2357
084463,call,所羅門,2359
084464,call,致茂,2360
084465,call,矽統,2363
084466,call,金像電,2368
084467,call,技嘉,2376
084468,call,微星,2377
084469,call,研華,2395
08446U,put,欣興,3037
084470,call,南亞科,2408
084471,call,友達,2409
084472,call,建準,2421
084473,call,建準,2421
084474,call,建準,2421
084475,call,強茂,2481
084476,call,強茂,2481
084477,call,強茂,2481
084478,call,長榮,2603
084479,call,陽明,2609
08447U,put,啟碁,6285
084480,call,萬海,2615
084481,call,萬海,2615
084482,call,萬海,2615
084483,call,聯詠,3034
084484,call,晶技,3042
084485,call,健鼎,3044
084486,call,日電貿,3090
084487,call,緯創,3231
084488,call,嘉澤,3533
084489,call,嘉澤,3533
08448U,put,宇瞻,8271
084490,call,嘉澤,3533
084491,call,貿聯-KY,3665
084492,call,貿聯-KY,3665
084493,call,貿聯-KY,3665
084494,call,神達,3706
084495,call,材料*-KY,4763
084496,call,和碩,4938
084497,call,臻鼎-KY,4958
084498,call,十銓,4967
084499,call,今國光,6209
084500,call,光聖,6442
084501,call,保瑞,6472
084502,call,洋基工程,6691
084503,call,力積電,6770
084504,call,勤誠,8210
084505,call,中砂,1560
084506,call,鉅祥,2476
084507,call,大銀微系統,4576
084508,call,雙鍵,4764
084509,call,帆宣,6196
084510,call,光聖,6442
084511,call,訊芯-KY,6451
084512,call,訊芯-KY,6451
084513,call,緯穎,6669
084514,call,采鈺,6789
084515,call,勤誠,8210
084516,call,勤誠,8210
084517,call,緯穎,6669
084518,call,緯穎,6669
084519,call,緯穎,6669
084521,call,南亞,1303
084522,call,長興,1717
084523,call,台積電,2330
084524,call,台積電,2330
084525,call,台積電,2330
084526,call,台積電,2330
084527,call,英業達,2356
084528,call,友達,2409
084529,call,可成,2474
084530,call,亞光,3019
084531,call,亞光,3019
084532,call,緯創,3231
084533,call,緯創,3231
084534,call,貿聯-KY,3665
084535,call,貿聯-KY,3665
084536,call,神達,3706
084537,call,大銀微系統,4576
084538,call,眾達-KY,4977
084539,call,瑞儀,6176
08453U,put,台積電,2330
084540,call,光聖,6442
084541,call,緯穎,6669
084542,call,緯穎,6669
084543,call,緯穎,6669
084544,call,緯穎,6669
084545,call,緯穎,6669
084546,call,宇瞻,8271
084547,call,台化,1326
084549,call,台化,1326
084550,call,國巨*,2327
084551,call,華碩,2357
084552,call,金像電,2368
084553,call,金像電,2368
084554,call,亞光,3019
084555,call,新日興,3376
084556,call,正文,4906
084557,call,佳必琪,6197
084558,call,光聖,6442
084559,call,緯穎,6669
084560,call,緯穎,6669
084561,call,緯穎,6669
084563,call,台塑,1301
084564,call,台塑,1301
084565,call,台塑,1301
084566,call,直得,1597
084567,call,第一銅,2009
084568,call,上銀,2049
084569,call,全友,2305
084570,call,台達電,2308
084571,call,楠梓電,2316
084572,call,國巨*,2327
084573,call,宏碁,2353
084574,call,鴻準,2354
084575,call,華碩,2357
084576,call,群光,2385
084577,call,威盛,2388
084578,call,友達,2409
084579,call,玉山金,2884
08457U,put,元大台灣50,0050
084580,call,明泰,3380
084581,call,群創,3481
084582,call,敦泰,3545
084583,call,神達,3706
084584,call,神達,3706
084585,call,材料*-KY,4763
084586,call,新唐,4919
084587,call,臻鼎-KY,4958
084588,call,祥碩,5269
084589,call,祥碩,5269
08458U,put,台光電,2383
084590,call,祥碩,5269
084591,call,精誠,6214
084592,call,同欣電,6271
084593,call,旭隼,6409
084594,call,矽力*-KY,6415
084595,call,緯穎,6669
084596,call,兆聯實業,6944
084597,call,潤泰新,9945
084598,call,世紀鋼,9958
084599,call,元大台灣50,0050
08459U,put,元大台灣50,0050
084600,call,元大台灣50,0050
084601,call,南亞,1303
084602,call,南亞,1303
084603,call,南亞,1303
084604,call,光寶科,2301
084605,call,光寶科,2301
084606,call,光寶科,2301
084607,call,鴻海,2317
084608,call,智邦,2345
084609,call,致茂,2360
08460U,put,元大台灣50,0050
084610,call,金像電,2368
084611,call,研華,2395
084612,call,仲琦,2419
084613,call,京元電子,2449
084614,call,亞光,3019
084615,call,敦泰,3545
084616,call,敦泰,3545
084617,call,宏致,3605
084618,call,宏致,3605
084619,call,日月光投控,3711
08461U,put,華通,2313
084620,call,達發,6526
084621,call,研揚,6579
084622,call,聯策,6658
084624,call,元大台灣50,0050
08462U,put,華通,2313
084630,call,國巨*,2327
084631,call,金像電,2368
084632,call,強茂,2481
084633,call,正文,4906
084634,call,jpp-KY,5284
084635,call,亞翔,6139
084636,call,亞翔,6139
084637,call,光聖,6442
084638,call,緯穎,6669
084639,call,緯穎,6669
08463U,put,欣興,3037
084640,call,龍德造船,6753
084644,call,台塑,1301
084645,call,新纖,1409
084646,call,士電,1503
084647,call,士電,1503
084648,call,長興,1717
084649,call,長興,1717
08464U,put,欣興,3037
084650,call,長興,1717
084651,call,台玻,1802
084652,call,光寶科,2301
084653,call,台達電,2308
084654,call,鴻海,2317
084655,call,台積電,2330
084656,call,台積電,2330
084657,call,華邦電,2344
084658,call,智邦,2345
084659,call,鴻準,2354
08465U,put,欣興,3037
084660,call,金像電,2368
084661,call,研華,2395
084662,call,漢唐,2404
084663,call,漢唐,2404
084664,call,漢唐,2404
084665,call,友達,2409
084666,call,強茂,2481
084667,call,強茂,2481
084669,call,強茂,2481
08466U,put,致茂,2360
084670,call,長榮,2603
084671,call,萬海,2615
084672,call,萬海,2615
084673,call,台新新光金,2887
084674,call,聯詠,3034
084675,call,文曄,3036
084676,call,晶技,3042
084677,call,日電貿,3090
084678,call,緯創,3231
084679,call,新日興,3376
084680,call,新日興,3376
084681,call,揚明光,3504
084682,call,嘉澤,3533
084683,call,嘉澤,3533
084684,call,嘉澤,3533
084685,call,牧德,3563
084686,call,牧德,3563
084687,call,牧德,3563
084688,call,宏致,3605
084689,call,宏致,3605
08468U,put,國巨*,2327
084690,call,貿聯-KY,3665
084691,call,神達,3706
084692,call,大銀微系統,4576
084693,call,大銀微系統,4576
084694,call,大銀微系統,4576
084695,call,大銀微系統,4576
084696,call,大銀微系統,4576
084697,call,臻鼎-KY,4958
084698,call,十銓,4967
084699,call,力成,6239
08469U,put,台積電,2330
084700,call,台表科,6278
084701,call,光聖,6442
084702,call,力積電,6770
084703,call,AES-KY,6781
084704,call,AES-KY,6781
084705,call,AES-KY,6781
084706,call,采鈺,6789
084707,call,采鈺,6789
084708,call,天虹,6937
084709,call,台泥,1101
08470U,put,飛宏,2457
084710,call,南亞,1303
084711,call,新纖,1409
084712,call,東元,1504
084713,call,和桐,1714
084714,call,上銀,2049
084715,call,光寶科,2301
084716,call,聯電,2303
084717,call,台達電,2308
084718,call,華通,2313
084719,call,鴻海,2317
08471U,put,奇鋐,3017
084720,call,國巨*,2327
084721,call,旺宏,2337
084722,call,華邦電,2344
084723,call,華邦電,2344
084724,call,智邦,2345
084725,call,英業達,2356
084726,call,所羅門,2359
084727,call,致茂,2360
084728,call,矽統,2363
084729,call,微星,2377
08472U,put,聯鈞,3450
084730,call,瑞昱,2379
084731,call,威盛,2388
084732,call,研華,2395
084733,call,漢唐,2404
084734,call,南亞科,2408
084735,call,建準,2421
084736,call,京元電子,2449
084737,call,志聖,2467
084738,call,鉅祥,2476
084739,call,強茂,2481
08473U,put,華城,1519
084740,call,長榮,2603
084741,call,萬海,2615
084742,call,長榮航,2618
084743,call,嘉晶,3016
084744,call,奇鋐,3017
084745,call,亞光,3019
084746,call,新日興,3376
084747,call,辛耘,3583
084748,call,日月光投控,3711
084749,call,大銀微系統,4576
08474U,put,台積電,2330
084750,call,材料*-KY,4763
084751,call,雙鍵,4764
084752,call,正文,4906
084753,call,和碩,4938
084754,call,臻鼎-KY,4958
084755,call,十銓,4967
084756,call,jpp-KY,5284
084757,call,光聖,6442
084758,call,洋基工程,6691
084759,call,惠特,6706
08475U,put,欣興,3037
084760,call,力積電,6770
084761,call,AES-KY,6781
084762,call,勤誠,8210
084766,call,台塑,1301
084767,call,台化,1326
084768,call,華城,1519
084769,call,華新,1605
08476U,put,啟碁,6285
084770,call,光寶科,2301
084771,call,聯電,2303
084772,call,台達電,2308
084773,call,台達電,2308
084774,call,金寶,2312
084775,call,華碩,2357
084776,call,金像電,2368
084777,call,研華,2395
084778,call,大毅,2478
084779,call,強茂,2481
084780,call,萬海,2615
084781,call,聯詠,3034
084782,call,文曄,3036
084783,call,晶技,3042
084784,call,健鼎,3044
084785,call,嘉澤,3533
084786,call,貿聯-KY,3665
084787,call,神達,3706
084788,call,定穎投控,3715
084789,call,眾達-KY,4977
084790,call,啟碁,6285
084791,call,光聖,6442
084792,call,保瑞,6472
084793,call,緯穎,6669
084794,call,惠特,6706
084795,call,惠特,6706
084796,call,仁寶,2324
084797,call,華新科,2492
084798,call,華新科,2492
084799,call,華新科,2492
08479U,put,華通,2313
084800,call,華新科,2492
084801,call,亞光,3019
084802,call,華新科,2492
084803,call,華新科,2492
084804,call,華新科,2492
084805,call,華新科,2492
084806,call,華新科,2492
084807,call,奇鋐,3017
084808,call,敦泰,3545
084809,call,日月光投控,3711
08480U,put,京元電子,2449
084810,call,大銀微系統,4576
084811,call,大銀微系統,4576
084812,call,雙鍵,4764
084813,call,雙鍵,4764
084814,call,台郡,6269
084815,call,光聖,6442
084816,call,緯穎,6669
084817,call,緯穎,6669
084818,call,緯穎,6669
084819,call,緯穎,6669
08481U,put,欣興,3037
084820,call,台塑,1301
084821,call,友達,2409
084822,call,群創,3481
084823,call,緯穎,6669
084825,call,國巨*,2327
084826,call,矽統,2363
084827,call,漢唐,2404
084828,call,友達,2409
084829,call,華新科,2492
084830,call,華新科,2492
084831,call,裕民,2606
084832,call,元大金,2885
084833,call,兆豐金,2886
084834,call,文曄,3036
084835,call,緯創,3231
084836,call,大眾控,3701
084837,call,日月光投控,3711
084838,call,力成,6239
084839,call,光聖,6442
084840,call,光聖,6442
084843,call,台塑,1301
084844,call,南亞,1303
084845,call,台化,1326
084846,call,台化,1326
084847,call,長興,1717
084848,call,光寶科,2301
084849,call,台達電,2308
084850,call,仁寶,2324
084851,call,台積電,2330
084852,call,宏碁,2353
084853,call,鴻準,2354
084854,call,英業達,2356
084855,call,所羅門,2359
084856,call,致茂,2360
084857,call,金像電,2368
084858,call,技嘉,2376
084859,call,漢唐,2404
084860,call,漢唐,2404
084861,call,南亞科,2408
084862,call,友達,2409
084863,call,京元電子,2449
084864,call,華新科,2492
084865,call,華新科,2492
084866,call,宏達電,2498
084867,call,新興,2605
084868,call,萬海,2615
084869,call,慧洋-KY,2637
08486U,put,元大台灣50,0050
084870,call,國泰金,2882
084871,call,嘉晶,3016
084872,call,文曄,3036
084873,call,晶技,3042
084874,call,晶技,3042
084875,call,晶技,3042
084876,call,日電貿,3090
084877,call,牧德,3563
084878,call,宏致,3605
084879,call,貿聯-KY,3665
08487U,put,元大台灣50,0050
084880,call,TPK-KY,3673
084881,call,日月光投控,3711
084882,call,定穎投控,3715
084883,call,眾達-KY,4977
084884,call,眾達-KY,4977
084885,call,眾達-KY,4977
084886,call,佳必琪,6197
084887,call,力成,6239
084888,call,GIS-KY,6456
084889,call,旺宏,2337
08488U,put,元大台灣50,0050
084890,call,AES-KY,6781
084891,call,南亞科,2408
084892,call,晶豪科,3006
084893,call,采鈺,6789
084894,call,采鈺,6789
084896,call,上銀,2049
084897,call,光寶科,2301
084898,call,國巨*,2327
084899,call,台積電,2330
084900,call,智邦,2345
084901,call,英業達,2356
084902,call,所羅門,2359
084903,call,矽統,2363
084904,call,研華,2395
084905,call,京元電子,2449
084906,call,鉅祥,2476
084907,call,華新科,2492
084908,call,華新科,2492
084909,call,華新科,2492
084910,call,華新科,2492
084911,call,慧洋-KY,2637
084912,call,富邦金,2881
084913,call,凱基金,2883
084914,call,玉山金,2884
084915,call,台新新光金,2887
084916,call,永豐金,2890
084917,call,奇鋐,3017
084918,call,辛耘,3583
084919,call,日月光投控,3711
08491U,put,台光電,2383
084920,call,大銀微系統,4576
084921,call,緯穎,6669
084922,call,緯穎,6669
084923,call,緯穎,6669
084924,call,緯穎,6669
084925,call,緯穎,6669
084926,call,緯穎,6669
084927,call,緯穎,6669
084928,call,力積電,6770
084929,call,天虹,6937
08492U,put,台光電,2383
084930,call,元大台灣50,0050
084936,call,華城,1519
084937,call,直得,1597
084938,call,長興,1717
084939,call,光寶科,2301
08493U,put,台光電,2383
084940,call,聯電,2303
084941,call,台達電,2308
084942,call,宏碁,2353
084943,call,鴻準,2354
084944,call,金像電,2368
084945,call,群光,2385
084946,call,友達,2409
084947,call,強茂,2481
084948,call,華新科,2492
084949,call,華新科,2492
08494U,put,國精化,4722
084950,call,華新科,2492
084951,call,華新科,2492
084952,call,華新科,2492
084953,call,華新科,2492
084954,call,華新科,2492
084955,call,萬海,2615
084956,call,台新新光金,2887
084957,call,聯詠,3034
084958,call,文曄,3036
084959,call,晶技,3042
08495U,put,眾達-KY,4977
084960,call,緯創,3231
084961,call,明泰,3380
084962,call,群創,3481
084963,call,嘉澤,3533
084964,call,牧德,3563
084965,call,貿聯-KY,3665
084966,call,神達,3706
084967,call,定穎投控,3715
084968,call,眾達-KY,4977
084969,call,祥碩,5269
08496U,put,南亞,1303
084970,call,力成,6239
084971,call,啟碁,6285
084972,call,旭隼,6409
084973,call,矽力*-KY,6415
084974,call,保瑞,6472
084975,call,緯穎,6669
084976,call,采鈺,6789
084977,call,天虹,6937
084979,call,鴻準,2354
08497U,put,台積電,2330
084980,call,鴻準,2354
084981,call,南亞科,2408
084982,call,友達,2409
084983,call,友達,2409
084984,call,強茂,2481
084985,call,華新科,2492
084986,call,華新科,2492
084987,call,宏達電,2498
084988,call,宏達電,2498
084989,call,智原,3035
08498U,put,台積電,2330
084990,call,文曄,3036
084991,call,文曄,3036
084992,call,辛耘,3583
084993,call,辛耘,3583
084994,call,光聖,6442
084995,call,台塑,1301
084996,call,上銀,2049
084997,call,聯電,2303
084998,call,威盛,2388
084999,call,華新科,2492
08499U,put,台光電,2383
085000,call,揚博,2493
085001,call,慧洋-KY,2637
085002,call,凱基金,2883
085003,call,奇鋐,3017
085004,call,京鼎,3413
085005,call,群創,3481
085006,call,日月光投控,3711
085007,call,勤誠,8210
08500U,put,台積電,2330
085012,call,台化,1326
085013,call,聯電,2303
085014,call,聯電,2303
085015,call,聯電,2303
085016,call,金寶,2312
085017,call,華邦電,2344
085018,call,華邦電,2344
085019,call,鴻準,2354
085020,call,矽統,2363
085021,call,群光,2385
085022,call,建準,2421
085023,call,華新科,2492
085024,call,華新科,2492
085025,call,華新科,2492
085026,call,華新科,2492
085027,call,華新科,2492
085028,call,華新科,2492
085029,call,玉山金,2884
08502U,put,台塑,1301
085030,call,德律,3030
085031,call,德律,3030
085032,call,德律,3030
085033,call,臻鼎-KY,4958
085034,call,眾達-KY,4977
085035,call,乙盛-KY,5243
085036,call,光聖,6442
085037,call,緯穎,6669
085038,call,緯穎,6669
085039,call,緯穎,6669
08503U,put,台積電,2330
085040,call,緯穎,6669
085041,call,元大台灣50,0050
085042,call,國巨*,2327
085043,call,金像電,2368
085044,call,萬海,2615
085046,call,南亞,1303
085047,call,聯電,2303
085048,call,聯電,2303
085049,call,台達電,2308
08504U,put,英業達,2356
085050,call,台達電,2308
085051,call,仁寶,2324
085052,call,國巨*,2327
085053,call,台積電,2330
085054,call,台積電,2330
085055,call,旺宏,2337
085056,call,宏碁,2353
085057,call,鴻準,2354
085058,call,華碩,2357
085059,call,金像電,2368
085060,call,技嘉,2376
085061,call,技嘉,2376
085062,call,群光,2385
085063,call,億光,2393
085064,call,研華,2395
085065,call,立隆電,2472
085066,call,陽明,2609
085067,call,富邦金,2881
085068,call,國泰金,2882
085069,call,凱基金,2883
085070,call,台新新光金,2887
085071,call,中信金,2891
085072,call,奇鋐,3017
085073,call,奇鋐,3017
085074,call,奇鋐,3017
085075,call,信邦,3023
085076,call,晶技,3042
085077,call,和碩,4938
085078,call,崇越,5434
085079,call,同欣電,6271
08507U,put,光罩,2338
085080,call,光聖,6442
085081,call,保瑞,6472
085082,call,騰輝電子-KY,6672
085083,call,騰輝電子-KY,6672
085085,call,台塑,1301
085086,call,南亞,1303
085087,call,台化,1326
085088,call,華城,1519
085089,call,華城,1519
08508U,put,元大台灣50,0050
085090,call,華城,1519
085091,call,中華化,1727
085092,call,台玻,1802
085093,call,聯電,2303
085094,call,台達電,2308
085095,call,台達電,2308
085096,call,鴻海,2317
085097,call,仁寶,2324
085098,call,台積電,2330
085099,call,華碩,2357
085100,call,致茂,2360
085101,call,金像電,2368
085102,call,京元電子,2449
085103,call,鉅祥,2476
085104,call,瑞軒,2489
085105,call,亞翔,6139
085106,call,宏達電,2498
085107,call,長榮,2603
085108,call,陽明,2609
085109,call,聯發科,2454
08510U,put,台積電,2330
085110,call,萬海,2615
085111,call,富邦金,2881
085112,call,國泰金,2882
085113,call,凱基金,2883
085114,call,玉山金,2884
085115,call,台新新光金,2887
085116,call,中信金,2891
085117,call,嘉晶,3016
085118,call,嘉晶,3016
085119,call,晶技,3042
08511U,put,奇鋐,3017
085120,call,日電貿,3090
085121,call,辛耘,3583
085122,call,辛耘,3583
085123,call,辛耘,3583
085124,call,貿聯-KY,3665
085125,call,TPK-KY,3673
085126,call,日月光投控,3711
085127,call,定穎投控,3715
085128,call,定穎投控,3715
085129,call,定穎投控,3715
085130,call,雙鍵,4764
085131,call,和碩,4938
085132,call,祥碩,5269
085133,call,祥碩,5269
085134,call,祥碩,5269
085135,call,亞翔,6139
085136,call,力成,6239
085137,call,台郡,6269
085138,call,光聖,6442
085139,call,緯穎,6669
085140,call,台達電,2308
085141,call,台達電,2308
085142,call,國巨*,2327
085143,call,華邦電,2344
085144,call,華碩,2357
085145,call,微星,2377
085146,call,微星,2377
085147,call,研華,2395
085148,call,南亞科,2408
085149,call,建準,2421
085150,call,華新科,2492
085151,call,奇鋐,3017
085152,call,奇鋐,3017
085153,call,奇鋐,3017
085154,call,緯創,3231
085155,call,緯創,3231
085156,call,緯創,3231
085157,call,辛耘,3583
085158,call,和碩,4938
085159,call,臻鼎-KY,4958
085160,call,同欣電,6271
085161,call,同欣電,6271
085162,call,捷敏-KY,6525
085165,call,台塑,1301
085166,call,南亞,1303
085167,call,台化,1326
085168,call,光寶科,2301
085169,call,聯電,2303
085170,call,台達電,2308
085171,call,仁寶,2324
085172,call,國巨*,2327
085173,call,智邦,2345
085174,call,鴻準,2354
085175,call,致茂,2360
085176,call,矽統,2363
085177,call,技嘉,2376
085178,call,威盛,2388
085179,call,漢唐,2404
08517U,put,南亞,1303
085180,call,南亞科,2408
085181,call,京元電子,2449
085182,call,立隆電,2472
085183,call,鉅祥,2476
085184,call,瑞軒,2489
085185,call,華新科,2492
085186,call,宏達電,2498
085187,call,陽明,2609
085188,call,慧洋-KY,2637
085189,call,富邦金,2881
08518U,put,台積電,2330
085190,call,國泰金,2882
085191,call,玉山金,2884
085192,call,兆豐金,2886
085193,call,中信金,2891
085194,call,嘉晶,3016
085196,call,奇鋐,3017
085197,call,文曄,3036
085198,call,晶技,3042
085199,call,牧德,3563
08519U,put,台積電,2330
085200,call,貿聯-KY,3665
085201,call,大銀微系統,4576
085202,call,眾達-KY,4977
085203,call,力成,6239
085204,call,光聖,6442
085205,call,緯穎,6669
085206,call,力積電,6770
085209,call,國巨*,2327
085210,call,國巨*,2327
085211,call,新日興,3376
085212,call,華新科,2492
085213,call,華新科,2492
085214,call,奇鋐,3017
085215,call,日電貿,3090
085216,call,緯穎,6669
085217,call,緯穎,6669
085218,call,天二科技,6834
085219,call,元大台灣50,0050
08521U,put,富邦科技,0052
085220,call,元大台灣50,0050
085227,call,遠東新,1402
085228,call,中興電,1513
085229,call,中鋼,2002
08522U,put,奇鋐,3017
085230,call,仁寶,2324
085231,call,台積電,2330
085232,call,台積電,2330
085233,call,台積電,2330
085234,call,台積電,2330
085235,call,台積電,2330
085236,call,台積電,2330
085237,call,台積電,2330
085238,call,台積電,2330
085239,call,華碩,2357
08523U,put,華泰,2329
085240,call,華碩,2357
085241,call,微星,2377
085242,call,偉詮電,2436
085243,call,創見,2451
085244,call,強茂,2481
085245,call,瑞軒,2489
085246,call,華新科,2492
085247,call,國泰金,2882
085248,call,台新新光金,2887
085249,call,中信金,2891
08524U,put,台積電,2330
085250,call,神基,3005
085251,call,信邦,3023
085252,call,威健,3033
085253,call,健鼎,3044
085254,call,京鼎,3413
085255,call,群創,3481
085256,call,TPK-KY,3673
085257,call,大聯大,3702
085258,call,和碩,4938
085259,call,天鈺,4961
08525U,put,台積電,2330
085260,call,天鈺,4961
085261,call,瑞儀,6176
085262,call,帆宣,6196
085263,call,台表科,6278
085264,call,康舒,6282
085265,call,群電,6412
085266,call,樺漢,6414
085267,call,富鼎,8261
085268,call,寶成,9904
08526U,put,新興,2605
085275,call,華通,2313
085276,call,華通,2313
085277,call,亞翔,6139
085278,call,帆宣,6196
085279,call,華通,2313
08527U,put,汎銓,6830
085280,call,台積電,2330
085281,call,勤誠,8210
085282,call,華邦電,2344
085283,call,華邦電,2344
085284,call,智邦,2345
085285,call,金像電,2368
085286,call,金像電,2368
085287,call,凱美,2375
085288,call,凱美,2375
085289,call,南亞科,2408
08528U,put,汎銓,6830
085290,call,南亞科,2408
085291,call,南亞科,2408
085292,call,建準,2421
085293,call,立隆電,2472
085294,call,立隆電,2472
085295,call,瑞軒,2489
085296,call,國泰金,2882
085297,call,玉山金,2884
085298,call,奇鋐,3017
085299,call,奇鋐,3017
085300,call,群創,3481
085301,call,群創,3481
085302,call,同欣電,6271
085303,call,鈺邦,6449
085304,call,鈺邦,6449
085305,call,緯穎,6669
085306,call,緯穎,6669
085307,call,騰輝電子-KY,6672
085308,call,元大台灣50,0050
085313,call,南亞,1303
085314,call,東陽,1319
085315,call,長興,1717
085316,call,美時,1795
085317,call,光寶科,2301
085318,call,華通,2313
085319,call,台積電,2330
085320,call,台積電,2330
085321,call,台積電,2330
085322,call,旺宏,2337
085323,call,智邦,2345
085324,call,智邦,2345
085325,call,矽統,2363
085326,call,金像電,2368
085327,call,漢唐,2404
085328,call,南亞科,2408
085329,call,建準,2421
085330,call,強茂,2481
085331,call,瑞軒,2489
085332,call,宏達電,2498
085333,call,陽明,2609
085334,call,國泰金,2882
085335,call,台新新光金,2887
085336,call,奇鋐,3017
085337,call,奇鋐,3017
085338,call,奇鋐,3017
085339,call,文曄,3036
08533U,put,元大台灣50,0050
085340,call,晶技,3042
085341,call,緯創,3231
085342,call,昇貿,3305
085343,call,新日興,3376
085344,call,辛耘,3583
085345,call,大聯大,3702
085346,call,臻鼎-KY,4958
085347,call,臻鼎-KY,4958
085348,call,十銓,4967
085349,call,力成,6239
08534U,put,元大台灣50,0050
085350,call,矽力*-KY,6415
085351,call,矽力*-KY,6415
085352,call,光聖,6442
085353,call,台塑化,6505
085354,call,緯穎,6669
085355,call,緯穎,6669
085356,call,惠特,6706
085357,call,聯電,2303
085358,call,鴻海,2317
085359,call,國巨*,2327
08535U,put,元大台灣50,0050
085360,call,京元電子,2449
085361,call,臻鼎-KY,4958
085362,call,穎崴,6515
085363,call,鴻勁,7769
085364,call,鴻勁,7769
085366,call,台塑,1301
085367,call,中砂,1560
085368,call,東聯,1710
085369,call,楠梓電,2316
08536U,put,華城,1519
085370,call,國巨*,2327
085371,call,國巨*,2327
085372,call,台積電,2330
085373,call,智邦,2345
085374,call,順德,2351
085375,call,致茂,2360
085376,call,金像電,2368
085377,call,威盛,2388
085378,call,漢唐,2404
085379,call,友達,2409
08537U,put,英業達,2356
085380,call,友達,2409
085381,call,京元電子,2449
085382,call,強茂,2481
085383,call,華新科,2492
085384,call,宏致,3605
085385,call,日月光投控,3711
085386,call,達明,4585
085387,call,國精化,4722
085388,call,上品,4770
085389,call,臻鼎-KY,4958
08538U,put,微星,2377
085390,call,祥碩,5269
085391,call,中租-KY,5871
085392,call,矽力*-KY,6415
085393,call,穎崴,6515
085394,call,穎崴,6515
085395,call,穎崴,6515
085396,call,穎崴,6515
085397,call,惠特,6706
085398,call,邁科,6831
085399,call,邁科,6831
08539U,put,毅嘉,2402
085400,call,鴻勁,7769
085401,call,鴻勁,7769
085402,call,昇陽半導體,8028
085403,call,昇陽半導體,8028
085404,call,昇陽半導體,8028
085406,call,台塑,1301
085407,call,南亞,1303
085408,call,台化,1326
085409,call,台化,1326
08540U,put,毅嘉,2402
085410,call,遠東新,1402
085411,call,長興,1717
085412,call,長興,1717
085413,call,台達電,2308
085414,call,楠梓電,2316
085415,call,楠梓電,2316
085416,call,台積電,2330
085417,call,順德,2351
085418,call,順德,2351
085419,call,鴻準,2354
08541U,put,萬海,2615
085420,call,致茂,2360
085421,call,矽統,2363
085422,call,矽統,2363
085423,call,矽統,2363
085424,call,金像電,2368
085425,call,金像電,2368
085426,call,金像電,2368
085427,call,金像電,2368
085428,call,研華,2395
085429,call,漢唐,2404
08542U,put,奇鋐,3017
085430,call,友達,2409
085431,call,強茂,2481
085432,call,華新科,2492
085433,call,華新科,2492
085434,call,華新科,2492
085435,call,威強電,3022
085436,call,晶技,3042
085437,call,日電貿,3090
085438,call,宏致,3605
085439,call,宏致,3605
08543U,put,德律,3030
085440,call,宏致,3605
085441,call,宏致,3605
085442,call,貿聯-KY,3665
085443,call,貿聯-KY,3665
085444,call,和碩,4938
085445,call,祥碩,5269
085446,call,祥碩,5269
085447,call,帆宣,6196
085448,call,光聖,6442
085449,call,緯穎,6669
08544U,put,德律,3030
085450,call,緯穎,6669
085451,call,緯穎,6669
085452,call,緯穎,6669
085453,call,邁科,6831
085454,call,邁科,6831
085455,call,新代,7750
085456,call,鴻勁,7769
085457,call,鴻勁,7769
085458,call,鴻勁,7769
085459,call,瀚荃,8103
08545U,put,世芯-KY,3661
085460,call,長興,1717
085461,call,廣宇,2328
085462,call,光寶科,2301
085463,call,台達電,2308
085464,call,華通,2313
085465,call,全新,2455
085466,call,台積電,2330
085467,call,旺宏,2337
085468,call,京鼎,3413
085469,call,技嘉,2376
08546U,put,緯穎,6669
085470,call,微星,2377
085471,call,友達,2409
085472,call,鉅祥,2476
085473,call,鈺邦,6449
085474,call,華新科,2492
085475,call,宏達電,2498
085476,call,萬海,2615
085477,call,台新新光金,2887
085478,call,文曄,3036
085479,call,健鼎,3044
08547U,put,宇瞻,8271
085480,call,緯創,3231
085481,call,辛耘,3583
085482,call,貿聯-KY,3665
085483,call,大銀微系統,4576
085484,call,佳必琪,6197
085485,call,力成,6239
085486,call,樺漢,6414
085487,call,鴻勁,7769
085488,call,鴻勁,7769
085489,call,昇陽半導體,8028
085490,call,昇陽半導體,8028
085494,call,台泥,1101
085495,call,台化,1326
085496,call,光寶科,2301
085497,call,聯電,2303
085498,call,鴻海,2317
085499,call,國巨*,2327
085500,call,台積電,2330
085501,call,華邦電,2344
085502,call,智邦,2345
085503,call,順德,2351
085504,call,致茂,2360
085505,call,金像電,2368
085506,call,技嘉,2376
085507,call,漢唐,2404
085508,call,友達,2409
085509,call,偉詮電,2436
085510,call,鉅祥,2476
085511,call,瑞軒,2489
085512,call,華新科,2492
085513,call,兆豐金,2886
085514,call,文曄,3036
085515,call,晶技,3042
085516,call,新日興,3376
085517,call,牧德,3563
085518,call,貿聯-KY,3665
085519,call,日月光投控,3711
085520,call,國精化,4722
085521,call,崇越,5434
085522,call,力成,6239
085523,call,光聖,6442
085524,call,穎崴,6515
085525,call,穎崴,6515
085526,call,騰輝電子-KY,6672
085527,call,力積電,6770
085528,call,邁科,6831
085529,call,鴻勁,7769
08552U,put,台積電,2330
085530,call,昇陽半導體,8028
085531,call,聯電,2303
085532,call,國巨*,2327
085533,call,華邦電,2344
085534,call,華碩,2357
085535,call,致茂,2360
085536,call,金像電,2368
085537,call,偉詮電,2436
085538,call,強茂,2481
085539,call,華新科,2492
085540,call,晟銘電,3013
085541,call,信邦,3023
085542,call,緯創,3231
085543,call,日月光投控,3711
085544,call,大銀微系統,4576
085545,call,臻鼎-KY,4958
085546,call,亞翔,6139
085547,call,穎崴,6515
085548,call,穎崴,6515
085549,call,穎崴,6515
08554U,put,德律,3030
085550,call,力積電,6770
085551,call,邁科,6831
085552,call,新代,7750
085553,call,新代,7750
085554,call,鴻勁,7769
085555,call,鴻勁,7769
085556,call,鴻勁,7769
085557,call,昇陽半導體,8028
085558,call,昇陽半導體,8028
085559,call,昇陽半導體,8028
08555U,put,世芯-KY,3661
085560,call,寶成,9904
085562,call,全友,2305
085563,call,中環,2323
085564,call,國巨*,2327
085565,call,致茂,2360
085566,call,大同,2371
085567,call,華新科,2492
085568,call,晟銘電,3013
085569,call,晟銘電,3013
08556U,put,緯穎,6669
085570,call,國精化,4722
085571,call,穎崴,6515
085572,call,邁科,6831
085573,call,鴻勁,7769
085574,call,昇陽半導體,8028
085575,call,瀚荃,8103
085576,call,直得,1597
085577,call,華通,2313
085578,call,華碩,2357
085579,call,金像電,2368
08557U,put,宇瞻,8271
085580,call,華新科,2492
085581,call,華新科,2492
085582,call,華新科,2492
085583,call,宏達電,2498
085584,call,亞翔,6139
085585,call,采鈺,6789
085586,call,邁科,6831
085587,call,昇陽半導體,8028
085588,call,昇陽半導體,8028
085589,call,昇陽半導體,8028
08558U,put,台積電,2330
085590,call,台達電,2308
085591,call,同欣電,6271
085592,call,穎崴,6515
085593,call,邁科,6831
085594,call,新代,7750
085595,call,鴻勁,7769
085596,call,鴻勁,7769
085597,call,昇陽半導體,8028
085598,call,元大台灣50,0050
085599,call,元大台灣50,0050
085600,call,美時,1795
085601,call,聯電,2303
085602,call,台積電,2330
085603,call,聯電,2303
085604,call,順德,2351
085605,call,華新科,2492
085606,call,立積,4968
085607,call,迅得,6438
085608,call,穎崴,6515
085609,call,穎崴,6515
08560U,put,台積電,2330
085610,call,穎崴,6515
085611,call,穎崴,6515
085612,call,穎崴,6515
085613,call,緯穎,6669
085614,call,緯穎,6669
085615,call,鴻勁,7769
085616,call,鴻勁,7769
085617,call,鴻勁,7769
085618,call,昇陽半導體,8028
085619,call,昇陽半導體,8028
085620,call,瀚荃,8103
085622,call,友達,2409
085623,call,定穎投控,3715
085624,call,力積電,6770
085625,call,昇陽半導體,8028
085627,call,元大台灣50,0050
085629,call,台泥,1101
08562U,put,台積電,2330
085630,call,零壹,3029
085631,call,中興電,1513
085632,call,緯創,3231
085633,call,中鋼,2002
085634,call,大成鋼,2027
085635,call,聯電,2303
085636,call,定穎投控,3715
085637,call,聯電,2303
085638,call,台達電,2308
085639,call,立積,4968
08563U,put,智邦,2345
085640,call,台達電,2308
085641,call,國巨*,2327
085642,call,國巨*,2327
085643,call,台積電,2330
085644,call,智邦,2345
085645,call,大同,2371
085646,call,技嘉,2376
085647,call,瑞昱,2379
085648,call,凌陽,2401
085649,call,友達,2409
08564U,put,英業達,2356
085650,call,友達,2409
085651,call,玉山金,2884
085652,call,聯詠,3034
085653,call,晶技,3042
085654,call,晶技,3042
085655,call,大銀微系統,4576
085656,call,正文,4906
085657,call,祥碩,5269
085658,call,中租-KY,5871
085659,call,樺漢,6414
08565U,put,毅嘉,2402
085660,call,穎崴,6515
085661,call,穎崴,6515
085662,call,緯穎,6669
085663,call,鴻勁,7769
085664,call,鴻勁,7769
085665,call,松川精密,7788
085666,call,世紀鋼,9958
085667,call,元大台灣50,0050
085669,call,光寶科,2301
08566U,put,奇鋐,3017
085671,call,台達電,2308
085672,call,華通,2313
085673,call,華邦電,2344
085674,call,金像電,2368
085675,call,緯創,3231
085676,call,力成,6239
085677,call,騰輝電子-KY,6672
085678,call,力積電,6770
085679,call,新代,7750
08567U,put,啟碁,6285
085680,call,台達電,2308
085681,call,玉山金,2884
085682,call,上品,4770
085683,call,亞翔,6139
085684,call,力積電,6770
085685,call,新代,7750
085686,call,鴻勁,7769
085687,call,鴻勁,7769
085688,call,鴻勁,7769
085689,call,松川精密,7788
085690,call,山林水,8473
085691,call,泰金寶-DR,9105
085693,call,台塑,1301
085694,call,南亞,1303
085695,call,台化,1326
085696,call,華城,1519
085697,call,華城,1519
085698,call,華城,1519
085699,call,華新,1605
08569U,put,南亞,1303
085700,call,華新,1605
085701,call,台玻,1802
085702,call,光寶科,2301
085703,call,聯電,2303
085704,call,聯電,2303
085705,call,聯電,2303
085706,call,聯電,2303
085707,call,台達電,2308
085708,call,華通,2313
085709,call,華通,2313
08570U,put,奇鋐,3017
085710,call,台積電,2330
085711,call,順德,2351
085712,call,矽統,2363
085713,call,矽統,2363
085714,call,金像電,2368
085715,call,瑞昱,2379
085716,call,瑞昱,2379
085717,call,群光,2385
085718,call,南亞科,2408
085719,call,偉詮電,2436
08571U,put,三集瑞-KY,6862
085720,call,偉詮電,2436
085721,call,強茂,2481
085722,call,華新科,2492
085723,call,華新科,2492
085724,call,華新科,2492
085725,call,陽明,2609
085726,call,漢翔,2634
085727,call,嘉晶,3016
085728,call,亞光,3019
085729,call,德律,3030
08572U,put,元大台灣50,0050
085730,call,智原,3035
085731,call,辛耘,3583
085732,call,辛耘,3583
085733,call,辛耘,3583
085734,call,日月光投控,3711
085735,call,定穎投控,3715
085736,call,定穎投控,3715
085737,call,正文,4906
085738,call,臻鼎-KY,4958
085739,call,祥碩,5269
08573U,put,鴻海,2317
085740,call,祥碩,5269
085741,call,祥碩,5269
085742,call,力成,6239
085743,call,矽格,6257
085744,call,矽格,6257
085745,call,矽格,6257
085746,call,台郡,6269
085747,call,台郡,6269
085748,call,台郡,6269
085749,call,光聖,6442
08574U,put,定穎投控,3715
085750,call,光聖,6442
085751,call,GIS-KY,6456
085752,call,緯穎,6669
085753,call,緯穎,6669
085754,call,緯穎,6669
085755,call,鴻勁,7769
085756,call,鴻勁,7769
085757,call,鴻勁,7769
085758,call,鴻勁,7769
085759,call,鴻勁,7769
085760,call,松川精密,7788
085761,call,松川精密,7788
085763,call,聯電,2303
085764,call,鴻海,2317
085765,call,鴻海,2317
085766,call,國巨*,2327
085767,call,台積電,2330
085768,call,華邦電,2344
085769,call,金像電,2368
085770,call,南亞科,2408
085771,call,大毅,2478
085772,call,瑞軒,2489
085773,call,陽明,2609
085774,call,長榮航太,2645
085775,call,緯創,3231
085776,call,緯創,3231
085777,call,新日興,3376
085778,call,宏致,3605
085779,call,宏致,3605
085780,call,臻鼎-KY,4958
085781,call,臻鼎-KY,4958
085782,call,亞翔,6139
085783,call,佳必琪,6197
085784,call,台郡,6269
085785,call,力積電,6770
085786,call,邁科,6831
085787,call,鴻勁,7769
085789,call,昇陽半導體,8028
08578U,put,元大台灣50,0050
085795,call,台泥,1101
085796,call,華城,1519
085797,call,中華化,1727
085798,call,台玻,1802
085799,call,光寶科,2301
085800,call,聯電,2303
085801,call,台達電,2308
085802,call,華通,2313
085803,call,鴻海,2317
085804,call,國巨*,2327
085805,call,華邦電,2344
085806,call,智邦,2345
085807,call,金像電,2368
085808,call,大同,2371
085809,call,技嘉,2376
08580U,put,台積電,2330
085810,call,漢唐,2404
085811,call,南亞科,2408
085812,call,友達,2409
085813,call,京元電子,2449
085814,call,萬海,2615
085815,call,奇鋐,3017
085816,call,文曄,3036
085817,call,晶技,3042
085818,call,緯創,3231
085819,call,新日興,3376
085820,call,群創,3481
085821,call,牧德,3563
085822,call,辛耘,3583
085823,call,貿聯-KY,3665
085824,call,日月光投控,3711
085825,call,國精化,4722
085826,call,上品,4770
085827,call,臻鼎-KY,4958
085828,call,天鈺,4961
085829,call,祥碩,5269
08582U,put,牧德,3563
085830,call,崇越,5434
085831,call,力成,6239
085832,call,光聖,6442
085833,call,穎崴,6515
085834,call,穎崴,6515
085835,call,緯穎,6669
085836,call,力積電,6770
085837,call,瑞昱,2379
085838,call,興勤,2428
085839,call,宏達電,2498
08583U,put,貿聯-KY,3665
085840,call,上品,4770
085841,call,邁科,6831
085842,call,昇陽半導體,8028
085843,call,台塑,1301
085844,call,華城,1519
085845,call,矽統,2363
085846,call,友達,2409
085847,call,友達,2409
085848,call,奇鋐,3017
085849,call,奇鋐,3017
085850,call,保瑞,6472
085851,call,松川精密,7788
085852,call,台積電,2330
085853,call,致茂,2360
085854,call,矽統,2363
085855,call,威盛,2388
085856,call,友達,2409
085857,call,友達,2409
085858,call,友達,2409
085859,call,友達,2409
085860,call,志聖,2467
085861,call,晟銘電,3013
085862,call,聯詠,3034
085863,call,智原,3035
085864,call,智原,3035
085865,call,智原,3035
085866,call,晶技,3042
085867,call,大銀微系統,4576
085868,call,大銀微系統,4576
085869,call,祥碩,5269
085870,call,力成,6239
085871,call,力成,6239
085872,call,緯穎,6669
085873,call,采鈺,6789
085874,call,采鈺,6789
085875,call,邁科,6831
085876,call,鴻勁,7769
085877,call,鴻勁,7769
085878,call,鴻勁,7769
085879,call,瀚荃,8103
08587U,put,新興,2605
085881,call,光寶科,2301
085882,call,台達電,2308
085883,call,國巨*,2327
085884,call,台積電,2330
085885,call,京元電子,2449
085886,call,臻鼎-KY,4958
085887,call,緯穎,6669
085888,call,國喬,1312
085889,call,新纖,1409
08588U,put,萬海,2615
085890,call,上銀,2049
085891,call,聯電,2303
085892,call,聯電,2303
085893,call,台達電,2308
085894,call,台達電,2308
085895,call,光罩,2338
085896,call,致茂,2360
085897,call,偉詮電,2436
085898,call,立隆電,2472
085899,call,威健,3033
08589U,put,奇鋐,3017
085900,call,健鼎,3044
085901,call,辛耘,3583
085902,call,定穎投控,3715
085903,call,彩晶,6116
085904,call,彩晶,6116
085905,call,亞翔,6139
085906,call,亞翔,6139
085907,call,鈺邦,6449
085908,call,台塑化,6505
085909,call,力積電,6770
08590U,put,世芯-KY,3661
085910,call,瀚荃,8103
085911,call,泰金寶-DR,9105
085912,call,潤泰新,9945
085913,call,穎崴,6515
085914,call,松川精密,7788
085916,call,新纖,1409
085917,call,亞力,1514
085918,call,華城,1519
085919,call,上銀,2049
08591U,put,元大台灣50,0050
085920,call,聯電,2303
085921,call,聯電,2303
085922,call,聯電,2303
085923,call,台達電,2308
085924,call,台達電,2308
085925,call,旺宏,2337
085926,call,光罩,2338
085927,call,智邦,2345
085928,call,華碩,2357
085929,call,友達,2409
08592U,put,元大台灣50,0050
085930,call,友達,2409
085931,call,志聖,2467
085932,call,長榮航,2618
085933,call,長榮航太,2645
085934,call,第一金,2892
085935,call,神基,3005
085936,call,全漢,3015
085937,call,威健,3033
085938,call,健鼎,3044
085939,call,緯創,3231
085940,call,弘憶股,3312
085941,call,群創,3481
085942,call,嘉澤,3533
085943,call,日月光投控,3711
085944,call,定穎投控,3715
085945,call,康普,4739
085946,call,天鈺,4961
085947,call,天鈺,4961
085948,call,達興材料,5234
085949,call,亞翔,6139
085950,call,精成科,6191
085951,call,矽格,6257
085952,call,保瑞,6472
085953,call,台灣虎航,6757
085954,call,潤泰新,9945
085955,call,上銀,2049
085956,call,聯電,2303
085957,call,華碩,2357
085958,call,致茂,2360
085959,call,友達,2409
08595U,put,上銀,2049
085960,call,德律,3030
085961,call,日月光投控,3711
085962,call,穎崴,6515
085963,call,穎崴,6515
085964,call,龍德造船,6753
085965,call,采鈺,6789
085966,call,松川精密,7788
085967,call,勤誠,8210
085968,call,元大台灣50,0050
08596U,put,啟碁,6285
085970,call,台塑,1301
085971,call,南亞,1303
085972,call,新纖,1409
085973,call,新纖,1409
085974,call,東元,1504
085975,call,華城,1519
085976,call,華城,1519
085977,call,中砂,1560
085978,call,中砂,1560
085979,call,直得,1597
085980,call,直得,1597
085981,call,華新,1605
085982,call,華新,1605
085983,call,第一銅,2009
085984,call,光寶科,2301
085985,call,光寶科,2301
085986,call,聯電,2303
085987,call,台達電,2308
085988,call,台達電,2308
085989,call,華通,2313
08598U,put,智邦,2345
085990,call,華通,2313
085991,call,鴻海,2317
085992,call,台積電,2330
085993,call,華邦電,2344
085994,call,順德,2351
085995,call,順德,2351
085996,call,宏碁,2353
085997,call,致茂,2360
085998,call,致茂,2360
085999,call,金像電,2368
08599U,put,毅嘉,2402
086000,call,金像電,2368
086001,call,微星,2377
086002,call,群光,2385
086003,call,南亞科,2408
086004,call,友達,2409
086005,call,立隆電,2472
086006,call,強茂,2481
086007,call,華新科,2492
086008,call,玉山金,2884
086009,call,奇鋐,3017
08600U,put,德律,3030
086010,call,亞光,3019
086011,call,健鼎,3044
086012,call,緯創,3231
086013,call,宏致,3605
086014,call,宏致,3605
086015,call,貿聯-KY,3665
086016,call,神達,3706
086017,call,臻鼎-KY,4958
086018,call,力成,6239
086019,call,台郡,6269
08601U,put,聯詠,3034
086020,call,台郡,6269
086021,call,矽力*-KY,6415
086022,call,矽力*-KY,6415
086023,call,光聖,6442
086024,call,穎崴,6515
086025,call,穎崴,6515
086026,call,緯穎,6669
086027,call,騰輝電子-KY,6672
086028,call,惠特,6706
086029,call,新代,7750
08602U,put,緯創,3231
086030,call,松川精密,7788
086031,call,昇陽半導體,8028
086034,call,台泥,1101
086035,call,新纖,1409
086036,call,華城,1519
086037,call,台玻,1802
086038,call,上銀,2049
086039,call,光寶科,2301
08603U,put,新日興,3376
086040,call,聯電,2303
086041,call,台達電,2308
086042,call,台達電,2308
086043,call,華通,2313
086044,call,楠梓電,2316
086045,call,國巨*,2327
086046,call,台積電,2330
086047,call,光罩,2338
086048,call,智邦,2345
086049,call,順德,2351
08604U,put,啟碁,6285
086050,call,致茂,2360
086051,call,矽統,2363
086052,call,金像電,2368
086053,call,技嘉,2376
086054,call,微星,2377
086055,call,漢唐,2404
086056,call,南亞科,2408
086057,call,友達,2409
086058,call,友達,2409
086059,call,京元電子,2449
08605U,put,緯穎,6669
086060,call,萬海,2615
086061,call,奇鋐,3017
086062,call,聯詠,3034
086063,call,智原,3035
086064,call,晶技,3042
086065,call,緯創,3231
086066,call,新日興,3376
086067,call,群創,3481
086068,call,牧德,3563
086069,call,辛耘,3583
086070,call,貿聯-KY,3665
086071,call,日月光投控,3711
086072,call,祥碩,5269
086073,call,力成,6239
086074,call,緯穎,6669
086075,call,力積電,6770
086076,call,松川精密,7788
086077,call,元大台灣50,0050
086078,call,台塑,1301
086079,call,南亞,1303
086080,call,聯電,2303
086081,call,廣宇,2328
086082,call,台積電,2330
086083,call,台積電,2330
086084,call,台積電,2330
086085,call,華邦電,2344
086086,call,致茂,2360
086087,call,矽統,2363
086088,call,瑞昱,2379
086089,call,友達,2409
086090,call,友達,2409
086091,call,友達,2409
086092,call,強茂,2481
086093,call,瑞軒,2489
086094,call,陽明,2609
086095,call,嘉晶,3016
086096,call,亞光,3019
086097,call,德律,3030
086098,call,晶技,3042
086099,call,達邁,3645
08609U,put,台積電,2330
086100,call,定穎投控,3715
086101,call,亞翔,6139
086102,call,帆宣,6196
086103,call,佳必琪,6197
086104,call,光聖,6442
086105,call,GIS-KY,6456
086106,call,台塑化,6505
086107,call,力積電,6770
086108,call,天二科技,6834
086109,call,新代,7750
08610U,put,台積電,2330
086110,call,松川精密,7788
086111,call,倍利科,7822
086112,call,昇陽半導體,8028
086113,call,泰金寶-DR,9105
086115,call,華城,1519
086116,call,台積電,2330
086117,call,台積電,2330
086118,call,台積電,2330
086119,call,致茂,2360
08611U,put,聯發科,2454
086120,call,京元電子,2449
086121,call,長榮,2603
086122,call,新日興,3376
086123,call,新日興,3376
086124,call,貿聯-KY,3665
086125,call,日月光投控,3711
086126,call,上品,4770
086127,call,上品,4770
086128,call,邁科,6831
086129,call,邁科,6831
08612U,put,健策,3653
086130,call,松川精密,7788
086131,call,全友,2305
086132,call,台積電,2330
086133,call,強茂,2481
08613U,put,健策,3653
08614U,put,健策,3653
08615U,put,元大台灣50,0050
08616U,put,元大台灣50,0050
08617U,put,創見,2451
08618U,put,健策,3653
08619U,put,健策,3653
086206,call,聯發科,2454
08620U,put,長興,1717
086211,call,融程電,3416
086212,call,融程電,3416
08621U,put,智邦,2345
08622U,put,毅嘉,2402
08623U,put,啟碁,6285
08627U,put,台積電,2330
08628U,put,萬海,2615
08629U,put,奇鋐,3017
08630U,put,台塑化,6505
08631U,put,台積電,2330
08632U,put,緯穎,6669
08633U,put,元大台灣50,0050
08636U,put,新興,2605
08637U,put,景碩,3189
08640U,put,鴻海,2317
086448,call,大立光,3008
08644U,put,台聚,1304
086450,call,偉訓,3032
086454,call,文曄,3036
086457,call,華擎,3515
086458,call,華擎,3515
086459,call,永信,3705
08645U,put,台積電,2330
086460,call,神達,3706
086465,call,智伸科,4551
086466,call,智伸科,4551
08646U,put,台積電,2330
086470,call,龍德造船,6753
08647U,put,台塑,1301
08648U,put,陽明,2609
086496,call,聯發科,2454
08649U,put,日月光投控,3711
08650U,put,華通,2313
08651U,put,元大台灣50,0050
08652U,put,鴻海,2317
08653U,put,台積電,2330
08654U,put,創見,2451
08655U,put,台化,1326
08656U,put,川湖,2059
08657U,put,智邦,2345
08658U,put,世芯-KY,3661
08659U,put,緯穎,6669
08660U,put,元大台灣50,0050
08661U,put,元大台灣50,0050
08662U,put,華通,2313
08663U,put,景碩,3189
08664U,put,聯茂,6213
08665U,put,兆聯實業,6944
086660,call,台積電,2330
086671,call,世芯-KY,3661
086678,call,緯穎,6669
08668U,put,創見,2451
08669U,put,景碩,3189
08672U,put,牧德,3563
08673U,put,元大台灣50,0050
08674U,put,鴻海,2317
08675U,put,大立光,3008
08676U,put,緯創,3231
086820,call,世芯-KY,3661
086828,call,緯穎,6669
08682U,put,台化,1326
08683U,put,川湖,2059
08684U,put,台積電,2330
08688U,put,元大台灣50,0050
086894,call,中砂,1560
086895,call,台積電,2330
086899,call,金像電,2368
08689U,put,元大台灣50,0050
086901,call,宏達電,2498
086907,call,力積電,6770
086908,call,天虹,6937
08694U,put,金像電,2368
08695U,put,宇瞻,8271
086980,call,美時,1795
086985,call,鴻海,2317
086986,call,鴻海,2317
086987,call,台積電,2330
086988,call,金像電,2368
086989,call,創見,2451
086994,call,全新,2455
086995,call,宏達電,2498
086996,call,奇鋐,3017
087002,call,貿聯-KY,3665
08703U,put,嘉澤,3533
08704U,put,鴻海,2317
087145,call,台積電,2330
08714U,put,南亞,1303
08715U,put,元大台灣50,0050
087166,call,台積電,2330
08717U,put,愛普*,6531
087194,call,雄獅,2731
08720U,put,台虹,8039
08721U,put,國巨*,2327
08722U,put,國泰金,2882
08725U,put,奇鋐,3017
08726U,put,亞翔,6139
08728U,put,華通,2313
08730U,put,景碩,3189
087312,call,金像電,2368
087313,call,漢唐,2404
08731U,put,景碩,3189
087327,call,台積電,2330
08732U,put,至上,8112
08733U,put,華通,2313
08735U,put,華通,2313
08736U,put,德律,3030
08737U,put,眾達-KY,4977
08741U,put,台積電,2330
08742U,put,創見,2451
08743U,put,至上,8112
08744U,put,元大台灣50,0050
08745U,put,元大台灣50,0050
08746U,put,元大台灣50,0050
08747U,put,國巨*,2327
087488,call,矽統,2363
087489,call,矽統,2363
08748U,put,國巨*,2327
087491,call,晟銘電,3013
087496,call,洋基工程,6691
087497,call,昇陽半導體,8028
08749U,put,奇鋐,3017
08752U,put,愛普*,6531
08753U,put,京元電子,2449
08755U,put,至上,8112
08759U,put,台積電,2330
08760U,put,元大台灣50,0050
087618,call,台積電,2330
08761U,put,元大台灣50,0050
08762U,put,國巨*,2327
08763U,put,奇鋐,3017
08764U,put,貿聯-KY,3665
087656,call,台積電,2330
08766U,put,智邦,2345
087678,call,矽統,2363
08767U,put,訊芯-KY,6451
087680,call,奇鋐,3017
087683,call,欣興,3037
087684,call,欣興,3037
087686,call,世芯-KY,3661
08768U,put,兆聯實業,6944
087691,call,保瑞,6472
087692,call,愛普*,6531
087694,call,晶心科,6533
08773U,put,台聚,1304
08774U,put,奇鋐,3017
08779U,put,貿聯-KY,3665
08781U,put,台積電,2330
08782U,put,牧德,3563
08783U,put,元大台灣50,0050
08784U,put,鴻海,2317
08785U,put,奇鋐,3017
087873,call,台積電,2330
087874,call,台積電,2330
08788U,put,智邦,2345
08789U,put,京元電子,2449
087904,call,世芯-KY,3661
08790U,put,兆聯實業,6944
08791U,put,台積電,2330
087956,call,漢唐,2404
087960,call,大銀微系統,4576
087966,call,台積電,2330
08799U,put,台積電,2330
08802U,put,台積電,2330
088034,call,敦陽科,2480
088038,call,南電,8046
08803U,put,金像電,2368
08804U,put,牧德,3563
08805U,put,台積電,2330
08806U,put,台積電,2330
08807U,put,金像電,2368
08808U,put,友達,2409
08809U,put,惠特,6706
08810U,put,大同,2371
08814U,put,元大台灣50,0050
08815U,put,元大台灣50,0050
08820U,put,勤誠,8210
08823U,put,元大台灣50,0050
08824U,put,台積電,2330
08825U,put,台積電,2330
08826U,put,惠特,6706
08828U,put,台積電,2330
08829U,put,友達,2409
08830U,put,定穎投控,3715
088324,call,台積電,2330
08836U,put,華通,2313
08837U,put,台積電,2330
08838U,put,台積電,2330
08839U,put,定穎投控,3715
08840U,put,台達電,2308
088412,call,鴻海,2317
088416,call,英業達,2356
088418,call,全新,2455
08841U,put,華通,2313
088422,call,臻鼎-KY,4958
088424,call,聯茂,6213
088426,call,南電,8046
088427,call,南電,8046
088428,call,東哥遊艇,8478
088429,call,東哥遊艇,8478
08842U,put,華通,2313
08843U,put,台積電,2330
08844U,put,緯穎,6669
08845U,put,惠特,6706
08846U,put,元大台灣50,0050
08847U,put,華通,2313
08848U,put,智邦,2345
08849U,put,矽格,6257
08850U,put,矽格,6257
08851U,put,矽力*-KY,6415
08852U,put,台達電,2308
08853U,put,台積電,2330
08854U,put,金像電,2368
088556,call,台達電,2308
088557,call,國巨*,2327
08855U,put,台達電,2308
088560,call,技嘉,2376
088561,call,微星,2377
088564,call,威盛,2388
088565,call,威盛,2388
088567,call,毅嘉,2402
088568,call,毅嘉,2402
088569,call,京元電子,2449
08856U,put,華通,2313
088570,call,聯發科,2454
088571,call,宏達電,2498
088573,call,晟銘電,3013
088575,call,奇鋐,3017
088577,call,欣興,3037
088578,call,欣興,3037
08857U,put,啟碁,6285
088581,call,日電貿,3090
088582,call,景碩,3189
088583,call,聯鈞,3450
088584,call,世芯-KY,3661
088586,call,聯茂,6213
088588,call,LINEPAY,7722
08858U,put,台達電,2308
08859U,put,元大台灣50,0050
08860U,put,元大台灣50,0050
088621,call,欣興,3037
08862U,put,美時,1795
088635,call,鉅祥,2476
088637,call,達興材料,5234
088638,call,帆宣,6196
088639,call,富世達,6805
08863U,put,臻鼎-KY,4958
088647,call,台積電,2330
08864U,put,台聚,1304
08865U,put,台達電,2308
08866U,put,台積電,2330
08867U,put,臻鼎-KY,4958
08868U,put,緯穎,6669
08871U,put,台達電,2308
08872U,put,華通,2313
08873U,put,智邦,2345
08874U,put,川湖,2059
088753,call,鴻海,2317
088754,call,台積電,2330
088755,call,台積電,2330
088758,call,辛耘,3583
088759,call,貿聯-KY,3665
08875U,put,華通,2313
088760,call,神達,3706
08876U,put,國巨*,2327
08877U,put,智邦,2345
08878U,put,毅嘉,2402
08879U,put,奇鋐,3017
088800,call,台積電,2330
08880U,put,德律,3030
08881U,put,聯詠,3034
08882U,put,緯創,3231
08883U,put,世芯-KY,3661
08884U,put,帆宣,6196
08885U,put,聯茂,6213
08886U,put,矽格,6257
08887U,put,啟碁,6285
08888U,put,緯穎,6669
08889U,put,兆聯實業,6944
08890U,put,聯發科,2454
08891U,put,川湖,2059
08892U,put,華通,2313
08893U,put,世芯-KY,3661
088961,call,台達電,2308
088964,call,台積電,2330
08898U,put,台積電,2330
08903U,put,金像電,2368
08904U,put,牧德,3563
08907U,put,鴻海,2317
08908U,put,智邦,2345
08910U,put,元大台灣50,0050
08915U,put,元大台灣50,0050
089184,call,元大台灣50,0050
08919U,put,元大台灣50,0050
08920U,put,元大台灣50,0050
08924U,put,台聚,1304
08925U,put,亞聚,1308
08926U,put,川湖,2059
08927U,put,智邦,2345
089289,call,川湖,2059
08928U,put,奇鋐,3017
089291,call,廣宇,2328
089294,call,瀚宇博,5469
089297,call,緯穎,6669
08929U,put,世芯-KY,3661
08930U,put,國精化,4722
08933U,put,台積電,2330
08934U,put,聯發科,2454
08936U,put,鴻海,2317
08937U,put,金像電,2368
08938U,put,乙盛-KY,5243
08939U,put,世芯-KY,3661
08940U,put,元大台灣50,0050
08942U,put,元大台灣50,0050
08943U,put,華東,8110
08944U,put,元大台灣50,0050
08945U,put,元大台灣50,0050
089470,call,士電,1503
089472,call,精成科,6191
089473,call,緯穎,6669
08947U,put,華東,8110
08948U,put,聯發科,2454
089497,call,緯穎,6669
08949U,put,中砂,1560
08950U,put,華東,8110
08952U,put,華東,8110
089540,call,鴻海,2317
08955U,put,鴻海,2317
08956U,put,世芯-KY,3661
08959U,put,鴻海,2317
08960U,put,台積電,2330
08961U,put,世芯-KY,3661
08966U,put,元大台灣50,0050
08967U,put,元大台灣50,0050
08969U,put,台積電,2330
08970U,put,華城,1519
08971U,put,台積電,2330
08972U,put,台積電,2330
08973U,put,中砂,1560
08974U,put,台積電,2330
08976U,put,奇鋐,3017
08978U,put,辛耘,3583
08979U,put,辛耘,3583
08983U,put,台積電,2330
08984U,put,奇鋐,3017
089850,call,瀚宇博,5469
089852,call,南電,8046
08985U,put,聯鈞,3450
089864,call,元大台灣50,0050
08986U,put,元大台灣50,0050
08987U,put,元大台灣50,0050
08988U,put,元大台灣50,0050
08989U,put,聯發科,2454
089903,call,鴻海,2317
089905,call,台光電,2383
08990U,put,元大台灣50,0050
08991U,put,元大台灣50,0050
089927,call,台積電,2330
08992U,put,台積電,2330
08993U,put,聯發科,2454
08995U,put,天虹,6937
