code,yoy,rev,month
1264,5.77,720821.0,1
1294,117.94,90427.0,1
1295,14.38,81085.0,1
1780,0.71,73900.0,1
1796,-10.83,54413.0,1
4205,-2.83,173777.0,1
4207,17.23,495326.0,1
6846,6.33,55897.0,1
7743,45.27,46325.0,1
4303,29.58,82925.0,1
4304,-26.81,25027.0,1
4305,29.66,95641.0,1
9950,2.81,225022.0,1
4401,45.88,325432.0,1
4402,-26.49,1853.0,1
4406,5.1,38958.0,1
4413,163.35,67093.0,1
4417,5.73,322651.0,1
4420,7.91,75075.0,1
4432,-42.77,89402.0,1
4433,24.01,278459.0,1
6506,35.05,207965.0,1
1570,-18.59,44781.0,1
1580,12.81,430388.0,1
1586,16.82,218429.0,1
1599,39.85,213510.0,1
2066,1.87,238572.0,1
2067,34.6,87856.0,1
2070,13.87,46109.0,1
2235,45.05,51770.0,1
3162,30.94,749985.0,1
3226,-31.78,124369.0,1
3379,-14.05,79889.0,1
3685,50.26,118762.0,1
4502,6.32,80533.0,1
4503,18.79,40962.0,1
4506,10.49,659335.0,1
4510,38.65,142530.0,1
4513,25.53,83606.0,1
4523,342.69,211809.0,1
4527,2.82,180285.0,1
4528,3.18,143809.0,1
4533,-27.81,345624.0,1
4534,18.64,88015.0,1
4535,9.42,243338.0,1
4538,122.75,33769.0,1
4543,80.31,84163.0,1
4549,11.88,94428.0,1
4550,112.29,104841.0,1
4558,-7.52,101456.0,1
4561,75.39,87281.0,1
4563,-34.05,143729.0,1
4568,-21.27,105619.0,1
4580,5.59,195090.0,1
4584,-16.34,97835.0,1
5381,-36.46,229854.0,1
6122,5.62,291171.0,1
6125,25.01,258170.0,1
6425,47.51,105149.0,1
6603,0.58,371434.0,1
6609,-6.33,154214.0,1
6843,17.84,60562.0,1
6982,42.62,189012.0,1
7642,-43.45,44766.0,1
7709,20.3,45399.0,1
7718,-9.95,202104.0,1
8027,43.35,102016.0,1
8083,41.35,105508.0,1
8107,-33.72,52403.0,1
8255,2.35,649711.0,1
9951,13.94,581042.0,1
2061,43.27,132378.0,1
1742,-44.95,6303.0,1
3430,21.59,171148.0,1
4706,23.88,100922.0,1
4707,46.09,128378.0,1
4711,85.92,82125.0,1
4714,141.24,237491.0,1
4716,37.76,39365.0,1
4721,31.09,274929.0,1
4741,-8.01,39776.0,1
4754,-5.81,59762.0,1
4767,-21.58,77835.0,1
4768,228.67,164468.0,1
4772,309.36,288134.0,1
6509,15.72,568229.0,1
1565,-6.06,310973.0,1
1777,-10.12,86700.0,1
1781,-29.35,37098.0,1
1784,23.55,106817.0,1
1788,13.8,420924.0,1
1799,140.23,77447.0,1
1813,21.88,28118.0,1
3118,24.15,57188.0,1
3176,-4.04,93317.0,1
3205,33.97,46923.0,1
3218,-11.94,367430.0,1
4102,41.6,52296.0,1
4105,16.17,561125.0,1
4107,19.45,190670.0,1
4109,19.3,37654.0,1
4111,23.7,133276.0,1
4114,25.41,634910.0,1
4116,20.05,493783.0,1
4120,4.39,445452.0,1
4121,-2.15,323839.0,1
4123,56.41,191292.0,1
4126,15.98,200164.0,1
4127,37.06,53601.0,1
4128,8.68,180018.0,1
4129,20.07,475485.0,1
4131,-23.16,17172.0,1
4138,5.16,119222.0,1
4147,-23.95,37883.0,1
4153,25.24,69283.0,1
4160,14.96,47875.0,1
4161,39.07,74589.0,1
4162,208.28,72186.0,1
4163,38.56,253458.0,1
4166,10.54,145393.0,1
4167,-14.23,83862.0,1
4168,,0.0,1
4173,41.98,176965.0,1
4174,140.18,1333.0,1
4175,2.31,644494.0,1
4183,-25.25,27517.0,1
4188,26.47,2914.0,1
4192,20.79,2149.0,1
4198,4.95,15274.0,1
4726,0.94,45660.0,1
4728,11.35,224413.0,1
4735,-13.12,60623.0,1
4743,66.45,12779.0,1
4744,112.87,66271.0,1
4747,-1.2,58358.0,1
4905,38.12,81734.0,1
4911,-60.85,10733.0,1
5312,11.73,376472.0,1
6130,120.52,17073.0,1
6242,33.55,43660.0,1
6461,394.18,7393.0,1
6469,-0.48,1603658.0,1
6492,-3.61,80.0,1
6496,35.1,95614.0,1
6499,12.28,30268.0,1
6523,-26.28,89883.0,1
6527,8.45,74509.0,1
6535,9777.5,3951.0,1
6547,3.15,37098.0,1
6569,-5.02,78030.0,1
6574,52.15,66442.0,1
6576,14.82,12790.0,1
6612,-15.68,75387.0,1
6615,6.31,33079.0,1
6620,32.15,75690.0,1
6637,-11.88,43172.0,1
6649,-51.48,7662.0,1
6661,28.24,29019.0,1
6662,23.37,24457.0,1
6703,10.42,238429.0,1
6712,2.35,58197.0,1
6730,4.88,42720.0,1
6733,32.87,23028.0,1
6762,-0.4,51295.0,1
6767,1.77,30734.0,1
6785,,0.0,1
6841,34.55,27435.0,1
6844,-9.87,280741.0,1
6872,88.0,658.0,1
6875,,0.0,1
6929,-6.1,264841.0,1
6945,,0.0,1
6986,23.12,15352.0,1
7713,21.74,98293.0,1
7814,27.2,4779.0,1
8279,6.62,129453.0,1
8403,9.44,385201.0,1
8409,300.55,18718.0,1
8432,27.72,107045.0,1
8436,12.2,600560.0,1
2035,44.49,917938.0,1
2063,-17.17,65803.0,1
2064,37.18,153852.0,1
2065,-2.72,180374.0,1
2073,6.94,42327.0,1
4950,12.8,90061.0,1
5009,8.87,1044144.0,1
5011,-17.66,374438.0,1
5013,27.24,702602.0,1
5014,70.94,1464421.0,1
5015,-37.09,83116.0,1
5016,1.19,152815.0,1
6248,9.11,638211.0,1
8349,4.62,1036597.0,1
8415,11.45,2124443.0,1
8930,58.91,132791.0,1
9962,-47.19,123906.0,1
1595,12.12,58304.0,1
3105,24.66,1467701.0,1
3122,7.41,29708.0,1
3131,41.96,526758.0,1
3141,6.63,128759.0,1
3169,4.08,82239.0,1
3178,-20.89,75607.0,1
3227,1.0,808645.0,1
3228,-20.45,24456.0,1
3259,3.1,18519.0,1
3260,198.92,8411537.0,1
3264,22.27,1300609.0,1
3265,18.29,425893.0,1
3268,12.5,67716.0,1
3317,19.29,272576.0,1
3372,60.14,114866.0,1
3374,45.8,651321.0,1
3438,-13.66,70623.0,1
3467,4.61,52696.0,1
3527,9.61,110682.0,1
3529,22.38,667012.0,1
3555,3727.36,70347.0,1
3556,113.89,130056.0,1
3567,-2.1,21140.0,1
3581,17.73,149722.0,1
3675,9.21,220986.0,1
3680,62.73,633937.0,1
3707,24.97,503798.0,1
4749,16.13,366958.0,1
4923,33.46,80107.0,1
4951,-0.4,43287.0,1
4973,79.61,664813.0,1
5272,-15.1,22430.0,1
5274,28.46,900364.0,1
5299,-8.34,130363.0,1
5302,308.05,2432.0,1
5344,48.47,31611.0,1
5347,18.37,4011598.0,1
5351,291.69,763717.0,1
5425,2.16,1465010.0,1
5443,-5.41,269435.0,1
5468,15.15,11145.0,1
5483,-1.24,5897140.0,1
5487,-9.45,11265.0,1
6103,15.99,8855.0,1
6104,8.37,361304.0,1
6129,60.05,97992.0,1
6138,11.54,682723.0,1
6147,19.31,1962425.0,1
6182,18.86,852700.0,1
6187,6.18,390794.0,1
6208,12.52,279585.0,1
6223,33.05,1227414.0,1
6229,66.81,205384.0,1
6233,-10.87,29833.0,1
6237,35.01,51092.0,1
6261,26.36,392889.0,1
6291,77.53,242819.0,1
6411,19.69,252293.0,1
6423,3.47,55773.0,1
6435,0.42,335851.0,1
6462,200.09,1031213.0,1
6485,10.54,136579.0,1
6488,-14.28,4139278.0,1
6494,53.72,130829.0,1
6510,19.27,454126.0,1
6532,-19.23,50141.0,1
6548,13.79,1200739.0,1
6568,8.11,123987.0,1
6640,56.66,230696.0,1
6643,-2.46,109888.0,1
6651,24.91,146931.0,1
6679,5.05,178808.0,1
6683,46.68,220173.0,1
6684,3.63,26477.0,1
6693,46.19,168011.0,1
6708,-3.24,15697.0,1
6716,230.35,158359.0,1
6720,-22.7,32757.0,1
6732,2.16,399449.0,1
6788,35.54,220782.0,1
6823,28.21,40421.0,1
6829,6.28,166395.0,1
6895,41.28,40176.0,1
6953,62.41,92809.0,1
6996,32.09,261237.0,1
7556,21.21,75668.0,1
7704,12.12,52526.0,1
7712,12.5,113212.0,1
7734,142.0,304350.0,1
7751,80.56,197915.0,1
7770,6.51,15147.0,1
7772,5.15,33259.0,1
7810,46.49,63584.0,1
7828,23300.0,73008.0,1
8024,-43.23,6678.0,1
8040,19.76,63173.0,1
8054,698.93,895824.0,1
8086,90.16,417391.0,1
8088,136.0,202401.0,1
8091,39.49,210247.0,1
8102,-45.01,27736.0,1
8227,172.7,120470.0,1
8277,-19.85,9957.0,1
8299,189.24,10451593.0,1
8383,9.31,312483.0,1
1569,-5.8,241493.0,1
3071,25.51,244679.0,1
3088,50.04,610625.0,1
3211,52.24,1005478.0,1
3213,-29.21,257882.0,1
3272,26.06,243630.0,1
3287,35.06,98823.0,1
3323,2.99,383141.0,1
3325,-17.32,103828.0,1
3349,-13.91,31636.0,1
3479,20.99,720418.0,1
3483,21.51,734807.0,1
3540,-9.62,455608.0,1
3577,5.52,139885.0,1
3594,9.73,134403.0,1
3611,5.59,933225.0,1
3625,22.56,41253.0,1
3693,-38.52,480138.0,1
3709,132.66,4786144.0,1
4931,42.29,289976.0,1
5289,307.1,3331472.0,1
5356,-29.36,225207.0,1
5386,406.8,2461029.0,1
5426,29.35,230639.0,1
5438,-32.05,56741.0,1
5465,1.81,525950.0,1
5474,13.43,119327.0,1
5490,11.36,143960.0,1
6121,3.1,5941122.0,1
6150,2.05,539430.0,1
6160,-32.7,65798.0,1
6161,10.21,110331.0,1
6188,0.84,739122.0,1
6228,-6.97,5242.0,1
6276,-24.71,108407.0,1
6441,-73.04,8120.0,1
6570,35.64,90895.0,1
6577,-4.99,187605.0,1
6680,32.18,62509.0,1
6922,48.67,187708.0,1
8050,-5.32,424578.0,1
8076,29.96,166829.0,1
8234,-26.68,447406.0,1
8410,33.22,81174.0,1
3066,45.19,28216.0,1
3128,-11.11,94187.0,1
3230,-24.81,29590.0,1
3297,-29.58,10972.0,1
3339,73.57,70402.0,1
3362,17.46,429482.0,1
3434,-51.51,24883.0,1
3441,36.12,40761.0,1
3455,-7.87,62153.0,1
3490,-9.28,16251.0,1
3516,31.89,110216.0,1
3523,-29.38,2973.0,1
3531,-18.97,108305.0,1
3615,29.94,81936.0,1
3623,45.76,30579.0,1
3630,44.43,270748.0,1
3666,-36.7,27301.0,1
3691,195.7,849593.0,1
4729,1.8,88731.0,1
4933,21.27,270441.0,1
4972,2.95,88948.0,1
4995,16.33,125477.0,1
5220,51.37,112846.0,1
5230,41.17,116782.0,1
5245,1.04,70718.0,1
5251,-35.46,25031.0,1
5315,10.88,167121.0,1
5371,12.28,3206189.0,1
5392,20.8,784461.0,1
6167,33.78,132321.0,1
6222,-30.03,177.0,1
6234,31.06,41616.0,1
6244,1.76,251665.0,1
6246,-8.58,108986.0,1
6419,-8.75,57072.0,1
6498,38.34,123031.0,1
6517,-42.17,26304.0,1
6556,2.79,132846.0,1
6560,342.27,36899.0,1
6859,2.08,70421.0,1
6899,12.38,90821.0,1
7402,-25.46,31002.0,1
7753,32.71,74653.0,1
8049,1.61,100555.0,1
8064,35.08,196579.0,1
8069,22.86,2780203.0,1
8111,13.41,70312.0,1
8240,-9.9,587900.0,1
3081,122.78,270770.0,1
3095,16.77,51808.0,1
3152,-9.07,121166.0,1
3163,47.88,234703.0,1
3221,7.02,190604.0,1
3234,3.04,67713.0,1
3306,69.33,84708.0,1
3363,-10.82,136682.0,1
3466,-23.59,2749.0,1
3491,112.56,369392.0,1
3499,-63.57,11993.0,1
3558,-18.66,989690.0,1
3564,5.15,198235.0,1
3632,12.84,24086.0,1
3672,-62.89,13702.0,1
3684,30.66,85504.0,1
4903,166.91,125609.0,1
4908,66.88,97096.0,1
4909,-60.41,19509.0,1
4979,26.82,412324.0,1
5353,-11.31,132148.0,1
6109,78.23,85293.0,1
6143,64.92,775189.0,1
6170,-3.13,278585.0,1
6190,20.97,877658.0,1
6218,24.45,180012.0,1
6241,6.46,61913.0,1
6245,-24.77,398454.0,1
6263,9.28,132565.0,1
6417,25.28,142647.0,1
6465,121.46,28855.0,1
6470,-45.92,94816.0,1
6486,17.31,136265.0,1
6530,25.62,30563.0,1
6546,-2.94,190875.0,1
6561,-0.23,315809.0,1
6588,634.3,48200.0,1
8034,655.44,30845.0,1
8048,13.65,93154.0,1
8059,476.81,328416.0,1
8089,-53.14,21799.0,1
8097,-30.54,19508.0,1
8176,-65.86,20112.0,1
1336,-1.65,196914.0,1
1815,19.18,570799.0,1
3078,-16.85,787796.0,1
3114,24.31,263953.0,1
3115,-38.28,577.0,1
3191,18.68,17782.0,1
3206,12.03,326698.0,1
3207,45.99,180555.0,1
3217,10.75,331278.0,1
3236,46.0,222204.0,1
3276,-6.84,47290.0,1
3288,-32.02,4277.0,1
3290,115.43,345687.0,1
3294,12.36,272746.0,1
3310,8.02,144065.0,1
3322,15.34,336421.0,1
3332,38.89,199114.0,1
3354,26.35,9268.0,1
3357,25.52,601280.0,1
3388,15.94,717926.0,1
3390,96.23,102613.0,1
3484,2.71,388635.0,1
3485,-0.09,50268.0,1
3492,-26.87,68735.0,1
3511,20.33,180980.0,1
3520,58.98,133359.0,1
3526,50.91,448420.0,1
3537,26.14,272735.0,1
3548,-24.25,601443.0,1
3597,18.01,77811.0,1
3609,-36.26,41789.0,1
3624,28.44,242266.0,1
3631,169.44,2460.0,1
3646,7.5,56861.0,1
3689,30.98,717516.0,1
3710,10.94,674094.0,1
4542,96.66,59588.0,1
4939,18.84,129684.0,1
4974,-6.99,371666.0,1
5228,94.17,65786.0,1
5291,34.27,120711.0,1
5309,6.93,284984.0,1
5328,35.4,90493.0,1
5340,40.34,212486.0,1
5355,32.22,46634.0,1
5439,129.5,804983.0,1
5457,-2.85,1842987.0,1
5460,51.97,23195.0,1
5464,15.54,103499.0,1
5475,101.72,100403.0,1
5488,67.82,106829.0,1
5498,54.91,145756.0,1
6114,-11.01,76249.0,1
6124,50.45,173398.0,1
6126,75.22,476574.0,1
6127,-2.72,83686.0,1
6134,68.13,225879.0,1
6156,13.4,528813.0,1
6158,-1.67,147171.0,1
6173,14.2,344358.0,1
6174,20.11,62508.0,1
6175,-2.64,353607.0,1
6185,61.44,60754.0,1
6194,-2.47,115459.0,1
6203,44.68,337624.0,1
6204,24.41,38692.0,1
6207,-9.2,60501.0,1
6210,60.39,31961.0,1
6217,55.74,421135.0,1
6220,22.76,878663.0,1
6259,96.28,60708.0,1
6266,10.54,264045.0,1
6274,74.81,3533279.0,1
6275,40.35,434927.0,1
6279,2.57,838521.0,1
6284,5.96,677511.0,1
6290,3.75,827187.0,1
6292,10.64,94155.0,1
6418,26.44,77704.0,1
6432,23.8,112898.0,1
6538,-37.67,90060.0,1
6584,142.61,302764.0,1
6597,-21.22,53990.0,1
6642,25.59,52358.0,1
6664,14.51,225001.0,1
6727,265.8,270835.0,1
6761,6.0,173958.0,1
6821,-2.78,49902.0,1
6913,43.32,269701.0,1
6967,34.17,129832.0,1
7744,73.83,335813.0,1
8038,643.81,43848.0,1
8042,50.17,422420.0,1
8043,36.01,506215.0,1
8071,18.69,190810.0,1
8074,28.31,127574.0,1
8093,16.9,30177.0,1
8109,41.05,170622.0,1
8121,43.91,314937.0,1
8147,43.87,162336.0,1
8155,48.32,518007.0,1
8182,3.96,236869.0,1
8289,18.35,165506.0,1
8291,0.75,133.0,1
8358,45.91,820421.0,1
3224,42.48,161259.0,1
3232,55.44,110116.0,1
3360,152.72,1035573.0,1
3444,11.17,103875.0,1
6113,99.73,76236.0,1
6118,56.85,1068832.0,1
6154,11.74,351519.0,1
6227,97.72,1869801.0,1
6265,435.71,212986.0,1
6270,23.57,255118.0,1
6474,25.23,354583.0,1
8032,48.57,382244.0,1
8067,-27.58,6265.0,1
8068,97.59,119773.0,1
8084,-36.59,53613.0,1
8096,-41.94,2828148.0,1
3147,206.61,1411601.0,1
3158,11.5,84725.0,1
3570,67.7,308795.0,1
4953,34.67,1139175.0,1
5201,49.46,23928.0,1
5202,24.86,11807.0,1
5210,17.4,21184.0,1
5211,55.26,17183.0,1
5212,49.94,91519.0,1
5310,2700.0,84.0,1
5403,26.92,319329.0,1
5410,48.73,458858.0,1
6123,-6.09,394697.0,1
6140,-14.42,135144.0,1
6148,-17.36,29894.0,1
6163,-3.29,574420.0,1
6221,-48.57,407219.0,1
6231,-7.25,108047.0,1
6240,20.0,3929.0,1
6516,49.73,57437.0,1
6590,13.36,52373.0,1
6593,-8.79,53864.0,1
6697,3.47,220199.0,1
6751,-1.77,125912.0,1
6752,31.85,171140.0,1
6791,13.36,59232.0,1
6874,63.03,475331.0,1
6884,51.32,112041.0,1
7767,28.86,195037.0,1
7819,4.74,30061.0,1
8099,19.09,417220.0,1
8272,8.66,26824.0,1
8284,15.46,257326.0,1
8416,27.45,135413.0,1
1785,67.71,4662202.0,1
3093,90.8,130207.0,1
3219,148.54,161724.0,1
3285,36.7,80514.0,1
3289,5.93,400062.0,1
3303,19.31,289285.0,1
3324,121.57,3041929.0,1
3373,9.2,33803.0,1
3402,16.73,457548.0,1
3465,-17.49,120646.0,1
3498,28.17,97333.0,1
3508,30.65,102558.0,1
3541,-0.77,82105.0,1
3552,-14.63,695877.0,1
3580,-10.4,26927.0,1
3587,16.82,454787.0,1
3628,26.0,287401.0,1
3663,157.9,844951.0,1
4554,-6.7,34696.0,1
4577,16.82,66525.0,1
4760,66.05,209318.0,1
5452,-10.92,396502.0,1
5489,0.37,115663.0,1
5493,27.06,457887.0,1
5536,38.78,3666241.0,1
6146,9.86,401088.0,1
6151,34.59,158834.0,1
6512,-60.88,8059.0,1
6613,-29.61,641195.0,1
6654,207.37,50646.0,1
6667,27.54,465694.0,1
6725,79.49,363198.0,1
6735,-21.33,25450.0,1
6739,98.9,91049.0,1
6840,16.27,79106.0,1
6855,-43.43,39127.0,1
6877,-84.21,3982.0,1
6903,586.44,719547.0,1
6983,18.4,15492.0,1
7703,15.46,185544.0,1
7728,46.3,35960.0,1
7792,68.38,451214.0,1
8047,-15.36,29654.0,1
8085,35.68,78511.0,1
8092,5.68,20266.0,1
8183,17.21,692907.0,1
8431,32.09,105258.0,1
8908,7.31,826005.0,1
8917,7.98,278027.0,1
8927,34.1,1052467.0,1
8931,26.27,235196.0,1
2596,-97.05,4439.0,1
2718,13058.37,48686.0,1
3188,885.38,597944.0,1
3313,2493.78,4591.0,1
3489,-1.96,85470.0,1
3512,-30.83,174938.0,1
3521,301.67,1201.0,1
4113,-89.78,21714.0,1
4416,792.84,70347.0,1
4907,-100.0,0.0,1
5206,,27020.0,1
5213,-54.23,302521.0,1
5324,-50.92,58248.0,1
5455,-99.89,271.0,1
5508,7.09,128300.0,1
5511,27.17,753148.0,1
5512,4.0,454217.0,1
5514,6851.86,33508.0,1
5516,45.64,144613.0,1
5520,15.98,367292.0,1
5523,1.03,389.0,1
5529,3603.45,208838.0,1
5547,-2.73,189340.0,1
5548,95.1,272020.0,1
6171,3828.98,35518.0,1
6186,-100.0,0.0,1
6198,46.66,22.0,1
6212,-85.21,75147.0,1
6219,10807.68,617048.0,1
6264,-73.37,2373.0,1
8080,-47.37,12652.0,1
8424,12.56,98652.0,1
2641,33.43,217124.0,1
2643,18.06,674573.0,1
5601,0.67,7805.0,1
5603,-5.35,132156.0,1
5609,2.38,2352496.0,1
7716,-9.98,162447.0,1
1259,-4.14,510795.0,1
1268,-16.81,650457.0,1
2719,-31.95,162849.0,1
2729,-30.01,476289.0,1
2732,31.58,422738.0,1
2734,2.63,143207.0,1
2736,-23.84,41076.0,1
2740,-64.38,6326.0,1
2743,-2.98,535844.0,1
2745,-2.38,685880.0,1
2751,22.24,163728.0,1
2752,-1.11,372804.0,1
2754,-1.35,485127.0,1
2755,22.99,295746.0,1
2756,52.2,99696.0,1
3252,-4.61,46579.0,1
3522,-21.04,169484.0,1
4419,-11.85,226271.0,1
4530,-8.71,23466.0,1
5301,22.66,18964.0,1
5364,-22.15,19788.0,1
5701,-4.51,42048.0,1
5703,-2.46,43918.0,1
5704,27.02,44343.0,1
5905,-14.04,76068.0,1
6961,-17.46,358702.0,1
7708,1.43,238982.0,1
7723,-24.21,383803.0,1
7757,-20.9,173619.0,1
8077,7.71,93166.0,1
5864,8548.66,1482121.0,1
5878,6.74,81128.0,1
6015,226.84,418612.0,1
6016,151.84,1227087.0,1
6020,3840.67,159278.0,1
6021,237.02,495149.0,1
6023,49.02,405436.0,1
6026,-85.77,32246.0,1
6028,36.86,519353.0,1
1584,-4.35,214208.0,1
2221,34.72,133931.0,1
3284,-26.93,60131.0,1
4430,16.5,244614.0,1
4529,-27.23,318.0,1
4541,83.73,177448.0,1
4556,31.01,60478.0,1
5209,-19.51,299287.0,1
5314,265.4,489861.0,1
5345,151.38,1453.0,1
5398,26.94,11492.0,1
5450,24.72,219841.0,1
5481,7.35,8557.0,1
5530,8.28,361869.0,1
5604,3.98,13662.0,1
6179,-10.13,241827.0,1
6199,564.29,52592.0,1
6721,3.83,304702.0,1
6881,15.19,214550.0,1
6904,-48.67,58955.0,1
7777,271.22,54141.0,1
8342,20.66,142560.0,1
8354,17.09,61231.0,1
8401,41.32,141739.0,1
8421,-1.75,98302.0,1
8435,11.51,53175.0,1
8489,53.1,160492.0,1
8905,-8.29,177965.0,1
8906,33.6,27943.0,1
8916,4.99,548042.0,1
8921,9.54,54370.0,1
8929,8.71,64456.0,1
8935,3.19,41589.0,1
8936,29.8,657031.0,1
8937,-75.9,2283.0,1
8942,-60.51,165871.0,1
2926,1.1,590965.0,1
3064,-9.59,6447.0,1
3083,-16.54,30620.0,1
3086,-38.86,11471.0,1
3293,13.57,1987806.0,1
3546,-1.07,139391.0,1
3629,123766.66,3716.0,1
4806,203.86,23750.0,1
4946,-39.0,17876.0,1
5263,1.21,84291.0,1
5478,0.7,584671.0,1
6101,138.2,12339.0,1
6111,102.54,1083057.0,1
6144,-27.53,11776.0,1
6169,-98.88,31.0,1
6180,20.7,1095678.0,1
6294,-11.44,65054.0,1
6482,-25.94,42450.0,1
6542,13.21,85815.0,1
6596,-8.69,195413.0,1
6856,-1.06,59416.0,1
7584,-44.11,71758.0,1
8446,3.14,80800.0,1
8450,8.64,24550.0,1
8923,-22.47,37894.0,1
9949,5.54,13466.0,1
1240,-6.63,216068.0,1
4171,84.93,17119.0,1
6508,17.74,137966.0,1
6578,2.14,25789.0,1
3073,1048.45,45054.0,1
3551,29.68,276459.0,1
3713,-41.44,17431.0,1
5205,204.44,5069.0,1
5432,150.54,14301.0,1
6624,46.35,51757.0,1
6692,-84.13,31523.0,1
6803,7.24,797567.0,1
6894,51.5,130809.0,1
6971,14.76,166010.0,1
7715,-48.88,40658.0,1
7820,69.87,33941.0,1
7842,84.22,209761.0,1
8087,883.39,130123.0,1
8171,-13.76,45233.0,1
8390,60.34,541939.0,1
8440,-12.17,61399.0,1
2640,1.1,286433.0,1
2949,25.1,432552.0,1
3085,18.6,3525.0,1
3687,32.99,170541.0,1
5278,25.57,195324.0,1
5287,5.61,189222.0,1
5321,-28.01,213985.0,1
6236,-43.34,2497.0,1
6690,23.79,187092.0,1
6763,31.15,158739.0,1
6811,33.17,1486366.0,1
6865,-47.24,15852.0,1
6870,41.34,58155.0,1
6910,44.74,23225.0,1
6925,5.52,15501.0,1
6997,5.39,381905.0,1
7547,44.69,28157.0,1
7714,21.98,142717.0,1
7738,9.43,46629.0,1
7747,-3.63,141847.0,1
7805,14.95,610743.0,1
7839,35.77,15196.0,1
8044,18.42,3431035.0,1
8472,30.76,28530.0,1
8477,-36.0,30728.0,1
8932,30.79,199986.0,1
1593,20.35,115822.0,1
5348,16.72,19336.0,1
6804,48.29,100606.0,1
7811,-49.58,132397.0,1
8924,32.7,409688.0,1
8928,-29.53,248304.0,1
8933,-53.16,117226.0,1
8938,-1.3,1720821.0,1
9960,23.16,60008.0,1
2230,7.73,256031.0,1
2916,-22.85,211218.0,1
2937,-0.76,474378.0,1
2941,-28.9,83748.0,1
2947,3.48,212067.0,1
2948,9.28,179663.0,1
3067,-12.0,6512.0,1
3171,79.24,214262.0,1
4609,-35.26,8219.0,1
4702,32.08,11709.0,1
5902,-9.67,209182.0,1
5903,5.74,9376217.0,1
5904,-1.85,2374904.0,1
6195,4.36,302200.0,1
6728,35.46,363994.0,1
6968,7.19,312372.0,1
7782,-22.26,58020.0,1
7794,23.7,90818.0,1
8066,-22.99,321348.0,1
8433,0.06,344750.0,1
8941,9.72,224922.0,1
4442,-18.11,112346.0,1
1591,1010.11,44016.0,1
4139,15.2,90408.0,1
4157,42.96,6039.0,1
4745,-10.2,238109.0,1
6617,36.16,3242.0,1
4966,-10.45,1297442.0,1
4971,13.25,111469.0,1
4991,155.98,220658.0,1
6907,70.19,217125.0,1
5223,15.42,177832.0,1
3664,43.93,20615.0,1
7717,52.21,98597.0,1
5227,-85.34,9911.0,1
8455,-14.48,71807.0,1
5543,-4.15,301375.0,1
2726,-22.89,41677.0,1
4804,16.05,9045.0,1
2724,36.36,16049.0,1
4154,-40.68,1299.0,1
5276,3.2,83484.0,1
8426,26.15,244165.0,1
8437,13.01,11905.0,1
8444,-37.55,219946.0,1
4924,41.13,92515.0,1
8423,17.74,35055.0,1
6741,30.05,184011.0,1
2924,148.54,9671.0,1
6616,-29.76,72769.0,1
6629,62.73,241421.0,1
1101,0.32,12252892.0,1
1102,1.85,5986964.0,1
1103,-4.17,256819.0,1
1104,4.42,718229.0,1
1108,-16.41,374664.0,1
1109,22.72,373777.0,1
1110,-16.08,198691.0,1
1201,-12.37,1676231.0,1
1203,-14.52,461815.0,1
1210,12.0,9726934.0,1
1213,10.59,24751.0,1
1215,13.03,2634849.0,1
1216,0.53,66104462.0,1
1217,-1.51,462021.0,1
1218,6.3,943672.0,1
1219,7.89,1271934.0,1
1220,28.91,282201.0,1
1225,20.46,1313398.0,1
1227,16.14,3796317.0,1
1229,15.3,996429.0,1
1231,-1.42,1271114.0,1
1232,21.05,2213265.0,1
1233,-10.05,198102.0,1
1234,-5.7,794428.0,1
1235,177.23,23862.0,1
1236,2.9,303656.0,1
1702,-2.99,2104739.0,1
1737,-15.45,277168.0,1
3054,121.86,13427.0,1
7780,61.35,138385.0,1
7791,-25.87,139787.0,1
1301,-0.63,13891082.0,1
1303,11.8,22872625.0,1
1304,-2.77,3583459.0,1
1305,3.97,806175.0,1
1307,19.99,1151903.0,1
1308,2.43,448082.0,1
1309,-11.65,1135298.0,1
1310,-19.57,705741.0,1
1312,84.41,2321933.0,1
1313,20.89,5300917.0,1
1314,-32.7,1589699.0,1
1315,-37.57,126246.0,1
1321,1.18,330086.0,1
1323,-5.21,179252.0,1
1324,9.31,59958.0,1
1325,-16.77,24322.0,1
1326,4.25,25040014.0,1
4306,29.09,1225902.0,1
1402,-0.23,21993415.0,1
1409,-1.55,3334219.0,1
1410,18.54,14210.0,1
1413,-26.21,144951.0,1
1414,3.16,41048.0,1
1417,51.47,30235.0,1
1418,-9.72,613.0,1
1419,51.24,509836.0,1
1423,-12.81,5852.0,1
1434,5.08,2426027.0,1
1440,-16.06,1103124.0,1
1441,-12.81,117500.0,1
1444,-16.52,527231.0,1
1445,-7.72,73686.0,1
1446,-95.3,6715.0,1
1447,4.57,2477005.0,1
1449,10.24,228333.0,1
1451,20.1,550618.0,1
1452,-12.78,91925.0,1
1454,-7.67,108456.0,1
1455,-23.76,417747.0,1
1457,-23.38,218095.0,1
1459,-15.85,82826.0,1
1460,-3.06,662268.0,1
1463,-95.29,21198.0,1
1464,2.46,1061584.0,1
1465,2.03,43758.0,1
1466,-12.83,194990.0,1
1467,-7.01,345912.0,1
1468,34.53,74788.0,1
1470,8.78,73862.0,1
1473,-11.65,696586.0,1
1474,9.42,239437.0,1
1475,-4.92,129122.0,1
1476,7.54,3581621.0,1
1477,-19.2,2828261.0,1
4414,1.29,1163385.0,1
4426,15.94,79261.0,1
4438,2.35,1039301.0,1
4440,30.38,105543.0,1
4441,53.12,701250.0,1
1503,5.55,4483948.0,1
1504,7.9,4643699.0,1
1506,28.28,95635.0,1
1513,10.59,2133688.0,1
1514,68.91,965888.0,1
1515,34.08,450296.0,1
1517,1.39,181152.0,1
1519,6.4,1356774.0,1
1526,-9.61,55083.0,1
1527,-18.01,240478.0,1
1528,29.78,225360.0,1
1529,277.21,156851.0,1
1530,-31.75,141251.0,1
1531,-13.77,117207.0,1
1532,1.3,1082068.0,1
1535,-23.2,630751.0,1
1537,-4.69,618676.0,1
1538,-48.3,4606.0,1
1539,-38.65,92097.0,1
1540,-32.15,36298.0,1
1541,-23.4,248105.0,1
1558,-8.15,719888.0,1
1560,33.06,752917.0,1
1583,1.89,312111.0,1
1597,39.89,107622.0,1
2049,13.13,2150023.0,1
2371,19.25,4244071.0,1
3167,119.56,601545.0,1
4526,-21.71,357638.0,1
4532,-12.64,1964103.0,1
4540,85.1,269099.0,1
4555,25.06,143315.0,1
4562,2.89,70920.0,1
4564,-34.85,82887.0,1
4566,13.61,507793.0,1
4572,-10.95,56391.0,1
4576,70.17,278321.0,1
4583,24.35,296883.0,1
4590,-34.67,79261.0,1
6606,11.11,69095.0,1
7750,102.92,1676314.0,1
8222,-6.27,81047.0,1
8374,34.59,477605.0,1
8996,317.18,1216032.0,1
1603,16.51,464051.0,1
1604,-4.76,960596.0,1
1605,-4.52,13468434.0,1
1608,30.31,1181449.0,1
1609,41.08,3019759.0,1
1611,1.02,95312.0,1
1612,40.88,730018.0,1
1614,-7.68,461407.0,1
1615,40.24,389320.0,1
1616,58.17,577471.0,1
1617,41.58,321218.0,1
1618,452.53,703654.0,1
1623,15.61,613933.0,1
4930,-4.28,662840.0,1
5283,2.95,391612.0,1
1708,24.13,552559.0,1
1709,-5.67,867400.0,1
1710,-2.06,1796146.0,1
1711,12.73,724301.0,1
1712,-6.19,1528811.0,1
1713,-11.57,30646.0,1
1714,57.95,2631806.0,1
1717,16.97,3889579.0,1
1718,17.8,4642034.0,1
1721,-0.24,150415.0,1
1722,23.02,1415330.0,1
1723,-44.0,335219.0,1
1725,5.91,754802.0,1
1726,14.81,975160.0,1
1727,-9.73,118805.0,1
1730,-2.05,309332.0,1
1732,9.75,62467.0,1
1735,20.51,223004.0,1
1773,28.5,1019226.0,1
1776,18.15,91183.0,1
4720,-0.47,369415.0,1
4722,24.75,343215.0,1
4739,109.05,888810.0,1
4755,20.66,421150.0,1
4764,1.33,255154.0,1
4766,10.19,1965285.0,1
4770,51.14,364454.0,1
1707,14.13,794503.0,1
1720,16.57,614864.0,1
1731,4.15,187249.0,1
1733,17.87,200067.0,1
1734,17.42,312756.0,1
1752,8.19,211841.0,1
1760,24.27,136792.0,1
1762,40.0,126909.0,1
1783,7.91,72964.0,1
1786,0.47,75396.0,1
1789,-38.81,127007.0,1
1795,-5.49,2051959.0,1
3164,14.05,34487.0,1
3705,-5.57,697119.0,1
3716,2.75,880229.0,1
4104,15.76,805320.0,1
4106,-2.41,187009.0,1
4108,67.62,15435.0,1
4119,21.36,129683.0,1
4133,12.41,25696.0,1
4142,-82.24,10983.0,1
4155,-15.01,131487.0,1
4164,38.28,314731.0,1
4169,51.57,65264.0,1
4195,79.3,42813.0,1
4736,0.2,368161.0,1
4737,-23.33,127221.0,1
4746,2.5,375331.0,1
4771,43.4,367954.0,1
6446,49.81,1580728.0,1
6472,-30.21,1141976.0,1
6491,31.38,659524.0,1
6534,0.56,219296.0,1
6589,117.05,108766.0,1
6645,35.79,45124.0,1
6657,-9.49,391.0,1
6782,49.76,376444.0,1
6794,-47.21,1779.0,1
6796,14.99,42562.0,1
6838,,0.0,1
6861,45.48,256670.0,1
6885,2890.9,987.0,1
6918,12.95,71401.0,1
6919,,0.0,1
6931,25.29,105185.0,1
6934,-88.25,41.0,1
6936,18.05,143810.0,1
6949,-78.34,1979.0,1
6955,23.51,26381.0,1
7799,,1666.0,1
7803,564.6,1615.0,1
1802,17.57,3668041.0,1
1806,8.21,288208.0,1
1809,25.86,231714.0,1
1810,12.88,387491.0,1
1817,26.43,255511.0,1
1903,2.84,13121.0,1
1904,19.2,3685109.0,1
1905,3.11,1546477.0,1
1906,29.21,281670.0,1
1907,12.05,6510201.0,1
1909,39.62,4156889.0,1
6790,2.36,918827.0,1
2002,1.19,26018929.0,1
2006,12.83,4972205.0,1
2007,-24.44,410731.0,1
2008,3.57,120244.0,1
2009,56.75,260698.0,1
2010,30.28,2114171.0,1
2012,-9.28,682533.0,1
2013,-8.45,1701950.0,1
2014,-14.34,1433391.0,1
2015,11.66,2369594.0,1
2017,-4.12,230229.0,1
2020,39.91,434879.0,1
2022,76.64,1163764.0,1
2023,-6.51,5754233.0,1
2024,17.86,85276.0,1
2025,174.18,165395.0,1
2027,19.94,9864568.0,1
2028,47.59,869110.0,1
2029,-6.58,1031413.0,1
2030,4.46,890128.0,1
2031,23.37,1594037.0,1
2032,40.26,286737.0,1
2033,14.47,70549.0,1
2034,-21.53,959841.0,1
2038,-1.87,785722.0,1
2069,-19.23,718703.0,1
2211,-22.26,1003035.0,1
3004,35.18,389473.0,1
5007,-10.29,513526.0,1
9958,3.38,1436160.0,1
2101,0.74,613518.0,1
2102,-7.03,16209.0,1
2103,11.57,3699511.0,1
2104,-12.18,1385530.0,1
2105,12.61,7989133.0,1
2106,-1.9,2858464.0,1
2107,21.65,101448.0,1
2108,18.25,869413.0,1
2109,-2.68,390915.0,1
2114,37.56,142035.0,1
6582,-65.69,37436.0,1
1319,-3.55,2150642.0,1
1339,-7.7,144002.0,1
1512,-16.02,108137.0,1
1521,43.82,369747.0,1
1522,37.02,2307740.0,1
1524,0.51,211582.0,1
1525,36.81,101473.0,1
1533,47.04,390258.0,1
1536,5.41,397882.0,1
1563,6.62,637198.0,1
1568,-29.67,73489.0,1
1587,49.74,292309.0,1
2201,-3.41,5808605.0,1
2204,47.48,3911063.0,1
2206,16.21,5353865.0,1
2207,6.63,27711296.0,1
2227,-33.22,1287027.0,1
2228,-6.82,421499.0,1
2231,2.46,317693.0,1
2233,-3.09,272103.0,1
2237,137.21,234338.0,1
2241,27.14,70462.0,1
2247,-21.57,4144337.0,1
2254,-80.95,11177.0,1
2258,-98.45,10959.0,1
2497,-7.23,384699.0,1
3346,-12.21,703929.0,1
3717,,564637.0,1
4551,8.17,830641.0,1
6605,-4.4,1629144.0,1
6988,-12.49,61385.0,1
7732,-1.13,88385.0,1
7736,2.96,132958.0,1
7821,52.29,989909.0,1
2302,-0.62,73600.0,1
2303,5.32,20862150.0,1
2329,38.53,1678535.0,1
2330,36.81,401255128.0,1
2337,51.4,3017005.0,1
2338,-1.56,536652.0,1
2340,12.49,318333.0,1
2342,-9.12,165943.0,1
2344,94.16,11778411.0,1
2351,19.22,942907.0,1
2363,171.58,424573.0,1
2369,61.86,594362.0,1
2379,14.39,13577638.0,1
2388,-46.5,410053.0,1
2401,22.78,549086.0,1
2408,608.01,15309988.0,1
2434,60.3,4357.0,1
2436,60.61,414463.0,1
2441,31.65,1601842.0,1
2449,41.28,3369542.0,1
2451,440.6,4760314.0,1
2454,-8.14,46977055.0,1
2458,2.36,1067800.0,1
2481,14.68,1243266.0,1
3006,129.41,2146214.0,1
3014,7.01,719294.0,1
3016,18.76,345675.0,1
3034,-10.18,7617321.0,1
3035,-29.78,785062.0,1
3041,-9.61,107902.0,1
3094,-3.39,16085.0,1
3135,343.85,1545976.0,1
3150,-20.24,22784.0,1
3189,54.94,3961154.0,1
3257,-20.52,48055.0,1
3413,11.76,1890612.0,1
3443,107.77,4235842.0,1
3450,-8.52,751552.0,1
3530,80.39,214315.0,1
3532,21.95,1115282.0,1
3545,-16.05,848311.0,1
3583,14.44,1017508.0,1
3588,13.52,134612.0,1
3592,-8.19,1767799.0,1
3686,1.82,7299.0,1
3711,21.32,59988631.0,1
4919,0.52,2464157.0,1
4952,29.21,155147.0,1
4961,-3.17,1347189.0,1
4967,81.48,2977190.0,1
4968,37.52,330057.0,1
5222,-11.74,82134.0,1
5236,19.1,200178.0,1
5269,58.31,1346617.0,1
5285,11.71,469291.0,1
5471,56.49,268664.0,1
6202,28.14,302250.0,1
6239,43.04,7242567.0,1
6243,-26.12,34217.0,1
6257,13.48,1826693.0,1
6271,5.2,952120.0,1
6515,32.62,885983.0,1
6526,5.27,1836660.0,1
6531,93.76,613472.0,1
6533,7.81,102956.0,1
6552,-31.93,103556.0,1
6695,28.79,90180.0,1
6719,12.53,383626.0,1
6756,15.76,162211.0,1
6770,26.27,4618023.0,1
6789,10.54,772684.0,1
6799,-0.39,80648.0,1
6909,-23.96,33281.0,1
6921,-53.88,9302.0,1
6937,21.35,152619.0,1
7730,14.33,40474.0,1
7768,7.93,201240.0,1
7769,73.94,3340793.0,1
7822,300.49,232737.0,1
8016,26.89,1780114.0,1
8028,16.68,420144.0,1
8081,7.97,787471.0,1
8110,11.18,682833.0,1
8131,38.06,1031067.0,1
8150,31.23,2290436.0,1
8162,2.36,93425.0,1
8261,19.34,288877.0,1
8271,233.35,2092486.0,1
2301,16.17,14112349.0,1
2305,41.56,76045.0,1
2324,7.29,59365885.0,1
2331,34.01,1751101.0,1
2352,6.65,17639088.0,1
2353,39.82,21077067.0,1
2356,34.83,61812811.0,1
2357,79.97,67935513.0,1
2362,37.73,1855134.0,1
2364,-14.15,117883.0,1
2365,9.23,73183.0,1
2376,57.02,33118551.0,1
2377,33.72,22271797.0,1
2380,27.79,197872.0,1
2382,61.92,230834858.0,1
2387,0.01,1638894.0,1
2395,23.13,7059527.0,1
2397,21.17,1093921.0,1
2399,-18.03,142030.0,1
2405,14.46,135492.0,1
2417,3.65,247359.0,1
2425,43.92,627220.0,1
2432,20.78,273965.0,1
2465,73.39,466630.0,1
2495,37.66,125674.0,1
3002,52.11,76464.0,1
3005,1.07,3188233.0,1
3013,49.92,1229129.0,1
3017,150.01,17003457.0,1
3022,-13.2,454556.0,1
3046,15.46,586156.0,1
3057,15.71,53028.0,1
3060,35.31,405172.0,1
3231,151.54,228366631.0,1
3416,8.4,304540.0,1
3494,19.12,75171.0,1
3515,40.76,6635049.0,1
3652,19.33,208608.0,1
3701,-19.91,777626.0,1
3706,34.34,10266946.0,1
3712,-61.82,1293115.0,1
4916,9.79,302688.0,1
4938,-12.49,92158230.0,1
5258,0.72,550638.0,1
6117,23.29,298280.0,1
6128,-4.84,432262.0,1
6166,43.15,1041731.0,1
6206,5.12,467072.0,1
6230,13.2,749128.0,1
6235,58.18,622022.0,1
6277,12.78,437585.0,1
6414,2.11,11520346.0,1
6579,35.19,755958.0,1
6669,121.89,83225290.0,1
6831,72.03,314337.0,1
6928,10.21,237433.0,1
7711,63.45,4816791.0,1
8114,-24.27,1049073.0,1
8163,-2.92,1852652.0,1
8210,137.01,2650248.0,1
9912,6.84,40720.0,1
2323,27.8,753383.0,1
2349,19.43,556800.0,1
2374,109.5,1073456.0,1
2393,11.86,1804437.0,1
2406,188.64,919350.0,1
2409,3.98,22505270.0,1
2426,-0.48,197221.0,1
2429,-3.96,48380.0,1
2438,281.18,85949.0,1
2466,54.54,66503.0,1
2486,34.93,558578.0,1
2489,9.34,1830450.0,1
2491,3.46,13080.0,1
3008,11.09,5498867.0,1
3019,24.44,2273383.0,1
3024,-48.53,82816.0,1
3031,31.36,108455.0,1
3038,-6.26,259455.0,1
3049,51.18,158297.0,1
3050,3.86,98383.0,1
3051,-1.16,130671.0,1
3059,22.5,674989.0,1
3149,52.77,273459.0,1
3168,10.91,270773.0,1
3356,1.14,80394.0,1
3406,23.37,2514794.0,1
3437,-17.12,132632.0,1
3481,18.62,22139342.0,1
3504,13.01,223542.0,1
3535,9477.22,151799.0,1
3543,10.09,327307.0,1
3563,11.46,240058.0,1
3576,-45.37,119904.0,1
3591,-2.17,201422.0,1
3622,-22.03,132272.0,1
3714,2.46,1889232.0,1
4934,118.42,13219.0,1
4942,22.94,539543.0,1
4949,27.84,217187.0,1
4956,44.4,124577.0,1
4960,5.99,692935.0,1
4976,0.77,87265.0,1
5234,20.07,411743.0,1
5244,5.95,62714.0,1
5484,137.98,50631.0,1
6116,11.9,1054894.0,1
6120,7.1,1568666.0,1
6164,12.45,68200.0,1
6168,8.82,164060.0,1
6176,8.1,4755992.0,1
6209,55.39,444471.0,1
6225,-47.66,1122.0,1
6226,-0.69,55175.0,1
6278,11.39,4553735.0,1
6405,-39.58,29.0,1
6443,-36.61,165191.0,1
6477,8.63,41447.0,1
6668,41.27,117143.0,1
6706,-63.81,50389.0,1
6742,-31.93,30977.0,1
6916,-4.25,180950.0,1
8104,-27.45,137352.0,1
8105,19.48,775061.0,1
8215,17.55,1601545.0,1
2314,58.07,148015.0,1
2321,-0.76,52188.0,1
2332,5.68,1113806.0,1
2345,71.87,21527345.0,1
2412,12.2,20413606.0,1
2419,-19.91,565163.0,1
2424,53.63,8682.0,1
2439,31.27,3921486.0,1
2444,-20.41,77573.0,1
2450,31.49,3068751.0,1
2455,30.25,340323.0,1
2485,162.7,380111.0,1
2498,0.04,160806.0,1
3025,-9.8,42017.0,1
3027,-49.19,105518.0,1
3045,4.15,17145458.0,1
3047,-20.52,282793.0,1
3062,67.97,517003.0,1
3138,10.87,115699.0,1
3311,-2.13,168438.0,1
3380,5.57,1528024.0,1
3419,17.82,167743.0,1
3447,-5.07,223070.0,1
3596,7.42,4233376.0,1
3669,10.72,185627.0,1
3694,58.57,1101212.0,1
3704,-33.71,1777555.0,1
4904,11.6,9663053.0,1
4906,-34.41,1135271.0,1
5388,32.94,5180832.0,1
6136,34.79,57519.0,1
6142,1.64,148814.0,1
6152,39.1,104550.0,1
6216,5.83,43447.0,1
6285,10.95,10135784.0,1
6416,-6.94,318584.0,1
6426,100.66,51560.0,1
6442,-5.96,954509.0,1
6674,-72.83,16376.0,1
6792,9.64,115210.0,1
7689,37.52,463887.0,1
8011,41.45,156018.0,1
8045,134.92,161815.0,1
8101,-7.8,26015.0,1
1471,-42.26,10320.0,1
1582,4.65,823187.0,1
2059,43.9,1774956.0,1
2308,32.87,49675223.0,1
2313,40.2,7403728.0,1
2316,37.14,378907.0,1
2327,27.12,13030129.0,1
2328,-14.56,1539577.0,1
2355,14.49,1414441.0,1
2367,5.54,1409727.0,1
2368,68.54,6015659.0,1
2375,26.09,539300.0,1
2383,55.48,10862602.0,1
2385,2.36,7695028.0,1
2392,-18.88,7222249.0,1
2402,22.63,973685.0,1
2413,12.15,304533.0,1
2415,16.12,226930.0,1
2420,9.67,190360.0,1
2421,36.48,1778438.0,1
2428,22.44,804324.0,1
2431,21.4,25303.0,1
2440,69.53,398998.0,1
2457,-3.37,717077.0,1
2460,138.55,421422.0,1
2462,18.2,358530.0,1
2467,124.1,993660.0,1
2472,17.31,1017318.0,1
2476,37.8,737444.0,1
2478,37.97,503094.0,1
2483,33.01,180422.0,1
2484,1.01,211003.0,1
2492,20.4,3485568.0,1
2493,9.4,318405.0,1
3003,59.34,461705.0,1
3011,-27.32,58581.0,1
3015,23.11,1232574.0,1
3021,9.2,259389.0,1
3023,1.74,2807340.0,1
3026,22.34,1310074.0,1
3032,41.56,1185249.0,1
3037,34.47,12766959.0,1
3042,6.57,1216703.0,1
3044,30.98,7748933.0,1
3058,14.49,317048.0,1
3090,13.05,1606884.0,1
3092,-7.43,145561.0,1
3229,69.41,110040.0,1
3296,-6.26,125064.0,1
3308,-2.83,515.0,1
3321,4.28,155839.0,1
3338,9.64,307834.0,1
3376,-17.2,870865.0,1
3432,451.09,21228.0,1
3501,1.4,485422.0,1
3533,31.46,3520081.0,1
3550,60.95,375716.0,1
3593,-11.3,56948.0,1
3605,17.82,1058355.0,1
3607,-5.89,228239.0,1
3645,-10.3,173437.0,1
3653,29.43,1873115.0,1
3679,0.0,414475.0,1
3715,8.81,1861523.0,1
4545,-1.8,196410.0,1
4915,42.9,6059482.0,1
4989,170.32,368661.0,1
4999,-0.26,111064.0,1
5469,59.14,5503605.0,1
6108,0.99,388898.0,1
6115,35.99,732588.0,1
6133,17.2,130776.0,1
6141,19.84,163876.0,1
6153,-2.05,470357.0,1
6155,15.06,59602.0,1
6191,93.36,3233631.0,1
6197,30.86,770199.0,1
6205,-11.75,123401.0,1
6213,42.19,3163692.0,1
6224,10.01,267731.0,1
6269,13.51,2228068.0,1
6272,-16.96,311981.0,1
6282,28.77,2708662.0,1
6412,3.19,2781151.0,1
6449,44.27,422843.0,1
6715,26.26,190613.0,1
6805,115.76,1404405.0,1
6834,23.31,139205.0,1
6835,1.4,221018.0,1
7788,16.67,675951.0,1
7795,-14.47,128285.0,1
8039,18.23,876246.0,1
8046,44.98,3720425.0,1
8103,43.57,363085.0,1
8213,33.61,1975382.0,1
8249,8.41,411268.0,1
2347,39.32,40697947.0,1
2414,54.1,2986876.0,1
2430,-6.01,1613958.0,1
3010,8.42,7597775.0,1
3028,108.54,6378194.0,1
3033,59.01,11735936.0,1
3036,151.67,195746933.0,1
3048,13.51,11447656.0,1
3055,44.39,48523.0,1
3209,17.21,6042999.0,1
3312,19.41,2014959.0,1
3528,151.59,1456934.0,1
3702,44.57,95168057.0,1
5434,8.25,6004421.0,1
6189,-9.35,2620119.0,1
6281,-8.02,1610626.0,1
6776,39.86,2897288.0,1
6908,-23.52,382925.0,1
8070,21.67,1777993.0,1
8072,96.91,136441.0,1
8112,72.51,25631121.0,1
2427,362.98,1487888.0,1
2453,8.68,460845.0,1
2468,-14.07,246032.0,1
2471,11.24,71360.0,1
2480,31.32,948427.0,1
3029,31.5,2817324.0,1
4994,-22.38,88202.0,1
5203,1.22,206850.0,1
6112,22.06,1951443.0,1
6183,0.56,233520.0,1
6214,39.18,4461885.0,1
2312,-13.06,13061207.0,1
2317,35.52,730039420.0,1
2354,57.48,13391202.0,1
2359,12.66,362450.0,1
2360,72.1,3826300.0,1
2373,9.55,1032093.0,1
2390,1.45,52619.0,1
2404,58.89,6025154.0,1
2423,46.66,231157.0,1
2433,3.19,238122.0,1
2459,19.67,486229.0,1
2461,25.42,569696.0,1
2464,7.84,590224.0,1
2474,8.25,1482556.0,1
2477,2.84,227125.0,1
2482,30.32,40124.0,1
2488,31.9,229505.0,1
3018,-81.98,11185.0,1
3030,38.52,893601.0,1
3043,-49.17,53246.0,1
3305,45.38,1185845.0,1
3518,38.94,28815.0,1
3617,-2.5,960792.0,1
4585,1.36,136829.0,1
4588,880.78,103277.0,1
6139,87.63,6563074.0,1
6192,36.99,634436.0,1
6196,0.5,4710991.0,1
6201,-15.05,254242.0,1
6215,80.81,256621.0,1
6283,-11.33,138076.0,1
6409,-10.07,1691747.0,1
6438,11.14,565533.0,1
6558,-33.44,69483.0,1
6658,44.12,201960.0,1
6691,80.44,2366859.0,1
6698,27.12,69402.0,1
6722,-2.68,414083.0,1
6743,2.79,461876.0,1
6830,25.49,202054.0,1
7631,193.85,150218.0,1
8021,59.16,453191.0,1
8201,48.04,55625.0,1
2616,8.48,683305.0,1
6505,-10.69,53173547.0,1
8926,1067.24,5489611.0,1
9908,4.57,329343.0,1
9918,-8.83,240657.0,1
9926,0.0,258769.0,1
9931,14.02,138640.0,1
9937,-8.61,1801649.0,1
1316,233.49,718541.0,1
1436,-83.95,23389.0,1
1438,,178785.0,1
1439,23.48,5180.0,1
1442,-57.4,144424.0,1
1453,1.61,126.0,1
1456,50.81,50441.0,1
1472,-0.06,336469.0,1
1805,-99.75,115.0,1
1808,5750.27,1537862.0,1
2442,-58.04,86137.0,1
2501,13.66,3195793.0,1
2504,2.01,1929081.0,1
2505,-162.04,-425.0,1
2506,-14.56,65399.0,1
2509,-9.38,20363.0,1
2511,-17.26,455975.0,1
2515,84.64,3515310.0,1
2516,-14.66,558398.0,1
2520,-4.89,1896875.0,1
2524,-42.73,314159.0,1
2527,1.55,32299.0,1
2528,-97.42,9952.0,1
2530,-67.25,35222.0,1
2534,-90.12,46111.0,1
2535,188.59,2634946.0,1
2536,175.15,616860.0,1
2537,177.7,651326.0,1
2538,-34.36,29779.0,1
2539,397.67,1621270.0,1
2540,-31.76,531269.0,1
2542,2480.62,4760744.0,1
2543,34.97,1041817.0,1
2545,-55.56,81633.0,1
2546,55.02,1895918.0,1
2547,17.95,447680.0,1
2548,34609.56,1103070.0,1
2597,62.64,3164539.0,1
3052,37.81,341632.0,1
3056,49.91,113009.0,1
3266,222.03,218855.0,1
3703,-12.87,2053810.0,1
5515,42.98,594450.0,1
5519,6.26,299819.0,1
5521,-7.03,540062.0,1
5522,2495.48,4893556.0,1
5525,1344.13,448462.0,1
5531,-9.12,43806.0,1
5533,-31.44,101572.0,1
5534,-3.87,450811.0,1
6177,1653.94,2872832.0,1
9906,647.68,292204.0,1
9946,18810.46,608728.0,1
2208,74.85,2254682.0,1
2601,-71.12,126046.0,1
2603,-24.49,31898627.0,1
2605,24.38,397771.0,1
2606,6.65,1287039.0,1
2607,-20.54,1369353.0,1
2608,14.42,1173560.0,1
2609,-21.77,13761884.0,1
2610,-7.71,17799268.0,1
2611,-3.17,55400.0,1
2612,-1.24,420444.0,1
2613,14.64,307496.0,1
2615,-14.55,12537769.0,1
2617,-1.14,348300.0,1
2618,-0.59,19926175.0,1
2630,-35.62,259989.0,1
2633,-5.1,4422943.0,1
2634,27.5,2665608.0,1
2636,-19.0,1750726.0,1
2642,-16.96,307255.0,1
2645,34.77,1718473.0,1
2646,-0.54,4214581.0,1
5607,41.14,422332.0,1
5608,-11.12,261520.0,1
6753,16.61,566571.0,1
6757,-1.9,1659590.0,1
8367,2.9,268418.0,1
2701,4.95,21728.0,1
2702,-3.84,106041.0,1
2704,-19.01,129487.0,1
2705,-16.55,161712.0,1
2706,5.2,29596.0,1
2707,-9.52,678572.0,1
2712,-32.65,35147.0,1
2722,-49.12,28218.0,1
2727,-1.71,2175432.0,1
2731,-9.91,2158940.0,1
2739,-11.04,506605.0,1
2748,-7.61,329994.0,1
2753,10.09,788157.0,1
5706,-40.21,154892.0,1
7705,-10.02,512673.0,1
7760,-31.54,137273.0,1
8940,-24.03,251395.0,1
9943,-20.97,216320.0,1
2801,18.49,4258685.0,1
2812,8.53,1907814.0,1
2816,19.2,1592604.0,1
2820,221.3,497667.0,1
2832,3.84,874568.0,1
2834,7.44,3290524.0,1
2836,30.57,505185.0,1
2838,20.77,1800068.0,1
2845,7.78,1281276.0,1
2849,20.63,552220.0,1
2850,5.39,2351893.0,1
2851,103.74,2221848.0,1
2852,-2.32,799148.0,1
2855,373.49,3259312.0,1
2867,12.97,6481761.0,1
2880,25.74,6839814.0,1
2881,10.16,23880545.0,1
2882,1.37,26002151.0,1
2883,-4.4,8752466.0,1
2884,40.51,9245634.0,1
2885,110.83,17771233.0,1
2886,20.05,8155833.0,1
2887,219.41,18773450.0,1
2889,102.14,1214033.0,1
2890,55.14,10779103.0,1
2891,48.23,25856645.0,1
2892,28.23,6995405.0,1
2897,55.65,1389919.0,1
5876,0.93,4918011.0,1
5880,9.09,5365877.0,1
6005,129.98,2986272.0,1
6024,-207.04,-216509.0,1
2901,1.84,11491.0,1
2903,-14.72,2807826.0,1
2905,21.44,15695879.0,1
2906,1.33,896494.0,1
2908,13.9,3495106.0,1
2910,-3.87,44489.0,1
2911,-42.29,156257.0,1
2912,0.5,30727739.0,1
2913,-16.04,41390.0,1
2915,-41.47,156684.0,1
2945,1.93,1257605.0,1
8443,-12.34,97072.0,1
2072,11.8,1176244.0,1
3708,-62.2,51108.0,1
4582,294.44,93771.0,1
5292,1.71,228614.0,1
6581,-42.35,106638.0,1
6771,-6.68,47709.0,1
6869,23.18,355674.0,1
6873,-27.66,316035.0,1
6923,10.46,112058.0,1
6944,51.58,1377223.0,1
6947,198.51,144959.0,1
6951,21.49,73950.0,1
6969,34.35,30164.0,1
6994,114.37,332789.0,1
7610,422.68,268780.0,1
7740,604.31,800283.0,1
7786,62.9,319988.0,1
7818,-3.47,994653.0,1
8341,25.75,388290.0,1
8422,-30.16,331238.0,1
8438,59.09,409271.0,1
8473,24.32,378342.0,1
8476,126.49,118478.0,1
9930,10.2,1242039.0,1
9955,56.53,127961.0,1
3130,15.87,206985.0,1
6165,6.33,319015.0,1
6614,155.74,517114.0,1
6689,0.45,1052685.0,1
6902,37.38,104361.0,1
6906,1.46,24367.0,1
7721,1.22,41522.0,1
7722,15.44,719619.0,1
7765,43.43,223289.0,1
8454,1.9,9322566.0,1
8487,-23.04,48355.0,1
1432,-46.06,65998.0,1
1598,-34.47,475669.0,1
1736,14.89,3856648.0,1
4536,16.52,901765.0,1
5306,17.17,503699.0,1
6670,-13.63,3168074.0,1
8462,30.55,557796.0,1
8478,-90.25,31328.0,1
9904,-15.97,22348118.0,1
9910,-1.77,6825722.0,1
9914,-44.36,1391355.0,1
9921,-21.6,3674829.0,1
2062,22.59,571040.0,1
3557,-10.83,565842.0,1
6754,-10.18,201687.0,1
8464,-6.31,2365768.0,1
9911,11.09,1097374.0,1
9924,-12.42,573076.0,1
9934,2.84,1510464.0,1
9935,1.03,416492.0,1
1342,18.21,301479.0,1
1416,37.53,37712.0,1
1435,0.0,498.0,1
1437,19.92,66341.0,1
1443,-9.83,76886.0,1
1516,-2.4,4909.0,1
2348,-62.61,185799.0,1
2496,1.52,65589.0,1
2514,18.35,1920482.0,1
2614,-11.39,424358.0,1
2904,-18.58,32143.0,1
3040,1.39,10443.0,1
6184,1.95,180362.0,1
6464,-5.74,355926.0,1
6504,7.47,592344.0,1
6585,-11.35,281713.0,1
6592,-0.99,2019817.0,1
6625,46.03,253982.0,1
6655,82.66,268484.0,1
6901,94.74,-16238.0,1
6914,6.61,472224.0,1
6952,26.94,200611.0,1
6958,-9.63,925154.0,1
7855,17.6,3155299.0,1
8033,83.78,158127.0,1
8463,17.79,642992.0,1
8481,8.68,113145.0,1
9902,65.92,4110.0,1
9905,38.05,981185.0,1
9907,13.02,4314609.0,1
9917,6.37,1587466.0,1
9919,3.0,241818.0,1
9925,9.02,711716.0,1
9927,12.39,741736.0,1
9928,4.62,95872.0,1
9929,6.02,52003.0,1
9933,-4.73,5606993.0,1
9938,21.82,1565417.0,1
9939,2.47,2360339.0,1
9940,80.84,1052053.0,1
9941,1.29,3258710.0,1
9942,39.94,401646.0,1
9944,40.73,254450.0,1
9945,58.08,3522822.0,1
1256,36.27,448137.0,1
1337,-28.1,54359.0,1
1340,-82.03,2967.0,1
1341,5.89,248122.0,1
4439,19.61,543689.0,1
1589,33.93,645088.0,1
1590,66.81,3702382.0,1
4552,5.18,280599.0,1
4560,14.32,144830.0,1
4571,-9.89,332623.0,1
5288,23.81,804362.0,1
1626,17.01,598085.0,1
4763,-18.29,984780.0,1
4137,117.15,378619.0,1
4148,12.24,145082.0,1
4178,-4.52,30946.0,1
4190,-2.19,206980.0,1
6431,-16.75,37512.0,1
6541,428.88,17649.0,1
6550,1275.29,18429.0,1
6598,87.91,79026.0,1
6666,8.86,67425.0,1
7827,,0.0,1
5538,46.2,1226697.0,1
1338,-7.63,416618.0,1
2115,10.09,306705.0,1
2236,5.28,962046.0,1
2239,-12.61,1568263.0,1
2243,97.56,138006.0,1
2248,16.77,193806.0,1
2250,2.07,291416.0,1
4557,-22.12,312379.0,1
4569,22.62,177211.0,1
4581,-11.81,93824.0,1
3661,-56.07,1432291.0,1
6415,46.41,1718815.0,1
6451,13.6,616041.0,1
6525,19.85,461800.0,1
6573,-13.72,67824.0,1
6854,-60.14,48764.0,1
6962,-3.82,1464428.0,1
7749,42.6,183585.0,1
5215,26.53,249577.0,1
6591,8.7,146450.0,1
6933,20.35,627823.0,1
3673,49.06,6697447.0,1
4935,-10.58,416495.0,1
5243,-13.19,1069177.0,1
6456,28.06,6655236.0,1
4977,-43.3,32805.0,1
6863,-5.22,403750.0,1
4912,11.79,652874.0,1
4927,-9.62,936443.0,1
4943,38.49,178816.0,1
4958,0.7,13564440.0,1
6672,29.33,409757.0,1
6781,46.45,1540113.0,1
6862,-1.12,183004.0,1
6924,3.59,176441.0,1
3665,34.19,7455820.0,1
5225,-13.18,737512.0,1
8499,83.71,343999.0,1
2923,481.13,1467097.0,1
5546,-48.6,93028.0,1
2637,7.3,1346075.0,1
2723,-16.06,1362372.0,1
2929,-6.93,136158.0,1
2939,-27.54,30234.0,1
4807,-8.79,191520.0,1
5906,-35.53,158148.0,1
5907,-19.61,247671.0,1
8429,-44.11,8903.0,1
6641,15.71,165870.0,1
6887,-48.0,280206.0,1
7823,42.14,33184.0,1
2762,14.86,973515.0,1
6768,-7.21,1526751.0,1
6890,-31.2,2521973.0,1
6965,-21.47,1618780.0,1
8467,33.69,261859.0,1
9802,-5.07,1452365.0,1
6671,24.48,160654.0,1
6807,-21.37,320172.0,1
8482,19.6,336859.0,1
5284,38.47,359220.0,1
5871,-2.21,8079941.0,1
6957,-17.38,287494.0,1
8404,23.39,743266.0,1
8411,47.3,1207040.0,1
8442,-8.82,618585.0,1
8466,2.16,314904.0,1
8488,56.5,367882.0,1
9105,-7.14,11183616.0,1
912000,-29.91,124585.0,1
1264,9.49,451745.0,2
1294,3.39,61511.0,2
1295,-19.23,54071.0,2
1780,17.76,93588.0,2
1796,2.7,46034.0,2
4205,4.56,150367.0,2
4207,-4.69,422738.0,2
6846,-56.17,42817.0,2
7743,83.09,47587.0,2
4303,-40.54,50335.0,2
4304,-31.83,20527.0,2
4305,-42.21,47721.0,2
9950,-17.07,144615.0,2
4401,-39.85,209731.0,2
4402,37.45,1769.0,2
4406,-59.66,17610.0,2
4413,-46.54,30990.0,2
4417,-24.49,142381.0,2
4420,-23.44,57062.0,2
4432,107.15,77632.0,2
4433,-34.68,156087.0,2
6506,-20.71,130890.0,2
1570,-22.0,22460.0,2
1580,6.48,312560.0,2
1586,-7.87,145330.0,2
1599,21.73,177997.0,2
2066,5.71,237844.0,2
2067,-23.32,54255.0,2
2070,-15.43,36283.0,2
2235,-6.57,41365.0,2
3162,-29.36,444314.0,2
3226,-45.08,100880.0,2
3379,-15.39,72091.0,2
3685,-5.62,68862.0,2
4502,42.96,81065.0,2
4503,-23.25,32035.0,2
4506,28.81,468857.0,2
4510,27.4,129888.0,2
4513,184.38,235678.0,2
4523,28.83,53897.0,2
4527,-18.18,132427.0,2
4528,-15.07,97043.0,2
4533,-31.15,243427.0,2
4534,-27.59,39481.0,2
4535,-34.5,129317.0,2
4538,-0.28,24718.0,2
4543,-3.43,58378.0,2
4549,-41.99,59268.0,2
4550,-28.69,59661.0,2
4558,-33.74,80282.0,2
4561,-36.44,49305.0,2
4563,-35.88,167686.0,2
4568,41.03,112873.0,2
4580,-2.0,172825.0,2
4584,-32.28,78550.0,2
5381,-17.01,102144.0,2
6122,-25.53,200755.0,2
6125,15.39,221046.0,2
6425,114.96,129938.0,2
6603,8.88,269125.0,2
6609,-28.05,153782.0,2
6843,2.92,56654.0,2
6982,-22.52,104884.0,2
7642,-17.26,42477.0,2
7709,-6.14,51713.0,2
7718,40.25,212812.0,2
8027,62.77,134824.0,2
8083,0.65,103799.0,2
8107,-14.87,79274.0,2
8255,-10.71,661449.0,2
9951,14.06,519398.0,2
2061,-22.2,72639.0,2
1742,-72.28,4051.0,2
3430,2.77,126959.0,2
4706,-22.32,61395.0,2
4707,-38.85,66500.0,2
4711,-59.96,26530.0,2
4714,54.56,176936.0,2
4716,-42.63,31350.0,2
4721,50.76,236764.0,2
4741,21.44,36315.0,2
4754,-28.72,37733.0,2
4767,2.24,67199.0,2
4768,93.58,100995.0,2
4772,272.78,288878.0,2
6509,-10.21,340181.0,2
1565,-29.66,283452.0,2
1777,-24.9,101561.0,2
1781,7.7,32398.0,2
1784,-13.61,80708.0,2
1788,6.88,332274.0,2
1799,38.58,59128.0,2
1813,-36.22,18959.0,2
3118,-48.59,31346.0,2
3176,-24.0,67713.0,2
3205,26.93,39054.0,2
3218,3.33,353823.0,2
4102,-39.19,25733.0,2
4105,-12.06,359639.0,2
4107,-12.68,161609.0,2
4109,11.17,34400.0,2
4111,5.94,105038.0,2
4114,-7.8,430265.0,2
4116,-2.32,381908.0,2
4120,-14.93,304482.0,2
4121,4.55,298110.0,2
4123,-21.07,126806.0,2
4126,-18.02,145451.0,2
4127,139.06,77949.0,2
4128,13.96,151967.0,2
4129,7.19,446262.0,2
4131,-42.89,15952.0,2
4138,-18.37,96569.0,2
4147,2.87,49767.0,2
4153,-12.93,64287.0,2
4160,-21.89,36791.0,2
4161,-26.59,54626.0,2
4162,-28.05,13085.0,2
4163,-15.72,150645.0,2
4166,-14.62,78204.0,2
4167,-10.87,64365.0,2
4168,-11.16,12054.0,2
4173,-37.88,101426.0,2
4174,-85.49,1593.0,2
4175,-4.9,560739.0,2
4183,-42.81,16999.0,2
4188,-31.56,1552.0,2
4192,33.86,1858.0,2
4198,-14.52,11870.0,2
4726,140.42,56590.0,2
4728,-30.29,115066.0,2
4735,22.74,51152.0,2
4743,-15.92,9464.0,2
4744,-33.04,28322.0,2
4747,-6.56,37851.0,2
4905,21.69,58701.0,2
4911,-58.66,10849.0,2
5312,-0.37,335453.0,2
6130,-62.22,7979.0,2
6242,-44.55,24382.0,2
6461,-72.44,1607.0,2
6469,4.48,1552030.0,2
6492,-4.76,80.0,2
6496,-6.55,56444.0,2
6499,32.3,47907.0,2
6523,36.11,106684.0,2
6527,-37.94,44490.0,2
6535,-25.0,30.0,2
6547,-25.17,25307.0,2
6569,7.69,105052.0,2
6574,39.75,61430.0,2
6576,-61.83,27080.0,2
6612,7.14,113083.0,2
6615,-15.72,26430.0,2
6620,4.22,54974.0,2
6637,196.31,93714.0,2
6649,-78.27,7207.0,2
6661,-2.91,25980.0,2
6662,-47.1,10374.0,2
6703,5.54,197720.0,2
6712,3.35,62191.0,2
6730,2.62,34297.0,2
6733,1.4,15309.0,2
6762,-36.36,32475.0,2
6767,-4.66,20029.0,2
6785,,0.0,2
6841,-53.04,11854.0,2
6844,2.58,284452.0,2
6872,80.7,665.0,2
6875,,0.0,2
6929,3.79,260045.0,2
6945,,0.0,2
6986,10.86,19087.0,2
7713,4.62,78323.0,2
7814,-13.57,2891.0,2
8279,-17.74,138096.0,2
8403,-3.25,293623.0,2
8409,105.59,16758.0,2
8432,-35.9,69969.0,2
8436,-2.84,429487.0,2
2035,-28.29,643990.0,2
2063,-2.78,67330.0,2
2064,-7.42,120884.0,2
2065,-11.38,179048.0,2
2073,-51.85,26051.0,2
4950,0.36,79148.0,2
5009,-19.32,801370.0,2
5011,-14.19,399328.0,2
5013,-28.58,414969.0,2
5014,-27.28,647147.0,2
5015,-47.4,74799.0,2
5016,-17.26,126336.0,2
6248,-47.92,339498.0,2
8349,-5.7,754779.0,2
8415,12.18,2097144.0,2
8930,-41.9,74600.0,2
9962,-41.38,116450.0,2
1595,-42.72,41533.0,2
3105,25.91,1473703.0,2
3122,-28.58,19729.0,2
3131,51.81,580768.0,2
3141,5.17,105178.0,2
3169,-3.84,81648.0,2
3178,-36.04,78274.0,2
3227,-13.84,648757.0,2
3228,20.92,25026.0,2
3259,-27.69,10582.0,2
3260,114.3,7163670.0,2
3264,22.47,1261313.0,2
3265,18.15,413766.0,2
3268,-22.52,43625.0,2
3317,3.7,185832.0,2
3372,14.81,80726.0,2
3374,15.71,562897.0,2
3438,-30.87,61022.0,2
3467,-0.34,53298.0,2
3527,-15.5,93097.0,2
3529,11.7,305812.0,2
3555,4102.22,100013.0,2
3556,-35.97,61275.0,2
3567,-23.53,17210.0,2
3581,-14.41,102799.0,2
3675,6.72,225584.0,2
3680,24.84,569794.0,2
3707,13.4,488131.0,2
4749,40.62,445762.0,2
4923,39.62,85194.0,2
4951,5.3,41158.0,2
4973,42.52,544186.0,2
5272,-1.24,20220.0,2
5274,65.94,1010964.0,2
5299,-9.34,113858.0,2
5302,69.17,1998.0,2
5344,20.34,25843.0,2
5347,-9.5,3579319.0,2
5351,310.98,869173.0,2
5425,-10.78,1322227.0,2
5443,18.01,353653.0,2
5468,-24.92,7837.0,2
5483,-8.08,6112750.0,2
5487,-37.7,9692.0,2
6103,-10.49,8473.0,2
6104,-4.39,310062.0,2
6129,50.49,89593.0,2
6138,6.37,621529.0,2
6147,5.16,1758645.0,2
6182,-1.56,740530.0,2
6187,15.67,489587.0,2
6208,-22.86,205503.0,2
6223,45.53,1316494.0,2
6229,-24.21,110229.0,2
6233,-20.56,23776.0,2
6237,5.0,21969.0,2
6261,-7.23,285258.0,2
6291,28.28,168792.0,2
6411,18.74,200943.0,2
6423,-26.13,6830.0,2
6435,1.39,305210.0,2
6462,32.93,457991.0,2
6485,-39.63,82177.0,2
6488,-17.36,4399603.0,2
6494,9.9,82802.0,2
6510,8.48,415798.0,2
6532,-34.63,41777.0,2
6548,12.1,1143841.0,2
6568,11.16,72967.0,2
6640,51.99,300039.0,2
6643,1.77,164752.0,2
6651,-27.98,97355.0,2
6679,-1.96,170997.0,2
6683,46.93,224199.0,2
6684,-39.75,13822.0,2
6693,42.95,153311.0,2
6708,-23.3,16107.0,2
6716,-4.96,74708.0,2
6720,-44.44,23903.0,2
6732,-25.27,281656.0,2
6788,9.28,229838.0,2
6823,-40.47,30055.0,2
6829,16.67,156968.0,2
6895,-17.78,24954.0,2
6953,41.37,85541.0,2
6996,-2.27,190048.0,2
7556,-0.97,62151.0,2
7704,23.4,55958.0,2
7712,-2.05,101943.0,2
7734,55.58,280371.0,2
7751,73.86,200184.0,2
7770,-37.19,19738.0,2
7772,-31.44,23198.0,2
7810,30.35,49933.0,2
7828,-62.58,15578.0,2
8024,-35.61,10682.0,2
8040,-0.37,59459.0,2
8054,155.29,288586.0,2
8086,43.28,372933.0,2
8088,32.38,112886.0,2
8091,13.69,186114.0,2
8102,-40.55,19333.0,2
8227,81.96,97485.0,2
8277,-39.26,6979.0,2
8299,169.43,12198386.0,2
8383,3.76,269069.0,2
1569,-15.78,191198.0,2
3071,38.98,215007.0,2
3088,14.58,677454.0,2
3211,0.11,870906.0,2
3213,-13.27,192489.0,2
3272,-46.27,153245.0,2
3287,-11.44,46159.0,2
3323,-12.5,305684.0,2
3325,8.9,68115.0,2
3349,-83.46,5638.0,2
3479,-8.88,599678.0,2
3483,-19.62,455289.0,2
3540,14.62,402887.0,2
3577,-16.73,78490.0,2
3594,21.7,155734.0,2
3611,-15.73,809105.0,2
3625,7.86,33698.0,2
3693,-48.99,391362.0,2
3709,-22.97,2186845.0,2
4931,-10.8,218293.0,2
5289,403.21,4178683.0,2
5356,6.49,272682.0,2
5386,1025.36,2891514.0,2
5426,-5.58,130580.0,2
5438,-44.89,49832.0,2
5465,-41.8,257492.0,2
5474,-11.56,88583.0,2
5490,17.51,157385.0,2
6121,-6.44,5661953.0,2
6150,41.57,599315.0,2
6160,3.57,85228.0,2
6161,-2.18,97508.0,2
6188,-19.97,630447.0,2
6228,-56.68,2044.0,2
6276,-23.8,73934.0,2
6441,-73.19,10276.0,2
6570,-18.71,50078.0,2
6577,-3.94,157203.0,2
6680,10.46,28684.0,2
6922,-3.73,123544.0,2
8050,-41.15,309439.0,2
8076,111.74,271312.0,2
8234,-33.27,285869.0,2
8410,-40.35,40478.0,2
3066,42.56,15966.0,2
3128,-13.24,86655.0,2
3230,-26.15,31090.0,2
3297,-14.57,11847.0,2
3339,31.82,61246.0,2
3362,-8.72,262197.0,2
3434,-63.29,30596.0,2
3441,-12.98,21392.0,2
3455,-40.43,50371.0,2
3490,58.93,14902.0,2
3516,14.4,84704.0,2
3523,-67.78,4545.0,2
3531,-42.23,61745.0,2
3615,-43.46,46698.0,2
3623,1.83,22192.0,2
3630,18.23,157391.0,2
3666,-34.86,35911.0,2
3691,180.44,740940.0,2
4729,-21.9,74728.0,2
4933,-28.41,171696.0,2
4972,51.29,60783.0,2
4995,-9.33,86906.0,2
5220,-21.91,53547.0,2
5230,-20.74,80091.0,2
5245,-37.76,44277.0,2
5251,-4.4,25171.0,2
5315,-24.27,134897.0,2
5371,11.65,2873039.0,2
5392,-13.48,605610.0,2
6167,-8.9,72158.0,2
6222,11.86,132.0,2
6234,26.12,37671.0,2
6244,-17.89,228811.0,2
6246,-34.86,75185.0,2
6419,37.57,75978.0,2
6498,20.14,96714.0,2
6517,-27.72,33038.0,2
6556,-15.14,96643.0,2
6560,55.96,17651.0,2
6859,-59.22,42459.0,2
6899,1.42,82374.0,2
7402,-22.2,24161.0,2
7753,3.84,58836.0,2
8049,-29.75,73722.0,2
8064,28.72,225354.0,2
8069,0.62,2603601.0,2
8111,-9.02,60318.0,2
8240,-26.53,431043.0,2
3081,91.43,290300.0,2
3095,-1.51,46930.0,2
3152,-15.71,110189.0,2
3163,5.34,173919.0,2
3221,-3.82,168919.0,2
3234,-27.19,50766.0,2
3306,28.21,62882.0,2
3363,27.66,128013.0,2
3466,140.62,3104.0,2
3491,57.05,321988.0,2
3499,11.52,22993.0,2
3558,-23.04,1042051.0,2
3564,25.13,157151.0,2
3632,-23.98,16053.0,2
3672,-65.37,12064.0,2
3684,13.31,89037.0,2
4903,103.52,112820.0,2
4908,13.34,77587.0,2
4909,-77.15,11186.0,2
4979,-9.96,329586.0,2
5353,-7.59,124901.0,2
6109,17.44,50245.0,2
6143,-2.17,489749.0,2
6170,0.55,262278.0,2
6190,-3.12,682690.0,2
6218,38.04,119662.0,2
6241,-42.37,40625.0,2
6245,-25.79,420675.0,2
6263,-11.15,140791.0,2
6417,0.35,126506.0,2
6465,45.25,19249.0,2
6470,-51.43,91265.0,2
6486,-30.25,129887.0,2
6530,15.33,29098.0,2
6546,-43.1,112489.0,2
6561,7.1,318767.0,2
6588,8.5,18644.0,2
8034,-36.3,8371.0,2
8048,-11.0,70800.0,2
8059,604.49,590272.0,2
8089,-71.61,18487.0,2
8097,-43.84,17716.0,2
8176,0.88,36451.0,2
1336,-21.85,147511.0,2
1815,60.76,629431.0,2
3078,-47.05,420069.0,2
3114,12.24,231813.0,2
3115,,0.0,2
3191,-32.76,6278.0,2
3206,-37.54,156346.0,2
3207,-28.01,87543.0,2
3217,-8.47,262993.0,2
3236,-2.84,131003.0,2
3276,-34.89,23693.0,2
3288,34.79,4691.0,2
3290,68.52,268225.0,2
3294,-14.63,169939.0,2
3310,-85.91,128084.0,2
3322,-22.02,177389.0,2
3332,-0.61,108487.0,2
3354,-10.24,7954.0,2
3357,-3.39,478253.0,2
3388,-7.0,488317.0,2
3390,-61.88,30107.0,2
3484,-11.52,305908.0,2
3485,-25.29,32961.0,2
3492,21.37,62128.0,2
3511,-25.34,112221.0,2
3520,8.77,64214.0,2
3526,-15.38,230840.0,2
3537,-5.42,212328.0,2
3548,-45.16,454998.0,2
3597,-22.37,48894.0,2
3609,-71.3,15307.0,2
3624,-5.43,200251.0,2
3631,-85.1,1139.0,2
3646,1.89,50728.0,2
3689,12.18,476387.0,2
3710,-2.01,507517.0,2
4542,-41.65,45080.0,2
4939,-36.65,67743.0,2
4974,-10.59,221846.0,2
5228,-22.63,33586.0,2
5291,-0.2,84806.0,2
5309,-3.38,286692.0,2
5328,-6.02,56884.0,2
5340,10.43,193126.0,2
5355,-36.16,26740.0,2
5439,62.64,819107.0,2
5457,-8.94,1398657.0,2
5460,2.25,19254.0,2
5464,-9.86,66592.0,2
5475,64.98,81744.0,2
5488,-24.88,41702.0,2
5498,43.82,140483.0,2
6114,-30.78,51910.0,2
6124,5.64,88482.0,2
6126,27.88,327171.0,2
6127,-18.6,67279.0,2
6134,47.62,154124.0,2
6156,-15.02,360494.0,2
6158,-20.73,102388.0,2
6173,-2.43,303212.0,2
6174,-6.28,42409.0,2
6175,-3.08,344405.0,2
6185,5.21,42050.0,2
6194,-42.31,63069.0,2
6203,-56.14,74729.0,2
6204,-34.99,17898.0,2
6207,-26.96,55061.0,2
6210,1.26,27207.0,2
6217,42.93,298910.0,2
6220,-25.57,581865.0,2
6259,30.54,40411.0,2
6266,-9.43,218291.0,2
6274,27.28,2740833.0,2
6275,0.46,291386.0,2
6279,-15.77,632537.0,2
6284,-23.31,434150.0,2
6290,14.46,862646.0,2
6292,19.67,84758.0,2
6418,1.73,35163.0,2
6432,-10.19,74257.0,2
6538,-18.34,96309.0,2
6584,47.91,251960.0,2
6597,-40.55,41410.0,2
6642,-31.16,32723.0,2
6664,12.71,205731.0,2
6727,482.35,231738.0,2
6761,-34.77,114505.0,2
6821,-15.67,28059.0,2
6913,13.04,204064.0,2
6967,4.68,90516.0,2
7744,27.19,214126.0,2
8038,182.76,62462.0,2
8042,22.96,306939.0,2
8043,26.18,388158.0,2
8071,-1.36,147149.0,2
8074,-0.27,88436.0,2
8093,115.01,21929.0,2
8109,-5.96,120745.0,2
8121,-5.03,222483.0,2
8147,22.2,131693.0,2
8155,28.38,483221.0,2
8182,-12.49,183964.0,2
8289,-13.18,113982.0,2
8291,213.51,464.0,2
8358,51.13,850914.0,2
3224,-35.51,88675.0,2
3232,-33.31,57983.0,2
3360,44.26,605552.0,2
3444,-5.05,96745.0,2
6113,-31.16,45112.0,2
6118,-12.49,643262.0,2
6154,2.68,347368.0,2
6227,-25.23,972411.0,2
6265,309.86,171535.0,2
6270,-5.91,192044.0,2
6474,-39.07,203489.0,2
8032,26.21,318927.0,2
8067,-21.7,7242.0,2
8068,75.99,101619.0,2
8084,34.2,62643.0,2
8096,-43.28,2719243.0,2
3147,-43.24,740569.0,2
3158,5.3,80546.0,2
3570,-42.18,161821.0,2
4953,20.22,1045892.0,2
5201,-14.09,18732.0,2
5202,-32.84,8036.0,2
5210,19.39,21998.0,2
5211,39.57,18673.0,2
5212,-30.15,71993.0,2
5310,-58.62,24.0,2
5403,-28.66,182187.0,2
5410,-40.95,382306.0,2
6123,-5.23,361487.0,2
6140,-63.17,65211.0,2
6148,-64.69,28925.0,2
6163,136.47,507417.0,2
6221,-5.91,299029.0,2
6231,12.73,121287.0,2
6240,38.42,4485.0,2
6516,1.95,62107.0,2
6590,-11.09,48601.0,2
6593,-40.74,29258.0,2
6697,51.54,95427.0,2
6751,-33.81,109726.0,2
6752,4.15,149368.0,2
6791,13.54,67434.0,2
6874,89.2,292438.0,2
6884,-0.92,91486.0,2
7767,-37.64,158578.0,2
7819,-0.67,30104.0,2
8099,-1.05,247186.0,2
8272,2.69,23803.0,2
8284,2.5,216056.0,2
8416,-16.84,101208.0,2
1785,62.94,3939518.0,2
3093,-45.33,87706.0,2
3219,57.47,128481.0,2
3285,172.31,74534.0,2
3289,-7.37,333493.0,2
3303,-10.41,216287.0,2
3324,66.95,2178371.0,2
3373,12.32,27395.0,2
3402,8.53,446842.0,2
3465,-14.04,86077.0,2
3498,115.88,77675.0,2
3508,-55.83,34603.0,2
3541,-10.62,58168.0,2
3552,-1.02,517166.0,2
3580,-56.86,13035.0,2
3587,6.47,431471.0,2
3628,18.21,231320.0,2
3663,133.68,852807.0,2
4554,-18.08,29722.0,2
4577,79.88,73898.0,2
4760,19.49,170398.0,2
5452,-31.43,285154.0,2
5489,0.77,117305.0,2
5493,-0.2,431172.0,2
5536,2.73,2744753.0,2
6146,2.7,380130.0,2
6151,-27.34,96624.0,2
6512,-12.0,8561.0,2
6613,6.79,630695.0,2
6654,-4.94,30144.0,2
6667,-21.3,403287.0,2
6725,7.72,241398.0,2
6735,16.13,24364.0,2
6739,90.86,93142.0,2
6840,-9.56,51801.0,2
6855,-7.48,47421.0,2
6877,-62.26,14540.0,2
6903,236.17,471747.0,2
6983,758.19,12830.0,2
7703,20.4,204268.0,2
7728,51.95,32366.0,2
7792,-14.41,309629.0,2
8047,-4.59,35292.0,2
8085,-1.13,48459.0,2
8092,6.43,15109.0,2
8183,6.19,494488.0,2
8431,1.69,64429.0,2
8908,-25.43,620466.0,2
8917,-13.11,220589.0,2
8927,6.08,729648.0,2
8931,-24.23,153759.0,2
2596,-38.95,38782.0,2
2718,16487.99,67679.0,2
3188,507.81,360741.0,2
3313,-35.02,115.0,2
3489,7783.71,106982.0,2
3512,-89.27,26575.0,2
3521,-92.51,125.0,2
4113,-99.95,82.0,2
4416,7.15,8811.0,2
4907,-100.0,0.0,2
5206,,0.0,2
5213,-82.43,431871.0,2
5324,-6.7,52997.0,2
5455,-98.49,262.0,2
5508,-0.92,251712.0,2
5511,43.09,773430.0,2
5512,8.49,377639.0,2
5514,21437.62,103596.0,2
5516,77.48,241159.0,2
5520,-14.45,236488.0,2
5523,0.26,375.0,2
5529,2141.24,99825.0,2
5547,19.57,159405.0,2
5548,-23.02,152506.0,2
6171,-100.0,0.0,2
6186,-100.0,0.0,2
6198,,22.0,2
6212,-86.13,38393.0,2
6219,22485.49,255442.0,2
6264,-69.08,2802.0,2
8080,-46.91,9025.0,2
8424,-21.38,71118.0,2
2641,16.1,183429.0,2
2643,-44.51,339142.0,2
5601,1.71,7571.0,2
5603,4.48,99650.0,2
5609,-3.79,2057193.0,2
7716,-1.41,130862.0,2
1259,11.52,493761.0,2
1268,61.69,753909.0,2
2719,1.09,209738.0,2
2729,54.3,723845.0,2
2732,64.89,458294.0,2
2734,84.61,245593.0,2
2736,34.75,77858.0,2
2740,-60.9,7327.0,2
2743,48.84,793049.0,2
2745,32.12,928806.0,2
2751,68.8,191823.0,2
2752,24.26,390505.0,2
2754,30.18,537593.0,2
2755,22.11,249502.0,2
2756,56.48,90686.0,2
3252,19.14,49251.0,2
3522,86.83,172516.0,2
4419,19.2,227832.0,2
4530,2.02,25135.0,2
5301,4.83,17291.0,2
5364,22.61,32491.0,2
5701,24.61,43222.0,2
5703,38.88,45015.0,2
5704,176.07,54110.0,2
5905,69.72,116015.0,2
6961,17.49,465662.0,2
7708,27.01,251988.0,2
7723,-10.56,381712.0,2
7757,25.02,208583.0,2
8077,2.16,77760.0,2
5864,1675.14,811530.0,2
5878,-5.58,67564.0,2
6015,281.92,256048.0,2
6016,45934.53,1256783.0,2
6020,136.37,52197.0,2
6021,2106.65,603462.0,2
6023,9.53,275493.0,2
6026,191.84,203376.0,2
6028,-7.64,368479.0,2
1584,-33.12,149886.0,2
2221,20.63,107078.0,2
3284,18.78,67127.0,2
4430,-6.67,153597.0,2
4529,-28.16,306.0,2
4541,-39.24,88964.0,2
4556,26.57,49907.0,2
5209,-32.27,245054.0,2
5314,136.75,343315.0,2
5345,214.63,2665.0,2
5398,28.8,8357.0,2
5450,-26.05,143476.0,2
5481,-20.15,6583.0,2
5530,-10.21,271076.0,2
5604,4.72,13710.0,2
6179,90.82,543615.0,2
6199,587.5,43155.0,2
6721,10.35,313191.0,2
6881,10.85,214736.0,2
6904,76.92,87228.0,2
7777,-57.87,7299.0,2
8342,-20.52,96976.0,2
8354,-33.09,37248.0,2
8401,-29.24,85442.0,2
8421,-7.81,88348.0,2
8435,-4.31,45983.0,2
8489,41.39,137696.0,2
8905,-9.73,133813.0,2
8906,8.95,16232.0,2
8916,-43.44,307263.0,2
8921,-17.71,40628.0,2
8929,-30.72,46388.0,2
8935,-54.56,18671.0,2
8936,25.43,398074.0,2
8937,1258.71,87542.0,2
8942,-68.14,135464.0,2
2926,8.62,558210.0,2
3064,-1.58,6569.0,2
3083,64.5,37327.0,2
3086,-18.47,10713.0,2
3293,19.24,2083578.0,2
3546,127.42,219629.0,2
3629,136566.66,4100.0,2
4806,218.61,10508.0,2
4946,-5.49,41136.0,2
5263,1.05,85065.0,2
5478,43.29,699063.0,2
6101,685.98,78465.0,2
6111,197.61,874155.0,2
6144,7.76,13440.0,2
6169,-98.41,44.0,2
6180,-20.05,849959.0,2
6294,-16.02,68173.0,2
6482,-35.47,21393.0,2
6542,27.37,91362.0,2
6596,70.76,265335.0,2
6856,10.79,58879.0,2
7584,-6.2,90577.0,2
8446,-17.28,62490.0,2
8450,-5.32,14553.0,2
8923,32.9,44727.0,2
9949,25.27,12089.0,2
1240,1.64,205555.0,2
4171,-44.73,13587.0,2
6508,-21.24,92361.0,2
6578,39.97,22326.0,2
3073,25.92,4279.0,2
3551,15.7,259382.0,2
3713,0.56,23932.0,2
5205,-17.07,1253.0,2
5432,-50.43,8298.0,2
6624,23.87,24743.0,2
6692,-86.76,45585.0,2
6803,-0.35,709236.0,2
6894,55.41,146811.0,2
6971,-3.96,144343.0,2
7715,-40.85,72647.0,2
7820,54.28,30290.0,2
7842,87.31,216087.0,2
8087,23.3,14725.0,2
8171,0.79,21394.0,2
8390,55.0,576173.0,2
8440,-36.34,52397.0,2
2640,14.76,258474.0,2
2949,-7.06,384046.0,2
3085,-22.41,3303.0,2
3687,-4.53,130454.0,2
5278,6.32,189381.0,2
5287,0.55,165031.0,2
5321,-17.15,188725.0,2
6236,-30.63,2491.0,2
6690,13.26,180280.0,2
6763,-3.31,125132.0,2
6811,-26.31,466538.0,2
6865,-41.05,18338.0,2
6870,48.53,70237.0,2
6910,-12.42,20583.0,2
6925,3.0,15330.0,2
6997,1.91,339497.0,2
7547,49.75,27203.0,2
7714,8.84,144576.0,2
7738,30.62,52672.0,2
7747,3.79,140781.0,2
7805,11.98,571637.0,2
7839,-24.0,10472.0,2
8044,-3.63,2979445.0,2
8472,202.28,47012.0,2
8477,-54.89,20802.0,2
8932,14.78,169339.0,2
1593,1.34,85852.0,2
5348,27.86,23157.0,2
6804,93.84,166270.0,2
7811,11.46,290847.0,2
8924,-20.97,208991.0,2
8928,-29.41,218852.0,2
8933,-17.26,180726.0,2
8938,-16.28,1080238.0,2
9960,-14.64,53664.0,2
2230,88.53,253212.0,2
2916,58.72,200645.0,2
2937,14.09,392183.0,2
2941,98.33,109729.0,2
2947,11.19,177273.0,2
2948,-0.44,166172.0,2
3067,-45.9,1915.0,2
3171,53.78,163216.0,2
4609,-63.26,2043.0,2
4702,51.9,8701.0,2
5902,-8.0,124447.0,2
5903,14.23,8812725.0,2
5904,22.87,2413523.0,2
6195,79.54,227681.0,2
6728,-17.42,235081.0,2
6968,28.28,308664.0,2
7782,10.54,75927.0,2
7794,54.0,77608.0,2
8066,11.72,242776.0,2
8433,27.66,243238.0,2
8941,20.06,241142.0,2
4442,77.4,159920.0,2
1591,416.73,38316.0,2
4139,-15.11,72381.0,2
4157,-15.48,2854.0,2
4745,-9.69,205683.0,2
6617,13.44,2776.0,2
4966,-4.52,1216715.0,2
4971,43.12,111253.0,2
4991,7.72,157084.0,2
6907,99.99,176574.0,2
5223,-14.99,102043.0,2
3664,2.8,17753.0,2
7717,36.39,77206.0,2
5227,-61.15,29155.0,2
8455,3.89,108044.0,2
5543,20.65,289617.0,2
2726,-9.26,36488.0,2
4804,4.67,7857.0,2
2724,-50.62,5043.0,2
4154,44.34,1813.0,2
5276,-1.36,76283.0,2
8426,5.44,157017.0,2
8437,-46.45,10282.0,2
8444,-62.49,134269.0,2
4924,-9.44,61796.0,2
8423,-21.57,26685.0,2
6741,27.78,169032.0,2
2924,10.15,4264.0,2
6616,-13.37,74993.0,2
6629,58.56,190467.0,2
1101,-5.8,8593689.0,2
1102,-16.51,3493115.0,2
1103,-13.44,188835.0,2
1104,-14.58,460060.0,2
1108,-27.23,259157.0,2
1109,-29.79,167550.0,2
1110,-30.31,159417.0,2
1201,7.25,1640170.0,2
1203,-17.93,386214.0,2
1210,-5.67,7628102.0,2
1213,20.55,29013.0,2
1215,-0.03,2030010.0,2
1216,8.31,51532816.0,2
1217,1.83,319659.0,2
1218,6.48,837121.0,2
1219,-8.83,1059567.0,2
1220,-38.65,166071.0,2
1225,-16.79,889099.0,2
1227,16.64,1872242.0,2
1229,-12.87,687463.0,2
1231,32.2,1103687.0,2
1232,1.69,1661070.0,2
1233,23.66,200044.0,2
1234,3.59,805443.0,2
1235,807.67,15848.0,2
1236,57.77,138565.0,2
1702,0.74,1645241.0,2
1737,-11.21,214779.0,2
3054,750.99,57808.0,2
7780,18.66,135700.0,2
7791,11.91,176173.0,2
1301,-33.41,10739649.0,2
1303,-15.96,18556362.0,2
1304,-31.72,2843587.0,2
1305,-7.65,785281.0,2
1307,-16.77,789802.0,2
1308,-29.18,377128.0,2
1309,-43.0,824009.0,2
1310,-13.34,624367.0,2
1312,15.71,2072655.0,2
1313,-40.15,2565385.0,2
1314,-46.04,1098234.0,2
1315,-21.76,144318.0,2
1321,-36.34,194063.0,2
1323,4.4,149301.0,2
1324,-40.68,36917.0,2
1325,-36.0,14835.0,2
1326,-15.33,22981250.0,2
4306,-17.57,799288.0,2
1402,-8.91,17896522.0,2
1409,-18.38,2768316.0,2
1410,-34.55,12885.0,2
1413,-40.74,105547.0,2
1414,-20.17,32662.0,2
1417,41.83,23236.0,2
1418,-98.62,18.0,2
1419,14.86,379790.0,2
1423,57.16,17386.0,2
1434,-27.07,1869940.0,2
1440,-38.99,865498.0,2
1441,-47.41,57056.0,2
1444,14.0,665239.0,2
1445,-10.8,45054.0,2
1446,601.55,76133.0,2
1447,0.48,1723100.0,2
1449,22.19,283925.0,2
1451,4.75,458977.0,2
1452,-42.08,75246.0,2
1454,-45.36,74526.0,2
1455,-50.37,318242.0,2
1457,-38.52,156605.0,2
1459,-60.63,47656.0,2
1460,-38.3,450189.0,2
1463,-90.79,16402.0,2
1464,-34.05,792863.0,2
1465,26.95,20212.0,2
1466,-31.48,159530.0,2
1467,-20.47,373739.0,2
1468,-60.33,27453.0,2
1470,-12.28,48383.0,2
1473,-27.67,707190.0,2
1474,-40.88,148784.0,2
1475,-39.76,87958.0,2
1476,-7.36,2439916.0,2
1477,-1.06,2937964.0,2
4414,-6.98,1137585.0,2
4426,-33.71,52697.0,2
4438,-6.56,772311.0,2
4440,-0.08,72752.0,2
4441,15.58,586105.0,2
1503,-2.61,2844510.0,2
1504,-0.15,4428182.0,2
1506,19.5,96478.0,2
1513,-12.8,1879058.0,2
1514,14.5,778370.0,2
1515,20.37,288446.0,2
1517,-42.15,94467.0,2
1519,15.88,1363202.0,2
1526,-41.47,40240.0,2
1527,-45.82,145143.0,2
1528,12.67,209702.0,2
1529,-50.54,58630.0,2
1530,-23.74,130895.0,2
1531,-10.25,102687.0,2
1532,16.23,973567.0,2
1535,-2.57,772725.0,2
1537,8.93,546743.0,2
1538,-81.4,2160.0,2
1539,-6.54,84208.0,2
1540,-24.49,21574.0,2
1541,2.41,191159.0,2
1558,-15.59,506940.0,2
1560,24.35,751193.0,2
1583,-23.82,205899.0,2
1597,18.81,106281.0,2
2049,-3.02,1872071.0,2
2371,-1.93,2982824.0,2
3167,123.01,571184.0,2
4526,-29.48,260616.0,2
4532,-11.03,1789302.0,2
4540,34.43,172266.0,2
4555,5.09,127706.0,2
4562,-40.47,33043.0,2
4564,-27.36,64292.0,2
4566,-2.79,379804.0,2
4572,24.45,62395.0,2
4576,22.0,255227.0,2
4583,-9.01,249327.0,2
4590,-16.29,80678.0,2
6606,-12.31,32821.0,2
7750,2.66,941778.0,2
8222,-5.01,63005.0,2
8374,3.89,343505.0,2
8996,205.72,933818.0,2
1603,-36.93,303060.0,2
1604,-5.73,631054.0,2
1605,-23.09,11867190.0,2
1608,24.67,983547.0,2
1609,-5.72,2284297.0,2
1611,-27.78,65325.0,2
1612,-20.53,473965.0,2
1614,-6.17,419514.0,2
1615,-60.7,238215.0,2
1616,-22.26,314402.0,2
1617,-29.58,187172.0,2
1618,-74.19,107573.0,2
1623,14.37,602009.0,2
4930,-24.24,352891.0,2
5283,-14.3,274334.0,2
1708,-18.94,433100.0,2
1709,-20.66,640347.0,2
1710,-38.75,1319865.0,2
1711,-24.99,483949.0,2
1712,-9.0,1391427.0,2
1713,-7.98,28549.0,2
1714,14.86,1848648.0,2
1717,-19.28,2436388.0,2
1718,-0.05,3618337.0,2
1721,-40.31,103657.0,2
1722,-6.34,960267.0,2
1723,-34.13,414132.0,2
1725,-23.81,487626.0,2
1726,-18.41,647835.0,2
1727,-0.01,169192.0,2
1730,0.0,164991.0,2
1732,-9.32,48194.0,2
1735,-44.45,114072.0,2
1773,-9.89,902811.0,2
1776,-38.82,55652.0,2
4720,-20.54,190930.0,2
4722,-20.71,228239.0,2
4739,192.15,667186.0,2
4755,-16.1,332099.0,2
4764,25.58,233067.0,2
4766,-14.65,1478450.0,2
4770,-31.05,207263.0,2
1707,-1.34,625771.0,2
1720,-16.43,466104.0,2
1731,3.67,127716.0,2
1733,-12.02,178279.0,2
1734,-17.35,196311.0,2
1752,-20.04,156007.0,2
1760,-4.46,232671.0,2
1762,161.27,102881.0,2
1783,20.9,47965.0,2
1786,0.07,55099.0,2
1789,26.34,207454.0,2
1795,131.52,2238173.0,2
3164,-35.47,16413.0,2
3705,-16.65,523507.0,2
3716,-7.15,621628.0,2
4104,-3.43,695983.0,2
4106,10.6,188302.0,2
4108,4.98,9223.0,2
4119,39.94,118509.0,2
4133,-12.42,27814.0,2
4142,-19.66,5849.0,2
4155,10.82,105941.0,2
4164,22.75,268691.0,2
4169,-17.55,45848.0,2
4195,-13.45,37338.0,2
4736,-15.63,262114.0,2
4737,-28.94,110554.0,2
4746,-20.47,232724.0,2
4771,21.32,314685.0,2
6446,56.65,1600454.0,2
6472,-23.22,1326086.0,2
6491,6.02,556931.0,2
6534,2.07,272876.0,2
6589,100.62,84957.0,2
6645,12.01,35863.0,2
6657,-8.47,270.0,2
6782,11.64,378591.0,2
6794,186.18,2630.0,2
6796,8.09,44509.0,2
6838,120.2,1308.0,2
6861,44.0,260053.0,2
6885,1758.82,632.0,2
6918,6.51,74229.0,2
6919,,0.0,2
6931,6.36,89639.0,2
6934,-91.21,18.0,2
6936,-11.74,92334.0,2
6949,61.16,1971.0,2
6955,13.04,26906.0,2
7799,,190.0,2
7803,240.0,731.0,2
1802,-17.59,2437371.0,2
1806,-57.7,121149.0,2
1809,1.08,170713.0,2
1810,-23.44,279541.0,2
1817,-19.15,128269.0,2
1903,-16.11,12133.0,2
1904,-24.6,2588594.0,2
1905,-35.56,1010573.0,2
1906,-47.65,184616.0,2
1907,-20.63,4422516.0,2
1909,-23.1,2457466.0,2
6790,-8.36,753496.0,2
2002,-12.93,24520577.0,2
2006,-30.63,3280507.0,2
2007,-49.71,270393.0,2
2008,-36.09,100397.0,2
2009,41.89,267118.0,2
2010,1.07,1937614.0,2
2012,-22.73,506384.0,2
2013,-9.87,1441381.0,2
2014,-24.46,1399718.0,2
2015,-41.89,1388627.0,2
2017,-2.95,216832.0,2
2020,-34.95,231956.0,2
2022,47.66,1064207.0,2
2023,-22.3,4381951.0,2
2024,-40.59,51883.0,2
2025,-16.09,51210.0,2
2027,13.63,9975843.0,2
2028,-35.39,484047.0,2
2029,-38.35,832620.0,2
2030,-5.3,763494.0,2
2031,-38.59,1208738.0,2
2032,-29.11,191792.0,2
2033,-40.98,37297.0,2
2034,-41.41,759842.0,2
2038,-55.96,372092.0,2
2069,-9.12,703110.0,2
2211,-30.87,995067.0,2
3004,19.58,361844.0,2
5007,-15.51,454819.0,2
9958,24.06,1551164.0,2
2101,-23.51,504480.0,2
2102,-63.83,10671.0,2
2103,-17.23,2798906.0,2
2104,-22.97,1137024.0,2
2105,-16.99,6088776.0,2
2106,-11.78,2352365.0,2
2107,-47.26,98123.0,2
2108,0.18,744947.0,2
2109,-19.22,334942.0,2
2114,-12.36,105904.0,2
6582,-64.71,33342.0,2
1319,-42.8,1434755.0,2
1339,-29.23,110249.0,2
1512,77.18,140262.0,2
1521,-10.13,284898.0,2
1522,24.34,1900928.0,2
1524,-40.84,150333.0,2
1525,-9.31,74479.0,2
1533,80.74,431087.0,2
1536,-33.8,301194.0,2
1563,-12.39,558743.0,2
1568,-28.38,66909.0,2
1587,42.77,226514.0,2
2201,-3.59,5264242.0,2
2204,3.58,2321718.0,2
2206,-10.75,4087010.0,2
2207,-15.38,18783368.0,2
2227,-40.93,683376.0,2
2228,-5.31,355847.0,2
2231,-16.65,197596.0,2
2233,-21.53,238156.0,2
2237,189.98,338698.0,2
2241,45.48,77505.0,2
2247,-46.52,1958148.0,2
2254,-90.98,5637.0,2
2258,-29.99,392347.0,2
2497,15.17,362420.0,2
3346,-32.67,363281.0,2
3717,,606334.0,2
4551,11.69,659173.0,2
6605,7.91,1530123.0,2
6988,-39.72,49409.0,2
7732,-19.0,81752.0,2
7736,-24.96,109429.0,2
7821,2.97,637803.0,2
2302,38.9,70713.0,2
2303,6.32,19345126.0,2
2329,12.2,1417474.0,2
2330,22.17,317656613.0,2
2337,59.97,3029953.0,2
2338,-14.49,459445.0,2
2340,-2.76,286488.0,2
2342,-15.27,155329.0,2
2344,88.45,11973254.0,2
2351,1.74,814818.0,2
2363,210.93,371804.0,2
2369,26.06,499274.0,2
2379,-7.41,10482135.0,2
2388,-3.75,596423.0,2
2401,-7.2,465473.0,2
2408,586.71,15607184.0,2
2434,-28.81,2080.0,2
2436,9.26,281734.0,2
2441,19.0,1471456.0,2
2449,41.04,3224527.0,2
2451,246.27,3184337.0,2
2454,-15.63,38954271.0,2
2458,-11.43,933925.0,2
2481,-0.98,935613.0,2
3006,128.39,2094881.0,2
3014,-13.95,460808.0,2
3016,14.87,334022.0,2
3034,-23.82,7059376.0,2
3035,-74.02,736933.0,2
3041,31.31,125555.0,2
3094,-10.37,14622.0,2
3135,104.11,981428.0,2
3150,-20.49,21808.0,2
3189,9.99,3204487.0,2
3257,-43.52,34409.0,2
3413,4.17,1647946.0,2
3443,60.14,3351500.0,2
3450,-36.6,607616.0,2
3530,33.12,134239.0,2
3532,-3.73,1000930.0,2
3545,-22.07,725049.0,2
3583,12.67,1049403.0,2
3588,2.27,111174.0,2
3592,-12.82,1669379.0,2
3686,9.37,7593.0,2
3711,15.87,52096847.0,2
4919,-7.26,2384376.0,2
4952,0.66,166060.0,2
4961,-10.35,1323320.0,2
4967,-22.18,1152052.0,2
4968,-6.86,270124.0,2
5222,-15.72,76275.0,2
5236,-10.3,152382.0,2
5269,17.65,892868.0,2
5285,-3.23,411552.0,2
5471,-2.59,206329.0,2
6202,-21.05,204585.0,2
6239,34.63,6699962.0,2
6243,-59.52,21293.0,2
6257,8.45,1609154.0,2
6271,-9.2,871781.0,2
6515,-3.82,872646.0,2
6526,2.44,1803847.0,2
6531,146.68,672381.0,2
6533,12.26,89855.0,2
6552,-44.18,81128.0,2
6695,-6.26,75304.0,2
6719,-0.88,244986.0,2
6756,-14.43,106600.0,2
6770,12.01,4222757.0,2
6789,7.38,753310.0,2
6799,-4.53,68430.0,2
6909,-41.21,18760.0,2
6921,-59.03,9748.0,2
6937,31.25,142862.0,2
7730,274.04,20079.0,2
7768,25.43,167529.0,2
7769,57.01,3095968.0,2
7822,84.06,220878.0,2
8016,10.11,1370135.0,2
8028,18.64,408257.0,2
8081,-14.07,598138.0,2
8110,6.8,628531.0,2
8131,23.83,881151.0,2
8150,22.11,2143616.0,2
8162,-19.52,78969.0,2
8261,-3.33,222389.0,2
8271,193.81,1879562.0,2
2301,17.36,12812239.0,2
2305,34.16,81417.0,2
2324,-21.91,52739920.0,2
2331,66.96,1436346.0,2
2352,-7.34,14393921.0,2
2353,25.68,21457846.0,2
2356,-1.42,50934220.0,2
2357,19.11,54353831.0,2
2362,19.04,1420081.0,2
2364,-1.34,90911.0,2
2365,0.51,66326.0,2
2376,47.39,32908194.0,2
2377,-2.89,16140711.0,2
2380,0.7,167469.0,2
2382,43.18,215583149.0,2
2387,-32.68,1019898.0,2
2395,6.26,5626769.0,2
2397,3.27,793317.0,2
2399,2.56,160344.0,2
2405,-20.69,118333.0,2
2417,9.5,252057.0,2
2425,113.51,932779.0,2
2432,26.05,256381.0,2
2465,127.42,477648.0,2
2495,6.73,97887.0,2
3002,23.26,43939.0,2
3005,-0.01,2627936.0,2
3013,-30.83,516374.0,2
3017,74.73,14017320.0,2
3022,-30.53,409135.0,2
3046,-15.89,393731.0,2
3057,-22.73,40224.0,2
3060,-4.06,337276.0,2
3231,177.36,284893080.0,2
3416,37.85,290450.0,2
3494,17.84,74554.0,2
3515,-29.85,1800741.0,2
3652,2.34,176134.0,2
3701,-38.44,512721.0,2
3706,25.33,9440329.0,2
3712,-45.72,1276375.0,2
4916,40.99,351831.0,2
4938,-17.57,67982207.0,2
5258,-21.08,374125.0,2
6117,3.55,181074.0,2
6128,-1.02,421767.0,2
6166,16.15,971954.0,2
6206,9.36,500787.0,2
6230,-1.87,632408.0,2
6235,-0.76,464861.0,2
6277,10.9,410143.0,2
6414,3.25,10818450.0,2
6579,21.14,701161.0,2
6669,103.43,94633137.0,2
6831,43.87,225956.0,2
6928,-25.45,136910.0,2
7711,-0.14,525774.0,2
8114,-37.28,1191144.0,2
8163,11.55,1790524.0,2
8210,49.62,1950400.0,2
9912,-16.51,35996.0,2
2323,13.13,661384.0,2
2349,-22.31,367355.0,2
2374,32.22,663773.0,2
2393,-5.1,1518082.0,2
2406,159.76,810936.0,2
2409,-16.66,20505355.0,2
2426,-14.78,163166.0,2
2429,-54.45,14773.0,2
2438,19.73,35782.0,2
2466,-31.01,34709.0,2
2486,5.73,446988.0,2
2489,6.96,1635699.0,2
2491,-42.24,9148.0,2
3008,-2.6,4613227.0,2
3019,6.82,1709627.0,2
3024,-65.38,98892.0,2
3031,-17.97,55357.0,2
3038,-13.46,221848.0,2
3049,-74.43,29502.0,2
3050,-12.61,81888.0,2
3051,-34.0,107078.0,2
3059,10.87,637401.0,2
3149,72.58,173520.0,2
3168,-2.28,259736.0,2
3356,11.74,89237.0,2
3406,5.13,1461282.0,2
3437,-32.46,94618.0,2
3481,5.59,19540242.0,2
3504,-18.55,179404.0,2
3535,4841.74,131154.0,2
3543,-20.43,215342.0,2
3563,4.91,285091.0,2
3576,-55.94,136090.0,2
3591,-4.1,178751.0,2
3622,30.8,124903.0,2
3714,-17.0,1464736.0,2
4934,130.03,11497.0,2
4942,-23.98,349318.0,2
4949,38.11,255854.0,2
4956,-6.18,95245.0,2
4960,-21.4,517873.0,2
4976,1.37,73964.0,2
5234,1.17,366001.0,2
5244,-15.76,42065.0,2
5484,183.64,87577.0,2
6116,-10.19,857851.0,2
6120,-27.82,1213432.0,2
6164,-14.17,51119.0,2
6168,16.04,162058.0,2
6176,-5.24,3354310.0,2
6209,11.49,276011.0,2
6225,-31.89,2137.0,2
6226,-11.05,41018.0,2
6278,-5.28,3786737.0,2
6405,-64.0,36.0,2
6443,-43.32,184488.0,2
6477,78.94,76996.0,2
6668,2.06,67166.0,2
6706,-62.37,54091.0,2
6742,-39.37,25947.0,2
6916,-19.56,126614.0,2
8104,-54.07,93335.0,2
8105,-11.48,616799.0,2
8215,-14.18,1338991.0,2
2314,3.09,76852.0,2
2321,-17.44,47043.0,2
2332,-1.36,1112370.0,2
2345,82.69,23582573.0,2
2412,2.73,18786334.0,2
2419,-6.94,502331.0,2
2424,90.08,12198.0,2
2439,15.51,3144240.0,2
2444,-45.06,53192.0,2
2450,-13.93,2353972.0,2
2455,15.88,307741.0,2
2485,84.85,252446.0,2
2498,-13.92,158128.0,2
3025,113.07,35609.0,2
3027,-47.75,108139.0,2
3045,-0.02,15523555.0,2
3047,-40.47,215826.0,2
3062,-19.93,221475.0,2
3138,19.47,117055.0,2
3311,-23.58,161377.0,2
3380,-9.04,1288857.0,2
3419,-3.5,100721.0,2
3447,21.01,303975.0,2
3596,-6.59,4025608.0,2
3669,28.89,206879.0,2
3694,-3.66,731660.0,2
3704,-17.66,1759583.0,2
4904,5.09,9005133.0,2
4906,-45.62,876526.0,2
5388,21.11,4527206.0,2
6136,6.54,50724.0,2
6142,4.35,134096.0,2
6152,-29.85,89440.0,2
6216,-48.02,47336.0,2
6285,-6.92,8173548.0,2
6416,-17.97,278338.0,2
6426,7.26,37039.0,2
6442,44.08,738625.0,2
6674,-62.94,23273.0,2
6792,1.98,100276.0,2
7689,15.02,367473.0,2
8011,-20.65,132308.0,2
8045,11.28,119217.0,2
8101,42.63,33061.0,2
1471,-61.11,4068.0,2
1582,-22.88,550886.0,2
2059,31.15,1756868.0,2
2308,30.99,49897441.0,2
2313,0.0,5201115.0,2
2316,-4.32,239154.0,2
2327,17.96,11505323.0,2
2328,-34.31,1185041.0,2
2355,-4.89,1209246.0,2
2367,-19.12,1178139.0,2
2368,53.9,5941712.0,2
2375,5.48,406786.0,2
2383,45.0,10193772.0,2
2385,-12.58,6373159.0,2
2392,-20.96,5046941.0,2
2402,10.61,829047.0,2
2413,-23.81,208979.0,2
2415,29.47,184718.0,2
2420,-11.12,153869.0,2
2421,2.33,1323313.0,2
2428,-13.4,451215.0,2
2431,-65.62,14957.0,2
2440,-42.61,162521.0,2
2457,-4.92,600643.0,2
2460,14.42,229097.0,2
2462,-4.5,263308.0,2
2467,3.25,374357.0,2
2472,0.47,810013.0,2
2476,13.52,589610.0,2
2478,-20.21,350845.0,2
2483,-8.49,125104.0,2
2484,-18.05,146905.0,2
2492,-3.72,2673730.0,2
2493,1.25,312630.0,2
3003,-3.27,330305.0,2
3011,-46.41,37367.0,2
3015,-11.62,801549.0,2
3021,-24.12,194984.0,2
3023,-5.43,2610241.0,2
3026,-2.29,1018586.0,2
3032,1.47,640166.0,2
3037,16.17,11600477.0,2
3042,7.3,1014184.0,2
3044,10.67,5897587.0,2
3058,-22.4,170727.0,2
3090,9.43,1324902.0,2
3092,-27.41,102746.0,2
3229,-1.93,80764.0,2
3296,-15.03,88671.0,2
3308,-4.21,523.0,2
3321,-24.45,104904.0,2
3338,-38.42,196705.0,2
3376,-21.59,676266.0,2
3432,477.02,16451.0,2
3501,-31.59,309149.0,2
3533,5.06,2320003.0,2
3550,-28.49,172909.0,2
3593,-68.47,20757.0,2
3605,7.17,781391.0,2
3607,-6.76,161427.0,2
3645,-8.5,161746.0,2
3653,-14.57,1268426.0,2
3679,-38.94,233712.0,2
3715,23.08,1620477.0,2
4545,-7.46,174370.0,2
4915,-17.11,4241461.0,2
4989,78.67,273654.0,2
4999,-0.33,138407.0,2
5469,38.65,4597279.0,2
6108,-7.23,279912.0,2
6115,-25.49,407000.0,2
6133,7.15,75520.0,2
6141,-18.95,133185.0,2
6153,-16.7,285265.0,2
6155,-8.61,39592.0,2
6191,71.01,2741655.0,2
6197,20.32,537261.0,2
6205,-35.91,68948.0,2
6213,9.0,2609875.0,2
6224,-15.13,185243.0,2
6269,-8.7,1290043.0,2
6272,-31.01,171697.0,2
6282,14.63,2725840.0,2
6412,-21.66,2120547.0,2
6449,15.64,301368.0,2
6715,17.74,126310.0,2
6805,51.12,1179230.0,2
6834,1.74,114703.0,2
6835,-12.69,142866.0,2
7788,13.59,520666.0,2
7795,-22.83,161180.0,2
8039,-4.78,637849.0,2
8046,12.84,3166126.0,2
8103,-2.96,214255.0,2
8213,-7.61,1274098.0,2
8249,-39.24,224821.0,2
2347,5.77,29717095.0,2
2414,-12.12,1891700.0,2
2430,2.43,1343973.0,2
3010,21.96,6628919.0,2
3028,44.51,3828384.0,2
3033,-10.33,6377191.0,2
3036,28.97,104424711.0,2
3048,10.73,9591029.0,2
3055,-17.89,8167.0,2
3209,35.03,4213957.0,2
3312,-23.5,1443742.0,2
3528,21.54,681191.0,2
3702,9.39,79683932.0,2
5434,13.91,5517727.0,2
6189,-16.33,1976850.0,2
6281,12.97,1401048.0,2
6776,-3.35,2113615.0,2
6908,14.2,361068.0,2
8070,6.78,1597710.0,2
8072,-12.69,89134.0,2
8112,136.81,31218239.0,2
2427,-31.92,162550.0,2
2453,4.68,517079.0,2
2468,-31.25,162895.0,2
2471,29.0,84374.0,2
2480,11.03,744676.0,2
3029,-37.37,1742006.0,2
4994,16.36,99591.0,2
5203,5.93,197996.0,2
6112,19.66,1835671.0,2
6183,4.97,195368.0,2
6214,-7.42,2879680.0,2
2312,-19.38,10752396.0,2
2317,8.05,595813348.0,2
2354,-23.53,7202241.0,2
2359,-38.48,241890.0,2
2360,86.04,3667138.0,2
2373,-15.04,653258.0,2
2390,-38.89,44789.0,2
2404,68.9,6570709.0,2
2423,6.05,220782.0,2
2433,-1.98,214589.0,2
2459,-7.34,325823.0,2
2461,-6.12,371713.0,2
2464,7.78,622627.0,2
2474,-21.19,1090816.0,2
2477,23.5,123961.0,2
2482,-1.01,35042.0,2
2488,0.05,161774.0,2
3018,-70.74,27230.0,2
3030,24.93,754655.0,2
3043,-1.05,60726.0,2
3305,62.38,1159710.0,2
3518,-34.18,13846.0,2
3617,0.84,822372.0,2
4585,-11.63,138428.0,2
4588,-83.73,11388.0,2
6139,81.4,5443622.0,2
6192,-28.67,443353.0,2
6196,5.43,4165780.0,2
6201,-33.56,148536.0,2
6215,51.22,205585.0,2
6283,-46.1,82923.0,2
6409,-15.57,1099564.0,2
6438,9.09,511781.0,2
6558,-37.17,42282.0,2
6658,-5.21,200472.0,2
6691,37.08,1802251.0,2
6698,-17.68,46253.0,2
6722,-14.35,379500.0,2
6743,-24.09,212446.0,2
6830,25.77,152439.0,2
7631,81.08,135796.0,2
8021,42.46,413306.0,2
8201,-37.7,21304.0,2
2616,-23.18,529123.0,2
6505,-17.26,45494799.0,2
8926,300.38,2939452.0,2
9908,-6.98,294485.0,2
9918,-15.91,181732.0,2
9926,-7.27,204575.0,2
9931,8.35,146718.0,2
9937,-13.0,1563226.0,2
1316,108.61,520392.0,2
1436,-83.12,12853.0,2
1438,,1134.0,2
1439,3.14,4400.0,2
1442,-83.46,78263.0,2
1453,0.8,125.0,2
1456,72.47,112471.0,2
1472,28.96,350999.0,2
1805,-99.73,109.0,2
1808,117765.9,1652480.0,2
2442,9886.17,1456084.0,2
2501,193.51,3430775.0,2
2504,-11.0,1275378.0,2
2505,713.37,6995.0,2
2506,-61.49,66162.0,2
2509,-0.96,22838.0,2
2511,4.83,604285.0,2
2515,-12.73,1536052.0,2
2516,-38.28,515010.0,2
2520,8.87,1437349.0,2
2524,-80.83,149498.0,2
2527,-4.36,29988.0,2
2528,-99.94,143.0,2
2530,-97.95,836.0,2
2534,-87.97,79808.0,2
2535,18.3,1405427.0,2
2536,-61.74,127012.0,2
2537,272.73,259301.0,2
2538,2.6,20914.0,2
2539,-33.58,535780.0,2
2540,-33.02,579824.0,2
2542,774.69,4238033.0,2
2543,5.89,670644.0,2
2545,7.93,731891.0,2
2546,-21.47,992800.0,2
2547,-9.31,461748.0,2
2548,19257.44,1137637.0,2
2597,-4.62,1879937.0,2
3052,-11.65,268420.0,2
3056,-96.89,95423.0,2
3266,-2.52,96318.0,2
3703,-30.88,1699693.0,2
5515,-9.08,474310.0,2
5519,-39.21,106373.0,2
5521,-0.69,751811.0,2
5522,1220.01,279130.0,2
5525,1275.95,384154.0,2
5531,22.84,57656.0,2
5533,-47.7,37682.0,2
5534,-69.26,92667.0,2
6177,554.92,1461086.0,2
9906,351.05,190249.0,2
9946,34244.54,1138865.0,2
2208,38.93,1168545.0,2
2601,-6.42,315909.0,2
2603,-20.72,27138742.0,2
2605,87.46,436531.0,2
2606,16.23,1137305.0,2
2607,-15.09,1189175.0,2
2608,-14.77,831476.0,2
2609,-15.31,12443461.0,2
2610,14.56,18373146.0,2
2611,36.71,77531.0,2
2612,-3.62,353018.0,2
2613,2.09,235075.0,2
2615,-0.49,10580264.0,2
2617,6.32,328806.0,2
2618,13.95,19002061.0,2
2630,21.12,369913.0,2
2633,13.35,4672521.0,2
2634,-12.72,2197862.0,2
2636,-13.98,1437044.0,2
2642,-11.46,247114.0,2
2645,-5.62,1322897.0,2
2646,41.49,4817778.0,2
5607,26.37,358054.0,2
5608,0.98,236158.0,2
6753,-18.45,289815.0,2
6757,36.72,2088781.0,2
8367,-11.08,225489.0,2
2701,8.16,23176.0,2
2702,6.84,117813.0,2
2704,23.11,136081.0,2
2705,18.92,179755.0,2
2706,-1.78,28669.0,2
2707,24.17,663479.0,2
2712,103.75,62145.0,2
2722,54.65,58466.0,2
2727,24.01,2340626.0,2
2731,41.04,3287907.0,2
2739,17.17,452442.0,2
2748,42.61,254633.0,2
2753,-5.73,662968.0,2
5706,74.55,349242.0,2
7705,23.97,562456.0,2
7760,52.19,156951.0,2
8940,99.61,222612.0,2
9943,31.58,245503.0,2
2801,4.38,3752140.0,2
2812,11.77,1818419.0,2
2816,27.06,1311666.0,2
2820,30.75,304685.0,2
2832,-4.79,803079.0,2
2834,-4.62,2495404.0,2
2836,4.56,372525.0,2
2838,10.97,2011875.0,2
2845,11.82,1111919.0,2
2849,21.22,506819.0,2
2850,6.91,2275924.0,2
2851,103.16,2138550.0,2
2852,-7.27,725462.0,2
2855,221.36,2096483.0,2
2867,-12.28,7723798.0,2
2880,7.92,5516626.0,2
2881,69.03,29373464.0,2
2882,-11.03,26123903.0,2
2883,25.21,9367975.0,2
2884,4.0,7478992.0,2
2885,52.06,13315992.0,2
2886,-0.72,6460103.0,2
2887,187.37,16283678.0,2
2889,16.4,711757.0,2
2890,13.28,7019061.0,2
2891,14.16,20907830.0,2
2892,2.93,5959029.0,2
2897,7.27,814631.0,2
5876,0.59,4229750.0,2
5880,18.31,5202882.0,2
6005,54.45,2247805.0,2
6024,152.89,489013.0,2
2901,20.07,11255.0,2
2903,24.79,2742999.0,2
2905,5.48,10059351.0,2
2906,0.36,667312.0,2
2908,22.96,2993384.0,2
2910,16.99,47903.0,2
2911,-16.1,148238.0,2
2912,9.08,28039116.0,2
2913,2.09,40736.0,2
2915,-26.62,127996.0,2
2945,17.15,1239240.0,2
8443,6.35,103379.0,2
2072,52.89,1336414.0,2
3708,-73.15,29370.0,2
4582,108.06,91910.0,2
5292,-43.08,127813.0,2
6581,62.28,198385.0,2
6771,-37.35,34089.0,2
6869,69.07,562434.0,2
6873,2.64,325622.0,2
6923,-2.68,90189.0,2
6944,100.59,1816507.0,2
6947,100.93,124940.0,2
6951,17.82,62544.0,2
6969,-4.58,23839.0,2
6994,19.17,166073.0,2
7610,252.95,269795.0,2
7740,515.17,465325.0,2
7786,0.15,341377.0,2
7818,-21.25,768764.0,2
8341,13.18,342291.0,2
8422,-42.52,284412.0,2
8438,28.56,367571.0,2
8473,-2.56,262741.0,2
8476,43.43,109781.0,2
9930,-20.91,839552.0,2
9955,95.59,135167.0,2
3130,-12.48,175079.0,2
6165,10.71,265857.0,2
6614,39.15,360554.0,2
6689,-10.96,913411.0,2
6902,16.56,90876.0,2
6906,0.41,25424.0,2
7721,30.2,52316.0,2
7722,15.84,677149.0,2
7765,-15.33,151059.0,2
8454,-2.06,8129041.0,2
8487,-11.18,72177.0,2
1432,-33.21,72081.0,2
1598,-15.71,487111.0,2
1736,4.62,3608791.0,2
4536,-19.83,560998.0,2
5306,-14.68,320186.0,2
6670,29.32,2415317.0,2
8462,8.49,489325.0,2
8478,151.13,794167.0,2
9904,14.68,21360382.0,2
9910,-12.32,5811893.0,2
9914,-22.06,1696693.0,2
9921,-40.05,3250749.0,2
2062,-22.71,384177.0,2
3557,-37.47,401570.0,2
6754,-39.28,149915.0,2
8464,-2.25,2055740.0,2
9911,1.12,862651.0,2
9924,-17.31,416971.0,2
9934,10.24,1456600.0,2
9935,3.33,388773.0,2
1342,1.06,244978.0,2
1416,18.62,33389.0,2
1435,0.0,499.0,2
1437,-20.16,54278.0,2
1443,-8.01,76166.0,2
1516,68.99,11818.0,2
2348,239.76,775057.0,2
2496,8.04,68853.0,2
2514,25.53,1841600.0,2
2614,2.79,412889.0,2
2904,-21.69,32559.0,2
3040,22.04,12417.0,2
6184,4.15,182555.0,2
6464,-5.05,339814.0,2
6504,-27.6,387087.0,2
6585,-22.22,184921.0,2
6592,-8.21,1840274.0,2
6625,-21.2,102261.0,2
6655,-22.77,145088.0,2
6901,-157.42,-235145.0,2
6914,9.62,468401.0,2
6952,25.7,167264.0,2
6958,-13.82,750367.0,2
7855,1.61,2522154.0,2
8033,-28.31,96506.0,2
8463,-18.17,472245.0,2
8481,-29.19,62115.0,2
9902,-93.08,4031.0,2
9905,7.76,607874.0,2
9907,-24.34,2271308.0,2
9917,-2.17,1507372.0,2
9919,-1.03,209822.0,2
9925,4.03,677597.0,2
9927,-20.75,564413.0,2
9928,23.32,66415.0,2
9929,-8.68,63571.0,2
9933,-34.94,4952525.0,2
9938,-27.18,972902.0,2
9939,-16.01,1939407.0,2
9940,7.49,672155.0,2
9941,0.01,3130994.0,2
9942,-7.95,278384.0,2
9944,-17.26,173372.0,2
9945,-0.18,2464355.0,2
1256,87.61,336653.0,2
1337,-40.71,36192.0,2
1340,-68.52,5030.0,2
1341,-33.94,123597.0,2
4439,-24.57,400746.0,2
1589,-17.21,420278.0,2
1590,-8.42,2171413.0,2
4552,-20.92,139482.0,2
4560,-6.59,127914.0,2
4571,-6.76,186417.0,2
5288,-25.24,421616.0,2
1626,-29.41,348225.0,2
4763,-47.64,749568.0,2
4137,-32.91,195922.0,2
4148,10.84,174096.0,2
4178,-13.63,29082.0,2
4190,-22.89,138335.0,2
6431,-15.56,21945.0,2
6541,218.71,22721.0,2
6550,322.85,16944.0,2
6598,81.28,71891.0,2
6666,-12.5,58398.0,2
7827,,0.0,2
5538,-31.34,634571.0,2
1338,-26.62,284407.0,2
2115,-13.43,203492.0,2
2236,-1.07,809368.0,2
2239,-3.14,1360014.0,2
2243,739.37,272452.0,2
2248,7.34,143802.0,2
2250,-16.97,236071.0,2
4557,-33.27,220583.0,2
4569,-10.88,143058.0,2
4581,5.96,84923.0,2
3661,-77.07,826686.0,2
6415,2.28,1364391.0,2
6451,-45.36,363869.0,2
6525,3.53,400574.0,2
6573,-36.8,40634.0,2
6854,-67.68,32020.0,2
6962,-26.61,1074970.0,2
7749,74.82,163726.0,2
5215,50.94,206313.0,2
6591,-34.3,71254.0,2
6933,-22.5,428387.0,2
3673,18.91,4931851.0,2
4935,-37.73,240647.0,2
5243,-4.29,959091.0,2
6456,7.74,4469451.0,2
4977,-17.44,88234.0,2
6863,1.71,312896.0,2
4912,22.39,534424.0,2
4927,-15.68,910058.0,2
4943,44.57,151149.0,2
4958,-3.96,11720507.0,2
6672,4.54,355411.0,2
6781,24.87,1484198.0,2
6862,-48.26,107420.0,2
6924,19.27,154271.0,2
3665,27.7,6387852.0,2
5225,-27.91,604388.0,2
8499,79.89,286581.0,2
2923,28.87,330662.0,2
5546,-75.91,30128.0,2
2637,29.94,1270929.0,2
2723,-12.79,1276613.0,2
2929,-17.86,73114.0,2
2939,-23.9,20838.0,2
4807,8.28,175040.0,2
5906,36.9,172281.0,2
5907,4.61,241595.0,2
8429,-31.37,3220.0,2
6641,-29.05,68777.0,2
6887,-38.08,215317.0,2
7823,6.44,27062.0,2
2762,6.13,886766.0,2
6768,-24.85,1382717.0,2
6890,-29.42,1776161.0,2
6965,-19.69,1381384.0,2
8467,-39.46,119746.0,2
9802,8.13,1028435.0,2
6671,-35.57,71181.0,2
6807,-27.31,214823.0,2
8482,14.5,245401.0,2
5284,50.23,407618.0,2
5871,-3.56,7503416.0,2
6957,43.06,218946.0,2
8404,-23.61,424824.0,2
8411,2.29,693170.0,2
8442,9.79,673958.0,2
8466,-21.06,214530.0,2
8488,43.25,247656.0,2
9105,-20.0,8529037.0,2
912000,13.42,146227.0,2
1264,1.41,562663.0,3
1294,3.28,76113.0,3
1295,-17.2,79388.0,3
1780,27.97,72765.0,3
1796,-12.92,52751.0,3
4205,4.59,168752.0,3
4207,-2.49,479396.0,3
6846,20.48,99378.0,3
7743,-2.64,60164.0,3
4303,24.89,94379.0,3
4304,54.65,46805.0,3
4305,-1.25,90913.0,3
9950,8.88,201459.0,3
4401,-5.94,342230.0,3
4402,-54.55,1433.0,3
4406,-52.9,20250.0,3
4413,-56.58,20414.0,3
4417,-31.28,214976.0,3
4420,-6.52,97347.0,3
4432,19.23,70559.0,3
4433,-32.84,212471.0,3
6506,14.77,232491.0,3
1570,39.99,52171.0,3
1580,-15.1,351484.0,3
1586,-6.75,184217.0,3
1599,24.88,246130.0,3
2066,2.33,254162.0,3
2067,-14.14,87921.0,3
2070,22.84,75686.0,3
2235,-23.06,50651.0,3
3162,21.34,774396.0,3
3226,-28.6,114630.0,3
3379,-66.04,32373.0,3
3685,90.4,169195.0,3
4502,38.72,92948.0,3
4503,104.74,88840.0,3
4506,9.28,691130.0,3
4510,61.45,172088.0,3
4513,-0.3,85855.0,3
4523,26.72,90390.0,3
4527,-3.51,259374.0,3
4528,-6.79,112396.0,3
4533,29.18,281073.0,3
4534,27.09,89778.0,3
4535,-0.13,219400.0,3
4538,3.11,30569.0,3
4543,49.07,102889.0,3
4549,9.27,112628.0,3
4550,-9.29,53866.0,3
4558,-26.01,122094.0,3
4561,7.89,94359.0,3
4563,-27.58,239183.0,3
4568,-31.92,61213.0,3
4580,17.15,206306.0,3
4584,-29.95,86433.0,3
5381,-33.13,125264.0,3
6122,-6.13,349062.0,3
6125,49.96,323098.0,3
6425,7.16,170056.0,3
6603,0.95,409245.0,3
6609,-11.85,183708.0,3
6843,1.82,62806.0,3
6982,17.13,189218.0,3
7642,-63.34,36661.0,3
7709,9.54,86800.0,3
7718,-1.6,216246.0,3
8027,-9.58,145504.0,3
8083,31.69,135246.0,3
8107,-19.86,77628.0,3
8255,-1.99,725959.0,3
9951,23.68,580542.0,3
2061,1.12,111717.0,3
1742,-50.75,7279.0,3
3430,74.15,201073.0,3
4706,19.08,126185.0,3
4707,-15.87,109442.0,3
4711,17.61,79250.0,3
4714,98.4,205691.0,3
4716,18.94,64064.0,3
4721,121.07,249651.0,3
4741,8.31,47556.0,3
4754,-24.59,59038.0,3
4767,-5.99,87327.0,3
4768,154.53,175782.0,3
4772,289.68,279573.0,3
6509,7.15,472234.0,3
1565,-19.04,305118.0,3
1777,3.89,87311.0,3
1781,-30.44,27473.0,3
1784,14.65,127172.0,3
1788,6.01,391987.0,3
1799,30.64,100120.0,3
1813,-13.57,26742.0,3
3118,0.7,70322.0,3
3176,-67.9,100471.0,3
3205,73.94,61138.0,3
3218,1.38,368553.0,3
4102,-9.17,45128.0,3
4105,5.77,599723.0,3
4107,11.67,194159.0,3
4109,-10.0,63207.0,3
4111,5.07,118444.0,3
4114,17.27,562596.0,3
4116,5.46,448916.0,3
4120,7.39,399048.0,3
4121,2.15,316361.0,3
4123,55.57,147879.0,3
4126,-7.29,235955.0,3
4127,47.08,66717.0,3
4128,7.73,169648.0,3
4129,18.09,572605.0,3
4131,41.67,27349.0,3
4138,6.2,126985.0,3
4147,0.49,78431.0,3
4153,14.59,89330.0,3
4160,18.48,64717.0,3
4161,40.48,95076.0,3
4162,5.99,154524.0,3
4163,-12.67,218722.0,3
4166,14.75,107622.0,3
4167,-9.07,85351.0,3
4168,,0.0,3
4173,25.6,132992.0,3
4174,-9.78,2638.0,3
4175,-0.24,682116.0,3
4183,-64.83,18867.0,3
4188,-13.08,1920.0,3
4192,-4.64,2115.0,3
4198,-65.59,13064.0,3
4726,78.6,94564.0,3
4728,20.14,225344.0,3
4735,17.44,102276.0,3
4743,128.75,14375.0,3
4744,-30.05,145361.0,3
4747,6.72,50384.0,3
4905,56.92,68246.0,3
4911,-59.82,10635.0,3
5312,21.61,413380.0,3
6130,31.93,14283.0,3
6242,-7.93,53518.0,3
6461,2527.13,8617.0,3
6469,6.97,1682826.0,3
6492,-3.61,80.0,3
6496,-16.16,66000.0,3
6499,-6.71,36113.0,3
6523,-45.62,79781.0,3
6527,-17.58,69305.0,3
6535,-94.29,503.0,3
6547,-4.63,43527.0,3
6569,49.17,194288.0,3
6574,6.8,67580.0,3
6576,42.51,40441.0,3
6612,7.25,110145.0,3
6615,2.76,34368.0,3
6620,10.99,78718.0,3
6637,19.14,52738.0,3
6649,-38.23,11530.0,3
6661,0.92,28767.0,3
6662,28.13,26182.0,3
6703,11.31,308356.0,3
6712,15.12,70103.0,3
6730,-9.65,37541.0,3
6733,10.38,16608.0,3
6762,-14.85,52018.0,3
6767,3.61,31603.0,3
6785,,250.0,3
6841,14.97,30056.0,3
6844,0.5,283355.0,3
6872,4171.96,16917.0,3
6875,,1792.0,3
6929,2.54,272005.0,3
6945,,0.0,3
6986,80.81,38091.0,3
7713,14.28,102328.0,3
7814,112.11,15981.0,3
8279,-24.15,149111.0,3
8403,0.95,395880.0,3
8409,54.58,16162.0,3
8432,15.56,108802.0,3
8436,0.22,611009.0,3
2035,-8.3,911850.0,3
2063,-19.92,87062.0,3
2064,23.65,172401.0,3
2065,0.62,186138.0,3
2073,-14.94,47670.0,3
4950,17.12,99962.0,3
5009,-4.8,1031763.0,3
5011,-18.78,394240.0,3
5013,-1.34,784265.0,3
5014,1.29,1536957.0,3
5015,-11.95,119686.0,3
5016,6.47,213450.0,3
6248,-23.76,535939.0,3
8349,4.41,1054487.0,3
8415,13.85,2394105.0,3
8930,1.55,137641.0,3
9962,-47.22,101328.0,3
1595,-20.9,66552.0,3
3105,34.24,1648656.0,3
3122,3.94,32016.0,3
3131,0.33,488837.0,3
3141,13.78,130357.0,3
3169,-14.65,78069.0,3
3178,36.66,142792.0,3
3227,-5.42,752006.0,3
3228,10.95,26376.0,3
3259,-14.07,16624.0,3
3260,181.48,10536851.0,3
3264,27.01,1421480.0,3
3265,25.28,468141.0,3
3268,40.67,102898.0,3
3317,12.55,249784.0,3
3372,32.87,114091.0,3
3374,14.24,699498.0,3
3438,-24.17,66729.0,3
3467,26.45,62567.0,3
3527,-19.95,140204.0,3
3529,30.35,121169.0,3
3555,4720.84,102925.0,3
3556,24.41,117846.0,3
3567,4.76,24205.0,3
3581,39.67,152639.0,3
3675,12.52,238028.0,3
3680,-23.43,660536.0,3
3707,22.31,542801.0,3
4749,32.66,432973.0,3
4923,21.26,85262.0,3
4951,9.99,46250.0,3
4973,98.78,868978.0,3
5272,-30.61,26660.0,3
5274,63.62,1235429.0,3
5299,2.88,142389.0,3
5302,132.9,2350.0,3
5344,15.27,33451.0,3
5347,7.28,4940712.0,3
5351,399.62,1102522.0,3
5425,0.41,1604058.0,3
5443,63.97,405056.0,3
5468,219.61,29181.0,3
5483,9.18,7371903.0,3
5487,0.96,16357.0,3
6103,-10.76,8436.0,3
6104,-3.79,360310.0,3
6129,69.82,143772.0,3
6138,16.43,674752.0,3
6147,11.45,2034617.0,3
6182,8.37,888445.0,3
6187,19.58,531063.0,3
6208,-18.39,267739.0,3
6223,38.61,1388492.0,3
6229,84.76,333624.0,3
6233,9.36,33046.0,3
6237,39.56,47260.0,3
6261,2.48,384962.0,3
6291,43.44,248454.0,3
6411,0.73,203637.0,3
6423,-65.97,2211.0,3
6435,11.0,306481.0,3
6462,100.42,780119.0,3
6485,-13.11,119280.0,3
6488,0.09,5445917.0,3
6494,39.37,170826.0,3
6510,25.51,487462.0,3
6532,-4.12,63819.0,3
6548,20.11,1327268.0,3
6568,65.87,148300.0,3
6640,250.1,299570.0,3
6643,-24.92,120108.0,3
6651,13.35,152040.0,3
6679,7.23,187338.0,3
6683,45.33,220276.0,3
6684,9.0,33824.0,3
6693,111.9,193378.0,3
6708,-20.08,20127.0,3
6716,46.68,135851.0,3
6720,-33.5,31628.0,3
6732,-8.06,363304.0,3
6788,2.29,206937.0,3
6823,54.09,68265.0,3
6829,107.14,281032.0,3
6895,-31.06,31632.0,3
6953,-32.67,86936.0,3
6996,15.83,268790.0,3
7556,12.1,75320.0,3
7704,-1.62,66061.0,3
7712,3.51,115019.0,3
7734,66.02,291525.0,3
7751,66.46,220353.0,3
7770,-58.05,18509.0,3
7772,-14.35,37778.0,3
7810,44.59,60738.0,3
7828,9.18,63692.0,3
8024,13.5,17323.0,3
8040,46.02,73660.0,3
8054,232.49,518864.0,3
8086,47.94,431994.0,3
8088,56.38,188747.0,3
8091,61.83,255284.0,3
8102,97.27,54363.0,3
8227,54.05,151624.0,3
8277,-70.13,8645.0,3
8299,221.47,18316974.0,3
8383,58.16,423475.0,3
1569,11.41,373329.0,3
3071,29.37,246752.0,3
3088,30.52,832444.0,3
3211,76.33,1468139.0,3
3213,57.23,277382.0,3
3272,-7.71,254746.0,3
3287,3.68,71688.0,3
3323,-13.63,335320.0,3
3325,-47.46,59058.0,3
3349,-9.55,23971.0,3
3479,21.51,823725.0,3
3483,34.95,826384.0,3
3540,-11.46,410659.0,3
3577,90.14,169021.0,3
3594,60.26,225560.0,3
3611,0.62,1024084.0,3
3625,14.3,45820.0,3
3693,-24.81,682838.0,3
3709,23.31,4836632.0,3
4931,36.12,283109.0,3
5289,484.77,5672453.0,3
5356,-4.46,282045.0,3
5386,546.79,3260949.0,3
5426,-14.81,138454.0,3
5438,-52.88,59434.0,3
5465,-52.57,289103.0,3
5474,-1.54,81535.0,3
5490,-11.65,139530.0,3
6121,4.62,6866112.0,3
6150,-41.07,426514.0,3
6160,26.06,114201.0,3
6161,40.76,141230.0,3
6188,-12.91,801793.0,3
6228,-17.97,6247.0,3
6276,-65.2,56473.0,3
6441,-24.49,9305.0,3
6570,30.73,101470.0,3
6577,11.51,198933.0,3
6680,18.7,54229.0,3
6922,22.57,200746.0,3
8050,-13.61,495234.0,3
8076,25.5,214313.0,3
8234,-32.33,413456.0,3
8410,-34.04,72068.0,3
3066,-7.73,22234.0,3
3128,-2.41,87302.0,3
3230,8.49,39928.0,3
3297,73.16,27393.0,3
3339,54.06,72697.0,3
3362,16.57,416114.0,3
3434,-34.99,60692.0,3
3441,40.24,51182.0,3
3455,-83.57,34650.0,3
3490,-14.15,17569.0,3
3516,51.71,95897.0,3
3523,-50.71,5701.0,3
3531,-17.4,103012.0,3
3615,-27.69,74252.0,3
3623,-3.55,29220.0,3
3630,14.34,212481.0,3
3666,-38.18,36009.0,3
3691,168.89,918616.0,3
4729,-6.75,85075.0,3
4933,3.89,293057.0,3
4972,-32.03,67302.0,3
4995,22.74,131110.0,3
5220,49.42,101850.0,3
5230,-8.06,108203.0,3
5245,-21.5,56940.0,3
5251,21.79,38841.0,3
5315,-3.83,163834.0,3
5371,7.79,3282673.0,3
5392,1.68,748007.0,3
6167,49.96,111630.0,3
6222,-17.87,565.0,3
6234,63.64,49618.0,3
6244,5.09,281061.0,3
6246,-26.76,91023.0,3
6419,174.21,120439.0,3
6498,44.52,125260.0,3
6517,19.34,45561.0,3
6556,21.7,138340.0,3
6560,-1.8,24708.0,3
6859,-54.96,59776.0,3
6899,-21.96,88090.0,3
7402,-12.89,46220.0,3
7753,-29.57,62775.0,3
8049,-8.11,110538.0,3
8064,27.24,251479.0,3
8069,1.26,3249686.0,3
8111,-8.5,64318.0,3
8240,-8.13,592994.0,3
3081,89.34,343319.0,3
3095,28.42,56037.0,3
3152,-0.95,121070.0,3
3163,23.66,247473.0,3
3221,-4.49,187056.0,3
3234,-9.15,64206.0,3
3306,-18.6,99050.0,3
3363,-25.71,117274.0,3
3466,711.25,46063.0,3
3491,36.24,328775.0,3
3499,-19.6,25725.0,3
3558,-27.87,1026464.0,3
3564,9.42,204278.0,3
3632,37.77,30533.0,3
3672,48.97,33499.0,3
3684,-3.08,82509.0,3
4903,25.31,118694.0,3
4908,5.96,90760.0,3
4909,2.7,20997.0,3
4979,20.18,451568.0,3
5353,4.54,167961.0,3
6109,4.11,70195.0,3
6143,17.32,737092.0,3
6170,4.8,282387.0,3
6190,11.86,931168.0,3
6218,-16.1,111138.0,3
6241,-2.87,64524.0,3
6245,18.83,722282.0,3
6263,-1.85,175325.0,3
6417,22.68,158652.0,3
6465,81.73,23001.0,3
6470,-56.79,82560.0,3
6486,77.83,198402.0,3
6530,10.57,32280.0,3
6546,-2.77,200821.0,3
6561,2.57,347580.0,3
6588,146.24,28798.0,3
8034,-55.84,8669.0,3
8048,20.29,105724.0,3
8059,2900.14,1174618.0,3
8089,-79.64,55262.0,3
8097,-31.99,35082.0,3
8176,-71.75,9080.0,3
1336,-8.28,214212.0,3
1815,33.01,681209.0,3
3078,-55.46,488745.0,3
3114,9.1,238326.0,3
3115,,863.0,3
3191,5.77,17967.0,3
3206,-14.05,247824.0,3
3207,11.37,159886.0,3
3217,4.9,353819.0,3
3236,13.12,184336.0,3
3276,35.49,67662.0,3
3288,19.85,9032.0,3
3290,68.07,288289.0,3
3294,0.31,237908.0,3
3310,-61.13,140452.0,3
3322,17.11,270605.0,3
3332,14.74,164791.0,3
3354,13.91,11291.0,3
3357,12.06,655956.0,3
3388,26.08,799740.0,3
3390,23.1,78457.0,3
3484,-4.83,384178.0,3
3485,2.4,52374.0,3
3492,-14.08,65368.0,3
3511,7.85,173726.0,3
3520,10.05,108380.0,3
3526,18.8,420753.0,3
3537,0.16,246302.0,3
3548,-36.54,637147.0,3
3597,-1.86,71445.0,3
3609,31.66,26793.0,3
3624,30.57,285463.0,3
3631,169.02,5367.0,3
3646,-4.72,59700.0,3
3689,41.79,730004.0,3
3710,2.58,616407.0,3
4542,32.55,113440.0,3
4939,-1.89,116999.0,3
4974,-21.2,357750.0,3
5228,82.11,81255.0,3
5291,41.63,116514.0,3
5309,-5.96,291659.0,3
5328,8.33,87058.0,3
5340,18.48,223796.0,3
5355,13.45,45586.0,3
5439,60.31,913646.0,3
5457,-2.1,1890764.0,3
5460,16.43,27466.0,3
5464,51.54,120732.0,3
5475,105.08,138614.0,3
5488,20.12,88157.0,3
5498,47.66,161423.0,3
6114,-26.02,69228.0,3
6124,15.42,200244.0,3
6126,40.64,504528.0,3
6127,10.03,91808.0,3
6134,35.45,185797.0,3
6156,1.64,496579.0,3
6158,1.72,164199.0,3
6173,12.69,370763.0,3
6174,30.98,60886.0,3
6175,18.86,420427.0,3
6185,6.55,51165.0,3
6194,-33.99,85652.0,3
6203,-53.89,129814.0,3
6204,-8.25,31098.0,3
6207,14.28,157466.0,3
6210,102.41,45891.0,3
6217,15.41,358679.0,3
6220,-20.16,615178.0,3
6259,37.11,70143.0,3
6266,-13.26,258667.0,3
6274,72.34,3781706.0,3
6275,4.17,403011.0,3
6279,-14.05,652357.0,3
6284,-14.39,563083.0,3
6290,16.45,920262.0,3
6292,43.63,107784.0,3
6418,-19.93,61818.0,3
6432,-5.95,106524.0,3
6538,-23.94,124129.0,3
6584,52.71,312165.0,3
6597,-6.91,64152.0,3
6642,16.38,56110.0,3
6664,22.91,236478.0,3
6727,30.62,191326.0,3
6761,-14.74,166649.0,3
6821,-17.59,44107.0,3
6913,13.69,238626.0,3
6967,42.47,158907.0,3
7744,92.82,336156.0,3
8038,477.78,59125.0,3
8042,20.54,373932.0,3
8043,170.47,1008392.0,3
8071,3.51,182245.0,3
8074,31.68,148286.0,3
8093,-22.04,11317.0,3
8109,27.24,181798.0,3
8121,18.56,315303.0,3
8147,15.11,165655.0,3
8155,32.92,534499.0,3
8182,-2.24,247535.0,3
8289,1.94,161550.0,3
8291,401.0,501.0,3
8358,42.81,860691.0,3
3224,17.77,160418.0,3
3232,-19.94,80179.0,3
3360,30.37,672156.0,3
3444,8.98,115331.0,3
6113,61.18,95841.0,3
6118,0.21,833004.0,3
6154,3.05,348032.0,3
6227,67.58,2001886.0,3
6265,510.57,391752.0,3
6270,-18.85,272947.0,3
6474,17.54,418880.0,3
8032,48.29,489834.0,3
8067,-46.22,8027.0,3
8068,82.27,111469.0,3
8084,1.8,50749.0,3
8096,-4.83,4626019.0,3
3147,-39.91,832188.0,3
3158,21.55,96360.0,3
3570,-24.18,211821.0,3
4953,31.1,1213819.0,3
5201,-45.1,18470.0,3
5202,2.85,10043.0,3
5210,-28.02,22401.0,3
5211,28.76,22164.0,3
5212,20.4,85161.0,3
5310,-51.51,16.0,3
5403,-21.3,267709.0,3
5410,102.96,778295.0,3
6123,-19.21,381575.0,3
6140,3.09,165035.0,3
6148,15.31,60670.0,3
6163,69.38,742703.0,3
6221,-18.53,327004.0,3
6231,14.54,209488.0,3
6240,26.12,4109.0,3
6516,75.91,60780.0,3
6590,0.77,60749.0,3
6593,-5.64,46807.0,3
6697,-9.41,103852.0,3
6751,8.76,226759.0,3
6752,-11.05,163439.0,3
6791,7.79,74964.0,3
6874,138.34,178247.0,3
6884,-14.58,103073.0,3
7767,-7.83,183378.0,3
7819,3.83,43058.0,3
8099,62.7,500890.0,3
8272,1.88,29416.0,3
8284,8.55,266332.0,3
8416,5.6,177623.0,3
1785,95.58,5956286.0,3
3093,-85.55,49654.0,3
3219,4.84,141409.0,3
3285,27.56,66834.0,3
3289,-11.14,349903.0,3
3303,2.85,268866.0,3
3324,91.72,3329237.0,3
3373,-10.97,32286.0,3
3402,7.1,468495.0,3
3465,-33.56,130376.0,3
3498,156.94,75810.0,3
3508,28.98,90192.0,3
3541,-3.07,102004.0,3
3552,-26.27,521690.0,3
3580,-21.7,24397.0,3
3587,21.26,538162.0,3
3628,4.04,285478.0,3
3663,64.57,751102.0,3
4554,26.12,49942.0,3
4577,83.09,70434.0,3
4760,72.27,247746.0,3
5452,-13.55,424991.0,3
5489,35.0,165443.0,3
5493,25.46,582608.0,3
5536,60.12,5192188.0,3
6146,6.46,410097.0,3
6151,-0.11,162405.0,3
6512,5.31,17758.0,3
6613,65.16,1069777.0,3
6654,12.89,41103.0,3
6667,41.3,673921.0,3
6725,19.53,333801.0,3
6735,299.59,43863.0,3
6739,87.84,100094.0,3
6840,15.25,82286.0,3
6855,-4.02,46956.0,3
6877,-68.35,20401.0,3
6903,320.45,734462.0,3
6983,-46.81,20945.0,3
7703,-11.57,149705.0,3
7728,-18.5,31638.0,3
7792,29.01,607094.0,3
8047,-36.17,25275.0,3
8085,-4.6,48442.0,3
8092,69.22,17518.0,3
8183,17.86,697553.0,3
8431,-9.4,83670.0,3
8908,-9.15,969976.0,3
8917,-4.09,296848.0,3
8927,41.46,1581609.0,3
8931,0.73,231829.0,3
2596,-37.48,87740.0,3
2718,26.28,32010.0,3
3188,1427.76,645100.0,3
3313,37.15,251.0,3
3489,135.99,79443.0,3
3512,-94.5,11367.0,3
3521,-42.59,9112.0,3
4113,-99.91,82.0,3
4416,7266.89,619114.0,3
4907,13639.8,999983.0,3
5206,42.38,1657366.0,3
5213,-88.9,516283.0,3
5324,3.64,65735.0,3
5455,-66.48,6832.0,3
5508,-32.81,360005.0,3
5511,16.31,879053.0,3
5512,-7.44,850169.0,3
5514,109732.98,529395.0,3
5516,20.25,178625.0,3
5520,-16.45,304345.0,3
5523,-0.26,373.0,3
5529,-15.58,3904.0,3
5547,-32.47,139588.0,3
5548,-4.07,241052.0,3
6171,-99.77,33.0,3
6186,52.47,3341737.0,3
6198,0.0,22.0,3
6212,45.54,102013.0,3
6219,38301.79,276199.0,3
6264,-3.65,4902.0,3
8080,-74.12,4949.0,3
8424,0.34,97522.0,3
2641,11.42,205976.0,3
2643,-41.2,442443.0,3
5601,-0.79,7597.0,3
5603,10.84,123839.0,3
5609,3.36,2641274.0,3
7716,-26.05,153014.0,3
1259,4.8,517804.0,3
1268,19.84,583961.0,3
2719,-8.05,149932.0,3
2729,1.3,453095.0,3
2732,37.22,458632.0,3
2734,28.51,167864.0,3
2736,11.78,50419.0,3
2740,-56.52,4856.0,3
2743,-24.88,503285.0,3
2745,18.28,926812.0,3
2751,28.47,149718.0,3
2752,7.29,332818.0,3
2754,7.04,459314.0,3
2755,17.87,280921.0,3
2756,49.19,114278.0,3
3252,6.97,45227.0,3
3522,33.66,127396.0,3
4419,6.66,230912.0,3
4530,4.59,21585.0,3
5301,4.89,21656.0,3
5364,-61.81,7055.0,3
5701,-33.88,42115.0,3
5703,13.85,44841.0,3
5704,-95.62,845.0,3
5905,511.25,430332.0,3
6961,2.55,396867.0,3
7708,8.72,230600.0,3
7723,-20.76,321832.0,3
7757,17.01,182621.0,3
8077,-0.44,99284.0,3
5864,-50.02,-588535.0,3
5878,2.06,73739.0,3
6015,788.41,131653.0,3
6016,56.68,-140687.0,3
6020,20.29,-18910.0,3
6021,-87.56,-495411.0,3
6023,41.41,522959.0,3
6026,110.8,11950.0,3
6028,8.3,605003.0,3
1584,-34.65,148942.0,3
2221,-3.62,131210.0,3
3284,2.17,97831.0,3
4430,1.54,182207.0,3
4529,32.42,629.0,3
4541,83.94,184842.0,3
4556,3.32,57893.0,3
5209,-17.81,296742.0,3
5314,132.51,449818.0,3
5345,680.89,2616.0,3
5398,-9.73,9305.0,3
5450,3.52,236895.0,3
5481,-14.59,6857.0,3
5530,-17.54,430782.0,3
5604,2.76,13539.0,3
6179,60.83,660784.0,3
6199,2278.93,180918.0,3
6721,5.0,306305.0,3
6881,9.78,215124.0,3
6904,-0.22,83256.0,3
7777,-151.27,-106459.0,3
8342,4.53,136202.0,3
8354,37.12,74298.0,3
8401,8.78,140201.0,3
8421,17.02,111609.0,3
8435,8.81,56664.0,3
8489,73.41,178873.0,3
8905,28.84,192094.0,3
8906,5.32,15971.0,3
8916,-2.02,591031.0,3
8921,5.09,51903.0,3
8929,12.86,68384.0,3
8935,54.94,73806.0,3
8936,24.52,660390.0,3
8937,1218.55,82937.0,3
8942,-31.9,306538.0,3
2926,4.3,573683.0,3
3064,-20.45,6557.0,3
3083,65.42,30466.0,3
3086,-12.01,10367.0,3
3293,17.8,2193286.0,3
3546,47.8,160488.0,3
3629,1025.0,135.0,3
4806,156.65,13931.0,3
4946,-54.31,20875.0,3
5263,74.05,159219.0,3
5478,18.95,646243.0,3
6101,558.77,513783.0,3
6111,115.91,1001554.0,3
6144,-16.17,13175.0,3
6169,-98.65,78.0,3
6180,-29.25,645349.0,3
6294,-15.03,78708.0,3
6482,-44.06,29117.0,3
6542,23.27,90343.0,3
6596,52.64,143311.0,3
6856,-1.43,53262.0,3
7584,-26.11,62312.0,3
8446,2.48,74267.0,3
8450,344.09,91404.0,3
8923,-43.23,27976.0,3
9949,-33.33,8948.0,3
1240,7.33,268329.0,3
4171,15.83,21574.0,3
6508,15.04,231179.0,3
6578,24.0,33976.0,3
3073,210.75,13922.0,3
3551,12.99,275071.0,3
3713,57.4,36359.0,3
5205,45.36,1442.0,3
5432,19.63,18778.0,3
6624,-70.44,13305.0,3
6692,-72.66,59921.0,3
6803,2.76,784537.0,3
6894,68.64,237561.0,3
6971,23.59,183154.0,3
7715,-66.76,78500.0,3
7820,65.52,33714.0,3
7842,88.46,296193.0,3
8087,93.87,131863.0,3
8171,336.51,26885.0,3
8390,35.07,534838.0,3
8440,-26.93,66046.0,3
2640,2.05,269605.0,3
2949,32.78,583898.0,3
3085,-7.63,4993.0,3
3687,12.98,182176.0,3
5278,19.71,244172.0,3
5287,-3.09,196410.0,3
5321,-23.69,170293.0,3
6236,-26.91,3006.0,3
6690,24.94,257435.0,3
6763,11.77,172935.0,3
6811,27.56,1003963.0,3
6865,-72.34,13458.0,3
6870,22.43,81717.0,3
6910,21.62,37805.0,3
6925,10.05,15850.0,3
6997,12.87,399473.0,3
7547,46.3,35380.0,3
7714,-7.64,158714.0,3
7738,14.9,49706.0,3
7747,4.39,156669.0,3
7805,1.95,586485.0,3
7839,2.03,17002.0,3
8044,7.34,3178212.0,3
8472,11.08,47286.0,3
8477,-31.86,31011.0,3
8932,8.23,235662.0,3
1593,7.58,102625.0,3
5348,28.29,24289.0,3
6804,-18.35,153300.0,3
7811,-16.89,245797.0,3
8924,29.74,392545.0,3
8928,-23.59,287304.0,3
8933,-31.39,188767.0,3
8938,-14.31,1300393.0,3
9960,4.39,71086.0,3
2230,186.45,222286.0,3
2916,-6.25,126235.0,3
2937,3.14,361212.0,3
2941,-9.41,52473.0,3
2947,4.65,196573.0,3
2948,-3.57,185215.0,3
3067,413.91,17689.0,3
3171,97.13,235762.0,3
4609,-15.7,7838.0,3
4702,-54.03,3921.0,3
5902,-16.23,186141.0,3
5903,9.95,9568800.0,3
5904,20.62,2306230.0,3
6195,-0.27,174205.0,3
6728,8.26,463403.0,3
6968,18.52,299761.0,3
7782,12.79,56628.0,3
7794,72.38,90417.0,3
8066,-35.65,280804.0,3
8433,4.63,248936.0,3
8941,-6.56,281263.0,3
4442,-9.77,164870.0,3
1591,2218.25,50028.0,3
4139,-8.55,91456.0,3
4157,-55.87,1447.0,3
4745,-14.28,258351.0,3
6617,11.13,3094.0,3
4966,3.35,1477104.0,3
4971,16.03,109437.0,3
4991,39.97,338030.0,3
6907,64.19,259437.0,3
5223,-5.97,162549.0,3
3664,-85.65,16351.0,3
7717,-2.35,80379.0,3
5227,-78.41,11120.0,3
8455,52.93,135043.0,3
5543,21.09,274216.0,3
2726,7.03,55688.0,3
4804,9.55,13458.0,3
2724,-40.01,10949.0,3
4154,-25.87,2255.0,3
5276,11.67,87279.0,3
8426,-6.04,161538.0,3
8437,-20.68,31431.0,3
8444,-70.9,110920.0,3
4924,116.94,83443.0,3
8423,14.21,36845.0,3
6741,36.17,188092.0,3
2924,42.05,4097.0,3
6616,-41.38,63746.0,3
6629,99.68,264718.0,3
1101,-8.96,12412837.0,3
1102,-18.11,5349407.0,3
1103,-8.85,242715.0,3
1104,-17.29,580759.0,3
1108,-15.04,346885.0,3
1109,-29.7,314014.0,3
1110,-18.33,224535.0,3
1201,-4.98,1684666.0,3
1203,-10.87,464822.0,3
1210,5.01,9209941.0,3
1213,18.4,23319.0,3
1215,7.54,2511460.0,3
1216,2.58,57379159.0,3
1217,-4.49,384534.0,3
1218,5.67,872329.0,3
1219,0.73,1303877.0,3
1220,-8.31,247224.0,3
1225,1.57,1078686.0,3
1227,4.75,2101944.0,3
1229,21.28,932321.0,3
1231,-2.77,973737.0,3
1232,4.35,2019725.0,3
1233,3.85,175658.0,3
1234,19.46,728461.0,3
1235,6.6,19260.0,3
1236,-22.39,103266.0,3
1702,0.47,2065666.0,3
1737,19.28,297553.0,3
3054,1091.19,64646.0,3
7780,40.91,189757.0,3
7791,-9.46,170346.0,3
1301,1.53,17354391.0,3
1303,18.05,27167406.0,3
1304,0.55,4320562.0,3
1305,29.4,1082256.0,3
1307,-1.06,1011105.0,3
1308,-15.55,476656.0,3
1309,-8.35,1376599.0,3
1310,22.84,854539.0,3
1312,17.51,3110910.0,3
1313,10.65,6489125.0,3
1314,-33.29,1404411.0,3
1315,-17.71,127113.0,3
1321,1.49,372645.0,3
1323,4.15,203039.0,3
1324,7.73,72918.0,3
1325,-39.38,18082.0,3
1326,21.55,33728547.0,3
4306,14.95,1241633.0,3
1402,-3.26,21386882.0,3
1409,4.83,3945363.0,3
1410,21.5,23195.0,3
1413,-16.84,187414.0,3
1414,-24.43,39742.0,3
1417,8.18,20338.0,3
1418,-97.99,17.0,3
1419,42.26,563421.0,3
1423,-24.68,7995.0,3
1434,-4.7,2682740.0,3
1440,-3.8,1404035.0,3
1441,-28.32,114577.0,3
1444,32.52,950193.0,3
1445,-25.32,52314.0,3
1446,-30.09,97846.0,3
1447,35.64,3871493.0,3
1449,33.61,280131.0,3
1451,14.15,518409.0,3
1452,40.43,161166.0,3
1454,-26.22,111197.0,3
1455,-20.99,529750.0,3
1457,-13.96,272585.0,3
1459,-29.78,99917.0,3
1460,-22.79,585553.0,3
1463,-0.39,25215.0,3
1464,-7.52,1131849.0,3
1465,37.79,34511.0,3
1466,-15.99,193314.0,3
1467,15.38,462982.0,3
1468,-79.13,25383.0,3
1470,-24.01,69060.0,3
1473,-23.91,555361.0,3
1474,10.96,302809.0,3
1475,19.89,130790.0,3
1476,5.53,3599533.0,3
1477,-9.35,3130764.0,3
4414,8.98,995456.0,3
4426,2.37,85224.0,3
4438,5.02,960944.0,3
4440,58.72,116431.0,3
4441,10.67,602614.0,3
1503,35.33,4230241.0,3
1504,3.3,5126597.0,3
1506,1.74,98012.0,3
1513,4.84,2477893.0,3
1514,3.4,795495.0,3
1515,-29.02,311608.0,3
1517,-23.27,159825.0,3
1519,3.38,2036539.0,3
1526,-5.97,66644.0,3
1527,-4.34,243765.0,3
1528,30.9,277042.0,3
1529,-68.95,33030.0,3
1530,-0.6,172667.0,3
1531,-20.34,127592.0,3
1532,14.1,1237316.0,3
1535,-6.48,799835.0,3
1537,-8.39,548412.0,3
1538,-60.42,3994.0,3
1539,-43.66,65670.0,3
1540,-40.61,28359.0,3
1541,-52.69,159545.0,3
1558,5.97,699348.0,3
1560,31.14,789165.0,3
1583,44.31,414405.0,3
1597,38.54,120499.0,3
2049,17.39,2357195.0,3
2371,8.02,4261004.0,3
3167,146.84,773478.0,3
4526,-34.06,457427.0,3
4532,-3.33,2287991.0,3
4540,75.05,346896.0,3
4555,-5.55,134206.0,3
4562,6.07,72816.0,3
4564,-49.57,46462.0,3
4566,12.6,466952.0,3
4572,9.59,64032.0,3
4576,49.5,321496.0,3
4583,4.35,312129.0,3
4590,-24.71,107606.0,3
6606,23.07,89892.0,3
7750,48.61,2246412.0,3
8222,-10.12,90376.0,3
8374,43.63,553636.0,3
8996,205.34,1273121.0,3
1603,-1.77,537166.0,3
1604,-0.2,781256.0,3
1605,2.5,15722642.0,3
1608,14.05,1288123.0,3
1609,19.97,3088815.0,3
1611,-6.82,91782.0,3
1612,6.05,715343.0,3
1614,-14.2,381336.0,3
1615,9.4,690228.0,3
1616,-4.45,411020.0,3
1617,45.46,402765.0,3
1618,-34.7,354943.0,3
1623,7.87,646394.0,3
4930,-34.26,383912.0,3
5283,-1.42,557458.0,3
1708,5.35,567965.0,3
1709,2.23,915765.0,3
1710,3.98,2229814.0,3
1711,28.15,837200.0,3
1712,7.78,1874988.0,3
1713,23.3,53239.0,3
1714,42.95,2799580.0,3
1717,5.38,3917069.0,3
1718,-22.31,3161766.0,3
1721,-22.89,139148.0,3
1722,18.88,1373996.0,3
1723,13.8,528456.0,3
1725,22.72,957345.0,3
1726,15.14,1037376.0,3
1727,53.2,231340.0,3
1730,-4.69,177226.0,3
1732,21.1,59677.0,3
1735,11.35,262636.0,3
1773,17.14,1122280.0,3
1776,17.75,128484.0,3
4720,25.15,383561.0,3
4722,-10.74,315780.0,3
4739,103.61,814732.0,3
4755,-7.11,386829.0,3
4764,50.26,334625.0,3
4766,17.36,2392704.0,3
4770,14.8,486888.0,3
1707,-6.95,857687.0,3
1720,2.79,570224.0,3
1731,15.09,137382.0,3
1733,-24.14,141377.0,3
1734,5.07,317169.0,3
1752,-14.2,161779.0,3
1760,17.12,149829.0,3
1762,108.85,131435.0,3
1783,0.06,69939.0,3
1786,0.79,74827.0,3
1789,3.39,325247.0,3
1795,173.55,4354277.0,3
3164,-12.57,38270.0,3
3705,-23.71,620239.0,3
3716,0.11,727740.0,3
4104,15.05,841634.0,3
4106,6.95,207901.0,3
4108,-21.41,9859.0,3
4119,-24.38,127606.0,3
4133,-4.13,34395.0,3
4142,2102.65,65485.0,3
4155,-10.39,146216.0,3
4164,3.35,577067.0,3
4169,9.1,61779.0,3
4195,30.85,71643.0,3
4736,48.7,444129.0,3
4737,4.74,167488.0,3
4746,-5.97,455951.0,3
4771,18.16,348088.0,3
6446,64.35,1940196.0,3
6472,6.28,1527969.0,3
6491,18.18,669212.0,3
6534,2.46,377331.0,3
6589,28.21,114712.0,3
6645,14.88,42611.0,3
6657,50.2,730.0,3
6782,32.36,473778.0,3
6794,-66.36,1869.0,3
6796,8.79,60345.0,3
6838,,44113.0,3
6861,52.61,274318.0,3
6885,3548.48,1204.0,3
6918,16.18,73755.0,3
6919,,2.0,3
6931,22.24,109802.0,3
6934,-53.05,3626.0,3
6936,15.7,132278.0,3
6949,74.53,2454.0,3
6955,20.22,31098.0,3
7799,349.34,1029.0,3
7803,-24.15,8454.0,3
1802,16.35,4138404.0,3
1806,-16.63,254553.0,3
1809,-14.74,189863.0,3
1810,-11.97,365439.0,3
1817,-11.05,227749.0,3
1903,8.36,13935.0,3
1904,10.34,4148502.0,3
1905,4.28,1837262.0,3
1906,50.07,357786.0,3
1907,5.16,7031644.0,3
1909,2.09,4144858.0,3
6790,-2.42,951762.0,3
2002,-2.3,28622383.0,3
2006,-0.42,5359720.0,3
2007,-29.02,369466.0,3
2008,-29.98,129339.0,3
2009,3.49,271253.0,3
2010,15.8,2377195.0,3
2012,-12.03,592460.0,3
2013,-13.57,1480588.0,3
2014,-24.74,1681022.0,3
2015,-10.12,2646353.0,3
2017,-16.81,223070.0,3
2020,-16.76,352254.0,3
2022,52.49,1239005.0,3
2023,-8.5,6178135.0,3
2024,2.36,96273.0,3
2025,127.24,162182.0,3
2027,25.11,11376755.0,3
2028,15.8,997107.0,3
2029,-7.12,1247752.0,3
2030,-3.16,983657.0,3
2031,0.33,1786298.0,3
2032,4.12,305186.0,3
2033,22.53,67672.0,3
2034,0.13,1113865.0,3
2038,-10.77,779684.0,3
2069,-12.72,881050.0,3
2211,15.69,1333276.0,3
3004,31.17,452769.0,3
5007,-7.06,558555.0,3
9958,23.75,1581026.0,3
2101,438.11,4305990.0,3
2102,-50.73,14243.0,3
2103,4.15,3832448.0,3
2104,-12.0,990784.0,3
2105,7.24,9270169.0,3
2106,8.0,3478936.0,3
2107,3.88,127933.0,3
2108,23.82,981324.0,3
2109,-4.28,368540.0,3
2114,7.55,140423.0,3
6582,-68.54,33324.0,3
1319,-19.85,2045347.0,3
1339,-23.51,139986.0,3
1512,-12.62,72853.0,3
1521,11.12,349115.0,3
1522,46.7,2494987.0,3
1524,-30.39,200268.0,3
1525,-12.3,105783.0,3
1533,62.4,467055.0,3
1536,23.04,494334.0,3
1563,-0.99,675996.0,3
1568,27.04,109977.0,3
1587,14.81,235251.0,3
2201,-6.57,5975814.0,3
2204,4.13,3183264.0,3
2206,-5.64,5571938.0,3
2207,0.86,24126307.0,3
2227,-19.02,1188777.0,3
2228,-2.04,445588.0,3
2231,-26.94,244066.0,3
2233,2.89,302918.0,3
2237,254.1,304078.0,3
2241,3.53,69468.0,3
2247,-32.17,2851918.0,3
2254,-77.9,13584.0,3
2258,-14.2,415849.0,3
2497,10.7,383719.0,3
3346,-11.4,627008.0,3
3717,,679322.0,3
4551,20.11,782132.0,3
6605,-14.3,1573713.0,3
6988,-19.16,58456.0,3
7732,-8.75,129845.0,3
7736,-19.94,118692.0,3
7821,-12.81,862923.0,3
2302,5.05,72005.0,3
2303,4.89,20830626.0,3
2329,10.1,1764467.0,3
2330,45.19,415191699.0,3
2337,96.46,4421909.0,3
2338,-0.52,542563.0,3
2340,-10.23,349208.0,3
2342,-10.78,164932.0,3
2344,91.49,14501399.0,3
2351,13.21,1057713.0,3
2363,30.89,253641.0,3
2369,33.36,595752.0,3
2379,4.48,12362793.0,3
2388,69.39,1128407.0,3
2401,22.13,724523.0,3
2408,560.03,18169760.0,3
2434,-3.99,4423.0,3
2436,25.81,351534.0,3
2441,14.26,1649046.0,3
2449,36.05,3597874.0,3
2451,380.57,5683818.0,3
2454,12.89,63219184.0,3
2458,19.75,1223041.0,3
2481,19.13,1242276.0,3
3006,188.11,3025805.0,3
3014,7.64,553950.0,3
3016,20.33,379287.0,3
3034,-9.64,8468607.0,3
3035,-69.37,1066507.0,3
3041,12.48,118816.0,3
3094,-11.43,16498.0,3
3135,140.5,1430288.0,3
3150,21.96,36496.0,3
3189,25.05,3939324.0,3
3257,-35.54,48056.0,3
3413,26.76,2023006.0,3
3443,33.47,3860470.0,3
3450,-25.58,727713.0,3
3530,52.42,193389.0,3
3532,15.77,1192555.0,3
3545,-14.36,900490.0,3
3583,6.07,1053411.0,3
3588,28.72,151269.0,3
3592,0.73,2000222.0,3
3686,85.91,8781.0,3
3711,14.56,61576674.0,3
4919,-6.05,3139388.0,3
4952,10.09,265318.0,3
4961,2.05,1830710.0,3
4967,120.49,4915564.0,3
4968,3.32,330017.0,3
5222,-76.71,19287.0,3
5236,40.06,234713.0,3
5269,39.88,1258478.0,3
5285,-2.75,476531.0,3
5471,24.01,287702.0,3
6202,19.85,318750.0,3
6239,35.15,7371638.0,3
6243,-48.13,34516.0,3
6257,16.74,1857929.0,3
6271,-4.61,995336.0,3
6515,69.24,1221786.0,3
6526,5.69,1814958.0,3
6531,112.61,814908.0,3
6533,39.5,133545.0,3
6552,-25.27,104645.0,3
6695,-4.74,87264.0,3
6719,-10.34,350530.0,3
6756,16.51,146079.0,3
6770,28.25,4731682.0,3
6789,6.23,822449.0,3
6799,0.07,93310.0,3
6909,-9.61,49463.0,3
6921,-43.75,9403.0,3
6937,26.64,286966.0,3
7730,-25.22,31679.0,3
7768,19.42,190123.0,3
7769,111.26,4288436.0,3
7822,83.02,230827.0,3
8016,29.26,2178523.0,3
8028,25.56,474992.0,3
8081,-0.93,725648.0,3
8110,11.55,658634.0,3
8131,33.75,1032398.0,3
8150,23.13,2501576.0,3
8162,2.29,110970.0,3
8261,10.86,270279.0,3
8271,292.7,3070136.0,3
2301,23.44,16483767.0,3
2305,74.92,89472.0,3
2324,17.01,89197731.0,3
2331,30.83,1815423.0,3
2352,10.37,19508490.0,3
2353,2.12,29896035.0,3
2356,47.11,87563474.0,3
2357,33.84,86083764.0,3
2362,3.86,1666011.0,3
2364,-13.44,129447.0,3
2365,0.83,102282.0,3
2376,74.83,39028800.0,3
2377,-11.93,17844331.0,3
2380,13.32,313065.0,3
2382,88.42,362803048.0,3
2387,12.77,1707044.0,3
2395,21.75,7698968.0,3
2397,29.08,1143374.0,3
2399,-21.65,132261.0,3
2405,1.07,166260.0,3
2417,32.99,393898.0,3
2425,61.15,1539516.0,3
2432,29.15,420623.0,3
2465,83.14,624910.0,3
2495,61.01,146573.0,3
3002,15.51,70495.0,3
3005,-7.36,3492100.0,3
3013,40.84,1177608.0,3
3017,111.72,18017169.0,3
3022,9.7,728663.0,3
3046,1.97,838124.0,3
3057,99.59,74476.0,3
3060,-4.69,338804.0,3
3231,117.69,333043315.0,3
3416,13.72,351686.0,3
3494,16.59,98456.0,3
3515,55.05,4930284.0,3
3652,8.86,236040.0,3
3701,-30.34,713431.0,3
3706,43.17,12156647.0,3
3712,107.41,3383462.0,3
4916,21.56,403100.0,3
4938,-0.79,83964774.0,3
5258,19.06,675009.0,3
6117,31.53,359757.0,3
6128,2.55,485997.0,3
6166,28.76,1430156.0,3
6206,18.19,542378.0,3
6230,12.1,839735.0,3
6235,-6.82,549898.0,3
6277,-0.32,445453.0,3
6414,19.22,15150049.0,3
6579,16.16,953089.0,3
6669,13.87,98649307.0,3
6831,38.21,314090.0,3
6928,-18.16,173514.0,3
7711,206.16,3548769.0,3
8114,-50.7,1298547.0,3
8163,20.84,2380444.0,3
8210,44.72,2506644.0,3
9912,4.58,36392.0,3
2323,6.41,655415.0,3
2349,-7.68,685960.0,3
2374,92.19,918553.0,3
2393,-4.34,1716830.0,3
2406,160.07,993720.0,3
2409,0.64,26020730.0,3
2426,-14.1,184760.0,3
2429,30.01,46071.0,3
2438,41.27,54549.0,3
2466,-47.09,58171.0,3
2486,19.46,614726.0,3
2489,11.16,2355352.0,3
2491,-12.92,13716.0,3
3008,10.76,5419732.0,3
3019,12.33,2226321.0,3
3024,-58.1,75913.0,3
3031,22.67,121481.0,3
3038,-0.6,251060.0,3
3049,-45.71,63089.0,3
3050,-13.16,98773.0,3
3051,-14.91,138631.0,3
3059,-2.67,707901.0,3
3149,-25.13,143103.0,3
3168,10.67,339151.0,3
3356,10.6,111633.0,3
3406,14.32,2164171.0,3
3437,-21.72,121231.0,3
3481,33.1,24976861.0,3
3504,21.57,282011.0,3
3535,-9.26,42346.0,3
3543,-8.8,294077.0,3
3563,11.1,338514.0,3
3576,-41.38,264035.0,3
3591,11.62,201467.0,3
3622,-2.37,106244.0,3
3714,-6.5,1891516.0,3
4934,152.14,13661.0,3
4942,-12.8,451779.0,3
4949,42.23,314576.0,3
4956,12.59,140934.0,3
4960,-23.86,612026.0,3
4976,0.67,93794.0,3
5234,5.52,423556.0,3
5244,-18.76,56443.0,3
5484,16.29,41673.0,3
6116,10.05,1102665.0,3
6120,8.4,1744233.0,3
6164,-26.98,64570.0,3
6168,-0.93,174596.0,3
6176,-3.74,3935795.0,3
6209,75.58,437865.0,3
6225,-30.26,2818.0,3
6226,-0.79,55511.0,3
6278,-2.63,4214612.0,3
6405,-76.0,12.0,3
6443,-63.68,56451.0,3
6477,64.63,106559.0,3
6668,8.49,78596.0,3
6706,-59.56,55496.0,3
6742,-53.5,28775.0,3
6916,17.01,198265.0,3
8104,-36.72,243748.0,3
8105,4.77,735453.0,3
8215,-3.14,1605730.0,3
2314,98.12,158726.0,3
2321,12.88,68358.0,3
2332,5.17,1214713.0,3
2345,44.42,25010823.0,3
2412,7.55,20788495.0,3
2419,54.96,1007693.0,3
2424,-69.54,16004.0,3
2439,24.04,3908500.0,3
2444,-26.89,72634.0,3
2450,31.42,3289861.0,3
2455,16.64,311246.0,3
2485,200.06,413129.0,3
2498,-8.29,333689.0,3
3025,85.78,46161.0,3
3027,-39.63,138626.0,3
3045,5.76,17109290.0,3
3047,-52.5,262106.0,3
3062,30.89,373506.0,3
3138,32.13,159440.0,3
3311,-11.89,197542.0,3
3380,50.48,2497667.0,3
3419,0.43,167259.0,3
3447,9.69,296514.0,3
3596,1.64,4525133.0,3
3669,29.04,296556.0,3
3694,27.33,1188874.0,3
3704,25.14,2773070.0,3
4904,3.64,9136324.0,3
4906,-39.83,1090228.0,3
5388,86.54,6938365.0,3
6136,46.58,63479.0,3
6142,2.75,147636.0,3
6152,-21.93,137506.0,3
6216,-35.75,46096.0,3
6285,3.8,10846849.0,3
6416,7.86,460810.0,3
6426,70.04,65670.0,3
6442,75.55,1012955.0,3
6674,55.41,72482.0,3
6792,2.08,122666.0,3
7689,20.57,399060.0,3
8011,-27.66,150033.0,3
8045,28.87,173782.0,3
8101,-7.18,23026.0,3
1471,-59.39,7626.0,3
1582,-0.09,741361.0,3
2059,38.87,1918166.0,3
2308,37.6,59779988.0,3
2313,11.12,6943219.0,3
2316,16.48,403900.0,3
2327,22.78,13630196.0,3
2328,-28.44,1508652.0,3
2355,5.7,1409604.0,3
2367,-15.19,1310254.0,3
2368,63.14,7384878.0,3
2375,2.74,494364.0,3
2383,56.63,12010861.0,3
2385,3.89,8802853.0,3
2392,31.52,8015155.0,3
2402,13.49,1016239.0,3
2413,17.62,317887.0,3
2415,2.35,205208.0,3
2420,3.16,203209.0,3
2421,22.46,1917719.0,3
2428,11.25,798392.0,3
2431,-57.2,22054.0,3
2440,14.63,436121.0,3
2457,-12.06,777639.0,3
2460,50.08,480116.0,3
2462,-11.85,342722.0,3
2467,77.58,893498.0,3
2472,9.31,1115626.0,3
2476,42.0,840594.0,3
2478,13.52,561148.0,3
2483,17.75,174999.0,3
2484,-4.57,200585.0,3
2492,11.12,3403151.0,3
2493,-6.18,306279.0,3
3003,25.6,471149.0,3
3011,-36.85,51171.0,3
3015,-10.01,1010996.0,3
3021,34.67,249976.0,3
3023,7.54,2906066.0,3
3026,0.09,1289891.0,3
3032,0.0,869922.0,3
3037,23.26,13079019.0,3
3042,2.65,1108321.0,3
3044,24.38,7317712.0,3
3058,-6.96,288917.0,3
3090,34.1,1560605.0,3
3092,6.79,169153.0,3
3229,73.03,152118.0,3
3296,-15.47,119567.0,3
3308,-5.35,530.0,3
3321,6.79,180162.0,3
3338,5.2,354918.0,3
3376,-9.59,805570.0,3
3432,297.51,29905.0,3
3501,-12.47,465389.0,3
3533,23.4,3543998.0,3
3550,29.9,459184.0,3
3593,-49.81,55276.0,3
3605,3.35,981796.0,3
3607,9.04,248934.0,3
3645,23.84,228955.0,3
3653,18.85,2163675.0,3
3679,-8.88,379014.0,3
3715,41.9,2154370.0,3
4545,-23.98,157478.0,3
4915,3.82,5617706.0,3
4989,53.99,334731.0,3
4999,-13.89,140516.0,3
5469,47.37,5593102.0,3
6108,22.41,334767.0,3
6115,4.55,722210.0,3
6133,-1.12,117895.0,3
6141,9.42,195374.0,3
6153,1.2,424543.0,3
6155,6.53,64706.0,3
6191,78.22,3364786.0,3
6197,12.34,718597.0,3
6205,-16.66,100179.0,3
6213,13.79,3369504.0,3
6224,1.85,260260.0,3
6269,8.55,1948902.0,3
6272,-29.7,220673.0,3
6282,18.03,3146256.0,3
6412,-5.19,2882164.0,3
6449,14.99,404024.0,3
6715,9.55,193232.0,3
6805,95.02,1600219.0,3
6834,32.59,165833.0,3
6835,-2.24,212759.0,3
7788,13.28,662505.0,3
7795,-12.81,128283.0,3
8039,10.46,901381.0,3
8046,39.03,4290690.0,3
8103,25.78,332743.0,3
8213,-3.08,1596734.0,3
8249,8.33,353371.0,3
2347,64.42,56059078.0,3
2414,47.27,3294780.0,3
2430,1.87,1339279.0,3
3010,23.69,7615816.0,3
3028,125.18,7514995.0,3
3033,12.6,12744358.0,3
3036,118.87,194101276.0,3
3048,26.7,12463552.0,3
3055,19.32,27380.0,3
3209,11.84,6810457.0,3
3312,3.26,2201956.0,3
3528,132.44,1363557.0,3
3702,28.57,141648494.0,3
5434,30.64,7014545.0,3
6189,7.38,2794916.0,3
6281,-1.45,1402523.0,3
6776,23.93,2769351.0,3
6908,56.67,416149.0,3
8070,32.34,2046693.0,3
8072,40.01,132988.0,3
8112,191.7,53315182.0,3
2427,-56.19,240356.0,3
2453,9.03,605135.0,3
2468,-14.76,219584.0,3
2471,3.47,76528.0,3
2480,7.8,727881.0,3
3029,26.04,2317450.0,3
4994,22.89,122664.0,3
5203,0.34,180880.0,3
6112,40.11,2231109.0,3
6183,14.28,235053.0,3
6214,31.49,4627121.0,3
2312,-13.07,11817993.0,3
2317,45.57,803737716.0,3
2354,-61.08,4689247.0,3
2359,-44.13,279338.0,3
2360,63.48,4366231.0,3
2373,-10.45,803534.0,3
2390,-22.71,50948.0,3
2404,100.57,7692593.0,3
2423,34.82,368687.0,3
2433,0.55,225345.0,3
2459,4.95,434364.0,3
2461,-13.0,425584.0,3
2464,7.96,652060.0,3
2474,-24.76,1200573.0,3
2477,-23.25,155037.0,3
2482,-13.94,38717.0,3
2488,-14.03,208728.0,3
3018,3.86,42749.0,3
3030,14.71,793160.0,3
3043,-17.38,73893.0,3
3305,72.74,1379707.0,3
3518,-40.25,19282.0,3
3617,6.94,1142156.0,3
4585,2.12,208179.0,3
4588,41.68,104692.0,3
6139,47.45,8341790.0,3
6192,-0.59,719256.0,3
6196,17.5,5431773.0,3
6201,6.28,295119.0,3
6215,48.55,310895.0,3
6283,31.64,201841.0,3
6409,-21.95,1413282.0,3
6438,15.66,667469.0,3
6558,19.81,116227.0,3
6658,60.86,216986.0,3
6691,112.72,2808117.0,3
6698,-31.02,51042.0,3
6722,3.52,445549.0,3
6743,-6.42,408129.0,3
6830,22.87,224233.0,3
7631,55.41,122497.0,3
8021,51.36,473067.0,3
8201,2.8,44072.0,3
2616,11.5,770562.0,3
6505,7.79,63321091.0,3
8926,594.01,5270415.0,3
9908,0.15,313663.0,3
9918,-1.06,212302.0,3
9926,3.81,238965.0,3
9931,-11.91,144120.0,3
9937,0.39,2038622.0,3
1316,111.19,655761.0,3
1436,-59.21,36383.0,3
1438,81874.27,197558.0,3
1439,-48.15,66333.0,3
1442,-85.92,79389.0,3
1453,1.61,126.0,3
1456,-14.02,56035.0,3
1472,-24.92,226856.0,3
1805,67527.45,103470.0,3
1808,68259.95,2201874.0,3
2442,610.85,1647587.0,3
2501,286.15,4524900.0,3
2504,-9.95,1828404.0,3
2505,-38.8,415072.0,3
2506,115.25,192170.0,3
2509,-11.17,21138.0,3
2511,90.4,1086528.0,3
2515,30.17,1947354.0,3
2516,-24.54,550935.0,3
2520,8.23,1528318.0,3
2524,-65.82,192932.0,3
2527,3888.16,4526413.0,3
2528,-99.99,189.0,3
2530,1040.72,150655.0,3
2534,-88.17,83254.0,3
2535,24.71,3118623.0,3
2536,-53.83,142112.0,3
2537,60177.44,301990.0,3
2538,61.05,31859.0,3
2539,-92.68,319859.0,3
2540,27.58,612683.0,3
2542,1537.65,7193130.0,3
2543,20.42,1188640.0,3
2545,95.53,1153426.0,3
2546,-4.41,1383269.0,3
2547,51.35,694835.0,3
2548,81838.76,1965711.0,3
2597,1.7,2308297.0,3
3052,20.58,261071.0,3
3056,-57.26,76093.0,3
3266,129.86,193587.0,3
3703,0.82,2607602.0,3
5515,84.02,946520.0,3
5519,-6.88,270783.0,3
5521,61.98,1320962.0,3
5522,16.54,490442.0,3
5525,1247.87,866318.0,3
5531,39.04,40618.0,3
5533,61.26,203169.0,3
5534,-5.83,333426.0,3
6177,154.37,510307.0,3
9906,2226086.66,333928.0,3
9946,2175.6,538432.0,3
2208,-25.35,1328236.0,3
2601,-67.29,125882.0,3
2603,-17.81,27522156.0,3
2605,34.71,529767.0,3
2606,17.68,1467421.0,3
2607,-3.63,1433373.0,3
2608,4.6,1097724.0,3
2609,-5.85,12455154.0,3
2610,19.98,20785205.0,3
2611,307.74,220495.0,3
2612,6.39,464771.0,3
2613,4.72,286119.0,3
2615,-10.71,10522352.0,3
2617,11.93,406479.0,3
2618,18.45,21587609.0,3
2630,-15.16,466236.0,3
2633,4.45,4795095.0,3
2634,-7.04,2723620.0,3
2636,-4.55,1659275.0,3
2642,-19.6,262367.0,3
2645,12.24,1697939.0,3
2646,33.08,4727439.0,3
5607,38.85,433641.0,3
5608,6.08,270946.0,3
6753,18.4,468537.0,3
6757,26.99,1789551.0,3
8367,6.95,290594.0,3
2701,-0.15,20743.0,3
2702,1.56,139341.0,3
2704,7.42,112964.0,3
2705,-2.17,169777.0,3
2706,0.28,31604.0,3
2707,5.87,604328.0,3
2712,-12.77,27876.0,3
2722,11.09,45504.0,3
2727,7.82,1962431.0,3
2731,10.92,2682820.0,3
2739,4.59,464224.0,3
2748,-5.9,192302.0,3
2753,7.06,811703.0,3
5706,-21.28,205268.0,3
7705,8.6,529317.0,3
7760,4.13,102748.0,3
8940,-4.85,150032.0,3
9943,-26.71,168918.0,3
2801,23.69,4394752.0,3
2812,8.28,1746458.0,3
2816,-7.14,914845.0,3
2820,46.35,291630.0,3
2832,0.83,849160.0,3
2834,4.81,3059514.0,3
2836,-12.37,368326.0,3
2838,8.24,1442145.0,3
2845,12.61,1133028.0,3
2849,9.06,534288.0,3
2850,18.84,2295731.0,3
2851,-40.75,547319.0,3
2852,1.21,830604.0,3
2855,-66.19,131214.0,3
2867,-701.09,-1997021.0,3
2880,32.61,6369448.0,3
2881,139.02,13238212.0,3
2882,199.94,19897630.0,3
2883,275.37,5446126.0,3
2884,10.19,8441262.0,3
2885,70.15,12421394.0,3
2886,17.68,6152506.0,3
2887,1118.75,12937979.0,3
2889,50.36,779441.0,3
2890,50.7,8362826.0,3
2891,31.54,13095003.0,3
2892,19.42,6345049.0,3
2897,38.23,965665.0,3
5876,-3.22,4612382.0,3
5880,5.33,5345553.0,3
6005,53.33,1894537.0,3
6024,33.63,412226.0,3
2901,9.21,11180.0,3
2903,-2.92,2894282.0,3
2905,-57.31,3790895.0,3
2906,-4.93,716270.0,3
2908,-2.84,2910054.0,3
2910,6.29,42555.0,3
2911,-34.54,138216.0,3
2912,4.92,29760759.0,3
2913,-6.07,39820.0,3
2915,-35.24,133934.0,3
2945,13.38,1340259.0,3
8443,-8.25,84651.0,3
2072,65.77,1435546.0,3
3708,7.3,108332.0,3
4582,28.02,56605.0,3
5292,-0.53,267133.0,3
6581,-29.89,130063.0,3
6771,-14.71,49688.0,3
6869,99.33,746320.0,3
6873,10.6,788320.0,3
6923,4.27,102568.0,3
6944,23.44,1513132.0,3
6947,118.68,143233.0,3
6951,24.75,73288.0,3
6969,-13.29,23974.0,3
6994,186.9,342738.0,3
7610,958.98,463188.0,3
7740,3063.23,1825754.0,3
7786,80.47,1111610.0,3
7818,-14.04,1019010.0,3
8341,2.8,364064.0,3
8422,1.5,499104.0,3
8438,20.74,389750.0,3
8473,8.99,648742.0,3
8476,-11.16,97976.0,3
9930,-5.34,1205019.0,3
9955,48.8,182773.0,3
3130,9.89,261639.0,3
6165,2.95,262422.0,3
6614,15.5,370352.0,3
6689,-8.18,1033275.0,3
6902,26.12,107871.0,3
6906,-0.58,29755.0,3
7721,29.6,49972.0,3
7722,15.24,700621.0,3
7765,22.57,223229.0,3
8454,2.07,9141859.0,3
8487,166.27,266052.0,3
1432,-42.78,60006.0,3
1598,16.79,673288.0,3
1736,11.5,4267265.0,3
4536,-7.94,854198.0,3
5306,0.98,478273.0,3
6670,-1.75,2889729.0,3
8462,21.91,579789.0,3
8478,95.86,604190.0,3
9904,-11.13,19383227.0,3
9910,-7.66,6597285.0,3
9914,-16.88,2405697.0,3
9921,-17.02,5598139.0,3
2062,20.24,674472.0,3
3557,-35.9,463797.0,3
6754,0.31,250431.0,3
8464,9.05,2883887.0,3
9911,3.42,950106.0,3
9924,-19.26,493006.0,3
9934,6.2,1708798.0,3
9935,0.47,401749.0,3
1342,31.74,370828.0,3
1416,32.15,35188.0,3
1435,0.0,498.0,3
1437,-21.55,53168.0,3
1443,-13.47,73698.0,3
1516,-3.48,9498.0,3
2348,-62.38,347356.0,3
2496,8.24,75896.0,3
2514,3.35,1753017.0,3
2614,-1.42,401498.0,3
2904,-11.13,35910.0,3
3040,4.99,12329.0,3
6184,1.2,187379.0,3
6464,-7.88,343260.0,3
6504,4.71,611549.0,3
6585,-12.74,260663.0,3
6592,-4.66,1945536.0,3
6625,133.59,413574.0,3
6655,30.72,273435.0,3
6901,86.86,-84898.0,3
6914,11.5,495555.0,3
6952,63.84,193914.0,3
6958,-10.74,891976.0,3
7855,-7.78,2099142.0,3
8033,5.27,120498.0,3
8463,2.71,595408.0,3
8481,-7.94,104720.0,3
9902,508.43,14572.0,3
9905,-2.47,673344.0,3
9907,-16.79,3856813.0,3
9917,-1.04,1588110.0,3
9919,-2.13,225960.0,3
9925,7.66,728432.0,3
9927,23.44,868027.0,3
9928,-0.58,64884.0,3
9929,-1.66,57228.0,3
9933,-24.33,6634076.0,3
9938,-7.89,1500394.0,3
9939,-4.03,2560047.0,3
9940,14.64,1153292.0,3
9941,-7.13,3183510.0,3
9942,10.45,398872.0,3
9944,12.84,272794.0,3
9945,21.95,2808986.0,3
1256,57.15,356169.0,3
1337,35.53,61900.0,3
1340,-87.96,3438.0,3
1341,14.77,308343.0,3
4439,10.19,872017.0,3
1589,-1.45,667961.0,3
1590,18.08,4139710.0,3
4552,-6.12,320145.0,3
4560,2.31,178821.0,3
4571,-7.36,264368.0,3
5288,23.06,835163.0,3
1626,-11.46,888905.0,3
4763,-35.6,977066.0,3
4137,3.65,343518.0,3
4148,-18.62,213712.0,3
4178,-27.13,27781.0,3
4190,-0.51,208898.0,3
6431,-32.14,25988.0,3
6541,134.68,92457.0,3
6550,-59.74,1578.0,3
6598,72.54,66022.0,3
6666,-14.83,101750.0,3
7827,,0.0,3
5538,-1.43,1296689.0,3
1338,0.57,454244.0,3
2115,-1.97,285566.0,3
2236,68.55,958419.0,3
2239,-16.95,1150314.0,3
2243,52.46,148591.0,3
2248,64.46,256118.0,3
2250,-7.94,274890.0,3
4557,-30.62,230422.0,3
4569,9.49,179091.0,3
4581,4.04,100426.0,3
3661,-46.57,1933218.0,3
6415,12.03,1777349.0,3
6451,-25.38,573471.0,3
6525,11.92,494891.0,3
6573,-21.75,68707.0,3
6854,-29.76,55020.0,3
6962,-13.18,1378305.0,3
7749,109.2,186002.0,3
5215,17.16,289784.0,3
6591,-44.32,107416.0,3
6933,-12.38,772235.0,3
3673,23.59,6257398.0,3
4935,-28.11,388325.0,3
5243,-3.16,1110378.0,3
6456,-15.22,4952861.0,3
4977,-19.38,87261.0,3
6863,7.09,440724.0,3
4912,8.89,553232.0,3
4927,-10.65,912341.0,3
4943,46.28,201757.0,3
4958,7.18,15443239.0,3
6672,32.72,480659.0,3
6781,25.64,1505534.0,3
6862,-16.92,180817.0,3
6924,-1.98,141575.0,3
3665,22.21,7013696.0,3
5225,-2.24,981230.0,3
8499,62.23,279010.0,3
2923,-15.24,259546.0,3
5546,-66.68,74968.0,3
2637,34.9,1723874.0,3
2723,-20.65,1387592.0,3
2929,-8.42,212361.0,3
2939,9.67,25165.0,3
4807,61.16,248344.0,3
5906,-7.16,99834.0,3
5907,-12.81,224312.0,3
8429,4.71,10764.0,3
6641,-11.61,146249.0,3
6887,-32.58,362101.0,3
7823,33.2,30707.0,3
2762,7.18,951026.0,3
6768,-2.95,2447539.0,3
6890,-20.58,2779557.0,3
6965,-23.27,1785133.0,3
8467,-14.1,179912.0,3
9802,0.6,1193810.0,3
6671,-31.7,133836.0,3
6807,-39.13,281580.0,3
8482,-11.15,311739.0,3
5284,47.49,411327.0,3
5871,-2.85,8414886.0,3
6957,77.63,501957.0,3
8404,-5.9,735934.0,3
8411,17.36,826272.0,3
8442,0.45,694296.0,3
8466,-64.13,117250.0,3
8488,63.44,397284.0,3
9105,-14.84,9337204.0,3
912000,-41.16,105361.0,3
1264,11.03,630343.0,4
1294,5.98,76653.0,4
1295,-10.24,104392.0,4
1780,14.73,103179.0,4
1796,-12.64,51412.0,4
4205,6.0,167113.0,4
4207,13.55,496507.0,4
6846,-0.08,64250.0,4
7743,-4.41,80099.0,4
4303,23.24,96345.0,4
4304,-3.94,31596.0,4
4305,5.29,103582.0,4
9950,-2.74,148449.0,4
4401,1.31,348230.0,4
4402,-15.16,1963.0,4
4406,-78.94,12406.0,4
4413,-28.32,60544.0,4
4417,2.22,291945.0,4
4420,0.48,92351.0,4
4432,13.32,53698.0,4
4433,-16.97,165749.0,4
6506,6.71,203630.0,4
1570,17.38,55523.0,4
1580,-10.13,417464.0,4
1586,-4.54,206362.0,4
1599,7.99,158205.0,4
2066,8.61,231736.0,4
2067,-22.96,77022.0,4
2070,55.42,69750.0,4
2235,5.95,54143.0,4
3162,-0.45,685887.0,4
3226,-54.68,97826.0,4
3379,-78.58,20689.0,4
3685,74.29,161411.0,4
4502,18.51,107886.0,4
4503,38.44,70101.0,4
4506,4.3,516685.0,4
4510,45.75,177297.0,4
4513,14.96,109828.0,4
4523,-2.25,63352.0,4
4527,23.56,254790.0,4
4528,-19.4,124947.0,4
4533,6.68,304006.0,4
4534,29.22,87446.0,4
4535,-0.37,227210.0,4
4538,-6.0,32200.0,4
4543,8.52,75648.0,4
4549,-26.49,87619.0,4
4550,-38.68,41470.0,4
4558,84.83,252973.0,4
4561,23.25,129672.0,4
4563,17.88,261092.0,4
4568,16.58,108966.0,4
4580,-0.08,180901.0,4
4584,-25.73,89414.0,4
5381,11.32,249323.0,4
6122,-15.33,287379.0,4
6125,56.77,341274.0,4
6425,31.73,116001.0,4
6603,12.32,406047.0,4
6609,17.33,231505.0,4
6843,9.94,65283.0,4
6982,10.39,161210.0,4
7642,-31.06,49627.0,4
7709,62.9,152694.0,4
7718,-6.35,172082.0,4
8027,24.85,157194.0,4
8083,-5.31,140105.0,4
8107,-56.33,33189.0,4
8255,-11.78,678296.0,4
9951,0.51,505137.0,4
2061,6.46,118293.0,4
1742,-29.31,8624.0,4
3430,13.83,161064.0,4
4706,29.31,112068.0,4
4707,-48.81,63451.0,4
4711,89.32,91020.0,4
4714,96.03,203765.0,4
4716,-2.11,46536.0,4
4721,-31.86,259188.0,4
4741,20.24,51520.0,4
4754,22.66,63168.0,4
4767,-15.73,80096.0,4
4768,191.53,173680.0,4
4772,210.12,285078.0,4
6509,9.76,516008.0,4
1565,-16.62,303813.0,4
1777,-7.52,101291.0,4
1781,-3.22,22159.0,4
1784,13.51,116501.0,4
1788,2.55,369637.0,4
1799,240.44,88536.0,4
1813,-0.29,26637.0,4
3118,-3.59,58229.0,4
3176,-10.29,94372.0,4
3205,67.9,60396.0,4
3218,7.26,380397.0,4
4102,-17.39,37294.0,4
4105,17.92,518176.0,4
4107,6.38,193673.0,4
4109,17.72,43828.0,4
4111,6.55,127450.0,4
4114,13.52,570412.0,4
4116,14.45,506925.0,4
4120,5.15,395301.0,4
4121,-9.17,300936.0,4
4123,28.34,177331.0,4
4126,5.55,183417.0,4
4127,66.79,68735.0,4
4128,1.78,159888.0,4
4129,11.52,534332.0,4
4131,26.86,27976.0,4
4138,10.57,116653.0,4
4147,21.81,47234.0,4
4153,-15.98,74131.0,4
4160,7.48,52775.0,4
4161,12.8,64510.0,4
4162,-2.14,24007.0,4
4163,20.29,237464.0,4
4166,27.56,131042.0,4
4167,-19.38,95690.0,4
4168,185.71,1900.0,4
4173,16.22,122726.0,4
4174,-32.81,3448.0,4
4175,3.57,644402.0,4
4183,-22.56,28297.0,4
4188,-2.99,2684.0,4
4192,-18.62,1923.0,4
4198,-38.53,8465.0,4
4726,301.0,106736.0,4
4728,29.7,202149.0,4
4735,43.69,107736.0,4
4743,101.82,21656.0,4
4744,-27.5,49633.0,4
4747,0.51,46780.0,4
4905,31.57,84054.0,4
4911,-56.4,11302.0,4
5312,13.95,364919.0,4
6130,-6.04,14762.0,4
6242,-4.15,54121.0,4
6461,43.67,5556.0,4
6469,-1.23,1502814.0,4
6492,-3.61,80.0,4
6496,28.87,85334.0,4
6499,3.41,37139.0,4
6523,-8.14,61055.0,4
6527,-24.69,61551.0,4
6535,-83.36,78.0,4
6547,-7.86,38720.0,4
6569,-8.27,96613.0,4
6574,27.09,72854.0,4
6576,-11.24,52217.0,4
6612,16.23,113401.0,4
6615,-9.12,30161.0,4
6620,-88.94,62071.0,4
6637,-24.18,45115.0,4
6649,29.92,11496.0,4
6661,25.54,30803.0,4
6662,-9.25,22266.0,4
6703,20.25,347474.0,4
6712,26.18,85233.0,4
6730,-5.18,39180.0,4
6733,0.92,19603.0,4
6762,-14.15,60153.0,4
6767,13.94,28563.0,4
6785,,0.0,4
6841,17.61,33015.0,4
6844,-0.13,273163.0,4
6872,226.31,1302.0,4
6875,,0.0,4
6929,-0.78,262339.0,4
6945,,0.0,4
6986,-46.76,16706.0,4
7713,38.8,114957.0,4
7814,3.32,5352.0,4
8279,-0.84,234352.0,4
8403,8.59,385049.0,4
8409,-19.31,8459.0,4
8432,27.37,108356.0,4
8436,14.01,605516.0,4
2035,-2.51,1127727.0,4
2063,14.01,86860.0,4
2064,24.73,161944.0,4
2065,5.19,186175.0,4
2073,35.96,66336.0,4
4950,9.3,111168.0,4
5009,-0.25,1038706.0,4
5011,-20.9,361317.0,4
5013,13.08,781805.0,4
5014,8.76,1502320.0,4
5015,-19.89,103234.0,4
5016,6.05,195196.0,4
6248,-32.66,502651.0,4
8349,2.37,1006385.0,4
8415,18.57,2493461.0,4
8930,-14.96,119907.0,4
9962,-8.38,198479.0,4
1595,-24.08,57634.0,4
3105,48.88,1734086.0,4
3122,-0.08,29445.0,4
3131,-4.35,536413.0,4
3141,9.5,151690.0,4
3169,0.11,80366.0,4
3178,-2.85,115006.0,4
3227,4.21,850195.0,4
3228,-13.38,32369.0,4
3259,20.6,19549.0,4
3260,169.5,10555559.0,4
3264,27.79,1463816.0,4
3265,37.88,489512.0,4
3268,-1.51,105500.0,4
3317,10.81,264771.0,4
3372,32.57,114860.0,4
3374,25.63,723821.0,4
3438,-14.58,85567.0,4
3467,39.69,69424.0,4
3527,-19.93,105870.0,4
3529,12.93,613115.0,4
3555,2832.48,68972.0,4
3556,-1.84,108661.0,4
3567,14.16,24016.0,4
3581,47.69,128171.0,4
3675,19.09,253869.0,4
3680,52.73,885957.0,4
3707,31.0,584544.0,4
4749,-12.39,352635.0,4
4923,13.67,80040.0,4
4951,0.44,44448.0,4
4973,106.09,748842.0,4
5272,-21.68,29825.0,4
5274,81.59,1279040.0,4
5299,-0.3,143582.0,4
5302,18.15,1718.0,4
5344,10.71,31667.0,4
5347,9.57,4026468.0,4
5351,417.06,1333096.0,4
5425,2.6,1641686.0,4
5443,24.44,422226.0,4
5468,19.06,11697.0,4
5483,-0.25,6699351.0,4
5487,-3.77,16021.0,4
6103,9.58,5681.0,4
6104,-7.25,362531.0,4
6129,28.75,134841.0,4
6138,13.83,682716.0,4
6147,24.14,2185380.0,4
6182,3.0,865025.0,4
6187,26.13,613353.0,4
6208,1.87,286825.0,4
6223,52.59,1485961.0,4
6229,57.36,318146.0,4
6233,-8.75,34808.0,4
6237,116.12,84309.0,4
6261,0.18,331219.0,4
6291,42.11,239818.0,4
6411,14.39,224841.0,4
6423,32.55,42909.0,4
6435,13.48,310312.0,4
6462,12.03,372846.0,4
6485,-18.69,108850.0,4
6488,-10.13,4747927.0,4
6494,33.37,155207.0,4
6510,30.21,523179.0,4
6532,25.5,73657.0,4
6548,24.51,1384069.0,4
6568,31.74,120852.0,4
6640,142.33,333601.0,4
6643,30.73,168686.0,4
6651,8.03,157731.0,4
6679,15.7,187763.0,4
6683,20.96,217571.0,4
6684,-15.29,26086.0,4
6693,85.69,204370.0,4
6708,-19.99,22542.0,4
6716,41.03,175536.0,4
6720,-19.64,37498.0,4
6732,-3.14,356389.0,4
6788,1.31,231192.0,4
6823,51.37,63256.0,4
6829,28.16,170183.0,4
6895,-47.94,28322.0,4
6953,13.74,115250.0,4
6996,13.29,285600.0,4
7556,12.88,71075.0,4
7704,0.13,59796.0,4
7712,2.92,131150.0,4
7734,58.89,393468.0,4
7751,67.2,241048.0,4
7770,-37.48,26133.0,4
7772,-11.93,38924.0,4
7810,82.68,83816.0,4
7828,32086.88,130035.0,4
8024,32.91,23800.0,4
8040,26.19,70137.0,4
8054,47.69,231120.0,4
8086,49.38,447976.0,4
8088,2.12,97128.0,4
8091,35.25,272523.0,4
8102,-16.33,32574.0,4
8227,207.01,272523.0,4
8277,-58.95,8627.0,4
8299,236.63,20207493.0,4
8383,38.31,353166.0,4
1569,-10.79,266771.0,4
3071,31.34,262303.0,4
3088,65.88,828116.0,4
3211,18.6,1060190.0,4
3213,23.87,308540.0,4
3272,-10.58,239573.0,4
3287,-1.59,83811.0,4
3323,-4.01,445715.0,4
3325,-57.73,58131.0,4
3349,-60.68,18355.0,4
3479,9.48,768864.0,4
3483,3.68,751921.0,4
3540,-31.04,300933.0,4
3577,89.01,153905.0,4
3594,50.36,188847.0,4
3611,-0.63,1019050.0,4
3625,-43.34,22866.0,4
3693,10.79,718177.0,4
3709,9.09,4514482.0,4
4931,97.38,302908.0,4
5289,583.11,6670833.0,4
5356,-1.24,296594.0,4
5386,405.25,2535400.0,4
5426,23.63,197653.0,4
5438,-56.4,67663.0,4
5465,-52.81,299421.0,4
5474,-11.05,104641.0,4
5490,32.93,139803.0,4
6121,4.39,6908842.0,4
6150,-68.96,235231.0,4
6160,7.23,101929.0,4
6161,18.38,133438.0,4
6188,-22.89,581266.0,4
6228,101.31,2911.0,4
6276,-60.37,57241.0,4
6441,-55.37,12578.0,4
6570,9.7,91272.0,4
6577,-0.22,164642.0,4
6680,36.41,46437.0,4
6922,26.98,180137.0,4
8050,3.72,577423.0,4
8076,45.75,260813.0,4
8234,2.4,474454.0,4
8410,-22.94,80021.0,4
3066,22.59,23648.0,4
3128,-17.47,75107.0,4
3230,17.63,34151.0,4
3297,53.69,21799.0,4
3339,10.51,72135.0,4
3362,-3.88,372811.0,4
3434,-49.82,28083.0,4
3441,44.89,58739.0,4
3455,-2.51,125160.0,4
3490,51.01,31102.0,4
3516,27.0,96561.0,4
3523,197.78,10866.0,4
3531,-28.02,101149.0,4
3615,-30.1,63239.0,4
3623,-26.92,20229.0,4
3630,-3.86,225156.0,4
3666,2.09,44557.0,4
3691,163.41,1008609.0,4
4729,11.05,101648.0,4
4933,-6.24,237711.0,4
4972,24.19,99330.0,4
4995,-7.64,107656.0,4
5220,32.64,95762.0,4
5230,-4.74,113096.0,4
5245,-15.36,71639.0,4
5251,38.85,24832.0,4
5315,-5.48,163952.0,4
5371,16.78,3171168.0,4
5392,2.0,788425.0,4
6167,-24.3,82759.0,4
6222,6.43,248.0,4
6234,1.85,40836.0,4
6244,19.33,308449.0,4
6246,-10.87,133811.0,4
6419,328.69,126978.0,4
6498,37.27,137524.0,4
6517,-18.66,30467.0,4
6556,29.48,148116.0,4
6560,95.97,26562.0,4
6859,-39.03,57090.0,4
6899,-14.22,92608.0,4
7402,3.52,45236.0,4
7753,8.62,76180.0,4
8049,10.51,133440.0,4
8064,31.54,193110.0,4
8069,-12.55,2894681.0,4
8111,-7.76,66155.0,4
8240,-11.6,559928.0,4
3081,115.38,395349.0,4
3095,45.67,78483.0,4
3152,1.64,127134.0,4
3163,16.5,199142.0,4
3221,13.64,220010.0,4
3234,12.17,62453.0,4
3306,-20.75,84771.0,4
3363,-37.3,127943.0,4
3466,637.46,68776.0,4
3491,83.99,349053.0,4
3499,-20.18,28716.0,4
3558,-24.58,1056838.0,4
3564,5.98,247452.0,4
3632,-18.38,19105.0,4
3672,120.07,22630.0,4
3684,0.29,101220.0,4
4903,44.15,118419.0,4
4908,5.01,74046.0,4
4909,43.71,17071.0,4
4979,7.73,412778.0,4
5353,18.1,142583.0,4
6109,18.6,76601.0,4
6143,14.19,730867.0,4
6170,-1.48,257207.0,4
6190,39.65,1017386.0,4
6218,98.94,109240.0,4
6241,-9.16,55944.0,4
6245,31.46,700457.0,4
6263,13.4,187653.0,4
6417,22.97,172819.0,4
6465,81.01,26360.0,4
6470,-58.73,72362.0,4
6486,6.58,110263.0,4
6530,18.13,31534.0,4
6546,-7.59,200931.0,4
6561,-1.34,349835.0,4
6588,155.81,27142.0,4
8034,106.45,47550.0,4
8048,32.82,122070.0,4
8059,228.65,829644.0,4
8089,17.47,63489.0,4
8097,-34.23,38202.0,4
8176,41.59,27323.0,4
1336,-8.9,203814.0,4
1815,53.16,733783.0,4
3078,-45.8,605559.0,4
3114,-6.53,270802.0,4
3115,,872.0,4
3191,-1.89,15587.0,4
3206,-7.82,280610.0,4
3207,-9.8,132007.0,4
3217,-13.26,316590.0,4
3236,38.29,256971.0,4
3276,42.88,58746.0,4
3288,68.11,8680.0,4
3290,69.35,295820.0,4
3294,-10.33,261124.0,4
3310,26.24,188495.0,4
3322,31.77,275445.0,4
3332,24.69,175841.0,4
3354,52.02,13792.0,4
3357,15.42,704105.0,4
3388,33.25,864392.0,4
3390,48.58,91004.0,4
3484,-16.15,362417.0,4
3485,9.86,52522.0,4
3492,-17.8,75515.0,4
3511,-9.98,149273.0,4
3520,-2.64,101445.0,4
3526,40.32,436621.0,4
3537,-6.08,283946.0,4
3548,-30.18,751263.0,4
3597,26.58,83808.0,4
3609,1.86,21760.0,4
3624,20.96,282455.0,4
3631,38.72,2669.0,4
3646,16.68,69592.0,4
3689,44.31,785768.0,4
3710,8.73,647609.0,4
4542,7.38,96222.0,4
4939,8.54,142021.0,4
4974,13.75,374152.0,4
5228,62.02,68948.0,4
5291,69.45,151903.0,4
5309,7.64,305058.0,4
5328,13.37,93873.0,4
5340,9.69,225436.0,4
5355,2.51,50192.0,4
5439,26.15,950129.0,4
5457,-5.68,1961579.0,4
5460,-6.52,20038.0,4
5464,42.49,124140.0,4
5475,120.58,158740.0,4
5488,93.29,101515.0,4
5498,54.63,171047.0,4
6114,-12.71,82876.0,4
6124,-5.46,197914.0,4
6126,48.31,509881.0,4
6127,-9.6,87526.0,4
6134,45.85,215556.0,4
6156,14.94,505437.0,4
6158,-8.59,159080.0,4
6173,20.36,419113.0,4
6174,35.11,69084.0,4
6175,15.85,458207.0,4
6185,18.23,68193.0,4
6194,-34.87,91235.0,4
6203,-28.55,179458.0,4
6204,7.09,41183.0,4
6207,3.6,126657.0,4
6210,19.28,32040.0,4
6217,22.24,358883.0,4
6220,12.09,824595.0,4
6259,19.59,58013.0,4
6266,-9.22,272647.0,4
6274,97.96,4610166.0,4
6275,-21.3,349056.0,4
6279,11.56,863002.0,4
6284,-10.64,626534.0,4
6290,3.67,911964.0,4
6292,27.61,100621.0,4
6418,-4.65,86592.0,4
6432,5.4,113847.0,4
6538,-19.42,130088.0,4
6584,35.13,277784.0,4
6597,-7.97,47250.0,4
6642,5.03,58575.0,4
6664,9.65,237443.0,4
6727,51.14,161075.0,4
6761,-0.37,177260.0,4
6821,-21.63,59113.0,4
6913,25.44,302964.0,4
6967,9.59,129268.0,4
7744,80.5,354317.0,4
8038,15.3,60934.0,4
8042,32.82,429996.0,4
8043,26.8,525130.0,4
8071,14.29,205240.0,4
8074,26.34,143856.0,4
8093,-57.7,14695.0,4
8109,20.65,183743.0,4
8121,38.36,304567.0,4
8147,19.53,210281.0,4
8155,29.3,538300.0,4
8182,14.12,257157.0,4
8289,-5.72,167304.0,4
8291,345.27,895.0,4
8358,35.8,900770.0,4
3224,-4.02,134156.0,4
3232,21.43,101257.0,4
3360,-3.72,707881.0,4
3444,-1.8,112930.0,4
6113,24.16,78008.0,4
6118,-18.35,732009.0,4
6154,0.07,300733.0,4
6227,18.33,2612295.0,4
6265,885.82,496262.0,4
6270,15.55,288650.0,4
6474,1.9,357016.0,4
8032,44.33,430127.0,4
8067,-15.74,7723.0,4
8068,17.04,103175.0,4
8084,-5.27,33907.0,4
8096,21.35,4356942.0,4
3147,90.07,1093294.0,4
3158,12.24,88068.0,4
3570,22.23,276991.0,4
4953,32.94,1241094.0,4
5201,-39.8,16467.0,4
5202,-6.67,12560.0,4
5210,11.43,20177.0,4
5211,27.63,21645.0,4
5212,20.38,79785.0,4
5310,-98.41,3.0,4
5403,-7.77,282542.0,4
5410,122.27,599444.0,4
6123,-5.96,361548.0,4
6140,-37.71,145783.0,4
6148,-66.45,35550.0,4
6163,-18.59,334249.0,4
6221,-42.11,278248.0,4
6231,14.5,124114.0,4
6240,24.7,4033.0,4
6516,5.99,48660.0,4
6590,19.91,60466.0,4
6593,68.05,41335.0,4
6697,-7.04,98685.0,4
6751,-39.18,108282.0,4
6752,-4.96,160482.0,4
6791,8.91,68841.0,4
6874,45.68,98291.0,4
6884,32.71,114293.0,4
7767,33.29,231627.0,4
7819,-23.94,23808.0,4
8099,14.37,360464.0,4
8272,23.68,33122.0,4
8284,15.77,260376.0,4
8416,15.19,145359.0,4
1785,49.08,5595664.0,4
3093,-25.5,195589.0,4
3219,30.26,231582.0,4
3285,2.33,73079.0,4
3289,-3.8,371304.0,4
3303,18.44,307067.0,4
3324,40.89,2842339.0,4
3373,26.33,42857.0,4
3402,20.14,503187.0,4
3465,32.93,193580.0,4
3498,137.82,341953.0,4
3508,-18.99,70592.0,4
3541,-27.93,83034.0,4
3552,2.58,736796.0,4
3580,71.25,47451.0,4
3587,22.53,540737.0,4
3628,13.12,277380.0,4
3663,0.6,473062.0,4
4554,22.13,55638.0,4
4577,62.57,66373.0,4
4760,63.09,228860.0,4
5452,6.5,481026.0,4
5489,11.04,167177.0,4
5493,11.38,498197.0,4
5536,15.17,4088049.0,4
6146,9.64,410109.0,4
6151,28.34,203573.0,4
6512,-78.25,5764.0,4
6613,30.81,711107.0,4
6654,157.9,60229.0,4
6667,-2.14,477831.0,4
6725,-14.34,310193.0,4
6735,74.12,34974.0,4
6739,100.21,110238.0,4
6840,10.45,87661.0,4
6855,14.99,51071.0,4
6877,33.31,24116.0,4
6903,297.04,697780.0,4
6983,-31.73,13036.0,4
7703,23.53,257349.0,4
7728,-24.03,20136.0,4
7792,-25.86,336638.0,4
8047,-7.8,39275.0,4
8085,-0.76,50175.0,4
8092,21.14,40713.0,4
8183,12.86,716301.0,4
8431,-24.02,71817.0,4
8908,-1.21,918696.0,4
8917,-0.79,281106.0,4
8927,50.67,1357699.0,4
8931,18.8,223250.0,4
2596,-70.46,94157.0,4
2718,-93.77,35779.0,4
3188,914.83,285483.0,4
3313,125.59,476.0,4
3489,113.51,76569.0,4
3512,147.8,16729.0,4
3521,-58.7,1082.0,4
4113,-99.82,82.0,4
4416,-8.53,7513.0,4
4907,402.71,1275185.0,4
5206,-28.29,479240.0,4
5213,14.29,2063645.0,4
5324,-48.0,56978.0,4
5455,-99.98,262.0,4
5508,42.68,227222.0,4
5511,4.49,808403.0,4
5512,-31.14,422670.0,4
5514,359.86,2120.0,4
5516,-21.37,119056.0,4
5520,-7.59,315132.0,4
5523,0.26,373.0,4
5529,3460.34,176237.0,4
5547,53.64,275126.0,4
5548,8.97,189352.0,4
6171,211784.84,69922.0,4
6186,-84.1,316862.0,4
6198,0.0,22.0,4
6212,-21.11,96871.0,4
6219,21424.4,63497.0,4
6264,539.45,20405.0,4
8080,-67.09,5298.0,4
8424,0.68,93927.0,4
2641,6.84,197955.0,4
2643,-17.53,609568.0,4
5601,0.63,7914.0,4
5603,-14.3,104434.0,4
5609,12.0,2840176.0,4
7716,-7.78,164912.0,4
1259,1.96,488504.0,4
1268,25.42,514778.0,4
2719,-28.78,122318.0,4
2729,13.67,497222.0,4
2732,32.15,432849.0,4
2734,19.88,148873.0,4
2736,18.41,47665.0,4
2740,-58.98,4152.0,4
2743,4.64,552525.0,4
2745,11.52,811915.0,4
2751,33.53,159191.0,4
2752,13.55,344560.0,4
2754,4.49,442876.0,4
2755,18.39,279622.0,4
2756,-7.59,91330.0,4
3252,-9.61,37811.0,4
3522,-0.58,62514.0,4
4419,-2.5,229499.0,4
4530,230.49,72685.0,4
5301,-44.67,12836.0,4
5364,-77.69,5735.0,4
5701,-12.71,38901.0,4
5703,7.71,35866.0,4
5704,-95.74,909.0,4
5905,686.37,628693.0,4
6961,10.62,333979.0,4
7708,15.77,238513.0,4
7723,-16.86,309909.0,4
7757,1.34,163717.0,4
8077,0.78,88326.0,4
5864,2037.17,1843007.0,4
5878,-3.85,94794.0,4
6015,4229.15,547898.0,4
6016,1127.28,2753746.0,4
6020,2338.31,433249.0,4
6021,5212.46,1136389.0,4
6023,-15.84,328317.0,4
6026,461.7,276970.0,4
6028,46.37,532113.0,4
1584,-16.27,194181.0,4
2221,17.06,140432.0,4
3284,-18.69,63172.0,4
4430,11.36,201847.0,4
4529,472.16,2569.0,4
4541,44.68,166583.0,4
4556,-10.34,59240.0,4
5209,-27.73,285106.0,4
5314,138.62,493736.0,4
5345,562.43,4127.0,4
5398,-46.7,11530.0,4
5450,9.11,246980.0,4
5481,-0.75,7338.0,4
5530,26.12,393180.0,4
5604,4.14,13702.0,4
6179,69.36,545135.0,4
6199,516.93,61922.0,4
6721,4.78,308763.0,4
6881,7.89,215938.0,4
6904,-3.02,63557.0,4
7777,1298.02,112447.0,4
8342,5.85,148903.0,4
8354,16.47,65801.0,4
8401,6.99,137151.0,4
8421,29.27,124385.0,4
8435,9.12,52514.0,4
8489,57.79,162104.0,4
8905,18.63,199296.0,4
8906,-22.99,13773.0,4
8916,-26.51,615829.0,4
8921,7.26,52529.0,4
8929,6.5,64945.0,4
8935,-9.03,40024.0,4
8936,9.32,556462.0,4
8937,1247.12,104766.0,4
8942,-53.66,213316.0,4
2926,12.77,570155.0,4
3064,15.19,8052.0,4
3083,2.25,21091.0,4
3086,-7.22,9039.0,4
3293,14.73,2123253.0,4
3546,32.28,133458.0,4
3629,261400.0,7845.0,4
4806,-12.99,7031.0,4
4946,-39.0,21295.0,4
5263,61.94,162457.0,4
5478,10.74,561540.0,4
6101,-37.78,83346.0,4
6111,149.45,1078433.0,4
6144,-3.44,13196.0,4
6169,-98.98,33.0,4
6180,-15.72,658997.0,4
6294,-15.22,81843.0,4
6482,-49.39,22439.0,4
6542,14.44,80843.0,4
6596,1704.81,270939.0,4
6856,0.0,63675.0,4
7584,-7.84,69713.0,4
8446,2.5,108419.0,4
8450,4.54,18049.0,4
8923,40.87,36697.0,4
9949,26.57,11174.0,4
1240,11.59,236451.0,4
4171,4.65,20189.0,4
6508,-18.49,188492.0,4
6578,-0.95,36372.0,4
3073,42.12,7800.0,4
3551,11.99,275778.0,4
3713,62.3,31337.0,4
5205,-37.6,1067.0,4
5432,-17.69,9054.0,4
6624,-34.8,40596.0,4
6692,-24.03,54873.0,4
6803,2.55,716324.0,4
6894,88.36,191600.0,4
6971,-6.05,149309.0,4
7715,16.91,102162.0,4
7820,57.76,33506.0,4
7842,52.84,278159.0,4
8087,2881.22,142622.0,4
8171,269.89,52636.0,4
8390,31.87,594820.0,4
8440,5.42,83345.0,4
2640,9.64,277597.0,4
2949,25.69,511675.0,4
3085,96.8,7831.0,4
3687,10.87,162392.0,4
5278,18.23,224193.0,4
5287,-4.36,193668.0,4
5321,-22.08,177285.0,4
6236,-19.35,2541.0,4
6690,14.36,211706.0,4
6763,9.99,154113.0,4
6811,24.25,884400.0,4
6865,-24.72,20038.0,4
6870,81.45,85894.0,4
6910,8.29,33162.0,4
6925,6.87,16771.0,4
6997,56.57,552324.0,4
7547,3.14,24465.0,4
7714,-10.09,144205.0,4
7738,13.86,49501.0,4
7747,1.96,134070.0,4
7805,9.99,625032.0,4
7839,11.44,15803.0,4
8044,10.35,2999642.0,4
8472,-11.84,39825.0,4
8477,46.88,61674.0,4
8932,27.18,253621.0,4
1593,18.48,122182.0,4
5348,35.68,26463.0,4
6804,34.24,118494.0,4
7811,11.17,237796.0,4
8924,30.06,402364.0,4
8928,-41.74,185113.0,4
8933,-21.61,203604.0,4
8938,-17.96,1085333.0,4
9960,49.32,73746.0,4
2230,77.86,181225.0,4
2916,20.34,176015.0,4
2937,17.62,435112.0,4
2941,-9.36,66800.0,4
2947,7.69,193204.0,4
2948,-4.53,187738.0,4
3067,-7.09,3246.0,4
3171,126.34,285660.0,4
4609,37.97,22856.0,4
4702,-21.46,5057.0,4
5902,-17.51,174059.0,4
5903,9.06,9576329.0,4
5904,16.67,2247875.0,4
6195,-3.51,165173.0,4
6728,-4.64,584555.0,4
6968,13.71,295294.0,4
7782,6.0,50686.0,4
7794,14.49,100271.0,4
8066,-13.24,361560.0,4
8433,34.71,256529.0,4
8941,-8.0,248157.0,4
4442,4.2,213746.0,4
1591,510.66,47510.0,4
4139,-0.45,91628.0,4
4157,-37.75,2280.0,4
4745,-10.88,287479.0,4
6617,7.6,3750.0,4
4966,-3.77,1268934.0,4
4971,25.24,106295.0,4
4991,67.92,243926.0,4
6907,121.65,286721.0,4
5223,-3.19,177754.0,4
3664,-26.85,17125.0,4
7717,-21.37,94536.0,4
5227,-86.42,5134.0,4
8455,-6.69,112744.0,4
5543,4.03,267623.0,4
2726,-33.06,36301.0,4
4804,2.73,13695.0,4
2724,44.88,31603.0,4
4154,99.26,2443.0,4
5276,76.15,94037.0,4
8426,10.09,193095.0,4
8437,-5.34,14176.0,4
8444,-56.78,140805.0,4
4924,-7.2,69657.0,4
8423,3.76,40156.0,4
6741,31.91,173441.0,4
2924,-28.65,3928.0,4
6616,-37.51,44859.0,4
6629,140.46,265349.0,4
1101,-3.69,12213195.0,4
1102,-9.26,5694459.0,4
1103,-23.55,207622.0,4
1104,-8.97,635959.0,4
1108,-21.38,322871.0,4
1109,-21.61,340192.0,4
1110,-10.21,237552.0,4
1201,-3.41,1793562.0,4
1203,-12.21,437702.0,4
1210,4.31,9098458.0,4
1213,0.96,25400.0,4
1215,-2.91,2316768.0,4
1216,2.26,57480106.0,4
1217,5.27,396666.0,4
1218,6.36,844393.0,4
1219,1.2,1221789.0,4
1220,12.31,299352.0,4
1225,8.99,1110177.0,4
1227,-4.84,1931499.0,4
1229,-45.4,604369.0,4
1231,1.0,1007987.0,4
1232,3.11,1890202.0,4
1233,2.59,173250.0,4
1234,-14.24,685646.0,4
1235,3.01,14862.0,4
1236,-2.43,122248.0,4
1702,-3.17,1966990.0,4
1737,2.82,263275.0,4
3054,2134.02,86010.0,4
7780,40.46,171837.0,4
7791,-7.47,210283.0,4
1301,13.31,18326272.0,4
1303,19.43,27681309.0,4
1304,13.41,4412977.0,4
1305,43.34,1192324.0,4
1307,8.54,981256.0,4
1308,16.24,512062.0,4
1309,-8.24,1262513.0,4
1310,5.28,891393.0,4
1312,-5.45,2489487.0,4
1313,5.52,5878672.0,4
1314,-10.37,1556459.0,4
1315,-14.17,131514.0,4
1321,10.96,352112.0,4
1323,5.09,186584.0,4
1324,-24.22,51218.0,4
1325,-13.38,24465.0,4
1326,28.23,32101065.0,4
4306,24.03,1283902.0,4
1402,14.34,22888480.0,4
1409,25.05,4079327.0,4
1410,12.77,23107.0,4
1413,-0.57,224009.0,4
1414,-2.64,46218.0,4
1417,1.81,22012.0,4
1418,59.19,554.0,4
1419,39.73,402039.0,4
1423,-33.97,4165.0,4
1434,-5.11,2584621.0,4
1440,-16.29,1026701.0,4
1441,1.86,131682.0,4
1444,9.2,623269.0,4
1445,-64.14,24372.0,4
1446,-83.62,62952.0,4
1447,27.78,3258891.0,4
1449,75.48,377317.0,4
1451,-4.07,513372.0,4
1452,12.04,147537.0,4
1454,-20.88,124279.0,4
1455,-3.06,595322.0,4
1457,-0.11,295484.0,4
1459,-3.66,94353.0,4
1460,-27.61,426200.0,4
1463,34.51,20903.0,4
1464,6.48,1129614.0,4
1465,-12.06,36322.0,4
1466,-17.5,187406.0,4
1467,27.48,413806.0,4
1468,-46.06,42431.0,4
1470,-20.52,50899.0,4
1473,-13.6,378666.0,4
1474,-6.0,252109.0,4
1475,-4.62,124974.0,4
1476,-3.74,3264019.0,4
1477,10.22,2605953.0,4
4414,0.01,1215790.0,4
4426,26.83,87944.0,4
4438,38.31,1506567.0,4
4440,34.33,106212.0,4
4441,37.33,801356.0,4
1503,32.52,3404404.0,4
1504,13.55,5626680.0,4
1506,2.38,102671.0,4
1513,5.86,2307697.0,4
1514,40.11,858225.0,4
1515,-19.27,325362.0,4
1517,-15.62,172836.0,4
1519,6.38,2248955.0,4
1526,-22.19,52119.0,4
1527,-2.66,236841.0,4
1528,1.23,241070.0,4
1529,-71.99,35569.0,4
1530,68.97,213324.0,4
1531,-2.87,125318.0,4
1532,5.47,1098434.0,4
1535,-26.07,604226.0,4
1537,-8.96,575529.0,4
1538,7.74,9210.0,4
1539,-16.63,104987.0,4
1540,-24.12,35516.0,4
1541,-43.66,200940.0,4
1558,11.19,701458.0,4
1560,18.81,830354.0,4
1583,40.73,440426.0,4
1597,70.96,153903.0,4
2049,20.68,2474152.0,4
2371,-3.5,4138885.0,4
3167,114.23,862675.0,4
4526,-10.23,439750.0,4
4532,3.83,2324005.0,4
4540,33.34,254260.0,4
4555,9.68,161962.0,4
4562,10.02,64188.0,4
4564,-33.64,64527.0,4
4566,5.52,481190.0,4
4572,-9.61,52382.0,4
4576,40.27,342051.0,4
4583,35.04,342537.0,4
4590,-35.05,73370.0,4
6606,21.42,106773.0,4
7750,94.87,2920375.0,4
8222,26.01,99950.0,4
8374,62.72,590873.0,4
8996,86.03,948788.0,4
1603,17.88,575322.0,4
1604,2.93,815214.0,4
1605,-12.04,15530514.0,4
1608,8.03,1041758.0,4
1609,16.23,3124829.0,4
1611,-9.29,85776.0,4
1612,1.56,673308.0,4
1614,2.3,487858.0,4
1615,13.43,497855.0,4
1616,8.52,439167.0,4
1617,23.66,389125.0,4
1618,-76.95,184696.0,4
1623,-8.68,477372.0,4
4930,21.98,414568.0,4
5283,0.63,777354.0,4
1708,42.0,696728.0,4
1709,3.28,756074.0,4
1710,12.9,2424134.0,4
1711,-1.36,721650.0,4
1712,9.4,1913828.0,4
1713,29.56,40629.0,4
1714,71.71,3183676.0,4
1717,12.99,4233389.0,4
1718,4.22,4445457.0,4
1721,7.65,153252.0,4
1722,8.34,1222432.0,4
1723,40.89,731327.0,4
1725,45.18,1051121.0,4
1726,16.22,950560.0,4
1727,12.07,186542.0,4
1730,8.66,194229.0,4
1732,9.61,63836.0,4
1735,29.21,266012.0,4
1773,31.8,1185595.0,4
1776,9.0,98792.0,4
4720,18.38,363208.0,4
4722,3.25,382698.0,4
4739,96.23,1026888.0,4
4755,-12.94,390780.0,4
4764,20.92,336385.0,4
4766,14.97,2285139.0,4
4770,44.41,487039.0,4
1707,-6.01,806388.0,4
1720,3.8,677305.0,4
1731,6.7,133142.0,4
1733,-19.34,151037.0,4
1734,7.55,291461.0,4
1752,10.15,196744.0,4
1760,6.98,144626.0,4
1762,75.98,130981.0,4
1783,15.83,61270.0,4
1786,0.12,63232.0,4
1789,12.51,254998.0,4
1795,19.91,3085755.0,4
3164,-5.41,37785.0,4
3705,-1.53,693850.0,4
3716,-6.24,675653.0,4
4104,14.66,790643.0,4
4106,17.45,221717.0,4
4108,-0.77,9757.0,4
4119,-46.49,88698.0,4
4133,-4.6,29104.0,4
4142,474.36,22745.0,4
4155,-9.38,127200.0,4
4164,21.8,304387.0,4
4169,15.4,59141.0,4
4195,-14.5,46193.0,4
4736,-6.18,368197.0,4
4737,-8.42,141322.0,4
4746,-25.71,330541.0,4
4771,47.25,420175.0,4
6446,68.34,2064179.0,4
6472,-27.46,1484243.0,4
6491,19.9,674346.0,4
6534,4.36,229167.0,4
6589,-15.76,82208.0,4
6645,-15.51,34751.0,4
6657,89.9,809.0,4
6782,-7.87,371275.0,4
6794,-65.52,1894.0,4
6796,24.4,53972.0,4
6838,,0.0,4
6861,39.71,262160.0,4
6885,2152.94,766.0,4
6918,11.86,84868.0,4
6919,-70.79,3566.0,4
6931,12.72,105742.0,4
6934,546.62,4507.0,4
6936,27.2,132258.0,4
6949,107.9,2971.0,4
6955,5.29,28898.0,4
7799,-100.0,0.0,4
7803,-90.6,1446.0,4
1802,6.45,3930044.0,4
1806,-10.17,280410.0,4
1809,-10.67,215794.0,4
1810,-6.21,370499.0,4
1817,-2.21,223250.0,4
1903,10.8,13487.0,4
1904,16.52,3958958.0,4
1905,-5.44,1584513.0,4
1906,-20.69,245637.0,4
1907,8.23,6791204.0,4
1909,7.01,4351139.0,4
6790,8.37,967866.0,4
2002,2.14,30891428.0,4
2006,-3.19,5390636.0,4
2007,-21.68,397408.0,4
2008,-21.9,150287.0,4
2009,12.71,292477.0,4
2010,0.5,2142700.0,4
2012,-0.27,700361.0,4
2013,-9.14,1856866.0,4
2014,-9.99,2029450.0,4
2015,-9.63,2425948.0,4
2017,6.84,253481.0,4
2020,1.39,408757.0,4
2022,58.72,1131640.0,4
2023,-6.91,5990255.0,4
2024,0.86,92039.0,4
2025,112.02,200797.0,4
2027,37.67,12404843.0,4
2028,-31.98,598841.0,4
2029,2.13,1242285.0,4
2030,9.07,1008239.0,4
2031,-10.71,1701791.0,4
2032,12.5,313465.0,4
2033,12.18,63722.0,4
2034,2.28,1085586.0,4
2038,-14.72,734047.0,4
2069,-14.32,858279.0,4
2211,-7.12,1295218.0,4
3004,20.67,419391.0,4
5007,2.26,514954.0,4
9958,32.12,1766097.0,4
2101,150.64,2058841.0,4
2102,-29.93,13161.0,4
2103,18.97,3907129.0,4
2104,-15.59,1409917.0,4
2105,9.93,8639892.0,4
2106,8.92,3379609.0,4
2107,3.47,107022.0,4
2108,47.29,1309892.0,4
2109,7.42,408821.0,4
2114,6.38,140110.0,4
6582,-35.77,45723.0,4
1319,-14.11,2009033.0,4
1339,-10.01,141125.0,4
1512,-9.8,76632.0,4
1521,18.3,350408.0,4
1522,53.32,2205376.0,4
1524,1.77,219905.0,4
1525,4.35,107202.0,4
1533,72.76,476833.0,4
1536,-4.79,405210.0,4
1563,5.74,595372.0,4
1568,32.74,109320.0,4
1587,-11.76,197966.0,4
2201,3.92,5824010.0,4
2204,-5.22,2819361.0,4
2206,-8.89,5248208.0,4
2207,30.02,30160251.0,4
2227,4.58,1232355.0,4
2228,-7.66,408229.0,4
2231,8.16,273665.0,4
2233,8.31,297582.0,4
2237,193.4,329312.0,4
2241,65.61,95473.0,4
2247,-29.09,3606350.0,4
2254,-63.05,27356.0,4
2258,3.51,489724.0,4
2497,25.91,483302.0,4
3346,-15.07,686762.0,4
3717,,579784.0,4
4551,18.38,772365.0,4
6605,-1.48,1708058.0,4
6988,2.21,64890.0,4
7732,-35.57,70685.0,4
7736,-41.08,85044.0,4
7821,24.23,707689.0,4
2302,26.94,98375.0,4
2303,10.8,22663945.0,4
2329,4.81,1796132.0,4
2330,17.49,410725118.0,4
2337,153.71,5912524.0,4
2338,-6.58,487127.0,4
2340,-8.9,318886.0,4
2342,-3.46,171630.0,4
2344,182.22,19245022.0,4
2351,23.77,1175359.0,4
2363,87.15,345124.0,4
2369,30.2,571771.0,4
2379,11.27,12719097.0,4
2388,84.78,1114119.0,4
2401,14.11,684717.0,4
2408,717.33,25491201.0,4
2434,-1.25,4469.0,4
2436,30.47,390486.0,4
2441,13.19,1664695.0,4
2449,34.55,3743018.0,4
2451,594.43,7449251.0,4
2454,-4.13,46736664.0,4
2458,6.32,1141258.0,4
2481,8.76,1297399.0,4
3006,349.21,4634223.0,4
3014,-4.2,629131.0,4
3016,32.84,426660.0,4
3034,1.15,9225016.0,4
3035,-43.11,967008.0,4
3041,18.19,119639.0,4
3094,21.75,19531.0,4
3135,607.83,3852946.0,4
3150,-1.41,31450.0,4
3189,26.75,4072319.0,4
3257,-51.74,50337.0,4
3413,6.26,1869449.0,4
3443,156.85,4294033.0,4
3450,45.49,877785.0,4
3530,39.07,230866.0,4
3532,14.03,1168448.0,4
3545,-14.34,953517.0,4
3583,10.8,989044.0,4
3588,15.13,143205.0,4
3592,13.61,2318525.0,4
3686,-64.13,2061.0,4
3711,19.22,62247107.0,4
4919,1.58,2517624.0,4
4952,10.24,281211.0,4
4961,-3.36,1769815.0,4
4967,78.61,2014775.0,4
4968,-0.42,330073.0,4
5222,45.93,90819.0,4
5236,28.05,186962.0,4
5269,-17.54,958731.0,4
5285,28.37,582126.0,4
5471,25.38,328468.0,4
6202,6.87,318600.0,4
6239,32.49,7575240.0,4
6243,-59.18,27293.0,4
6257,24.53,1945727.0,4
6271,0.92,1035207.0,4
6515,50.51,989534.0,4
6526,14.31,2027866.0,4
6531,92.87,804148.0,4
6533,22.86,106862.0,4
6552,-33.81,103015.0,4
6695,-24.96,76304.0,4
6719,-12.13,383017.0,4
6756,10.47,168383.0,4
6770,32.46,5045881.0,4
6789,-0.61,774041.0,4
6799,8.85,92891.0,4
6909,54.77,36781.0,4
6921,-94.79,1276.0,4
6937,22.42,153213.0,4
7730,-25.76,41278.0,4
7768,-11.04,174671.0,4
7769,111.83,4362649.0,4
7822,77.97,238741.0,4
8016,37.25,2107516.0,4
8028,31.14,465234.0,4
8081,-4.46,745575.0,4
8110,14.99,638706.0,4
8131,40.53,998353.0,4
8150,32.22,2460488.0,4
8162,0.86,104317.0,4
8261,5.25,283913.0,4
8271,360.82,3739792.0,4
2301,24.51,16694759.0,4
2305,81.07,119663.0,4
2324,15.53,71979261.0,4
2331,13.04,1925310.0,4
2352,-1.84,16813651.0,4
2353,68.39,31311752.0,4
2356,36.53,84786839.0,4
2357,45.71,81915499.0,4
2362,11.41,1892545.0,4
2364,51.41,175642.0,4
2365,19.56,88062.0,4
2376,73.65,52267730.0,4
2377,-22.25,16358371.0,4
2380,3.94,285319.0,4
2382,120.71,339921315.0,4
2387,-9.06,1337703.0,4
2395,34.61,8269473.0,4
2397,38.32,1235401.0,4
2399,21.89,178126.0,4
2405,23.65,166950.0,4
2417,23.45,330428.0,4
2425,87.78,1694944.0,4
2432,130.07,407700.0,4
2465,175.79,863341.0,4
2495,36.72,137415.0,4
3002,6.66,73679.0,4
3005,8.33,3562907.0,4
3013,40.66,1321325.0,4
3017,71.62,15631449.0,4
3022,-3.71,637952.0,4
3046,93.6,698235.0,4
3057,33.62,54645.0,4
3060,11.73,356948.0,4
3231,111.98,283437176.0,4
3416,56.33,390694.0,4
3494,-4.51,81225.0,4
3515,-46.52,2741893.0,4
3652,34.55,257582.0,4
3701,-29.99,749863.0,4
3706,31.87,11633086.0,4
3712,-8.28,1641570.0,4
4916,50.22,424751.0,4
4938,-15.24,87189236.0,4
5258,22.4,721053.0,4
6117,6.25,304720.0,4
6128,-13.28,422683.0,4
6166,63.16,1510756.0,4
6206,44.47,640934.0,4
6230,11.98,828406.0,4
6235,-13.38,518334.0,4
6277,12.51,439785.0,4
6414,22.13,14563934.0,4
6579,6.75,756498.0,4
6669,29.66,82730996.0,4
6831,-24.32,213124.0,4
6928,-20.36,130526.0,4
7711,-44.22,1638017.0,4
8114,-27.99,1713776.0,4
8163,9.51,2591600.0,4
8210,4.63,2066292.0,4
9912,-18.27,38816.0,4
2323,-1.52,601758.0,4
2349,-1.14,755281.0,4
2374,62.53,1081399.0,4
2393,-2.92,1754053.0,4
2406,143.29,1053239.0,4
2409,-4.48,22100381.0,4
2426,-9.65,209493.0,4
2429,10.74,28936.0,4
2438,-28.01,38300.0,4
2466,-27.2,70822.0,4
2486,21.16,667114.0,4
2489,14.27,2348232.0,4
2491,0.72,15773.0,4
3008,24.47,5362271.0,4
3019,20.02,2490022.0,4
3024,-70.82,69370.0,4
3031,17.79,123453.0,4
3038,-6.45,246927.0,4
3049,-72.14,32853.0,4
3050,3.91,103138.0,4
3051,-5.71,175501.0,4
3059,14.98,770262.0,4
3149,-19.15,170174.0,4
3168,7.76,312439.0,4
3356,20.67,107307.0,4
3406,24.8,2314440.0,4
3437,-22.17,115806.0,4
3481,11.79,21237435.0,4
3504,2.23,243545.0,4
3535,-2.49,19812.0,4
3543,-8.76,288901.0,4
3563,3.74,343253.0,4
3576,2.21,225401.0,4
3591,1.29,232692.0,4
3622,19.22,137524.0,4
3714,4.27,2100067.0,4
4934,108.38,14433.0,4
4942,-8.75,457072.0,4
4949,43.91,316030.0,4
4956,16.45,125114.0,4
4960,-5.56,705325.0,4
4976,0.95,93781.0,4
5234,2.18,410505.0,4
5244,-9.74,66437.0,4
5484,16.83,53820.0,4
6116,2.84,1034587.0,4
6120,-24.3,1339844.0,4
6164,6.81,86688.0,4
6168,10.1,192682.0,4
6176,-8.5,3705977.0,4
6209,66.88,414771.0,4
6225,-80.36,1406.0,4
6226,17.32,64020.0,4
6278,3.91,4505780.0,4
6405,-100.0,0.0,4
6443,-15.58,71671.0,4
6477,22.94,81841.0,4
6668,10.19,101538.0,4
6706,-41.83,53989.0,4
6742,-49.51,30704.0,4
6916,8.1,198886.0,4
8104,-24.45,283433.0,4
8105,-4.55,688138.0,4
8215,7.19,1675054.0,4
2314,89.93,195164.0,4
2321,8.54,59495.0,4
2332,18.53,1205410.0,4
2345,53.86,27360301.0,4
2412,7.6,20497863.0,4
2419,-18.78,453031.0,4
2424,150.78,15092.0,4
2439,-1.78,3233301.0,4
2444,-13.99,72324.0,4
2450,24.7,2975983.0,4
2455,37.74,318595.0,4
2485,38.26,381286.0,4
2498,-3.45,151378.0,4
3025,76.45,38601.0,4
3027,-79.48,90290.0,4
3045,1.79,15669304.0,4
3047,-28.36,252612.0,4
3062,5.89,305286.0,4
3138,16.58,169789.0,4
3311,4.94,199228.0,4
3380,-30.94,1093745.0,4
3419,-0.17,143347.0,4
3447,8.59,305573.0,4
3596,1.16,4528964.0,4
3669,17.04,231990.0,4
3694,-3.35,896478.0,4
3704,43.38,2881177.0,4
4904,11.33,9539711.0,4
4906,-23.21,1148673.0,4
5388,65.52,6860554.0,4
6136,26.78,50373.0,4
6142,-22.97,137165.0,4
6152,116.93,253910.0,4
6216,-42.06,51520.0,4
6285,15.64,11401006.0,4
6416,-7.28,315305.0,4
6426,76.49,69831.0,4
6442,-16.2,886439.0,4
6674,8.59,42958.0,4
6792,-0.42,123132.0,4
7689,92.0,703035.0,4
8011,-15.52,103254.0,4
8045,95.94,234095.0,4
8101,-11.23,34038.0,4
1471,-52.37,8003.0,4
1582,-1.13,770932.0,4
2059,79.13,2595892.0,4
2308,43.91,58691652.0,4
2313,-2.86,6315284.0,4
2316,74.29,429719.0,4
2327,22.04,14039098.0,4
2328,-16.55,1735748.0,4
2355,-3.09,1390749.0,4
2367,-22.49,1201610.0,4
2368,58.4,7289761.0,4
2375,-0.28,529114.0,4
2383,93.61,13923687.0,4
2385,-9.36,7272740.0,4
2392,-5.5,6222374.0,4
2402,15.19,1070894.0,4
2413,16.43,311415.0,4
2415,3.98,216478.0,4
2420,5.49,202918.0,4
2421,14.98,1871491.0,4
2428,19.34,862401.0,4
2431,-47.88,22422.0,4
2440,13.89,406091.0,4
2457,-9.39,780343.0,4
2460,57.62,429222.0,4
2462,-8.76,353831.0,4
2467,86.98,891188.0,4
2472,14.52,1195891.0,4
2476,24.68,813274.0,4
2478,11.58,542152.0,4
2483,13.22,186813.0,4
2484,0.03,233708.0,4
2492,16.03,3705150.0,4
2493,-3.1,300392.0,4
3003,22.67,480745.0,4
3011,-42.72,36046.0,4
3015,-12.74,1075247.0,4
3021,7.17,260219.0,4
3023,14.96,2959788.0,4
3026,21.12,1427465.0,4
3032,-5.63,944485.0,4
3037,27.63,13932815.0,4
3042,1.41,1288708.0,4
3044,28.89,8201133.0,4
3058,1.94,307907.0,4
3090,28.14,1843306.0,4
3092,-15.42,131534.0,4
3229,56.26,148544.0,4
3296,8.21,146327.0,4
3308,-7.05,514.0,4
3321,11.2,203881.0,4
3338,-6.54,324635.0,4
3376,-10.02,907189.0,4
3432,39.39,16938.0,4
3501,-18.52,429480.0,4
3533,15.21,3391879.0,4
3550,25.21,448134.0,4
3593,-51.1,74983.0,4
3605,16.5,1124603.0,4
3607,-11.2,246692.0,4
3645,16.43,237109.0,4
3653,26.91,2311149.0,4
3679,-2.57,355781.0,4
3715,31.22,2065738.0,4
4545,22.6,222618.0,4
4915,13.41,5468320.0,4
4989,28.88,379342.0,4
4999,-15.21,157171.0,4
5469,6.05,5407034.0,4
6108,41.86,524776.0,4
6115,15.42,738560.0,4
6133,1.24,126568.0,4
6141,19.57,195709.0,4
6153,-14.42,451872.0,4
6155,15.38,67085.0,4
6191,1.77,3207102.0,4
6197,5.25,807360.0,4
6205,-20.42,105073.0,4
6213,13.78,3513470.0,4
6224,-4.84,269497.0,4
6269,0.46,1982505.0,4
6272,-25.22,316502.0,4
6282,34.61,3152125.0,4
6412,-11.89,2635952.0,4
6449,26.3,463592.0,4
6715,-11.57,164420.0,4
6805,59.05,1353125.0,4
6834,32.24,179399.0,4
6835,-4.89,222739.0,4
7788,16.37,698719.0,4
7795,13.53,160635.0,4
8039,-1.35,946534.0,4
8046,39.46,4450857.0,4
8103,21.58,371884.0,4
8213,3.66,1804874.0,4
8249,42.77,395759.0,4
2347,83.27,57336402.0,4
2414,18.82,2967008.0,4
2430,-1.88,1458401.0,4
3010,12.64,8032767.0,4
3028,106.27,6995627.0,4
3033,15.18,11405630.0,4
3036,78.69,211019731.0,4
3048,22.18,13078408.0,4
3055,336.3,126141.0,4
3209,83.84,6945416.0,4
3312,20.8,2431841.0,4
3528,83.23,1108974.0,4
3702,38.73,127337859.0,4
5434,16.41,6776034.0,4
6189,-5.77,2650553.0,4
6281,1.59,1677747.0,4
6776,45.95,3059651.0,4
6908,9.01,450368.0,4
8070,28.14,2049007.0,4
8072,2.88,126711.0,4
8112,55.95,35061095.0,4
2427,31.06,457108.0,4
2453,3.17,613542.0,4
2468,-16.68,175965.0,4
2471,6.06,73667.0,4
2480,7.95,769552.0,4
3029,14.18,2365355.0,4
4994,3.58,107531.0,4
5203,-10.8,190805.0,4
6112,26.91,2193062.0,4
6183,12.31,217237.0,4
6214,28.33,4197643.0,4
2312,-3.48,12122634.0,4
2317,29.73,832097956.0,4
2354,-49.36,6527105.0,4
2359,20.73,357176.0,4
2360,128.89,4865716.0,4
2373,-1.83,946781.0,4
2390,-10.78,51609.0,4
2404,102.22,8106870.0,4
2423,6.39,269233.0,4
2433,-0.23,228111.0,4
2459,-4.15,433697.0,4
2461,3.08,447942.0,4
2464,23.08,654287.0,4
2474,-36.18,958623.0,4
2477,27.19,197758.0,4
2482,-11.15,41924.0,4
2488,29.77,303410.0,4
3018,-23.48,27228.0,4
3030,62.5,1112168.0,4
3043,16.04,96169.0,4
3305,60.16,1465062.0,4
3518,-38.27,18036.0,4
3617,1.21,1027694.0,4
4585,16.3,142154.0,4
4588,-83.84,11735.0,4
6139,70.59,8535655.0,4
6192,33.19,871199.0,4
6196,46.33,6629812.0,4
6201,-13.53,248946.0,4
6215,86.85,332536.0,4
6283,24.88,158624.0,4
6409,-12.87,1764494.0,4
6438,32.58,638366.0,4
6558,0.65,103961.0,4
6658,-20.63,239798.0,4
6691,66.7,2858881.0,4
6698,-44.63,45754.0,4
6722,-7.59,410164.0,4
6743,11.82,454139.0,4
6830,20.23,211780.0,4
7631,68.76,135463.0,4
8021,63.17,524976.0,4
8201,9.84,39763.0,4
2616,17.22,774790.0,4
6505,33.01,61522374.0,4
8926,532.8,6786813.0,4
9908,-0.91,284311.0,4
9918,1.84,196699.0,4
9926,-1.61,208856.0,4
9931,-4.5,141686.0,4
9937,7.66,2069469.0,4
1316,115.49,683935.0,4
1436,-25.38,53737.0,4
1438,,11986.0,4
1439,20.82,5530.0,4
1442,-76.32,74336.0,4
1453,1.61,126.0,4
1456,23.7,64095.0,4
1472,-8.15,307212.0,4
1805,-98.59,114.0,4
1808,6493.74,2246357.0,4
2442,168.44,177523.0,4
2501,13.23,1122755.0,4
2504,-10.23,1807448.0,4
2505,-166.94,-972.0,4
2506,182.92,172524.0,4
2509,-8.58,20392.0,4
2511,-16.81,663157.0,4
2515,52.62,2162339.0,4
2516,-44.54,513491.0,4
2520,66.98,2622652.0,4
2524,-48.77,135759.0,4
2527,3.72,28945.0,4
2528,-98.92,17292.0,4
2530,-96.83,834.0,4
2534,-96.85,32980.0,4
2535,-20.42,1982630.0,4
2536,-97.02,42103.0,4
2537,5302.61,28958.0,4
2538,32.82,26244.0,4
2539,559.09,2065071.0,4
2540,-36.53,533387.0,4
2542,4077.65,7166899.0,4
2543,62.14,1339818.0,4
2545,102.09,1055932.0,4
2546,19.07,1925436.0,4
2547,-17.07,352005.0,4
2548,28465.96,960102.0,4
2597,16.52,2729069.0,4
3052,34.23,486163.0,4
3056,-25.02,79478.0,4
3266,78.53,163312.0,4
3703,-9.39,2154919.0,4
5515,7.59,631972.0,4
5519,-23.13,117533.0,4
5521,-6.62,874239.0,4
5522,743.3,229101.0,4
5525,1375.79,597477.0,4
5531,-21.35,44630.0,4
5533,-27.59,99268.0,4
5534,13.56,214893.0,4
6177,264.82,529479.0,4
9906,995635.71,139403.0,4
9946,7453.41,250849.0,4
2208,132.18,1937449.0,4
2601,-64.59,123245.0,4
2603,4.51,31359253.0,4
2605,-5.45,403239.0,4
2606,38.66,1691302.0,4
2607,1.4,1436642.0,4
2608,-2.31,1048129.0,4
2609,13.88,14227637.0,4
2610,16.49,20854472.0,4
2611,119.47,127666.0,4
2612,9.04,434939.0,4
2613,6.09,292716.0,4
2615,13.05,12930770.0,4
2617,9.11,388517.0,4
2618,18.89,21968792.0,4
2630,-22.88,310148.0,4
2633,6.25,4798429.0,4
2634,12.25,2899371.0,4
2636,10.46,1889049.0,4
2642,-17.01,256565.0,4
2645,11.74,1708805.0,4
2646,30.12,4680260.0,4
5607,35.12,434938.0,4
5608,-1.07,264867.0,4
6753,49.51,488017.0,4
6757,26.46,1651863.0,4
8367,16.67,285567.0,4
2701,-10.33,20632.0,4
2702,1.78,117380.0,4
2704,7.05,101458.0,4
2705,-10.33,172158.0,4
2706,4.29,30017.0,4
2707,0.55,513143.0,4
2712,2.5,39497.0,4
2722,0.01,48918.0,4
2727,13.12,1926868.0,4
2731,9.81,2727755.0,4
2739,5.94,391112.0,4
2748,5.02,173447.0,4
2753,7.91,761091.0,4
5706,-20.47,279496.0,4
7705,1.86,488432.0,4
7760,-7.03,82147.0,4
8940,5.41,84351.0,4
9943,-6.9,171974.0,4
2801,8.79,4178018.0,4
2812,69.85,2402853.0,4
2816,78.73,1920778.0,4
2820,46.36,374949.0,4
2832,13.87,886280.0,4
2834,5.89,3100269.0,4
2836,9.16,423864.0,4
2838,62.81,2399145.0,4
2845,31.98,1206686.0,4
2849,27.51,584637.0,4
2850,64.58,2791092.0,4
2851,605.13,3681428.0,4
2852,4.4,795443.0,4
2855,1002.14,4443710.0,4
2867,577.21,19308775.0,4
2880,59.58,7232756.0,4
2881,219.78,53356168.0,4
2882,153.91,30515220.0,4
2883,144.3,13466790.0,4
2884,47.81,10046680.0,4
2885,324.89,17253767.0,4
2886,63.03,9055059.0,4
2887,673.61,17221187.0,4
2889,3640.85,1502403.0,4
2890,87.36,9512201.0,4
2891,1120.57,19691968.0,4
2892,41.98,7321915.0,4
2897,29.44,1048231.0,4
5876,-7.14,4216556.0,4
5880,65.45,6093827.0,4
6005,301.6,4647819.0,4
6024,-60.7,157292.0,4
2901,-4.73,10479.0,4
2903,0.54,2532886.0,4
2905,352.95,26545278.0,4
2906,4.93,654567.0,4
2908,4.55,2866820.0,4
2910,4.68,42997.0,4
2911,-41.19,121814.0,4
2912,4.88,29913625.0,4
2913,-14.08,37301.0,4
2915,-21.38,156993.0,4
2945,38.55,1655808.0,4
8443,1.42,79552.0,4
2072,78.33,1637460.0,4
3708,37.34,108570.0,4
4582,286.94,215909.0,4
5292,-28.63,151353.0,4
6581,53.88,372826.0,4
6771,-7.81,47492.0,4
6869,-61.47,537318.0,4
6873,-35.54,430739.0,4
6923,31.98,118842.0,4
6944,32.08,1517412.0,4
6947,-5.69,107226.0,4
6951,33.23,78306.0,4
6969,-24.11,21243.0,4
6994,41.16,196474.0,4
7610,345.32,559985.0,4
7740,2905.18,1684524.0,4
7786,52.31,1288907.0,4
7818,-13.66,1057317.0,4
8341,26.65,372912.0,4
8422,-11.49,388569.0,4
8438,36.37,436040.0,4
8473,19.77,343710.0,4
8476,-37.44,96686.0,4
9930,-11.46,1135592.0,4
9955,7.12,136842.0,4
3130,9.28,245030.0,4
6165,4.52,263776.0,4
6614,7.76,340399.0,4
6689,-11.22,1023839.0,4
6902,21.14,98842.0,4
6906,1.68,21886.0,4
7721,49.59,61277.0,4
7722,11.43,657149.0,4
7765,75.03,245804.0,4
7835,36.16,26268.0,4
8454,1.32,8280847.0,4
8487,-8.26,86925.0,4
1432,-39.78,66522.0,4
1598,-16.34,452726.0,4
1736,6.39,3998082.0,4
4536,-17.22,860700.0,4
5306,7.17,497012.0,4
6670,28.91,2761450.0,4
8462,20.71,581129.0,4
8478,-25.09,458894.0,4
9904,3.84,22344460.0,4
9910,-6.16,6819942.0,4
9914,-14.32,2189332.0,4
9921,-3.14,5547234.0,4
2062,23.17,620113.0,4
3557,-6.3,262733.0,4
6754,-19.57,260618.0,4
8464,-5.29,2625171.0,4
9911,6.42,854886.0,4
9924,3.13,602736.0,4
9934,3.17,1566853.0,4
9935,9.36,412414.0,4
1342,44.52,349263.0,4
1416,26.51,33560.0,4
1435,0.0,499.0,4
1437,-16.13,57062.0,4
1443,-4.58,80482.0,4
1516,,7470.0,4
2348,-82.39,139604.0,4
2496,5.59,73266.0,4
2514,2.81,1703332.0,4
2614,-12.98,406239.0,4
2904,-18.53,36122.0,4
3040,-1.27,10384.0,4
6184,6.06,186916.0,4
6464,11.28,390295.0,4
6504,4.3,594834.0,4
6585,27.45,324912.0,4
6592,-2.97,1974054.0,4
6625,15.64,351163.0,4
6655,29.6,280702.0,4
6901,331.07,566245.0,4
6914,6.81,476228.0,4
6952,53.75,200192.0,4
6958,-12.85,829683.0,4
7855,7.98,2673463.0,4
8033,6.42,109428.0,4
8463,5.99,629039.0,4
8481,-0.68,101082.0,4
9902,1.09,9545.0,4
9905,18.32,834922.0,4
9907,-20.04,3516536.0,4
9917,2.82,1589951.0,4
9919,8.51,215684.0,4
9925,1.02,670420.0,4
9927,18.74,815646.0,4
9928,0.02,60735.0,4
9929,41.74,62445.0,4
9933,-24.2,6328540.0,4
9938,-4.12,1334019.0,4
9939,13.55,2786599.0,4
9940,22.11,942245.0,4
9941,-4.67,3313416.0,4
9942,13.99,410263.0,4
9944,0.89,239649.0,4
9945,58.77,3938612.0,4
1256,56.2,455560.0,4
1337,-31.32,42068.0,4
1340,-81.22,5277.0,4
1341,18.06,265857.0,4
4439,21.19,685364.0,4
1589,16.56,765250.0,4
1590,25.23,4342337.0,4
4552,-5.71,320164.0,4
4560,14.39,174042.0,4
4571,10.39,235520.0,4
5288,24.84,739443.0,4
1626,-10.14,960282.0,4
4763,-41.52,877660.0,4
4137,4.46,348801.0,4
4148,55.04,362005.0,4
4178,29.69,32673.0,4
4190,5.22,179900.0,4
6431,31.21,41697.0,4
6541,914.88,86793.0,4
6550,-57.12,1668.0,4
6598,41.83,60981.0,4
6666,12.24,114469.0,4
7827,,9542.0,4
5538,11.28,1288935.0,4
1338,12.1,458159.0,4
2115,16.39,337194.0,4
2236,5.19,954692.0,4
2239,-6.66,1715526.0,4
2243,15.41,91838.0,4
2248,58.99,232847.0,4
2250,-8.53,279563.0,4
4557,-29.11,288389.0,4
4569,0.74,150342.0,4
4581,8.42,111929.0,4
3661,-32.31,2132653.0,4
6415,28.13,2014046.0,4
6451,-2.78,641118.0,4
6525,18.29,539678.0,4
6573,-19.63,63875.0,4
6854,-7.36,48907.0,4
6962,-3.9,1660220.0,4
7749,39.5,191114.0,4
5215,72.73,367757.0,4
6591,-52.81,90424.0,4
6933,50.74,665135.0,4
3673,5.82,6803844.0,4
4935,-35.5,328126.0,4
5243,-9.44,1045709.0,4
6456,-34.46,3893399.0,4
4977,-43.18,58031.0,4
6863,45.59,522602.0,4
4912,30.44,615548.0,4
4927,-8.09,919126.0,4
4943,45.87,192263.0,4
4958,11.82,15196261.0,4
6672,36.92,510001.0,4
6781,16.56,1522539.0,4
6862,-49.12,141437.0,4
6924,54.38,205890.0,4
3665,18.54,7382955.0,4
5225,-11.27,834886.0,4
8499,95.5,333108.0,4
2923,160.84,580523.0,4
5546,-57.84,108838.0,4
2637,21.23,1645848.0,4
2723,-15.51,1368644.0,4
2929,-4.39,147514.0,4
2939,6.79,21890.0,4
4807,47.28,173098.0,4
5906,12.68,136774.0,4
5907,11.28,248163.0,4
8429,-2.46,14302.0,4
6641,41.97,193190.0,4
6887,-13.1,298282.0,4
7823,15.64,29166.0,4
2762,10.48,970752.0,4
6768,5.91,2124895.0,4
6890,-9.22,4211254.0,4
6965,-0.61,1746047.0,4
8467,40.53,234216.0,4
9802,9.68,1635429.0,4
6671,7.16,186287.0,4
6807,-26.79,295730.0,4
8482,16.33,279317.0,4
5284,54.65,394534.0,4
5871,-3.86,7950143.0,4
6957,53.31,368407.0,4
8404,1.96,681932.0,4
8411,27.88,760087.0,4
8442,9.24,739826.0,4
8466,-30.6,208194.0,4
8488,67.98,329467.0,4
9105,5.4,10511786.0,4
912000,-13.79,91627.0,4
1264,2.72,555509.0,5
1294,31.23,68286.0,5
1295,-23.38,80334.0,5
1780,57.04,92237.0,5
1796,-8.89,46907.0,5
4205,-7.45,158638.0,5
4207,5.63,477789.0,5
6846,-20.36,64708.0,5
7743,41.27,77629.0,5
4303,0.38,101674.0,5
4304,-3.13,23933.0,5
4305,-18.29,87982.0,5
9950,-20.05,143085.0,5
4401,23.23,374566.0,5
4402,69.46,3086.0,5
4406,-79.26,9909.0,5
4413,-47.35,28695.0,5
4417,-3.42,314919.0,5
4420,-8.88,79325.0,5
4432,-38.43,66725.0,5
4433,-52.66,129666.0,5
6506,7.63,177754.0,5
1570,-0.2,57570.0,5
1580,-10.98,359012.0,5
1586,17.25,198262.0,5
1599,-40.18,145180.0,5
2066,8.22,252913.0,5
2067,-17.0,77699.0,5
2070,-10.58,50374.0,5
2235,61.88,52532.0,5
3162,21.85,778108.0,5
3226,-1.83,114786.0,5
3379,-62.48,31661.0,5
3685,5.77,86085.0,5
4502,23.67,105121.0,5
4503,18.04,71142.0,5
4506,0.58,558786.0,5
4510,-2.6,127957.0,5
4513,33.52,99698.0,5
4523,72.14,102281.0,5
4527,40.07,256273.0,5
4528,9.36,116583.0,5
4533,9.53,415187.0,5
4534,36.46,79920.0,5
4535,3.87,227178.0,5
4538,23.96,37327.0,5
4543,0.02,76936.0,5
4549,-2.27,110415.0,5
4550,-5.28,41218.0,5
4558,36.06,170978.0,5
4561,15.01,93818.0,5
4563,-34.19,195688.0,5
4568,-4.66,95067.0,5
4580,1.89,195847.0,5
4584,-15.05,86789.0,5
5381,39.28,130372.0,5
6122,-16.73,264149.0,5
6125,79.19,352260.0,5
6425,44.84,185601.0,5
6603,-28.29,398036.0,5
6609,-26.71,186605.0,5
6843,-5.98,49930.0,5
6982,38.66,179858.0,5
7642,4.02,75042.0,5
7709,53.99,89989.0,5
7718,-2.84,228074.0,5
8027,140.17,222997.0,5
8083,-17.52,132072.0,5
8107,-31.67,49095.0,5
8255,-11.62,618616.0,5
9951,2.65,520714.0,5
2061,15.72,115938.0,5
1742,0.7,8518.0,5
3430,6.24,141374.0,5
4706,24.82,94197.0,5
4707,-5.3,98617.0,5
4711,8.86,74105.0,5
4714,80.92,219180.0,5
4716,-19.09,38154.0,5
4721,2.08,303188.0,5
4741,30.27,51760.0,5
4754,23.15,65798.0,5
4767,-6.5,75570.0,5
4768,64.24,97605.0,5
4772,241.18,307698.0,5
6509,-5.42,406355.0,5
1565,-16.7,275324.0,5
1777,-6.73,109249.0,5
1781,89.11,40051.0,5
1784,14.96,110790.0,5
1788,4.32,345186.0,5
1799,64.3,56844.0,5
1813,-10.42,25417.0,5
3118,-9.14,49400.0,5
3176,-19.8,95518.0,5
3205,129.6,86934.0,5
3218,6.61,370737.0,5
4102,27.68,48430.0,5
4105,-3.59,518352.0,5
4107,14.25,197310.0,5
4109,13.23,39643.0,5
4111,0.27,124855.0,5
4114,12.89,600758.0,5
4116,1.21,456730.0,5
4120,-11.04,348844.0,5
4121,-3.49,317886.0,5
4123,8.07,138458.0,5
4126,-1.96,212213.0,5
4127,27.02,60559.0,5
4128,4.11,158261.0,5
4129,19.54,500595.0,5
4131,135.43,33627.0,5
4138,-2.5,107551.0,5
4147,42.94,63343.0,5
4153,-3.99,75705.0,5
4160,4.1,47161.0,5
4161,73.81,95982.0,5
4162,51.88,28152.0,5
4163,8.07,220578.0,5
4166,-0.9,113021.0,5
4167,-23.04,87983.0,5
4168,-100.0,0.0,5
4173,-6.44,109742.0,5
4174,-59.54,1516.0,5
4175,-4.93,656243.0,5
4183,-30.93,40448.0,5
4188,-8.73,2183.0,5
4192,-18.73,2724.0,5
4198,-50.79,7843.0,5
4726,-39.73,42508.0,5
4728,23.84,191282.0,5
4735,2.98,84135.0,5
4743,1.85,7785.0,5
4744,25.81,62089.0,5
4747,15.66,52506.0,5
4905,-0.52,74733.0,5
4911,-56.86,11585.0,5
5312,17.42,383170.0,5
6130,35.68,17086.0,5
6242,7.93,58010.0,5
6461,-47.06,7112.0,5
6469,2.83,1683713.0,5
6492,-3.61,80.0,5
6496,6.9,77752.0,5
6499,-6.3,33001.0,5
6523,-16.76,54800.0,5
6527,-4.39,87482.0,5
6535,-64.54,78.0,5
6547,-25.03,34768.0,5
6569,49.78,171360.0,5
6574,39.43,69603.0,5
6576,749.55,118488.0,5
6612,43.3,118200.0,5
6615,-1.73,33741.0,5
6620,-24.35,71266.0,5
6637,-91.04,47088.0,5
6649,-9.94,12297.0,5
6661,33.4,43136.0,5
6662,-19.39,19301.0,5
6703,16.78,307754.0,5
6712,25.04,90609.0,5
6730,6.48,41781.0,5
6733,-14.54,16010.0,5
6762,13.0,70452.0,5
6767,1.92,26273.0,5
6785,-20.19,1000.0,5
6841,12.85,37170.0,5
6844,0.13,309678.0,5
6872,-51.76,821.0,5
6875,-100.0,0.0,5
6929,-0.17,282876.0,5
6945,,0.0,5
6986,10.1,46785.0,5
7713,20.55,111315.0,5
7814,-29.75,4481.0,5
8279,-10.82,182458.0,5
8403,9.65,367624.0,5
8409,16.54,13629.0,5
8432,34.45,126070.0,5
8436,-9.74,504638.0,5
2035,26.58,984709.0,5
2063,-4.31,80847.0,5
2064,26.94,152369.0,5
2065,18.56,181618.0,5
2073,111.44,94285.0,5
4950,33.31,130300.0,5
5009,2.81,1055500.0,5
5011,-13.41,376982.0,5
5013,14.48,727340.0,5
5014,14.49,1259859.0,5
5015,-25.6,109137.0,5
5016,14.86,213940.0,5
6248,-27.85,523833.0,5
8349,2.98,967768.0,5
8415,20.69,2331956.0,5
8930,-9.43,117787.0,5
9962,-2.33,151175.0,5
1595,173.84,89998.0,5
3105,40.29,1755488.0,5
3122,2.07,26104.0,5
3131,7.17,559081.0,5
3141,19.88,183105.0,5
3169,3.22,87290.0,5
3178,10.04,120184.0,5
3227,10.33,867675.0,5
3228,37.7,28741.0,5
3259,5.37,23645.0,5
3260,210.43,12942597.0,5
3264,32.95,1517840.0,5
3265,22.05,484227.0,5
3268,4.36,99121.0,5
3317,-13.07,213901.0,5
3372,15.7,110372.0,5
3374,43.31,696852.0,5
3438,-15.46,78133.0,5
3467,36.81,71530.0,5
3527,15.91,134860.0,5
3529,12.03,305058.0,5
3555,904.24,59682.0,5
3556,28.74,103337.0,5
3567,-1.41,23169.0,5
3581,1.69,112105.0,5
3675,24.41,267072.0,5
3680,15.95,677726.0,5
3707,27.97,590343.0,5
4749,10.41,425602.0,5
4923,20.41,85063.0,5
4951,-0.19,46742.0,5
4973,187.19,835191.0,5
5272,2.87,31607.0,5
5274,68.73,1282174.0,5
5299,2.19,134304.0,5
5302,107.48,3384.0,5
5344,6.15,31344.0,5
5347,19.47,4241870.0,5
5351,605.48,1663061.0,5
5425,11.8,1767220.0,5
5443,-43.76,255519.0,5
5468,34.63,11713.0,5
5483,5.67,6713365.0,5
5487,0.55,13439.0,5
6103,22.19,5737.0,5
6104,1.66,363118.0,5
6129,26.96,118936.0,5
6138,15.41,686201.0,5
6147,19.1,2158094.0,5
6182,11.93,889185.0,5
6187,43.77,728869.0,5
6208,12.44,358165.0,5
6223,57.81,1907342.0,5
6229,76.7,265143.0,5
6233,8.38,37542.0,5
6237,33.54,46623.0,5
6261,4.7,348979.0,5
6291,16.1,219556.0,5
6411,17.6,233834.0,5
6423,16.86,12789.0,5
6435,22.19,317877.0,5
6462,135.52,901725.0,5
6485,-5.85,91159.0,5
6488,-3.29,4842007.0,5
6494,79.43,157688.0,5
6510,34.09,542510.0,5
6532,36.44,72554.0,5
6548,36.65,1429567.0,5
6568,-15.93,85881.0,5
6640,-43.38,147143.0,5
6643,-17.95,127838.0,5
6651,12.46,155603.0,5
6679,7.36,180729.0,5
6683,12.31,202710.0,5
6684,41.29,38966.0,5
6693,115.16,213788.0,5
6708,-3.46,27299.0,5
6716,31.65,133903.0,5
6720,-6.37,37521.0,5
6732,-32.13,316076.0,5
6788,24.96,268910.0,5
6823,15.43,52828.0,5
6829,37.24,179954.0,5
6895,-28.61,42358.0,5
6953,-17.01,106356.0,5
6996,66.13,299726.0,5
7556,16.62,73392.0,5
7704,2.08,70921.0,5
7712,2.67,135803.0,5
7734,137.06,289802.0,5
7751,56.14,243271.0,5
7770,-55.13,25556.0,5
7772,-41.26,21845.0,5
7810,91.29,76203.0,5
7828,258.64,112352.0,5
8024,41.71,19399.0,5
8040,57.69,88547.0,5
8054,382.5,693474.0,5
8086,36.98,442716.0,5
8088,59.63,151418.0,5
8091,82.23,300094.0,5
8102,21.41,42442.0,5
8227,75.61,181394.0,5
8277,-42.68,12605.0,5
8299,301.22,22827979.0,5
8383,46.09,393095.0,5
1569,-0.78,303922.0,5
3071,38.53,267695.0,5
3088,49.04,859779.0,5
3211,-10.82,1163028.0,5
3213,78.78,364651.0,5
3272,-33.89,183330.0,5
3287,15.75,68091.0,5
3323,-4.19,386503.0,5
3325,-74.91,25885.0,5
3349,17.94,57797.0,5
3479,10.81,779365.0,5
3483,-16.37,791272.0,5
3540,-20.29,323842.0,5
3577,8.18,132460.0,5
3594,53.26,260830.0,5
3611,6.91,1094139.0,5
3625,5.62,32071.0,5
3693,24.81,663707.0,5
3709,1.5,3473688.0,5
4931,178.64,415943.0,5
5289,640.8,7564591.0,5
5356,40.47,329610.0,5
5386,412.79,2430798.0,5
5426,7.03,144905.0,5
5438,-56.77,56839.0,5
5465,-46.62,258462.0,5
5474,-6.68,126684.0,5
5490,23.94,139102.0,5
6121,4.04,6956004.0,5
6150,-53.6,347805.0,5
6160,-44.89,77698.0,5
6161,82.74,161298.0,5
6188,-11.87,635905.0,5
6228,25.55,3248.0,5
6276,-52.91,58411.0,5
6441,-66.84,10123.0,5
6570,32.11,116745.0,5
6577,-0.73,166134.0,5
6680,23.98,46293.0,5
6922,87.84,220530.0,5
8050,4.04,573738.0,5
8076,40.4,280223.0,5
8234,-1.47,521897.0,5
8410,-33.4,78933.0,5
3066,83.95,23283.0,5
3128,-23.51,71656.0,5
3230,9.84,35957.0,5
3297,8.87,18932.0,5
3339,-26.58,68949.0,5
3362,-13.85,315235.0,5
3434,-31.82,41887.0,5
3441,46.18,41789.0,5
3455,13.96,146407.0,5
3490,-2.15,19735.0,5
3516,32.3,85962.0,5
3523,-30.51,3743.0,5
3531,-34.63,79652.0,5
3615,-32.05,57003.0,5
3623,-43.18,13201.0,5
3630,5.68,201001.0,5
3666,64.27,56306.0,5
3691,131.16,894608.0,5
4729,-7.22,86174.0,5
4933,-10.47,234259.0,5
4972,4.5,95081.0,5
4995,8.0,116018.0,5
5220,21.77,74528.0,5
5230,9.37,116163.0,5
5245,11.43,73037.0,5
5251,17.56,31505.0,5
5315,-14.46,145797.0,5
5371,6.05,3242705.0,5
5392,3.88,738182.0,5
6167,0.83,102138.0,5
6222,-68.42,162.0,5
6234,33.87,53828.0,5
6244,31.54,294377.0,5
6246,-13.3,112427.0,5
6419,368.78,142572.0,5
6498,29.21,130969.0,5
6517,-35.43,32475.0,5
6556,29.87,137470.0,5
6560,1.51,15511.0,5
6859,-55.49,51369.0,5
6899,-2.41,96303.0,5
7402,-38.29,32031.0,5
7753,-20.1,60943.0,5
8049,8.94,112711.0,5
8064,-17.5,155631.0,5
8069,0.97,3280358.0,5
8111,-5.79,68655.0,5
8240,3.85,557744.0,5
3081,118.83,405322.0,5
3095,11.8,58419.0,5
3152,17.65,136114.0,5
3163,29.97,211521.0,5
3221,14.68,212744.0,5
3234,13.33,57152.0,5
3306,26.01,113154.0,5
3363,-24.8,143800.0,5
3466,0.3,8519.0,5
3491,57.23,296253.0,5
3499,-26.04,25985.0,5
3558,-9.49,1195825.0,5
3564,16.62,234813.0,5
3632,54.3,25155.0,5
3672,87.63,12969.0,5
3684,21.15,109156.0,5
4903,26.0,104519.0,5
4908,38.46,90035.0,5
4909,-12.9,17850.0,5
4979,21.07,421247.0,5
5353,33.57,197365.0,5
6109,13.23,74344.0,5
6143,-6.76,688866.0,5
6170,-4.18,250883.0,5
6190,30.13,976112.0,5
6218,-39.27,75768.0,5
6241,22.88,75580.0,5
6245,14.11,517944.0,5
6263,6.19,157754.0,5
6417,22.37,164498.0,5
6465,169.58,20669.0,5
6470,-39.92,105813.0,5
6486,-24.25,136559.0,5
6530,25.32,31659.0,5
6546,0.11,197848.0,5
6561,-25.21,333541.0,5
6588,159.98,27592.0,5
8034,-86.21,13122.0,5
8048,73.03,126117.0,5
8059,-25.78,567248.0,5
8089,-51.99,27024.0,5
8097,2.91,28480.0,5
8176,18.84,41472.0,5
1336,0.37,212126.0,5
1815,49.9,708433.0,5
3078,-52.35,499410.0,5
3114,2.78,290564.0,5
3115,428.38,819.0,5
3191,-5.12,15051.0,5
3206,19.46,317875.0,5
3207,-5.32,144081.0,5
3217,-17.65,306455.0,5
3236,2.76,178950.0,5
3276,67.31,64076.0,5
3288,-15.89,3832.0,5
3290,96.15,314658.0,5
3294,-14.03,248872.0,5
3310,43.72,175847.0,5
3322,-9.94,289179.0,5
3332,-12.02,137418.0,5
3354,72.62,12995.0,5
3357,37.77,709395.0,5
3388,22.75,781786.0,5
3390,66.1,92897.0,5
3484,3.71,416637.0,5
3485,14.76,47045.0,5
3492,14.15,73652.0,5
3511,27.47,153820.0,5
3520,5.93,114213.0,5
3526,22.06,365792.0,5
3537,3.46,225869.0,5
3548,-6.9,833382.0,5
3597,26.38,84274.0,5
3609,18.91,31094.0,5
3624,30.83,290379.0,5
3631,83.3,5710.0,5
3646,14.96,69977.0,5
3689,20.17,666772.0,5
3710,17.58,692097.0,5
4542,57.55,108121.0,5
4939,21.19,141639.0,5
4974,2.21,335847.0,5
5228,51.87,69810.0,5
5291,14.65,117010.0,5
5309,15.29,307975.0,5
5328,23.09,91751.0,5
5340,25.27,232046.0,5
5355,52.57,60058.0,5
5439,58.3,1000191.0,5
5457,3.71,1772588.0,5
5460,13.17,23361.0,5
5464,45.63,102049.0,5
5475,214.95,180720.0,5
5488,19.37,60864.0,5
5498,86.31,202926.0,5
6114,-9.71,73293.0,5
6124,-27.47,148298.0,5
6126,56.38,540646.0,5
6127,6.11,88381.0,5
6134,63.51,222859.0,5
6156,34.53,578249.0,5
6158,-2.93,148188.0,5
6173,25.62,458466.0,5
6174,24.82,64197.0,5
6175,25.02,472601.0,5
6185,41.83,61084.0,5
6194,-44.81,75358.0,5
6203,-41.51,148852.0,5
6204,7.99,39550.0,5
6207,29.77,117989.0,5
6210,13.54,30856.0,5
6217,51.17,405545.0,5
6220,59.58,928814.0,5
6259,40.52,62810.0,5
6266,-6.57,294659.0,5
6274,128.48,4794425.0,5
6275,0.49,359728.0,5
6279,28.86,906847.0,5
6284,-12.19,604543.0,5
6290,8.6,936663.0,5
6292,79.87,109307.0,5
6418,31.57,82480.0,5
6432,28.54,108274.0,5
6538,-12.28,120893.0,5
6584,46.97,282207.0,5
6597,-8.47,50894.0,5
6642,29.38,58515.0,5
6664,7.91,226432.0,5
6727,54.1,195867.0,5
6761,-4.62,174438.0,5
6821,19.73,54040.0,5
6913,35.26,291044.0,5
6967,34.91,149038.0,5
7744,128.14,347219.0,5
8038,51.1,92401.0,5
8042,33.35,400164.0,5
8043,59.56,616094.0,5
8071,43.75,218181.0,5
8074,23.08,130880.0,5
8093,378.14,28698.0,5
8109,22.72,174677.0,5
8121,1.7,288877.0,5
8147,-7.21,145645.0,5
8155,29.64,517137.0,5
8182,0.11,229833.0,5
8289,0.23,160488.0,5
8291,110.19,330.0,5
8358,41.37,941901.0,5
3224,15.91,141844.0,5
3232,-2.19,84238.0,5
3360,125.62,1052164.0,5
3444,-0.32,106849.0,5
6113,66.88,95611.0,5
6118,-12.59,686245.0,5
6154,5.4,325148.0,5
6227,18.08,2385964.0,5
6265,1076.35,536312.0,5
6270,1.13,255127.0,5
6474,32.13,394208.0,5
8032,49.6,448878.0,5
8067,-15.69,7055.0,5
8068,35.14,104059.0,5
8084,-1.75,46916.0,5
8096,154.5,3981347.0,5
3147,812.44,3023389.0,5
3158,11.83,91918.0,5
3570,15.89,216292.0,5
4953,29.2,1149330.0,5
5201,-2.18,25728.0,5
5202,-15.32,8916.0,5
5210,77.27,27902.0,5
5211,33.18,23541.0,5
5212,13.33,77970.0,5
5310,1485.71,111.0,5
5403,10.57,295755.0,5
5410,199.22,766810.0,5
6123,-6.46,342238.0,5
6140,-7.14,202611.0,5
6148,26.78,34786.0,5
6163,47.0,398384.0,5
6221,-21.08,295906.0,5
6231,12.5,134958.0,5
6240,-11.69,4064.0,5
6516,9.16,45278.0,5
6590,18.25,69060.0,5
6593,66.78,37401.0,5
6697,5.69,94051.0,5
6751,-6.39,153582.0,5
6752,9.51,165160.0,5
6791,5.63,58926.0,5
6874,38.5,157520.0,5
6884,39.11,119545.0,5
7767,13.75,235475.0,5
7819,-36.27,25260.0,5
8099,6.05,357194.0,5
8272,-1.64,34627.0,5
8284,8.68,266232.0,5
8416,15.38,119806.0,5
1785,95.47,6008776.0,5
3093,-49.15,108351.0,5
3219,38.41,236539.0,5
3285,216.75,141440.0,5
3289,0.23,385903.0,5
3303,21.27,297811.0,5
3324,93.75,3138892.0,5
3373,-9.93,31257.0,5
3402,17.57,514412.0,5
3465,190.5,231791.0,5
3498,67.09,158419.0,5
3508,-1.58,81282.0,5
3541,-15.79,88171.0,5
3552,22.43,710634.0,5
3580,-14.49,34457.0,5
3587,26.86,544461.0,5
3628,6.07,294877.0,5
3663,-13.86,514087.0,5
4554,2.74,41356.0,5
4577,30.42,80158.0,5
4760,64.8,233002.0,5
5452,6.29,447044.0,5
5489,15.68,171917.0,5
5493,18.59,529530.0,5
5536,27.79,4518885.0,5
6146,13.68,415123.0,5
6151,12.19,171567.0,5
6512,-55.95,6451.0,5
6613,81.72,1082893.0,5
6654,106.68,65265.0,5
6667,12.82,544673.0,5
6725,-9.67,275735.0,5
6735,155.07,37499.0,5
6739,99.25,120177.0,5
6840,16.92,90233.0,5
6855,-21.57,62767.0,5
6877,-54.83,23485.0,5
6903,229.13,666214.0,5
6983,121.81,18324.0,5
7703,-5.32,228816.0,5
7728,24.58,34058.0,5
7792,32.42,721377.0,5
8047,-18.65,34646.0,5
8085,-16.26,48085.0,5
8092,-26.84,22066.0,5
8183,32.6,694906.0,5
8431,-18.78,66227.0,5
8908,2.61,943825.0,5
8917,-14.74,231840.0,5
8927,91.37,1523333.0,5
8931,18.05,227436.0,5
2596,157.27,332929.0,5
2718,-95.53,31001.0,5
3188,826.23,401893.0,5
3313,12749.18,7838.0,5
3489,35.48,83459.0,5
3512,190.41,27406.0,5
3521,-100.0,0.0,5
4113,54.71,82.0,5
4416,-21.46,7724.0,5
4907,216.65,127412.0,5
5206,-94.58,90753.0,5
5213,211.33,839186.0,5
5324,-5.53,55960.0,5
5455,-99.43,194.0,5
5508,116.37,258448.0,5
5511,13.72,1038484.0,5
5512,-1.33,397223.0,5
5514,545.41,3240.0,5
5516,93.66,260371.0,5
5520,0.79,369113.0,5
5523,0.0,370.0,5
5529,-1.85,4085.0,5
5547,19.32,217073.0,5
5548,7.49,263000.0,5
6171,53503.03,17689.0,5
6186,-79.4,184286.0,5
6198,-63.63,8.0,5
6212,22.63,125860.0,5
6219,7033.76,16479.0,5
6264,226.06,21752.0,5
8080,-62.93,4810.0,5
8424,0.18,96175.0,5
2641,-0.17,188835.0,5
2643,6.71,648780.0,5
5601,3.64,7877.0,5
5603,1.95,125878.0,5
5609,39.02,3240058.0,5
7716,9.32,195389.0,5
1259,2.9,547071.0,5
1268,10.91,598064.0,5
2719,-29.27,100987.0,5
2729,11.44,607808.0,5
2732,24.29,435038.0,5
2734,6.64,148975.0,5
2736,13.11,41056.0,5
2740,-58.8,4099.0,5
2743,6.48,533123.0,5
2745,22.53,913790.0,5
2751,30.72,170299.0,5
2752,15.01,386402.0,5
2754,-1.26,513173.0,5
2755,15.51,304019.0,5
2756,6.9,104724.0,5
3252,-1.01,41168.0,5
3522,-5.53,79275.0,5
4419,5.12,245482.0,5
4530,-16.82,25092.0,5
5301,-41.98,10985.0,5
5364,-77.36,5856.0,5
5701,0.03,34341.0,5
5703,-6.1,41341.0,5
5704,-95.34,824.0,5
5905,427.01,419393.0,5
6961,2.51,319457.0,5
7708,12.74,256091.0,5
7723,-21.19,349969.0,5
7757,5.2,213974.0,5
8077,-2.87,89581.0,5
5864,350.19,1410978.0,5
5878,8.59,63667.0,5
6015,342.85,479772.0,5
6016,231.11,1299821.0,5
6020,1284.97,312894.0,5
6021,830.64,1017123.0,5
6023,80.38,445624.0,5
6026,6.01,191325.0,5
6028,42.57,509764.0,5
1584,-20.94,182560.0,5
2221,19.22,145456.0,5
3284,1.12,68550.0,5
4430,0.76,179146.0,5
4529,689.84,3499.0,5
4541,10.16,183256.0,5
4556,1.56,55630.0,5
5209,-32.8,289500.0,5
5314,157.45,512687.0,5
5345,1505.66,5957.0,5
5398,-49.93,11660.0,5
5450,21.3,251047.0,5
5481,-8.27,6835.0,5
5530,-44.14,309527.0,5
5604,3.19,13649.0,5
6179,121.75,721839.0,5
6199,724.1,67601.0,5
6721,9.23,320239.0,5
6881,-20.88,160857.0,5
6904,11.5,90620.0,5
7777,701.37,81210.0,5
8342,18.39,139164.0,5
8354,-11.55,50959.0,5
8401,2.35,131029.0,5
8421,8.86,111474.0,5
8435,16.32,55597.0,5
8489,52.47,152801.0,5
8905,33.09,212029.0,5
8906,-38.32,10730.0,5
8916,4.42,889385.0,5
8921,11.0,53743.0,5
8929,8.95,54368.0,5
8935,-8.48,42455.0,5
8936,11.16,506789.0,5
8937,1337.24,89411.0,5
8942,-19.67,289416.0,5
2926,8.69,599664.0,5
3064,-22.26,6484.0,5
3083,12.91,31084.0,5
3086,57.48,17101.0,5
3293,11.95,2123837.0,5
3546,61.33,132924.0,5
3629,1328.0,714.0,5
4806,863.7,37758.0,5
4946,17.99,31621.0,5
5263,61.21,164474.0,5
5478,7.68,561407.0,5
6101,224.27,216772.0,5
6111,253.96,1053470.0,5
6144,-8.49,12585.0,5
6169,-98.82,22.0,5
6180,4.63,577282.0,5
6294,-11.04,86973.0,5
6482,-20.68,33934.0,5
6542,23.8,82078.0,5
6596,122.48,303361.0,5
6856,-5.14,58078.0,5
7584,31.8,103772.0,5
8446,120.23,199837.0,5
8450,0.47,16927.0,5
8923,-3.86,29432.0,5
9949,19.51,12304.0,5
1240,2.89,244093.0,5
4171,-0.58,17791.0,5
6508,-18.76,142098.0,5
6578,27.21,35877.0,5
3073,68.92,9186.0,5
3551,21.53,292352.0,5
3713,106.34,40040.0,5
5205,124.65,4574.0,5
5432,-20.39,20725.0,5
6624,10.67,49736.0,5
6692,3.16,105300.0,5
6803,-4.26,834505.0,5
6894,92.69,193674.0,5
6971,-36.02,175939.0,5
7715,-8.42,105788.0,5
7820,38.72,37377.0,5
7842,40.58,330736.0,5
8087,133.15,46419.0,5
8171,8.39,36286.0,5
8390,17.6,546852.0,5
8440,18.53,91941.0,5
2640,7.69,279631.0,5
2949,26.17,584045.0,5
3085,80.85,7764.0,5
3687,15.54,167399.0,5
5278,15.03,253807.0,5
5287,-3.28,201299.0,5
5321,-18.35,191618.0,5
6236,-4.34,2508.0,5
6690,10.02,208274.0,5
6763,14.47,158526.0,5
6811,30.52,575229.0,5
6865,-48.74,15125.0,5
6870,56.14,88548.0,5
6910,10.44,36967.0,5
6925,4.44,17010.0,5
6997,53.0,535965.0,5
7547,37.63,35697.0,5
7714,21.73,150645.0,5
7738,13.95,54777.0,5
7747,28.03,163511.0,5
7805,6.7,554780.0,5
7839,6.59,15867.0,5
8044,8.26,2950012.0,5
8472,7.3,38630.0,5
8477,-27.51,27279.0,5
8932,3.56,189896.0,5
1593,10.76,104655.0,5
5348,53.49,27062.0,5
6804,11.4,157391.0,5
7811,0.85,206948.0,5
8924,2.23,327576.0,5
8928,-27.63,175986.0,5
8933,14.63,250814.0,5
8938,-8.3,1012377.0,5
9960,41.26,54259.0,5
2230,62.61,131746.0,5
2916,-1.94,150564.0,5
2937,17.22,499239.0,5
2941,-5.86,79825.0,5
2947,10.88,205004.0,5
2948,-5.2,185988.0,5
3067,-63.37,2032.0,5
3171,109.78,264634.0,5
4609,4.02,16111.0,5
4702,107.59,2678.0,5
5902,-10.03,190546.0,5
5903,7.38,10061567.0,5
5904,19.23,2438847.0,5
6195,18.09,205148.0,5
6728,-19.85,382277.0,5
6968,18.09,304808.0,5
7782,5.66,54540.0,5
7794,44.86,127786.0,5
8066,7.87,430512.0,5
8433,24.12,289526.0,5
8941,-13.94,287497.0,5
4442,55.33,191867.0,5
1591,219.71,36518.0,5
4139,6.18,96282.0,5
4157,-22.74,2924.0,5
4745,-10.86,222567.0,5
6617,68.48,4426.0,5
4966,1.15,1307428.0,5
4971,1.07,78037.0,5
4991,54.36,200253.0,5
6907,76.41,307279.0,5
5223,-13.94,141113.0,5
3664,12.72,27284.0,5
7717,10.41,100029.0,5
5227,-97.07,1135.0,5
8455,13.44,101760.0,5
5543,-7.19,268772.0,5
2726,-0.53,53778.0,5
4804,32.19,13307.0,5
2724,287.34,20901.0,5
4154,134.11,2484.0,5
5276,-5.98,78780.0,5
8426,-10.19,160081.0,5
8437,-4.3,10816.0,5
8444,-55.45,125578.0,5
4924,159.06,73676.0,5
8423,14.86,34801.0,5
6741,31.81,183567.0,5
2924,0.66,3468.0,5
6616,27.91,71529.0,5
6629,90.1,191381.0,5
1101,-0.05,12612013.0,5
1102,-1.15,6296531.0,5
1103,-7.5,230485.0,5
1104,1.97,655816.0,5
1108,-13.76,335095.0,5
1109,-14.51,348178.0,5
1110,-10.64,233647.0,5
1201,-5.08,1825310.0,5
1203,-10.04,432673.0,5
1210,10.16,9065705.0,5
1213,14.29,22834.0,5
1215,1.65,2488775.0,5
1216,2.69,59180335.0,5
1217,-14.6,376355.0,5
1218,-1.42,821022.0,5
1219,-6.85,1115075.0,5
1220,-12.6,239785.0,5
1225,2.26,1031005.0,5
1227,5.44,2282197.0,5
1229,-8.84,786408.0,5
1231,-3.14,986344.0,5
1232,9.9,1831688.0,5
1233,-3.79,188910.0,5
1234,-22.71,694368.0,5
1235,-37.97,7962.0,5
1236,-4.28,107321.0,5
1702,-1.31,1887464.0,5
1737,-21.14,249347.0,5
3054,786.01,58176.0,5
7780,29.15,202685.0,5
7791,-10.97,218370.0,5
1301,0.66,14951422.0,5
1303,31.35,28830982.0,5
1304,-1.42,3720859.0,5
1305,20.69,973037.0,5
1307,9.14,876393.0,5
1308,10.42,521633.0,5
1309,-20.61,974076.0,5
1310,-38.61,516855.0,5
1312,5.81,1593246.0,5
1313,4.71,5371028.0,5
1314,-23.82,1290220.0,5
1315,3.43,233648.0,5
1321,13.39,361973.0,5
1323,4.33,181398.0,5
1324,4.1,55577.0,5
1325,-31.19,20068.0,5
1326,15.45,27386895.0,5
4306,40.04,1398619.0,5
1402,19.43,23426660.0,5
1409,35.13,4373931.0,5
1410,37.07,20575.0,5
1413,-16.45,178752.0,5
1414,11.12,45981.0,5
1417,-10.24,21313.0,5
1418,206.41,1051.0,5
1419,2.14,383133.0,5
1423,17.9,6117.0,5
1434,5.62,2497994.0,5
1440,-13.43,1117882.0,5
1441,-1.27,94130.0,5
1444,81.02,1072308.0,5
1445,-12.2,56545.0,5
1446,-1.83,77509.0,5
1447,-45.56,1615677.0,5
1449,98.71,283816.0,5
1451,-18.98,525245.0,5
1452,14.96,121121.0,5
1454,7.83,126202.0,5
1455,-4.87,543385.0,5
1457,-8.69,249333.0,5
1459,-3.47,82210.0,5
1460,-7.36,465096.0,5
1463,0.8,15813.0,5
1464,4.57,990946.0,5
1465,18.68,27068.0,5
1466,4.59,192089.0,5
1467,-11.55,371278.0,5
1468,-37.47,44428.0,5
1470,-18.4,55312.0,5
1473,-1.52,431104.0,5
1474,4.68,231333.0,5
1475,5.81,125355.0,5
1476,0.68,3059191.0,5
1477,8.84,2708741.0,5
4414,15.0,1253159.0,5
4426,-8.28,65715.0,5
4438,-9.95,1635438.0,5
4440,-10.34,73465.0,5
4441,-35.23,381811.0,5
1503,8.35,3049512.0,5
1504,10.55,5685648.0,5
1506,9.01,105801.0,5
1513,3.61,2392022.0,5
1514,-30.82,799732.0,5
1515,8.14,422351.0,5
1517,32.52,190652.0,5
1519,-9.32,1476965.0,5
1526,-10.43,54615.0,5
1527,-13.53,205906.0,5
1528,-16.58,241744.0,5
1529,158.34,119546.0,5
1530,-43.01,86654.0,5
1531,-4.89,131713.0,5
1532,26.03,1217993.0,5
1535,-45.63,581509.0,5
1537,8.8,577620.0,5
1538,-65.38,3520.0,5
1539,-14.81,105864.0,5
1540,-2.88,49442.0,5
1541,-44.72,214691.0,5
1558,-1.59,813081.0,5
1560,17.78,829267.0,5
1583,-18.53,221590.0,5
1597,51.38,137546.0,5
2049,28.17,2480198.0,5
2371,-14.3,3582351.0,5
3167,120.27,955547.0,5
4526,49.95,627503.0,5
4532,16.66,2025378.0,5
4540,22.96,243012.0,5
4555,17.77,160086.0,5
4562,-47.97,36967.0,5
4564,-42.74,65308.0,5
4566,9.95,456478.0,5
4572,21.85,76456.0,5
4576,48.04,335388.0,5
4583,6.88,285609.0,5
4590,10.98,108581.0,5
6606,37.22,87747.0,5
7750,88.25,2689787.0,5
8222,-19.13,79197.0,5
8374,42.47,541091.0,5
8996,40.02,631677.0,5
1603,-5.96,444858.0,5
1604,-9.72,778972.0,5
1605,11.13,17459111.0,5
1608,7.83,1119629.0,5
1609,21.98,3135375.0,5
1611,-4.35,86945.0,5
1612,-13.62,661950.0,5
1614,-19.33,439234.0,5
1615,14.84,479598.0,5
1616,-5.27,475294.0,5
1617,37.88,344911.0,5
1618,153.16,615760.0,5
1623,-32.72,355869.0,5
4930,4.71,473743.0,5
5283,-2.46,618555.0,5
1708,18.38,538697.0,5
1709,5.38,902779.0,5
1710,-28.89,1293230.0,5
1711,9.41,719158.0,5
1712,11.42,1743868.0,5
1713,12.17,46485.0,5
1714,84.84,3477938.0,5
1717,14.87,3860946.0,5
1718,9.13,3777928.0,5
1721,5.21,118880.0,5
1722,-1.01,962347.0,5
1723,58.44,636660.0,5
1725,18.09,773475.0,5
1726,-4.2,827132.0,5
1727,39.07,227219.0,5
1730,3.71,193465.0,5
1732,6.29,63254.0,5
1735,10.47,203851.0,5
1773,28.38,1171778.0,5
1776,-2.21,81134.0,5
4720,15.21,331300.0,5
4722,-6.72,295438.0,5
4739,140.95,1159552.0,5
4755,-5.76,375961.0,5
4764,42.49,312100.0,5
4766,12.34,2204492.0,5
4770,-26.07,347267.0,5
1707,-4.8,787637.0,5
1720,-5.01,580979.0,5
1731,13.14,137146.0,5
1733,-18.08,145664.0,5
1734,10.33,300796.0,5
1752,7.45,186759.0,5
1760,1.77,234475.0,5
1762,-27.21,72426.0,5
1783,-4.43,73604.0,5
1786,1.04,73354.0,5
1789,-33.24,175224.0,5
1795,105.79,2324237.0,5
3164,-3.25,27810.0,5
3705,-3.2,657963.0,5
3716,-4.41,659301.0,5
4104,-0.75,701668.0,5
4106,-9.52,186403.0,5
4108,18.45,11870.0,5
4119,-47.12,60926.0,5
4133,0.52,29887.0,5
4142,51.88,6774.0,5
4155,-2.95,139231.0,5
4164,80.21,543502.0,5
4169,-17.16,57163.0,5
4195,-28.24,49960.0,5
4736,-15.03,319237.0,5
4737,-13.45,141700.0,5
4746,-4.91,358654.0,5
4771,33.13,381003.0,5
6446,108.47,2458451.0,5
6472,40.19,2114486.0,5
6491,36.7,716194.0,5
6534,7.27,141363.0,5
6589,56.34,116798.0,5
6645,40.12,53977.0,5
6657,-24.12,541.0,5
6782,22.78,444825.0,5
6794,52.4,1425.0,5
6796,-7.05,52909.0,5
6838,-50.71,2348.0,5
6861,66.38,265735.0,5
6885,-27.89,822.0,5
6918,27.18,78876.0,5
6919,,0.0,5
6931,14.55,109590.0,5
6934,-98.81,22.0,5
6936,19.26,126130.0,5
6949,18.8,2691.0,5
6955,12.61,30038.0,5
7799,-26.53,504.0,5
7803,1440.63,16608.0,5
1802,17.71,3919507.0,5
1806,-16.89,258031.0,5
1809,0.98,190866.0,5
1810,-6.69,389922.0,5
1817,6.77,238415.0,5
1903,-7.37,12333.0,5
1904,12.88,3847992.0,5
1905,3.07,1584361.0,5
1906,3.25,224804.0,5
1907,7.53,6501840.0,5
1909,12.67,4390751.0,5
6790,-2.9,896568.0,5
2002,2.18,29955286.0,5
2006,4.56,5419143.0,5
2007,-6.9,448127.0,5
2008,-16.31,156870.0,5
2009,12.54,292286.0,5
2010,0.72,2139816.0,5
2012,-16.47,663723.0,5
2013,-6.06,1683483.0,5
2014,4.26,1948459.0,5
2015,-8.29,2662945.0,5
2017,-2.1,235624.0,5
2020,-10.15,308904.0,5
2022,24.16,849409.0,5
2023,-2.77,6070225.0,5
2024,11.19,86666.0,5
2025,562.37,237728.0,5
2027,42.52,11666070.0,5
2028,25.12,1015879.0,5
2029,-8.74,1122093.0,5
2030,37.91,1192320.0,5
2031,24.8,1553140.0,5
2032,28.67,287424.0,5
2033,-1.94,57573.0,5
2034,-9.19,1149326.0,5
2038,-18.3,697855.0,5
2069,10.65,916906.0,5
2211,25.02,1404443.0,5
3004,56.16,469131.0,5
5007,6.42,528745.0,5
9958,28.97,1708140.0,5
2101,158.74,2151553.0,5
2102,-20.42,16436.0,5
2103,32.96,4060755.0,5
2104,-30.82,963845.0,5
2105,1.22,7820448.0,5
2106,-2.2,3029537.0,5
2107,6.6,108467.0,5
2108,15.92,1084546.0,5
2109,3.88,434108.0,5
2114,7.23,140873.0,5
6582,-34.63,66346.0,5
1319,2.53,1847625.0,5
1339,14.65,146731.0,5
1512,-5.94,83531.0,5
1521,23.04,328362.0,5
1522,39.56,2113362.0,5
1524,18.84,188066.0,5
1525,29.38,119243.0,5
1533,54.89,482812.0,5
1536,12.16,394750.0,5
1563,18.73,635255.0,5
1568,5.26,93701.0,5
1587,4.42,214381.0,5
2201,-2.95,5720734.0,5
2204,5.91,2779423.0,5
2206,-6.23,5235734.0,5
2207,13.34,27815281.0,5
2227,-11.64,1088227.0,5
2228,2.03,401997.0,5
2231,-24.07,218181.0,5
2233,0.95,300095.0,5
2237,104.77,321061.0,5
2241,40.21,62162.0,5
2247,-24.4,3963120.0,5
2254,-95.87,1326.0,5
2258,58.02,541356.0,5
2497,35.12,451049.0,5
3346,-2.51,732327.0,5
3717,,549985.0,5
4551,26.74,760526.0,5
6605,-8.75,1601560.0,5
6988,4.19,61077.0,5
7732,-21.09,81961.0,5
7736,24.54,154677.0,5
7821,61.38,795989.0,5
2302,22.31,86327.0,5
2303,17.78,22943755.0,5
2329,3.69,1857900.0,5
2330,30.09,416975163.0,5
2337,175.79,6255653.0,5
2338,-7.54,517714.0,5
2340,5.66,407468.0,5
2342,-3.46,173992.0,5
2344,181.96,20001444.0,5
2351,36.8,1156261.0,5
2363,88.8,349345.0,5
2369,38.72,645160.0,5
2379,21.86,12523520.0,5
2388,88.06,1110333.0,5
2401,28.67,724384.0,5
2408,730.13,27669563.0,5
2434,-9.28,3947.0,5
2436,26.11,397043.0,5
2441,20.91,1744358.0,5
2449,36.61,3776927.0,5
2451,469.83,6297950.0,5
2454,4.98,47434191.0,5
2458,3.58,1004277.0,5
2481,13.66,1269313.0,5
3006,296.8,4466516.0,5
3014,-8.24,593458.0,5
3016,37.28,433764.0,5
3034,9.35,9412486.0,5
3035,-45.06,929698.0,5
3041,97.94,173813.0,5
3094,16.49,19740.0,5
3135,234.46,1841758.0,5
3150,-4.83,28811.0,5
3189,33.02,4199867.0,5
3257,-43.1,60201.0,5
3413,16.74,1972949.0,5
3443,132.13,4674012.0,5
3450,49.91,960221.0,5
3530,26.61,199683.0,5
3532,24.42,1217609.0,5
3545,-14.77,901113.0,5
3583,1.48,971001.0,5
3588,21.71,143352.0,5
3592,17.82,2272067.0,5
3686,27.88,9029.0,5
3711,28.56,63033313.0,5
4919,2.08,2712656.0,5
4952,20.38,265421.0,5
4961,0.12,1756453.0,5
4967,112.58,2555598.0,5
4968,6.81,330076.0,5
5222,-12.44,59688.0,5
5236,18.72,201026.0,5
5269,-19.4,896666.0,5
5285,18.5,522199.0,5
5471,27.33,301143.0,5
6202,6.62,312543.0,5
6239,30.23,7917615.0,5
6243,-58.2,25419.0,5
6257,23.7,1976452.0,5
6271,7.62,1038227.0,5
6515,119.79,1073481.0,5
6526,12.89,2051151.0,5
6531,89.34,748539.0,5
6533,2.28,87236.0,5
6552,-15.01,100172.0,5
6695,-25.47,76771.0,5
6719,-9.58,367025.0,5
6756,20.99,182330.0,5
6770,58.86,5770374.0,5
6789,16.13,814486.0,5
6799,2.88,84629.0,5
6909,51.31,40927.0,5
6921,-34.99,9782.0,5
6937,19.91,190796.0,5
7730,-68.95,14534.0,5
7768,18.9,202563.0,5
7769,83.64,4129556.0,5
7822,79.8,242740.0,5
8016,39.84,2147140.0,5
8028,46.03,478852.0,5
8081,-3.28,748704.0,5
8110,19.98,644394.0,5
8131,49.61,1052624.0,5
8150,17.72,2384258.0,5
8162,-3.91,114530.0,5
8261,1.15,296825.0,5
8271,224.43,3022791.0,5
2301,29.55,17353659.0,5
2305,97.83,115955.0,5
2324,22.27,70461810.0,5
2331,-16.78,1554781.0,5
2352,-1.72,17244920.0,5
2353,36.5,26165549.0,5
2356,35.3,82807865.0,5
2357,9.29,69094002.0,5
2362,9.59,2405768.0,5
2364,2.74,161285.0,5
2365,25.62,79164.0,5
2376,4.97,49053470.0,5
2377,-23.73,15798485.0,5
2380,32.56,302564.0,5
2382,94.38,311481017.0,5
2387,-12.56,1349182.0,5
2395,32.1,7733828.0,5
2397,27.02,1187620.0,5
2399,48.24,191777.0,5
2405,8.4,149777.0,5
2417,3.1,304749.0,5
2425,95.17,1777915.0,5
2432,94.03,452941.0,5
2465,135.34,704375.0,5
2495,87.19,139733.0,5
3002,49.16,79350.0,5
3005,15.06,3696019.0,5
3013,1.71,1005975.0,5
3017,60.64,15871396.0,5
3022,92.4,888586.0,5
3046,3.53,803612.0,5
3057,-24.87,40612.0,5
3060,27.79,380842.0,5
3231,39.23,290183471.0,5
3416,52.42,370977.0,5
3494,-1.25,84226.0,5
3515,-16.48,3665115.0,5
3652,42.38,249438.0,5
3701,-32.01,615397.0,5
3706,49.3,13638501.0,5
3712,11.03,1291272.0,5
4916,104.34,450454.0,5
4938,11.99,95962959.0,5
5258,35.65,754698.0,5
6117,-6.89,270068.0,5
6128,-4.68,430244.0,5
6166,79.45,1440425.0,5
6206,45.24,630682.0,5
6230,21.94,870889.0,5
6235,-1.55,523900.0,5
6277,9.2,415622.0,5
6414,35.27,15579250.0,5
6579,48.84,971779.0,5
6669,18.16,84050473.0,5
6831,-10.75,330275.0,5
6928,1.76,120743.0,5
7711,17.11,2631479.0,5
8114,-17.06,1478529.0,5
8163,16.41,2580590.0,5
8210,37.3,2517084.0,5
9912,-10.13,35058.0,5
2323,16.91,639920.0,5
2349,-2.01,745406.0,5
2374,27.81,1005798.0,5
2393,10.2,1772220.0,5
2406,121.19,960589.0,5
2409,-1.4,23838344.0,5
2426,3.12,233364.0,5
2429,19.59,41035.0,5
2438,13.04,41253.0,5
2466,-33.25,45982.0,5
2486,31.37,693513.0,5
2489,8.97,2500299.0,5
2491,6.02,14975.0,5
3008,42.67,4592691.0,5
3019,16.24,2624000.0,5
3024,-57.56,56668.0,5
3031,32.23,119006.0,5
3038,-7.16,237431.0,5
3049,-72.73,33072.0,5
3050,-4.72,99800.0,5
3051,36.6,200178.0,5
3059,1.75,794302.0,5
3149,-6.73,182215.0,5
3168,9.82,300005.0,5
3356,-4.06,77320.0,5
3406,30.24,1628911.0,5
3437,8.09,129967.0,5
3481,10.27,20647675.0,5
3504,16.06,248949.0,5
3535,2229.02,110652.0,5
3543,2.76,269070.0,5
3563,5.14,349020.0,5
3576,27.62,324464.0,5
3591,5.15,215701.0,5
3622,-0.87,137674.0,5
3714,8.11,2089663.0,5
4934,281.1,19764.0,5
4942,-4.54,448276.0,5
4949,25.84,306611.0,5
4956,-0.92,124094.0,5
4960,-7.4,687826.0,5
4976,-4.52,84114.0,5
5234,10.82,418193.0,5
5244,10.1,75630.0,5
5484,152.31,80908.0,5
6116,-10.14,960203.0,5
6120,-10.23,1319690.0,5
6164,-25.89,57972.0,5
6168,3.27,182082.0,5
6176,-11.74,3678889.0,5
6209,70.65,408564.0,5
6225,87.32,4063.0,5
6226,-2.13,55348.0,5
6278,2.43,4348041.0,5
6405,230.0,165.0,5
6443,-40.16,116046.0,5
6477,-1.21,69759.0,5
6668,12.09,113440.0,5
6706,-15.69,60052.0,5
6742,-50.91,30448.0,5
6916,44.11,219836.0,5
8104,-33.29,275089.0,5
8105,-4.18,731239.0,5
8215,15.96,1631448.0,5
2314,4.04,109672.0,5
2321,-2.52,64855.0,5
2332,13.06,1188520.0,5
2345,56.57,28622864.0,5
2412,5.39,19523164.0,5
2419,-27.06,639214.0,5
2424,-64.06,5283.0,5
2439,6.05,3741673.0,5
2444,-25.6,82183.0,5
2450,9.36,2663788.0,5
2455,46.51,320785.0,5
2485,11.3,253133.0,5
2498,-22.01,170433.0,5
3025,134.58,57718.0,5
3027,-8.36,148745.0,5
3045,3.9,16440683.0,5
3047,-8.16,276427.0,5
3062,-33.04,244235.0,5
3138,6.88,139198.0,5
3311,13.74,213025.0,5
3380,-7.97,1800533.0,5
3419,12.1,179682.0,5
3447,34.19,290500.0,5
3596,4.22,4615776.0,5
3669,-5.57,218354.0,5
3694,-9.42,988129.0,5
3704,31.13,2406584.0,5
4904,13.72,9501988.0,5
4906,-11.92,1270893.0,5
5388,69.95,6482310.0,5
6136,-24.88,46695.0,5
6142,1.62,168521.0,5
6152,78.63,185453.0,5
6216,-21.11,49271.0,5
6285,34.82,12167707.0,5
6416,16.49,349990.0,5
6426,70.07,67213.0,5
6442,116.02,1725672.0,5
6674,-23.52,44136.0,5
6792,16.28,130461.0,5
7689,19.26,493262.0,5
8011,-28.67,145992.0,5
8045,9.02,113502.0,5
8101,-14.47,28512.0,5
1471,-66.1,6792.0,5
1582,-10.75,610794.0,5
2059,172.05,3791303.0,5
2308,43.65,58961817.0,5
2313,13.02,6761659.0,5
2316,39.07,382034.0,5
2327,47.46,15058220.0,5
2328,1.03,1701749.0,5
2355,11.82,1507327.0,5
2367,15.91,1533479.0,5
2368,87.29,8773229.0,5
2375,2.03,496776.0,5
2383,114.62,15618565.0,5
2385,-11.04,7226928.0,5
2392,15.69,6047246.0,5
2402,13.58,1065547.0,5
2413,40.95,325720.0,5
2415,5.87,192215.0,5
2420,-9.21,179885.0,5
2421,14.92,1692060.0,5
2428,29.74,867735.0,5
2431,-36.05,22838.0,5
2440,44.92,395634.0,5
2457,-10.08,723556.0,5
2460,71.83,427604.0,5
2462,2.49,359261.0,5
2467,74.55,1022228.0,5
2472,29.95,1209882.0,5
2476,48.67,838717.0,5
2478,16.47,544046.0,5
2483,15.0,181036.0,5
2484,4.72,214838.0,5
2492,16.48,3699917.0,5
2493,24.9,371815.0,5
3003,52.8,533532.0,5
3011,-40.3,41109.0,5
3015,-9.79,1114721.0,5
3021,-9.85,250550.0,5
3023,17.52,3010681.0,5
3026,21.34,1291187.0,5
3032,12.72,902535.0,5
3037,32.37,14059973.0,5
3042,10.49,1217159.0,5
3044,46.56,8654212.0,5
3058,1.02,267301.0,5
3090,19.99,1629431.0,5
3092,16.2,155913.0,5
3229,59.79,127130.0,5
3296,24.95,176230.0,5
3308,-6.84,517.0,5
3321,36.44,236870.0,5
3338,2.91,325460.0,5
3376,-16.73,802260.0,5
3432,217.96,29520.0,5
3501,-7.11,442283.0,5
3533,8.97,3041077.0,5
3550,36.57,391681.0,5
3593,-45.22,68560.0,5
3605,15.33,1108233.0,5
3607,-8.43,266288.0,5
3645,-0.36,225738.0,5
3653,37.74,2313449.0,5
3679,-14.25,343815.0,5
3715,69.11,2516224.0,5
4545,-20.5,161252.0,5
4915,12.67,5453871.0,5
4989,33.87,323360.0,5
4999,-19.27,138216.0,5
5469,3.6,5591841.0,5
6108,26.54,442828.0,5
6115,24.73,728177.0,5
6133,5.35,116817.0,5
6141,32.1,181668.0,5
6153,9.58,542157.0,5
6155,43.29,68544.0,5
6191,-2.48,3298678.0,5
6197,41.77,808198.0,5
6205,-6.62,129279.0,5
6213,29.3,3802864.0,5
6224,-5.5,247076.0,5
6269,-6.08,1681968.0,5
6272,-18.56,264500.0,5
6282,26.19,2940031.0,5
6412,-10.17,2707555.0,5
6449,12.27,443477.0,5
6715,-26.01,118910.0,5
6805,37.21,1180335.0,5
6834,58.66,189979.0,5
6835,-19.28,179631.0,5
7788,43.08,730713.0,5
7795,24.51,135999.0,5
8039,0.6,914405.0,5
8046,35.82,4440287.0,5
8103,22.36,349969.0,5
8213,13.48,1729169.0,5
8249,-13.88,256486.0,5
2347,129.27,67818918.0,5
2414,73.47,4100503.0,5
2430,-4.25,1489388.0,5
3010,28.13,8026366.0,5
3028,102.54,6525822.0,5
3033,27.8,11695609.0,5
3036,152.69,197924567.0,5
3048,61.74,13850848.0,5
3055,-75.18,22516.0,5
3209,32.09,4710620.0,5
3312,18.3,1982063.0,5
3528,66.83,1000344.0,5
3702,82.9,138023979.0,5
5434,18.6,6542058.0,5
6189,6.0,2506671.0,5
6281,-8.6,1779465.0,5
6776,52.05,3077924.0,5
6908,-27.98,389956.0,5
8070,26.34,1973145.0,5
8072,31.37,125490.0,5
8112,253.17,53921149.0,5
2427,-73.63,296105.0,5
2453,6.78,543720.0,5
2468,-25.38,188025.0,5
2471,3.93,79910.0,5
2480,16.38,725631.0,5
3029,27.4,2340238.0,5
4994,-4.75,97009.0,5
5203,-14.78,164834.0,5
6112,13.84,2237161.0,5
6183,15.77,228545.0,5
6214,45.79,4461226.0,5
2312,-8.09,12356534.0,5
2317,39.57,859409333.0,5
2354,-40.64,8757709.0,5
2359,66.8,525755.0,5
2360,133.09,4549607.0,5
2373,-4.06,802236.0,5
2390,20.74,63164.0,5
2404,85.01,9217814.0,5
2423,28.06,287483.0,5
2433,4.95,232373.0,5
2459,28.03,454182.0,5
2461,9.98,407887.0,5
2464,30.83,701693.0,5
2474,-48.3,917843.0,5
2477,-35.74,129267.0,5
2482,-38.57,30189.0,5
2488,26.47,283019.0,5
3018,-38.48,9740.0,5
3030,14.74,1070802.0,5
3043,3.74,69452.0,5
3305,71.36,1348799.0,5
3518,-32.28,18495.0,5
3617,21.49,1085436.0,5
4585,27.05,155710.0,5
4588,33.36,98980.0,5
6139,103.26,8587728.0,5
6192,-14.97,522488.0,5
6196,64.89,6973777.0,5
6201,-14.21,276656.0,5
6215,37.9,290668.0,5
6283,9.29,116785.0,5
6409,0.27,1850129.0,5
6438,10.13,592379.0,5
6558,-17.29,78261.0,5
6658,-2.79,298344.0,5
6691,82.35,3835624.0,5
6698,-35.11,56620.0,5
6722,-9.08,393259.0,5
6743,-19.85,320811.0,5
6830,19.42,217107.0,5
7631,140.81,177800.0,5
8021,86.29,620455.0,5
8201,20.54,40322.0,5
2616,24.27,831697.0,5
6505,26.87,57777216.0,5
8926,768.16,7279773.0,5
9908,-2.26,291000.0,5
9918,11.21,192952.0,5
9926,0.35,208525.0,5
9931,13.16,129365.0,5
9937,18.88,2203616.0,5
1316,152.96,720420.0,5
1436,44.62,110845.0,5
1438,,1117.0,5
1439,-38.27,11667.0,5
1442,-18.68,199199.0,5
1453,0.8,125.0,5
1456,-69.04,28675.0,5
1472,35.04,354164.0,5
1805,0.87,115.0,5
1808,87447.7,1754456.0,5
2442,-20.95,141018.0,5
2501,-1.73,950553.0,5
2504,-6.11,1915184.0,5
2505,-24.51,56455.0,5
2506,131.02,164904.0,5
2509,-0.65,20948.0,5
2511,1.98,679867.0,5
2515,57.09,2270745.0,5
2516,-1.73,813810.0,5
2520,52.32,2341933.0,5
2524,-0.64,275473.0,5
2527,-10.41,23987.0,5
2528,506.23,833803.0,5
2530,-99.4,20457.0,5
2534,-84.75,118212.0,5
2535,1.49,2059248.0,5
2536,367.43,4047444.0,5
2537,128.48,71212.0,5
2538,21.66,24083.0,5
2539,418.92,2952505.0,5
2540,-71.34,537629.0,5
2542,2114.2,4717918.0,5
2543,86.14,1548459.0,5
2545,-86.37,256768.0,5
2546,25.43,2158437.0,5
2547,69.9,749510.0,5
2548,9203.55,316321.0,5
2597,20.33,2922939.0,5
3052,-40.7,304465.0,5
3056,2.37,80008.0,5
3266,18.87,168336.0,5
3703,3.16,2655799.0,5
5515,22.37,668115.0,5
5519,88.65,172901.0,5
5521,27.75,1071485.0,5
5522,191.64,646613.0,5
5525,406.8,315207.0,5
5531,55.16,77260.0,5
5533,144.78,139940.0,5
5534,452.58,498821.0,5
6177,149.18,432847.0,5
9906,75.87,134650.0,5
9946,312.15,105286.0,5
2208,-81.91,1410191.0,5
2601,-61.41,136487.0,5
2603,31.41,34656227.0,5
2605,15.67,441836.0,5
2606,41.77,1607321.0,5
2607,33.32,1768969.0,5
2608,-5.8,1008535.0,5
2609,22.22,15104168.0,5
2610,27.73,21229729.0,5
2611,-2.1,56592.0,5
2612,12.01,458530.0,5
2613,4.34,312421.0,5
2615,22.89,13803844.0,5
2617,33.3,450397.0,5
2618,22.1,22328735.0,5
2630,-29.25,361091.0,5
2633,3.5,4711037.0,5
2634,18.86,3452471.0,5
2636,10.7,2099285.0,5
2642,-23.11,253199.0,5
2645,10.64,1688186.0,5
2646,41.18,4826107.0,5
5607,38.95,461231.0,5
5608,13.88,294434.0,5
6753,26.91,522031.0,5
6757,21.73,1519136.0,5
8367,-7.82,258617.0,5
2701,-6.35,22159.0,5
2702,6.82,121604.0,5
2704,-2.08,107980.0,5
2705,-6.33,170888.0,5
2706,0.7,29875.0,5
2707,2.23,590127.0,5
2712,4.54,43223.0,5
2722,-5.66,48493.0,5
2727,15.02,2358781.0,5
2731,9.76,2845558.0,5
2739,-3.01,420057.0,5
2748,7.84,191251.0,5
2753,13.34,800344.0,5
5706,-2.01,273358.0,5
7705,0.54,605868.0,5
7760,-10.44,89475.0,5
8940,-6.29,120306.0,5
9943,-1.26,183735.0,5
2801,24.59,4429838.0,5
2812,28.33,1962546.0,5
2816,22.17,1450517.0,5
2820,89.39,417554.0,5
2832,30.97,944599.0,5
2834,22.52,3238262.0,5
2836,14.38,442470.0,5
2838,61.12,2349239.0,5
2845,21.67,1222102.0,5
2849,15.6,532466.0,5
2850,2.09,2558059.0,5
2851,1113.14,3084054.0,5
2852,-6.85,799100.0,5
2855,428.43,4391495.0,5
2867,154.93,13499873.0,5
2880,72.52,7272247.0,5
2881,155.02,30407516.0,5
2882,130.63,25059074.0,5
2883,126.09,11583656.0,5
2884,24.75,9259083.0,5
2885,928.42,21261028.0,5
2886,25.55,8373125.0,5
2887,317.18,14843474.0,5
2889,147.94,1588661.0,5
2890,82.69,9977463.0,5
2891,341.32,19217919.0,5
2892,36.7,7305350.0,5
2897,39.86,1047328.0,5
5876,5.28,4250508.0,5
5880,37.42,6305060.0,5
6005,155.54,3798596.0,5
6024,-200.5,-244632.0,5
2901,-2.22,10952.0,5
2903,0.89,2661338.0,5
2905,-19.95,19961873.0,5
2906,-2.86,635846.0,5
2908,-4.07,2730069.0,5
2910,0.7,46811.0,5
2911,-23.85,147737.0,5
2912,5.27,31643252.0,5
2913,-19.27,34203.0,5
2915,-21.82,173007.0,5
2945,40.91,1730905.0,5
8443,-12.65,89058.0,5
2072,81.08,1542251.0,5
3708,70.6,132546.0,5
4582,117.07,250216.0,5
5292,45.03,226644.0,5
6581,0.68,278202.0,5
6771,-5.88,49503.0,5
6869,-27.76,544213.0,5
6873,-32.8,393912.0,5
6923,20.57,116163.0,5
6944,48.22,1671463.0,5
6947,47.06,164415.0,5
6951,15.52,77051.0,5
6969,1.67,23620.0,5
6994,26.7,204216.0,5
7610,462.17,615259.0,5
7740,1254.6,1359522.0,5
7786,37.69,1478692.0,5
7818,-16.35,957075.0,5
8341,35.33,387554.0,5
8422,199.6,1272922.0,5
8438,49.77,445914.0,5
8473,2.65,333275.0,5
8476,-53.88,69016.0,5
9930,-5.55,1187666.0,5
9955,-3.68,125830.0,5
3130,10.46,257163.0,5
6165,8.72,277774.0,5
6614,83.31,518452.0,5
6689,-0.27,1028103.0,5
6902,27.69,100681.0,5
6906,0.56,23523.0,5
7721,72.32,63812.0,5
7722,17.19,747084.0,5
7765,3.12,149890.0,5
7835,-4.83,27342.0,5
8454,4.1,8987078.0,5
8487,-2.14,90819.0,5
1432,-38.66,65979.0,5
1598,5.12,402138.0,5
1736,1.64,4061045.0,5
4536,20.7,802168.0,5
5306,8.73,447549.0,5
6670,32.03,2882095.0,5
8462,20.06,591982.0,5
8478,-99.65,2269.0,5
9904,0.17,21701839.0,5
9910,11.74,6720476.0,5
9914,18.34,2285619.0,5
9921,5.81,5357327.0,5
2062,13.19,594567.0,5
3557,78.61,334491.0,5
6754,-19.41,261679.0,5
8464,3.27,2584300.0,5
9911,8.66,855526.0,5
9924,-8.88,620958.0,5
9934,4.43,1552362.0,5
9935,16.47,444076.0,5
1342,37.2,337474.0,5
1416,61.12,40522.0,5
1435,0.0,498.0,5
1437,-0.61,61704.0,5
1443,-2.26,79128.0,5
1516,-15.99,9678.0,5
2348,-55.01,170123.0,5
2496,2.04,70655.0,5
2514,-4.44,1733591.0,5
2614,-4.71,443290.0,5
2904,-15.93,37015.0,5
3040,-14.4,10376.0,5
6184,-0.43,175329.0,5
6464,1.22,358125.0,5
6504,6.09,594460.0,5
6585,58.06,279818.0,5
6592,-2.82,1939412.0,5
6625,29.57,767157.0,5
6655,23.62,269649.0,5
6901,407.46,692717.0,5
6914,6.86,505313.0,5
6952,17.66,191622.0,5
6958,-2.98,876508.0,5
7855,1.01,2608111.0,5
8033,-9.55,117063.0,5
8463,-9.06,566688.0,5
8481,11.51,98660.0,5
9902,-94.03,2176.0,5
9905,20.03,895638.0,5
9907,-20.93,3500161.0,5
9917,1.41,1593940.0,5
9919,-1.43,211751.0,5
9925,4.06,689884.0,5
9927,19.93,846270.0,5
9928,-10.3,63013.0,5
9929,1.45,49357.0,5
9933,-2.59,6895783.0,5
9938,4.4,1212931.0,5
9939,10.8,2880317.0,5
9940,36.9,1032988.0,5
9941,0.57,3339278.0,5
9942,10.76,381477.0,5
9944,7.34,224002.0,5
9945,72.0,5231795.0,5
1256,23.65,475678.0,5
1337,-9.61,45413.0,5
1340,-70.78,6790.0,5
1341,14.53,198457.0,5
4439,15.55,787275.0,5
1589,14.31,760800.0,5
1590,40.38,3909466.0,5
4552,0.71,314242.0,5
4560,21.97,168341.0,5
4571,7.21,259046.0,5
5288,68.5,813884.0,5
1626,-7.67,1010772.0,5
4763,-22.69,952051.0,5
4137,-14.58,285203.0,5
4148,21.75,276164.0,5
4178,5.0,30172.0,5
4190,1.76,177842.0,5
6431,-23.24,27782.0,5
6541,208.2,36078.0,5
6550,248.65,1601.0,5
6598,134.89,60307.0,5
6666,35.11,157606.0,5
7827,,0.0,5
5538,22.37,1171741.0,5
1338,6.24,426707.0,5
2115,32.46,311583.0,5
2236,27.34,1067368.0,5
2239,-10.7,1260516.0,5
2243,16.98,91034.0,5
2248,32.13,197831.0,5
2250,-15.37,230876.0,5
4557,-19.6,307688.0,5
4569,14.59,167869.0,5
4581,8.19,93834.0,5
3661,-33.45,1935098.0,5
6415,31.59,1911109.0,5
6451,4.89,624107.0,5
6525,18.95,548577.0,5
6573,-9.78,71765.0,5
6854,5.08,53395.0,5
6962,14.21,1631488.0,5
7749,73.68,198541.0,5
5215,30.81,258743.0,5
6591,-62.68,63869.0,5
6933,72.6,585033.0,5
3673,-2.59,6149316.0,5
4935,-34.29,307491.0,5
5243,-2.68,1016352.0,5
6456,-50.87,3197938.0,5
4977,-11.23,81963.0,5
6863,73.79,428094.0,5
4912,30.95,610245.0,5
4927,4.15,993802.0,5
4943,56.13,199057.0,5
4958,37.39,16201199.0,5
6672,34.98,530395.0,5
6781,20.86,1600458.0,5
6862,-35.0,130543.0,5
6924,3.95,141793.0,5
3665,41.34,7352121.0,5
5225,11.8,893014.0,5
8499,85.65,332066.0,5
2923,133.58,737837.0,5
5546,-40.92,135662.0,5
2637,45.86,1817170.0,5
2723,-4.99,1501181.0,5
2929,-0.44,138235.0,5
2939,5.51,29017.0,5
4807,48.79,214673.0,5
5906,8.22,132595.0,5
5907,2.7,238159.0,5
8429,-3.58,15772.0,5
6641,18.39,161335.0,5
6887,2.06,403725.0,5
7823,3.02,28144.0,5
2762,7.26,995839.0,5
6768,-1.95,1820279.0,5
6890,0.86,3611608.0,5
6965,18.11,2118090.0,5
8467,-30.34,184816.0,5
9802,-19.57,1598843.0,5
6671,-26.07,131331.0,5
6807,-20.15,292986.0,5
8482,30.79,315384.0,5
5284,43.31,413067.0,5
5871,1.29,8371058.0,5
6957,21.15,312233.0,5
8404,5.13,615949.0,5
8411,11.76,791298.0,5
8442,13.38,736545.0,5
8466,-11.64,212794.0,5
8488,74.87,388918.0,5
9105,-4.05,11098863.0,5
912000,-4.53,128722.0,5
1264,9.93,544506.0,6
1294,17.44,82336.0,6
1295,26.71,111446.0,6
1780,-6.44,62730.0,6
1796,22.75,70607.0,6
4205,-3.33,165787.0,6
4207,9.06,461547.0,6
6846,5.66,66800.0,6
7743,20.95,52882.0,6
4303,-10.0,89384.0,6
4304,19.09,22640.0,6
4305,-22.56,73085.0,6
9950,-34.98,179224.0,6
4401,2.5,334996.0,6
4402,-22.92,1520.0,6
4406,-84.62,5874.0,6
4413,-25.45,32096.0,6
4417,3.38,261283.0,6
4420,-17.94,77002.0,6
4432,-27.87,90931.0,6
4433,-20.05,169184.0,6
6506,30.0,164308.0,6
1570,0.99,55651.0,6
1580,3.17,393900.0,6
1586,25.15,216845.0,6
1599,11.51,132127.0,6
2066,23.53,256676.0,6
2067,-12.95,80127.0,6
2070,33.17,67296.0,6
2235,-17.86,39950.0,6
3162,58.73,897696.0,6
3226,-23.79,82634.0,6
3379,-49.31,62144.0,6
3685,28.79,119082.0,6
4502,36.36,104968.0,6
4503,-42.82,40098.0,6
4506,12.27,500976.0,6
4510,2.62,160278.0,6
4513,807.58,713572.0,6
4523,16.42,58919.0,6
4527,-21.79,238965.0,6
4528,-10.63,119070.0,6
4533,0.48,316168.0,6
4534,112.04,105581.0,6
4535,0.38,212518.0,6
4538,-22.59,32508.0,6
4543,14.6,88041.0,6
4549,3.6,108359.0,6
4550,-28.05,64076.0,6
4558,32.35,158040.0,6
4561,43.42,109091.0,6
4563,27.07,282843.0,6
4568,17.2,114230.0,6
4580,-4.49,216275.0,6
4584,-8.37,99832.0,6
5381,16.56,133319.0,6
6122,20.25,482696.0,6
6125,22.56,362674.0,6
6425,25.87,167462.0,6
6603,22.71,402006.0,6
6609,19.99,245083.0,6
6843,-13.45,75834.0,6
6982,29.76,191480.0,6
7642,-25.94,65206.0,6
7709,-57.89,52928.0,6
7718,14.01,224496.0,6
8027,58.47,246859.0,6
8083,-8.86,150565.0,6
8107,-39.53,52565.0,6
8255,5.77,734714.0,6
9951,-4.45,543837.0,6
2061,31.46,121620.0,6
1742,-21.99,6549.0,6
3430,58.37,170941.0,6
4706,12.56,97824.0,6
4707,30.81,150774.0,6
4711,37.47,79129.0,6
4714,8.02,141470.0,6
4716,-0.83,45819.0,6
4721,-19.34,251045.0,6
4741,32.27,53401.0,6
4754,29.08,65713.0,6
4767,-12.17,73043.0,6
4768,115.89,108683.0,6
4772,272.72,300576.0,6
6509,8.48,413625.0,6
1565,-16.8,301680.0,6
1777,28.2,125864.0,6
1781,35.98,34111.0,6
1784,5.37,111064.0,6
1788,3.69,392788.0,6
1799,67.01,81254.0,6
1813,-14.36,21873.0,6
3118,-3.63,54725.0,6
3176,-30.01,94848.0,6
3205,4.98,40794.0,6
3218,17.08,375355.0,6
4102,51.92,67149.0,6
4105,15.28,617099.0,6
4107,12.23,197214.0,6
4109,40.37,49321.0,6
4111,-0.66,122804.0,6
4114,30.67,750929.0,6
4116,5.6,465548.0,6
4120,25.08,447958.0,6
4121,2.13,327926.0,6
4123,2.92,116273.0,6
4126,18.18,207430.0,6
4127,41.38,55441.0,6
4128,11.85,161136.0,6
4129,17.08,530225.0,6
4131,96.36,34094.0,6
4138,7.88,120193.0,6
4147,-16.88,45258.0,6
4153,40.18,95226.0,6
4160,-0.46,50439.0,6
4161,-1.25,77104.0,6
4162,33.91,205857.0,6
4163,7.68,223520.0,6
4166,68.25,183015.0,6
4167,-0.17,102267.0,6
4168,-100.0,0.0,6
4173,-7.73,143762.0,6
4174,165.94,10316.0,6
4175,11.01,775016.0,6
4183,6.35,36835.0,6
4188,-38.27,1851.0,6
4192,-22.5,1629.0,6
4198,92.34,16353.0,6
4726,-48.91,53849.0,6
4728,50.07,224832.0,6
4735,-14.9,82131.0,6
4743,26.45,10468.0,6
4744,-68.37,79270.0,6
4747,2.17,47257.0,6
4905,75.34,78412.0,6
4911,-57.61,11556.0,6
5312,9.54,363653.0,6
6130,70.87,17786.0,6
6242,-8.33,49858.0,6
6461,-91.25,6162.0,6
6469,-4.89,1543601.0,6
6492,-4.76,80.0,6
6496,10.07,69403.0,6
6499,-7.06,36472.0,6
6523,-6.77,87015.0,6
6527,-17.36,68749.0,6
6535,233.53,4973.0,6
6547,-26.4,41559.0,6
6569,17.03,161202.0,6
6574,73.9,76696.0,6
6576,-71.83,10945.0,6
6612,30.18,116060.0,6
6615,-2.5,32327.0,6
6620,-21.75,80920.0,6
6637,300.82,238693.0,6
6649,16.53,13149.0,6
6661,0.09,33271.0,6
6662,5.26,22947.0,6
6703,13.62,316166.0,6
6712,16.07,93876.0,6
6730,13.25,46503.0,6
6733,63.57,23813.0,6
6762,21.79,76374.0,6
6767,-7.35,29359.0,6
6785,,250.0,6
6841,6.12,27940.0,6
6844,-1.89,273999.0,6
6872,-24.91,1142.0,6
6875,,0.0,6
6929,-4.33,257391.0,6
6945,,0.0,6
6986,13.4,30371.0,6
7713,15.23,112850.0,6
7814,209.28,14753.0,6
8279,5.99,176604.0,6
8403,12.5,435087.0,6
8409,20.91,13630.0,6
8432,6.41,96262.0,6
8436,-14.59,602951.0,6
2035,4.75,705520.0,6
2063,7.48,71827.0,6
2064,17.67,133386.0,6
2065,11.81,179113.0,6
2073,115.25,102918.0,6
4950,51.35,129400.0,6
5009,12.92,1119683.0,6
5011,-37.45,270616.0,6
5013,22.67,735956.0,6
5014,21.1,1635878.0,6
5015,-17.6,110475.0,6
5016,19.51,208884.0,6
6248,-9.76,570338.0,6
8349,17.53,1066422.0,6
8415,36.57,2632302.0,6
8930,4.72,126220.0,6
9962,37.18,212404.0,6
1595,27.89,97936.0,6
3105,29.55,1767694.0,6
3122,-0.91,25388.0,6
3131,15.21,631051.0,6
3141,10.84,186093.0,6
3169,31.41,85649.0,6
3178,36.03,130587.0,6
3227,21.04,820339.0,6
3228,56.8,34669.0,6
3259,14.55,16247.0,6
3260,212.05,14661310.0,6
3264,36.55,1552011.0,6
3265,3.57,433842.0,6
3268,4.79,94802.0,6
3317,16.06,247597.0,6
3372,12.46,113086.0,6
3374,61.0,764006.0,6
3438,-6.38,86149.0,6
3467,23.03,65300.0,6
3527,19.6,147991.0,6
3529,47.04,178454.0,6
3555,119.53,49436.0,6
3556,66.86,107106.0,6
3567,24.18,23606.0,6
3581,95.43,199469.0,6
3675,29.99,279963.0,6
3680,37.92,752110.0,6
3707,29.85,620211.0,6
4749,24.61,454490.0,6
4923,32.51,100102.0,6
4951,-3.7,45222.0,6
4973,197.3,861821.0,6
5272,-14.94,29949.0,6
5274,67.47,1310195.0,6
5299,-4.2,125277.0,6
5302,-14.05,1584.0,6
5344,0.21,31668.0,6
5347,33.57,5976507.0,6
5351,657.47,1902529.0,6
5425,9.45,1670280.0,6
5443,-10.09,466277.0,6
5468,39.68,12052.0,6
5483,7.61,7706634.0,6
5487,15.34,15180.0,6
6103,-34.03,5302.0,6
6104,5.66,357943.0,6
6129,36.53,140243.0,6
6138,11.1,694794.0,6
6147,27.06,2288255.0,6
6182,14.1,966318.0,6
6187,87.06,1012415.0,6
6208,22.49,365979.0,6
6223,65.06,1832915.0,6
6229,44.66,236080.0,6
6233,19.7,35928.0,6
6237,7.55,38983.0,6
6261,33.71,390228.0,6
6291,52.98,243258.0,6
6411,9.83,238078.0,6
6423,171.65,4667.0,6
6435,21.59,322830.0,6
6462,-23.68,371296.0,6
6485,-6.62,95541.0,6
6488,-1.62,5624376.0,6
6494,45.8,130018.0,6
6510,40.19,573909.0,6
6532,18.64,61046.0,6
6548,37.63,1501447.0,6
6568,11.01,106724.0,6
6640,0.33,340792.0,6
6643,-23.52,125326.0,6
6651,19.45,153275.0,6
6679,9.92,178675.0,6
6683,24.54,231316.0,6
6684,-18.86,18613.0,6
6693,106.97,234257.0,6
6708,8.74,32787.0,6
6716,60.57,150968.0,6
6720,-18.61,29439.0,6
6732,-14.87,320929.0,6
6788,6.32,269474.0,6
6823,14.87,56041.0,6
6829,69.4,216837.0,6
6895,-43.63,40599.0,6
6953,27.61,147706.0,6
6996,49.96,276157.0,6
7556,8.77,70516.0,6
7704,17.8,63881.0,6
7712,49.37,160711.0,6
7734,-6.43,230128.0,6
7751,67.24,246870.0,6
7770,-62.3,18315.0,6
7772,6.71,35136.0,6
7810,116.45,83878.0,6
7828,255.83,116798.0,6
8024,70.62,26972.0,6
8040,34.49,77102.0,6
8054,-20.6,261384.0,6
8086,16.05,407747.0,6
8088,1.01,123653.0,6
8091,71.69,317067.0,6
8102,40.21,48324.0,6
8227,88.43,159105.0,6
8277,-83.65,9578.0,6
8299,301.0,24852784.0,6
8383,200.06,662939.0,6
1569,-6.33,248282.0,6
3071,48.37,277274.0,6
3088,48.37,804930.0,6
3211,20.63,1268072.0,6
3213,6.05,335433.0,6
3272,39.77,323454.0,6
3287,-8.36,65663.0,6
3323,-35.29,317364.0,6
3325,-47.33,53270.0,6
3349,-23.87,53621.0,6
3479,27.84,882778.0,6
3483,-18.47,681311.0,6
3540,-10.0,391338.0,6
3577,85.37,165411.0,6
3594,43.84,264273.0,6
3611,-0.09,1029807.0,6
3625,23.38,45950.0,6
3693,74.98,1160269.0,6
3709,72.06,7614783.0,6
4931,145.08,394409.0,6
5289,696.3,8207987.0,6
5356,48.69,366217.0,6
5386,442.3,1567303.0,6
5426,44.52,161096.0,6
5438,-36.6,85088.0,6
5465,-13.5,374524.0,6
5474,16.3,164174.0,6
5490,50.21,179613.0,6
6121,11.5,7052170.0,6
6150,-30.18,443790.0,6
6160,-43.34,68653.0,6
6161,42.67,155994.0,6
6188,-1.89,748280.0,6
6228,-26.56,3532.0,6
6276,-59.43,44934.0,6
6441,-57.08,10948.0,6
6570,23.78,99898.0,6
6577,4.96,178844.0,6
6680,6.99,55255.0,6
6922,39.41,222942.0,6
8050,143.6,955797.0,6
8076,8.49,156046.0,6
8234,38.6,680208.0,6
8410,-25.11,80231.0,6
3066,49.95,26951.0,6
3128,-16.97,67750.0,6
3230,11.63,32731.0,6
3297,41.4,24626.0,6
3339,-37.65,66843.0,6
3362,-21.56,262330.0,6
3434,36.43,70074.0,6
3441,73.63,41377.0,6
3455,-30.01,83971.0,6
3490,-3.75,21680.0,6
3516,18.49,95106.0,6
3523,47.07,13141.0,6
3531,-27.59,76732.0,6
3615,-45.11,49690.0,6
3623,-45.57,17648.0,6
3630,-5.53,183068.0,6
3666,35.66,49837.0,6
3691,63.72,739343.0,6
4729,-0.76,91321.0,6
4933,-21.15,209210.0,6
4972,12.61,86929.0,6
4995,37.35,140986.0,6
5220,76.04,94510.0,6
5230,19.61,123374.0,6
5245,-9.12,70702.0,6
5251,38.64,39779.0,6
5315,-8.35,148708.0,6
5371,-11.34,3621114.0,6
5392,9.15,778810.0,6
6167,-2.34,111885.0,6
6222,-55.33,67.0,6
6234,-15.8,52858.0,6
6244,65.82,307848.0,6
6246,-29.15,97891.0,6
6419,344.15,145252.0,6
6498,8.38,110279.0,6
6517,6.14,49812.0,6
6556,0.12,102625.0,6
6560,52.17,15557.0,6
6859,-34.46,43243.0,6
6899,16.97,106128.0,6
7402,-17.78,47519.0,6
7753,4.57,84056.0,6
8049,18.76,115591.0,6
8064,15.94,205470.0,6
8069,-0.62,4041054.0,6
8111,2.33,71200.0,6
8240,-7.7,522737.0,6
3081,128.13,420507.0,6
3095,29.66,67613.0,6
3152,23.54,143118.0,6
3163,-11.53,181188.0,6
3221,26.6,226134.0,6
3234,62.79,76706.0,6
3306,1.14,100628.0,6
3363,-15.7,157445.0,6
3466,-18.29,7358.0,6
3491,89.37,256723.0,6
3499,24.41,31330.0,6
3558,5.73,1316726.0,6
3564,30.32,326232.0,6
3632,37.86,27813.0,6
3672,0.66,13564.0,6
3684,-11.32,118630.0,6
4903,4.65,236567.0,6
4908,29.72,91180.0,6
4909,-11.93,16860.0,6
4979,27.68,455083.0,6
5353,-1.69,162571.0,6
6109,-2.06,69814.0,6
6143,30.62,890329.0,6
6170,-2.26,257307.0,6
6190,28.78,985514.0,6
6218,14.55,205046.0,6
6241,-1.17,55971.0,6
6245,14.08,708574.0,6
6263,4.21,173402.0,6
6417,26.62,169031.0,6
6465,42.29,37553.0,6
6470,-33.6,118509.0,6
6486,60.05,324711.0,6
6530,8.4,31597.0,6
6546,-0.76,194193.0,6
6561,10.17,360423.0,6
6588,49.1,33381.0,6
8034,-57.05,14972.0,6
8048,130.47,125692.0,6
8059,148.31,1369656.0,6
8089,-64.57,23331.0,6
8097,122.1,19310.0,6
8176,-10.18,31930.0,6
1336,29.6,273030.0,6
1815,46.36,688976.0,6
3078,-57.59,408528.0,6
3114,-16.21,262676.0,6
3115,317.43,814.0,6
3191,36.49,16691.0,6
3206,-17.51,277642.0,6
3207,-33.43,119790.0,6
3217,2.41,324206.0,6
3236,11.92,187493.0,6
3276,70.58,69367.0,6
3288,-5.01,8366.0,6
3290,88.71,344907.0,6
3294,-18.01,275848.0,6
3310,170.44,338202.0,6
3322,10.04,264851.0,6
3332,23.41,160781.0,6
3354,42.22,9718.0,6
3357,57.44,764513.0,6
3388,18.97,736337.0,6
3390,40.18,91738.0,6
3484,9.03,424135.0,6
3485,22.44,62678.0,6
3492,37.58,86376.0,6
3511,23.13,160852.0,6
3520,-17.52,105321.0,6
3526,29.72,409265.0,6
3537,26.87,290120.0,6
3548,7.06,788044.0,6
3597,40.73,85145.0,6
3609,-24.69,43632.0,6
3624,28.72,322085.0,6
3631,120.44,4312.0,6
3646,30.69,76501.0,6
3689,72.66,768486.0,6
3710,20.67,698370.0,6
4542,102.04,132546.0,6
4939,44.18,151160.0,6
4974,17.23,348237.0,6
5228,35.08,62349.0,6
5291,40.49,122639.0,6
5309,4.19,294029.0,6
5328,63.53,103968.0,6
5340,25.75,248445.0,6
5355,62.55,57383.0,6
5439,22.13,1103029.0,6
5457,2.94,1744541.0,6
5460,4.58,20373.0,6
5464,36.8,100353.0,6
5475,160.08,174251.0,6
5488,79.28,84045.0,6
5498,80.27,208674.0,6
6114,-1.61,63806.0,6
6124,-29.56,137101.0,6
6126,59.01,554251.0,6
6127,11.73,96811.0,6
6134,36.38,209313.0,6
6156,55.51,616301.0,6
6158,19.97,175892.0,6
6173,29.08,503868.0,6
6174,26.89,65219.0,6
6175,43.96,485614.0,6
6185,58.75,65278.0,6
6194,-51.97,55600.0,6
6203,-38.97,140778.0,6
6204,8.99,38175.0,6
6207,-2.51,85555.0,6
6210,125.1,46307.0,6
6217,43.9,429066.0,6
6220,57.98,1059374.0,6
6259,82.67,73701.0,6
6266,1.59,241766.0,6
6274,107.71,4895221.0,6
6275,-6.27,342711.0,6
6279,41.19,976690.0,6
6284,6.57,660925.0,6
6290,-2.31,848163.0,6
6292,20.23,98429.0,6
6418,48.3,92960.0,6
6432,18.86,100180.0,6
6538,46.49,135650.0,6
6584,40.64,286390.0,6
6597,-14.09,49452.0,6
6642,52.48,62997.0,6
6664,19.32,249672.0,6
6727,-23.89,141495.0,6
6761,0.86,174376.0,6
6821,2.18,49293.0,6
6913,61.07,308086.0,6
6967,40.83,162801.0,6
7744,128.12,409621.0,6
8038,-45.47,26525.0,6
8042,51.29,437951.0,6
8043,48.37,622288.0,6
8071,24.61,202455.0,6
8074,22.98,144714.0,6
8093,468.3,21550.0,6
8109,36.23,192667.0,6
8121,33.0,298633.0,6
8147,14.9,167493.0,6
8155,31.89,538756.0,6
8182,5.56,248815.0,6
8289,29.88,184909.0,6
8291,59.85,227.0,6
8358,43.36,962293.0,6
3224,28.33,141027.0,6
3232,20.0,75124.0,6
3360,95.15,1177311.0,6
3444,17.05,117503.0,6
6113,129.64,104053.0,6
6118,3.14,857249.0,6
6154,-1.32,335975.0,6
6227,84.6,1992052.0,6
6265,1209.5,617105.0,6
6270,29.73,411730.0,6
6474,29.71,445897.0,6
8032,38.92,408206.0,6
8067,21.28,9048.0,6
8068,181.7,152174.0,6
8084,-22.47,34372.0,6
8096,433.48,8978261.0,6
3147,334.52,1754637.0,6
3158,35.49,114761.0,6
3570,29.21,256509.0,6
4953,37.06,1233074.0,6
5201,-23.57,18341.0,6
5202,-31.95,17715.0,6
5210,-20.73,20504.0,6
5211,34.2,25727.0,6
5212,2.44,95585.0,6
5310,-22.01,85.0,6
5403,15.96,290477.0,6
5410,11.86,331851.0,6
6123,-8.06,381856.0,6
6140,-28.25,170947.0,6
6148,-2.85,52522.0,6
6163,61.38,473475.0,6
6221,-21.93,367093.0,6
6231,16.85,205672.0,6
6240,-4.93,4369.0,6
6516,58.83,51513.0,6
6590,29.55,79215.0,6
6593,-1.28,32216.0,6
6697,-3.9,99742.0,6
6751,-32.61,128424.0,6
6752,5.53,178358.0,6
6791,9.27,71189.0,6
6874,-23.16,145175.0,6
6884,31.13,141785.0,6
7767,220.5,637235.0,6
7819,-52.11,38989.0,6
8099,85.46,642438.0,6
8272,-11.36,52585.0,6
8284,20.76,296049.0,6
8416,17.58,164863.0,6
1785,70.83,4607657.0,6
3093,92.31,194354.0,6
3219,26.07,237159.0,6
3285,137.15,122118.0,6
3289,-1.55,426314.0,6
3303,48.97,374252.0,6
3324,62.13,2718035.0,6
3373,44.18,46400.0,6
3402,29.9,553782.0,6
3465,15.19,191659.0,6
3498,50.68,321521.0,6
3508,18.26,80600.0,6
3541,5.04,88399.0,6
3552,4.38,709046.0,6
3580,-2.82,43243.0,6
3587,11.0,558424.0,6
3628,30.27,372786.0,6
3663,22.76,659468.0,6
4554,56.27,55288.0,6
4577,81.65,96518.0,6
4760,64.8,248915.0,6
5452,6.69,414302.0,6
5489,14.48,175314.0,6
5493,19.3,587302.0,6
5536,24.9,4774283.0,6
6146,12.74,417190.0,6
6151,16.03,165277.0,6
6512,-57.24,4791.0,6
6613,120.45,1992776.0,6
6654,240.79,80272.0,6
6667,-2.5,653712.0,6
6725,15.91,359654.0,6
6735,15.23,33285.0,6
6739,101.13,129283.0,6
6840,17.85,98116.0,6
6855,12.25,64273.0,6
6877,-65.4,16297.0,6
6903,163.85,714953.0,6
6983,112.54,38028.0,6
7703,25.13,284725.0,6
7728,114.17,53604.0,6
7792,28.27,750093.0,6
8047,175.91,95751.0,6
8085,-17.99,46546.0,6
8092,-3.96,27685.0,6
8183,64.65,771224.0,6
8431,-21.02,65270.0,6
8908,13.75,982825.0,6
8917,-8.36,236346.0,6
8927,84.75,1392264.0,6
8931,8.39,232960.0,6
2596,575.48,192060.0,6
2718,-97.02,15199.0,6
3188,228.96,239968.0,6
3313,12204.16,5906.0,6
3489,64.53,81128.0,6
3512,-57.62,15684.0,6
3521,-99.99,3.0,6
4113,620.94,165984.0,6
4416,256.72,1444341.0,6
4907,-74.1,45328.0,6
5206,-81.72,30445.0,6
5213,-40.52,459287.0,6
5324,271.96,190964.0,6
5455,-1.02,194.0,6
5508,329.33,505340.0,6
5511,3.9,1096115.0,6
5512,9.75,462380.0,6
5514,262.86,1749.0,6
5516,37.2,294291.0,6
5520,1.26,340118.0,6
5523,2.7,380.0,6
5529,2135.46,77459.0,6
5547,-4.47,234850.0,6
5548,-4.43,191673.0,6
6171,-98.15,15640.0,6
6186,-97.84,16492.0,6
6198,0.0,22.0,6
6212,5.22,113112.0,6
6219,20426.33,45979.0,6
6264,-90.72,524.0,6
8080,-52.66,9436.0,6
8424,0.0,90027.0,6
2641,4.72,183949.0,6
2643,0.22,696781.0,6
5601,2.75,8046.0,6
5603,13.72,124345.0,6
5609,35.26,3451671.0,6
7716,12.69,195736.0,6
1259,2.94,533260.0,6
1268,23.43,574472.0,6
2719,-36.12,103774.0,6
2729,12.55,531457.0,6
2732,25.86,445894.0,6
2734,23.32,165917.0,6
2736,17.23,38038.0,6
2740,-64.75,3484.0,6
2743,-11.23,533007.0,6
2745,5.97,782323.0,6
2751,18.08,177705.0,6
2752,14.08,363090.0,6
2754,12.26,551321.0,6
2755,18.33,297122.0,6
2756,4.8,110366.0,6
3252,-0.17,35901.0,6
3522,-3.51,73213.0,6
4419,1.5,226783.0,6
4530,-84.15,5740.0,6
5301,-31.31,10713.0,6
5364,-84.65,4755.0,6
5701,-23.53,26730.0,6
5703,66.69,40866.0,6
5704,-96.54,666.0,6
5905,227.07,253080.0,6
6961,1.69,370671.0,6
7708,12.01,252147.0,6
7723,-16.76,322078.0,6
7757,7.66,199399.0,6
8077,12.05,89491.0,6
5864,107.07,266285.0,6
5878,0.09,63907.0,6
6015,270.83,562029.0,6
6016,-46.81,266344.0,6
6020,14.85,44176.0,6
6021,-25.52,208505.0,6
6023,86.15,501125.0,6
6026,1448.38,242679.0,6
6028,46.78,543688.0,6
1584,-3.2,194678.0,6
2221,34.64,149053.0,6
3284,13.11,63376.0,6
4430,14.79,181823.0,6
4529,462.69,2504.0,6
4541,58.67,199434.0,6
4556,14.45,61317.0,6
5209,-28.52,356053.0,6
5314,167.87,578813.0,6
5345,1067.0,4633.0,6
5398,-49.31,15962.0,6
5450,21.65,244618.0,6
5481,-14.63,6942.0,6
5530,-8.32,281893.0,6
5604,2.76,13588.0,6
6179,229.21,1102208.0,6
6199,476.98,76358.0,6
6721,-6.69,282650.0,6
6881,-22.12,161704.0,6
6904,78.74,92435.0,6
7777,-77.03,30230.0,6
8342,4.76,155185.0,6
8354,4.03,52001.0,6
8401,6.25,134386.0,6
8421,46.58,132756.0,6
8435,10.89,61808.0,6
8489,71.11,176234.0,6
8905,18.78,192014.0,6
8906,9.06,16079.0,6
8916,3.98,770018.0,6
8921,11.71,53842.0,6
8929,1.22,53803.0,6
8935,-42.11,31240.0,6
8936,21.23,539254.0,6
8937,782.58,36583.0,6
8942,-27.29,233210.0,6
2926,-0.73,613956.0,6
3064,5.52,7198.0,6
3083,-17.21,36468.0,6
3086,-28.19,10811.0,6
3293,17.17,2166407.0,6
3546,44.43,145993.0,6
3629,,4665.0,6
4806,22.67,10149.0,6
4946,-18.39,20615.0,6
5263,90.23,200811.0,6
5478,2.66,543958.0,6
6101,-65.58,69309.0,6
6111,133.18,1078373.0,6
6144,-5.74,11856.0,6
6169,-98.37,40.0,6
6180,7.56,590740.0,6
6294,-9.43,90027.0,6
6482,-5.85,39531.0,6
6542,16.95,77474.0,6
6596,-38.98,144110.0,6
6856,0.04,54581.0,6
7584,6.84,80180.0,6
8446,-6.12,91111.0,6
8450,-36.2,16019.0,6
8923,20.17,59078.0,6
9949,27.38,12927.0,6
1240,24.16,270176.0,6
4171,27.33,22045.0,6
6508,-17.6,116327.0,6
6578,35.79,35234.0,6
3073,32.91,9780.0,6
3551,26.06,293281.0,6
3713,156.35,88944.0,6
5205,29.86,2835.0,6
5432,18.54,20549.0,6
6624,-61.66,8396.0,6
6692,-17.02,69216.0,6
6803,-2.49,867900.0,6
6894,44.54,205853.0,6
6971,-11.01,169657.0,6
7715,-74.33,35448.0,6
7820,43.35,36758.0,6
7842,38.43,344676.0,6
8087,80.95,19976.0,6
8171,294.46,53079.0,6
8390,43.95,555068.0,6
8440,12.18,90827.0,6
2640,14.78,293100.0,6
2949,31.79,655611.0,6
3085,35.86,7141.0,6
3687,15.54,174361.0,6
5278,21.64,289085.0,6
5287,-4.4,190617.0,6
5321,-30.26,167334.0,6
6236,21.48,3019.0,6
6690,7.24,239493.0,6
6763,14.37,165330.0,6
6811,6.55,1507301.0,6
6865,-47.58,32744.0,6
6870,54.54,91082.0,6
6910,-4.85,35209.0,6
6925,4.29,17979.0,6
6997,47.15,491554.0,6
7547,36.25,44438.0,6
7714,122.89,288710.0,6
7738,8.22,52974.0,6
7747,12.1,137167.0,6
7805,28.11,501052.0,6
7839,-0.34,15402.0,6
8044,15.48,3414882.0,6
8472,-20.74,47459.0,6
8477,33.84,49903.0,6
8932,-3.5,242571.0,6
1593,5.33,115466.0,6
5348,-17.3,21366.0,6
6804,-47.45,88148.0,6
7811,4.76,289564.0,6
8924,-27.57,274898.0,6
8928,61.6,254992.0,6
8933,-3.25,230058.0,6
8938,20.3,1088390.0,6
9960,-15.62,42137.0,6
2230,-20.48,101206.0,6
2916,-6.2,140969.0,6
2937,20.64,461896.0,6
2941,-8.05,72781.0,6
2947,6.0,204099.0,6
2948,16.32,196666.0,6
3067,-59.55,1365.0,6
3171,86.4,249523.0,6
4609,133.61,12795.0,6
4702,-25.34,4742.0,6
5902,0.9,204985.0,6
5903,3.25,9590492.0,6
5904,8.35,2245600.0,6
6195,20.88,201144.0,6
6728,28.98,446209.0,6
6968,15.71,311895.0,6
7782,11.31,56988.0,6
7794,20.46,112994.0,6
8066,14.42,394926.0,6
8433,5.31,371042.0,6
8941,39.64,278935.0,6
4442,36.19,167107.0,6
1591,126.96,36786.0,6
4139,-1.38,89450.0,6
4157,-7.12,3022.0,6
4745,39.62,343798.0,6
6617,70.0,4505.0,6
4966,12.22,1672372.0,6
4971,-6.26,71880.0,6
4991,55.06,326169.0,6
6907,113.56,369094.0,6
5223,9.76,165729.0,6
3664,-87.5,25453.0,6
7717,134.95,138933.0,6
5227,-86.97,2091.0,6
8455,-0.57,102776.0,6
5543,1.28,239202.0,6
2726,16.41,50104.0,6
4804,16.21,12544.0,6
2724,26.11,21673.0,6
4154,155.24,2504.0,6
5276,19.92,83058.0,6
8426,-24.05,173525.0,6
8437,3.53,19121.0,6
8444,-71.05,77838.0,6
4924,-75.52,18074.0,6
8423,32.07,39205.0,6
6741,32.45,201113.0,6
2924,-7.87,3311.0,6
6616,-19.77,65454.0,6
6629,109.42,199563.0,6
1101,32.39,13382706.0,6
1102,-2.21,5885972.0,6
1103,-7.48,229237.0,6
1104,-18.91,508460.0,6
1108,-26.57,265297.0,6
1109,-19.63,314135.0,6
1110,-4.01,213484.0,6
1201,5.13,1825679.0,6
1203,-1.12,427563.0,6
1210,12.17,8952188.0,6
1213,5.66,25270.0,6
1215,8.69,2419781.0,6
1216,4.59,58301112.0,6
1217,-2.41,414313.0,6
1218,-11.86,713728.0,6
1219,0.4,1104022.0,6
1220,6.9,273600.0,6
1225,2.28,1006736.0,6
1227,-1.56,1949498.0,6
1229,-52.01,1027017.0,6
1231,6.95,1030161.0,6
1232,16.29,1866048.0,6
1233,19.86,195470.0,6
1234,-5.28,728270.0,6
1235,-6.83,11632.0,6
1236,14.11,110212.0,6
1702,2.76,1874328.0,6
1737,-10.02,256387.0,6
3054,175.55,59252.0,6
7780,37.7,241821.0,6
7791,-6.25,245172.0,6
1301,-2.68,13976274.0,6
1303,31.78,27134592.0,6
1304,-26.33,2879163.0,6
1305,-44.67,564306.0,6
1307,11.11,852934.0,6
1308,20.68,516682.0,6
1309,-51.72,601607.0,6
1310,-24.84,569505.0,6
1312,-0.21,1277524.0,6
1313,2.32,5262701.0,6
1314,-29.27,1040669.0,6
1315,-13.94,204130.0,6
1321,-3.64,306226.0,6
1323,8.54,181453.0,6
1324,-21.37,55838.0,6
1325,-18.39,21606.0,6
1326,11.59,27666322.0,6
4306,19.9,1286195.0,6
1402,12.06,22922082.0,6
1409,13.44,3554062.0,6
1410,-29.21,12793.0,6
1413,-1.89,166491.0,6
1414,-6.83,35054.0,6
1417,-28.5,28158.0,6
1418,6800.0,1173.0,6
1419,17.97,323245.0,6
1423,-4.69,2884.0,6
1434,-1.44,2148851.0,6
1440,-11.52,1046100.0,6
1441,-39.88,90177.0,6
1444,25.55,659642.0,6
1445,-21.25,55138.0,6
1446,22.97,11577.0,6
1447,53.19,3121865.0,6
1449,12.31,388010.0,6
1451,8.01,640948.0,6
1452,13.72,127293.0,6
1454,-30.02,96895.0,6
1455,-13.93,464889.0,6
1457,-2.29,235910.0,6
1459,-9.99,78449.0,6
1460,0.5,442538.0,6
1463,19.23,15921.0,6
1464,2.06,833266.0,6
1465,-8.15,38615.0,6
1466,-25.75,184437.0,6
1467,24.37,495486.0,6
1468,-16.75,49452.0,6
1470,10.84,74110.0,6
1473,-0.86,621453.0,6
1474,-5.99,195889.0,6
1475,5.17,125099.0,6
1476,14.42,3762594.0,6
1477,0.52,2851147.0,6
4414,27.21,1366737.0,6
4426,2.74,66120.0,6
4438,7.14,2025339.0,6
4440,-22.28,58898.0,6
4441,-3.5,716929.0,6
1503,-10.58,3108909.0,6
1504,0.14,5277164.0,6
1506,20.29,117501.0,6
1513,8.3,2833330.0,6
1514,39.69,1177480.0,6
1515,6.36,424480.0,6
1517,19.78,189428.0,6
1519,-25.77,1729751.0,6
1526,-24.03,61113.0,6
1527,0.3,260526.0,6
1528,22.55,274993.0,6
1529,4.51,37321.0,6
1530,-18.51,167572.0,6
1531,45.37,176746.0,6
1532,20.38,1305359.0,6
1535,-32.51,798088.0,6
1537,14.05,570579.0,6
1538,-5.43,10936.0,6
1539,-13.23,100767.0,6
1540,-51.17,30666.0,6
1541,-46.46,187639.0,6
1558,7.55,777552.0,6
1560,16.39,832959.0,6
1583,-11.32,382226.0,6
1597,45.24,131807.0,6
2049,31.62,2554057.0,6
2371,16.64,5292568.0,6
3167,139.66,1040999.0,6
4526,26.68,483430.0,6
4532,28.8,1974655.0,6
4540,30.81,332808.0,6
4555,24.66,169673.0,6
4562,-21.64,48074.0,6
4564,-34.45,63401.0,6
4566,44.38,529998.0,6
4572,16.81,63339.0,6
4576,62.55,344085.0,6
4583,29.97,274287.0,6
4590,42.97,119895.0,6
6606,30.16,98477.0,6
7750,151.39,2649995.0,6
8222,-10.35,68432.0,6
8374,39.8,500787.0,6
8996,37.55,724767.0,6
1603,4.3,483897.0,6
1604,6.76,828708.0,6
1605,29.33,16719950.0,6
1608,13.35,1102958.0,6
1609,22.66,3369481.0,6
1611,-11.4,83645.0,6
1612,-11.28,717168.0,6
1614,-2.65,461010.0,6
1615,28.36,633108.0,6
1616,32.04,572015.0,6
1617,39.58,376197.0,6
1618,-37.71,323809.0,6
1623,13.62,602591.0,6
4930,-1.29,443560.0,6
5283,2.65,713862.0,6
1708,3.25,519370.0,6
1709,70.13,1030724.0,6
1710,-18.18,1513960.0,6
1711,15.49,690754.0,6
1712,4.07,1716087.0,6
1713,-7.68,26893.0,6
1714,73.41,3074967.0,6
1717,16.2,3831479.0,6
1718,1.92,4113665.0,6
1721,8.67,141052.0,6
1722,-10.47,815569.0,6
1723,32.11,674339.0,6
1725,-23.87,586499.0,6
1726,-5.58,746600.0,6
1727,19.23,224411.0,6
1730,9.47,217888.0,6
1732,10.02,65934.0,6
1735,15.84,193755.0,6
1773,20.49,1250360.0,6
1776,5.97,73039.0,6
4720,25.06,337386.0,6
4722,26.93,362609.0,6
4739,113.78,953770.0,6
4755,15.62,464390.0,6
4764,22.36,284417.0,6
4766,12.81,2093401.0,6
4770,-6.94,470234.0,6
1707,-7.24,819639.0,6
1720,9.1,615012.0,6
1731,2.48,131865.0,6
1733,20.08,173952.0,6
1734,3.77,278642.0,6
1752,-18.07,155084.0,6
1760,-3.96,132734.0,6
1762,-40.17,101773.0,6
1783,9.16,86139.0,6
1786,0.95,74440.0,6
1789,-3.91,248283.0,6
1795,225.45,3398684.0,6
3164,-13.2,37737.0,6
3705,-21.98,577868.0,6
3716,-5.39,663752.0,6
4104,16.07,893588.0,6
4106,26.75,265782.0,6
4108,27.77,14283.0,6
4119,36.14,123241.0,6
4133,-6.41,29336.0,6
4142,-62.83,37239.0,6
4155,22.92,172639.0,6
4164,-38.15,329871.0,6
4169,4.0,64785.0,6
4195,11.18,72146.0,6
4736,2.08,360204.0,6
4737,-6.52,143609.0,6
4746,0.28,421860.0,6
4771,31.25,394887.0,6
6446,94.88,2332801.0,6
6472,39.22,2297853.0,6
6491,33.93,723965.0,6
6534,28.62,88896.0,6
6589,94.32,113305.0,6
6645,43.9,66053.0,6
6657,-45.72,502.0,6
6782,45.94,450881.0,6
6794,-43.03,1276.0,6
6796,1.03,54597.0,6
6838,,678.0,6
6861,12.61,229132.0,6
6885,491.54,2378.0,6
6918,4.18,79196.0,6
6919,,0.0,6
6931,18.83,110416.0,6
6934,41325.0,11599.0,6
6936,-0.43,117271.0,6
6949,50.22,3275.0,6
6955,30.07,33394.0,6
7799,-100.0,0.0,6
7803,-84.91,3181.0,6
1802,27.0,4207055.0,6
1806,-20.44,236810.0,6
1809,4.53,202891.0,6
1810,-11.91,391535.0,6
1817,4.18,228982.0,6
1903,-1.9,11611.0,6
1904,-2.08,3878071.0,6
1905,-0.42,1517398.0,6
1906,9.15,286819.0,6
1907,12.66,6602187.0,6
1909,44.1,4709421.0,6
6790,-4.83,868171.0,6
2002,9.6,27994106.0,6
2006,9.0,5474143.0,6
2007,-25.72,367842.0,6
2008,4.6,164518.0,6
2009,15.46,307040.0,6
2010,-0.42,2154426.0,6
2012,-17.62,623323.0,6
2013,-22.55,1479472.0,6
2014,47.93,1830179.0,6
2015,-9.72,2498361.0,6
2017,18.03,249737.0,6
2020,3.63,311582.0,6
2022,19.48,777747.0,6
2023,-1.88,5315284.0,6
2024,17.18,98259.0,6
2025,57.85,85486.0,6
2027,43.73,11907806.0,6
2028,13.06,776510.0,6
2029,2.57,1237439.0,6
2030,33.89,986869.0,6
2031,7.82,1566966.0,6
2032,11.99,280939.0,6
2033,-28.85,47205.0,6
2034,22.47,1224695.0,6
2038,-19.18,614558.0,6
2069,11.84,921026.0,6
2211,47.25,1636457.0,6
3004,46.55,497531.0,6
5007,28.19,562514.0,6
9958,64.08,2138665.0,6
2101,328.25,3414007.0,6
2102,-15.52,19010.0,6
2103,40.24,3913317.0,6
2104,-12.4,872818.0,6
2105,15.0,8570989.0,6
2106,11.59,3109402.0,6
2107,107.32,205165.0,6
2108,31.77,1056338.0,6
2109,-8.85,347217.0,6
2114,6.71,140477.0,6
6582,-36.47,44570.0,6
1319,3.03,1806325.0,6
1339,-3.25,123393.0,6
1512,-11.35,71375.0,6
1521,7.15,320973.0,6
1522,70.01,2320836.0,6
1524,9.81,176279.0,6
1525,27.55,126005.0,6
1533,30.98,458717.0,6
1536,3.81,366996.0,6
1563,21.46,749164.0,6
1568,18.19,101779.0,6
1587,-11.61,185923.0,6
2201,-8.05,5920500.0,6
2204,6.7,3042427.0,6
2206,-13.38,5068819.0,6
2207,48.36,28989099.0,6
2227,-1.91,1236595.0,6
2228,2.23,409173.0,6
2231,-17.89,233407.0,6
2233,7.57,284710.0,6
2237,66.3,310668.0,6
2241,125.11,96393.0,6
2247,-6.98,4101099.0,6
2254,-88.41,3488.0,6
2258,22.67,454732.0,6
2497,51.88,510144.0,6
3346,-29.48,500433.0,6
3717,,552428.0,6
4551,30.66,749868.0,6
6605,4.45,1599261.0,6
6988,-2.26,64640.0,6
7732,-23.12,80510.0,6
7736,-22.82,121356.0,6
7821,31.77,800710.0,6
2302,45.7,99738.0,6
2303,22.85,23124962.0,6
2329,3.62,1822186.0,6
2330,67.86,442679969.0,6
2337,216.09,6956348.0,6
2338,0.08,508943.0,6
2340,16.34,483128.0,6
2342,4.56,176335.0,6
2344,189.87,20596799.0,6
2351,51.71,1213743.0,6
2363,74.79,466594.0,6
2369,36.51,631125.0,6
2379,20.6,12310586.0,6
2388,34.01,1248016.0,6
2401,35.24,734090.0,6
2408,621.33,29388309.0,6
2434,117.37,7508.0,6
2436,18.28,372126.0,6
2441,33.15,1874548.0,6
2449,28.63,3621671.0,6
2451,381.54,5068218.0,6
2454,2.79,58011756.0,6
2458,7.12,1059324.0,6
2481,27.36,1388856.0,6
3006,328.35,4845479.0,6
3014,-1.12,612837.0,6
3016,41.16,448219.0,6
3034,18.95,10022596.0,6
3035,26.57,1416828.0,6
3041,167.5,177144.0,6
3094,74.09,24418.0,6
3135,150.02,1610089.0,6
3150,33.89,28421.0,6
3189,32.26,4224069.0,6
3257,-42.49,61218.0,6
3413,40.11,2457175.0,6
3443,103.71,4928512.0,6
3450,88.17,1138635.0,6
3530,24.34,167832.0,6
3532,23.71,1224081.0,6
3545,2.16,900079.0,6
3583,-2.67,1034997.0,6
3588,46.38,147830.0,6
3592,18.58,2230464.0,6
3686,25.61,10116.0,6
3711,32.86,65783102.0,6
4919,1.15,2711218.0,6
4952,50.02,285811.0,6
4961,24.76,1859601.0,6
4967,34.99,3018031.0,6
4968,-5.0,317192.0,6
5222,-4.96,78057.0,6
5236,12.77,192161.0,6
5269,-22.4,867194.0,6
5285,14.12,520254.0,6
5471,47.66,315835.0,6
6202,30.93,351976.0,6
6239,21.71,7622977.0,6
6243,-56.18,25638.0,6
6257,20.99,1958518.0,6
6271,10.56,1079530.0,6
6515,287.89,1460220.0,6
6526,14.4,2209590.0,6
6531,59.47,811206.0,6
6533,247.04,372169.0,6
6552,-23.47,84412.0,6
6695,-17.84,101320.0,6
6719,-3.56,371601.0,6
6756,50.05,182508.0,6
6770,68.75,6473929.0,6
6789,15.55,853561.0,6
6799,6.47,83988.0,6
6909,-32.1,24057.0,6
6921,-63.37,5525.0,6
6937,64.17,374408.0,6
7730,-38.68,42981.0,6
7768,11.9,193445.0,6
7769,106.54,5301564.0,6
7822,50.72,253364.0,6
8016,26.6,1997178.0,6
8028,33.62,482832.0,6
8081,7.18,743410.0,6
8110,16.25,660016.0,6
8131,60.86,1106275.0,6
8150,37.22,2538350.0,6
8162,-2.1,114662.0,6
8261,16.08,296036.0,6
8271,200.64,2913567.0,6
2301,36.97,18655552.0,6
2305,142.33,149910.0,6
2324,58.38,95853605.0,6
2331,25.84,2269289.0,6
2352,-0.61,18670885.0,6
2353,-3.02,27818445.0,6
2356,61.61,102262391.0,6
2357,55.63,106723044.0,6
2362,30.24,2231200.0,6
2364,60.06,182557.0,6
2365,-17.28,79394.0,6
2376,68.55,42892460.0,6
2377,-9.22,17755864.0,6
2380,-8.5,222021.0,6
2382,102.87,385190820.0,6
2387,-17.57,1404511.0,6
2395,73.39,10122989.0,6
2397,31.37,1284742.0,6
2399,-10.32,158673.0,6
2405,23.11,164735.0,6
2417,4.95,343214.0,6
2425,375.56,2408356.0,6
2432,42.62,435143.0,6
2465,543.88,937969.0,6
2495,40.28,131722.0,6
3002,20.64,70027.0,6
3005,28.58,4253713.0,6
3013,26.51,887491.0,6
3017,66.11,17618119.0,6
3022,79.97,962672.0,6
3046,53.63,972062.0,6
3057,-51.55,29496.0,6
3060,48.97,426584.0,6
3231,53.84,321821969.0,6
3416,24.3,414884.0,6
3494,5.78,86283.0,6
3515,47.6,3699865.0,6
3652,-1.2,253854.0,6
3701,17.2,675088.0,6
3706,80.93,15682685.0,6
3712,-85.23,762747.0,6
4916,80.52,501534.0,6
4938,15.88,91295615.0,6
5258,20.75,895443.0,6
6117,-11.35,232718.0,6
6128,3.29,425123.0,6
6166,25.89,1508267.0,6
6206,26.29,609982.0,6
6230,-3.15,757527.0,6
6235,-3.96,537633.0,6
6277,35.11,486729.0,6
6414,56.96,17661254.0,6
6579,47.09,1089075.0,6
6669,29.79,111371123.0,6
6831,29.3,503369.0,6
6928,-43.74,142580.0,6
7711,140.78,2550764.0,6
8114,19.13,1990722.0,6
8163,1.08,2344702.0,6
8210,98.02,3237664.0,6
9912,23.32,48974.0,6
2323,38.83,638861.0,6
2349,-15.78,644873.0,6
2374,18.96,1048813.0,6
2393,10.58,1830701.0,6
2406,62.99,805136.0,6
2409,13.82,24952469.0,6
2426,19.41,249133.0,6
2429,-24.61,21247.0,6
2438,4.56,39768.0,6
2466,53.03,119211.0,6
2486,35.04,701021.0,6
2489,23.43,2509581.0,6
2491,7.62,14925.0,6
3008,-10.46,3712024.0,6
3019,13.13,2914024.0,6
3024,-36.91,76732.0,6
3031,27.03,114719.0,6
3038,-11.05,232099.0,6
3049,-68.18,34304.0,6
3050,-5.14,100182.0,6
3051,42.46,183440.0,6
3059,3.02,795387.0,6
3149,25.9,202533.0,6
3168,25.68,407461.0,6
3356,24.08,95430.0,6
3406,4.5,1739246.0,6
3437,-5.38,131004.0,6
3481,17.24,21703413.0,6
3504,-2.38,245781.0,6
3535,160.85,72968.0,6
3543,10.56,268764.0,6
3563,15.61,355108.0,6
3576,-9.5,208221.0,6
3591,34.83,241900.0,6
3622,-19.47,146517.0,6
3714,18.97,2133834.0,6
4934,168.66,18683.0,6
4942,-10.88,457954.0,6
4949,68.69,333753.0,6
4956,-0.83,113578.0,6
4960,4.77,655074.0,6
4976,0.62,95702.0,6
5234,21.77,453009.0,6
5244,3.22,73470.0,6
5484,224.32,132595.0,6
6116,15.98,1075129.0,6
6120,42.06,1570379.0,6
6164,28.04,69942.0,6
6168,6.72,203955.0,6
6176,-15.03,3693582.0,6
6209,73.3,432643.0,6
6225,846.54,15211.0,6
6226,22.5,55826.0,6
6278,9.23,4376679.0,6
6405,-89.65,6.0,6
6443,-11.71,79986.0,6
6477,-10.44,72924.0,6
6668,9.38,107572.0,6
6706,-26.07,63441.0,6
6742,-38.54,34064.0,6
6916,32.33,216657.0,6
8104,-53.24,232910.0,6
8105,-8.89,680486.0,6
8215,13.04,1639054.0,6
2314,24.72,140280.0,6
2321,1.52,80209.0,6
2332,19.39,1292542.0,6
2345,61.16,39554529.0,6
2412,11.4,21342447.0,6
2419,-0.67,951949.0,6
2424,94.99,29231.0,6
2439,0.14,3459919.0,6
2444,-32.6,75643.0,6
2450,16.42,2882213.0,6
2455,23.55,325993.0,6
2485,80.92,274653.0,6
2498,-8.52,292394.0,6
3025,-13.15,38475.0,6
3027,-14.4,111056.0,6
3045,6.56,17322389.0,6
3047,-18.05,252308.0,6
3062,-34.38,337116.0,6
3138,-1.44,141121.0,6
3311,14.06,245237.0,6
3380,5.46,2271297.0,6
3419,-16.55,139663.0,6
3447,18.54,258619.0,6
3596,3.96,4737570.0,6
3669,2.95,262821.0,6
3694,-4.76,1001922.0,6
3704,47.86,3463520.0,6
4904,15.89,9622202.0,6
4906,-5.23,1193259.0,6
5388,70.82,7270836.0,6
6136,15.12,65265.0,6
6142,14.46,184966.0,6
6152,26.28,185404.0,6
6216,-20.84,47186.0,6
6285,84.36,15869573.0,6
6416,58.61,667868.0,6
6426,103.04,70734.0,6
6442,1.64,1069405.0,6
6674,-62.31,17838.0,6
6792,8.39,125161.0,6
7689,60.28,529629.0,6
8011,-31.35,147233.0,6
8045,6.34,118547.0,6
8101,13.65,42390.0,6
1471,-42.19,10539.0,6
1582,-9.5,624512.0,6
2059,220.52,4442581.0,6
2308,55.42,65602611.0,6
2313,20.96,6915025.0,6
2316,27.83,320550.0,6
2327,38.91,15359009.0,6
2328,-0.73,1958965.0,6
2355,4.43,1365750.0,6
2367,-4.14,1375316.0,6
2368,78.22,8255188.0,6
2375,18.38,543117.0,6
2383,120.69,17732956.0,6
2385,-5.48,7888735.0,6
2392,-42.47,5498589.0,6
2402,21.7,1134829.0,6
2413,33.54,332034.0,6
2415,9.19,211964.0,6
2420,10.73,210736.0,6
2421,18.65,1855096.0,6
2428,46.62,973436.0,6
2431,-51.01,13533.0,6
2440,55.96,403667.0,6
2457,-2.68,729950.0,6
2460,59.07,406806.0,6
2462,-4.57,343791.0,6
2467,94.07,869119.0,6
2472,36.2,1276360.0,6
2476,53.76,915039.0,6
2478,35.76,624098.0,6
2483,34.27,197699.0,6
2484,-1.39,207294.0,6
2492,25.84,3960936.0,6
2493,32.05,406283.0,6
3003,36.15,599370.0,6
3011,-29.07,43441.0,6
3015,-14.01,1049787.0,6
3021,-15.74,259683.0,6
3023,17.58,3092706.0,6
3026,33.89,1378433.0,6
3032,45.35,1004264.0,6
3037,36.31,14897030.0,6
3042,19.97,1192921.0,6
3044,41.97,8002054.0,6
3058,22.11,283108.0,6
3090,32.37,1681036.0,6
3092,-3.44,126295.0,6
3229,99.08,137338.0,6
3296,1.22,165320.0,6
3308,-2.56,531.0,6
3321,30.66,251699.0,6
3338,20.83,378370.0,6
3376,-4.76,921919.0,6
3432,97.58,31704.0,6
3501,4.75,488671.0,6
3533,17.25,3094216.0,6
3550,38.08,370328.0,6
3593,-56.58,52897.0,6
3605,29.8,1117512.0,6
3607,15.11,271469.0,6
3645,2.69,217714.0,6
3653,57.64,2649918.0,6
3679,1.34,354620.0,6
3715,45.48,2289779.0,6
4545,2.09,217948.0,6
4915,27.58,6289319.0,6
4989,73.41,370182.0,6
4999,-27.5,134754.0,6
5469,15.36,5846217.0,6
6108,46.33,437725.0,6
6115,15.96,682255.0,6
6133,15.34,126132.0,6
6141,34.7,221166.0,6
6153,24.96,556716.0,6
6155,47.93,74196.0,6
6191,10.27,3446977.0,6
6197,45.21,894976.0,6
6205,34.35,138890.0,6
6213,47.94,4213673.0,6
6224,14.7,246494.0,6
6269,-0.99,1715580.0,6
6272,-0.02,281717.0,6
6282,28.27,3423036.0,6
6412,-0.76,3099991.0,6
6449,23.28,463020.0,6
6715,-9.19,131471.0,6
6805,32.66,1206279.0,6
6834,66.45,214376.0,6
6835,1.56,195116.0,6
7788,65.65,828269.0,6
7795,62.55,175816.0,6
8039,-6.56,835178.0,6
8046,50.02,4684331.0,6
8103,45.04,375618.0,6
8213,26.04,1768857.0,6
8249,12.5,343979.0,6
2347,135.45,76417552.0,6
2414,87.26,5092378.0,6
2430,-3.36,1426134.0,6
3010,13.92,7781396.0,6
3028,65.62,5981740.0,6
3033,54.44,14527778.0,6
3036,188.08,181749400.0,6
3048,60.1,12572672.0,6
3055,-84.05,13780.0,6
3209,170.41,5608271.0,6
3312,41.81,2142123.0,6
3528,57.39,1091604.0,6
3702,131.85,192916333.0,6
5434,32.85,7507318.0,6
6189,4.48,2413661.0,6
6281,-0.86,1802153.0,6
6776,50.69,3460970.0,6
6908,-19.09,349625.0,6
8070,32.82,2107061.0,6
8072,32.68,132045.0,6
8112,231.16,61628573.0,6
2427,-11.68,499795.0,6
2453,5.78,639912.0,6
2468,49.98,298468.0,6
2471,0.36,89019.0,6
2480,14.66,966718.0,6
3029,13.57,2536904.0,6
4994,4.21,87467.0,6
5203,-9.76,172887.0,6
6112,-2.28,2121814.0,6
6183,7.45,249625.0,6
6214,76.89,6740236.0,6
2312,32.69,14855388.0,6
2317,52.11,821762936.0,6
2354,10.65,15054892.0,6
2359,35.56,580287.0,6
2360,73.02,4114136.0,6
2373,4.9,884597.0,6
2390,17.55,59823.0,6
2404,50.9,8743401.0,6
2423,26.65,330769.0,6
2433,2.5,228368.0,6
2459,20.96,449445.0,6
2461,2.85,448865.0,6
2464,43.05,812626.0,6
2474,-55.06,804738.0,6
2477,-15.09,251013.0,6
2482,4.36,47535.0,6
2488,36.21,356840.0,6
3018,84.09,37768.0,6
3030,0.43,763581.0,6
3043,38.5,90675.0,6
3305,76.0,1445505.0,6
3518,-42.36,15971.0,6
3617,25.6,1232245.0,6
4585,41.87,214317.0,6
4588,79.31,103142.0,6
6139,49.69,8485183.0,6
6192,16.93,659176.0,6
6196,120.99,7595991.0,6
6201,-2.58,284301.0,6
6215,30.49,279001.0,6
6283,-6.63,121651.0,6
6409,5.72,1939784.0,6
6438,-3.12,592925.0,6
6558,25.08,107853.0,6
6658,51.6,166586.0,6
6691,115.18,4439630.0,6
6698,-39.18,58171.0,6
6722,-13.08,370568.0,6
6743,29.71,580783.0,6
6830,10.36,206268.0,6
7631,190.83,177975.0,6
8021,90.1,680600.0,6
8201,-26.04,34909.0,6
2616,17.46,784015.0,6
6505,18.46,63683339.0,6
8926,1719.47,6722181.0,6
9908,6.59,277613.0,6
9918,1.19,145053.0,6
9926,-1.6,201157.0,6
9931,36.09,156360.0,6
9937,13.72,2063374.0,6
1316,101.96,677646.0,6
1436,-79.4,245835.0,6
1438,,1115.0,6
1439,-69.96,22042.0,6
1442,26.79,256823.0,6
1453,1.61,126.0,6
1456,-63.27,55786.0,6
1472,12.99,334945.0,6
1805,-0.86,114.0,6
1808,162537.27,3067339.0,6
2442,220.09,48939.0,6
2501,-71.57,1211334.0,6
2504,-18.56,1493941.0,6
2505,-68.29,120034.0,6
2506,126.52,146675.0,6
2509,5.68,20943.0,6
2511,76.55,1179723.0,6
2515,-14.32,1531887.0,6
2516,-11.61,727606.0,6
2520,52.31,3398502.0,6
2524,-27.93,240696.0,6
2527,365.12,132649.0,6
2528,-5.36,807387.0,6
2530,-96.97,835.0,6
2534,-66.02,146136.0,6
2535,19.94,2217213.0,6
2536,-97.12,15320.0,6
2537,57.67,152161.0,6
2538,24.96,23281.0,6
2539,79.55,1055792.0,6
2540,-49.06,948355.0,6
2542,16.47,5160129.0,6
2543,105.33,1954215.0,6
2545,-77.3,283447.0,6
2546,44.27,2898583.0,6
2547,141.98,1163144.0,6
2548,-88.82,224640.0,6
2597,2.95,3106651.0,6
3052,-7.84,247894.0,6
3056,28.88,81870.0,6
3266,6.75,183708.0,6
3703,-5.54,2614212.0,6
5515,24.55,704033.0,6
5519,3.44,161886.0,6
5521,-0.65,862127.0,6
5522,2513.49,1992217.0,6
5525,4115.01,1272513.0,6
5531,6.03,58981.0,6
5533,-29.5,128463.0,6
5534,124.2,731306.0,6
6177,1322.16,2503589.0,6
9906,-33.86,46183.0,6
9946,-11.49,3050.0,6
2208,14.85,1489333.0,6
2601,-51.78,147242.0,6
2603,30.0,39141253.0,6
2605,51.62,486412.0,6
2606,35.52,1714892.0,6
2607,25.41,1846632.0,6
2608,-6.46,1052151.0,6
2609,20.17,16591195.0,6
2610,28.81,21761004.0,6
2611,56.41,86055.0,6
2612,11.69,447497.0,6
2613,5.96,311833.0,6
2615,32.69,16165884.0,6
2617,37.27,447651.0,6
2618,26.58,23472175.0,6
2630,-30.49,328174.0,6
2633,2.76,4412069.0,6
2634,7.23,2843931.0,6
2636,25.17,2586500.0,6
2642,-20.76,267852.0,6
2645,13.0,1824556.0,6
2646,40.8,5286691.0,6
5607,37.01,473463.0,6
5608,21.83,294006.0,6
6753,33.41,514154.0,6
6757,27.12,1615943.0,6
8367,10.84,289737.0,6
2701,-3.31,20495.0,6
2702,19.55,136717.0,6
2704,15.6,117520.0,6
2705,13.8,180903.0,6
2706,0.42,28400.0,6
2707,13.94,560867.0,6
2712,16.58,49651.0,6
2722,-6.81,49155.0,6
2727,16.58,2051945.0,6
2731,-0.46,2758075.0,6
2739,15.38,457295.0,6
2748,3.54,171358.0,6
2753,10.84,771913.0,6
5706,-2.89,266437.0,6
7705,2.94,568785.0,6
7760,-11.66,88937.0,6
8940,1.48,97198.0,6
9943,-1.5,187051.0,6
2801,9.51,4815653.0,6
2812,16.55,1936605.0,6
2816,5.08,1341206.0,6
2820,-2.61,353317.0,6
2832,7.26,945133.0,6
2834,-7.71,3344443.0,6
2836,14.69,566136.0,6
2838,-2.48,1869178.0,6
2845,20.15,1308624.0,6
2849,32.47,623998.0,6
2850,3.27,2492166.0,6
2851,6.04,1582747.0,6
2852,-6.8,828451.0,6
2855,199.01,3222698.0,6
2867,187.2,6659478.0,6
2880,29.2,7496825.0,6
2881,-53.64,22157770.0,6
2882,-42.04,32306426.0,6
2883,-23.3,13403740.0,6
2884,25.3,9363120.0,6
2885,72.83,19576361.0,6
2886,1.52,8095929.0,6
2887,329.5,17736690.0,6
2889,100.04,1660239.0,6
2890,50.94,9682886.0,6
2891,-17.9,19828138.0,6
2892,9.72,7231164.0,6
2897,14.1,1188638.0,6
5876,-4.38,5306818.0,6
5880,-8.39,6519116.0,6
6005,101.2,3645802.0,6
6024,124.14,525526.0,6
2901,1.17,11290.0,6
2903,-2.42,2323589.0,6
2905,479.15,15683072.0,6
2906,5.23,734448.0,6
2908,0.79,2859065.0,6
2910,29.53,55031.0,6
2911,-13.82,137737.0,6
2912,6.31,30618898.0,6
2913,-22.49,27262.0,6
2915,12.84,237277.0,6
2945,39.08,1691652.0,6
8443,-21.88,66436.0,6
2072,101.11,1718369.0,6
3708,61.69,158016.0,6
4582,300.73,258156.0,6
5292,-8.27,274497.0,6
6581,62.9,195992.0,6
6771,-13.15,49226.0,6
6869,70.38,751982.0,6
6873,42.53,904145.0,6
6923,40.71,131717.0,6
6944,29.97,1891586.0,6
6947,75.48,168141.0,6
6951,22.14,76378.0,6
6969,-9.81,22473.0,6
6994,26.61,178121.0,6
7610,555.43,752329.0,6
7740,2232.34,1138675.0,6
7786,18.58,1526239.0,6
7818,-5.2,991808.0,6
8341,6.99,357041.0,6
8422,50.33,608458.0,6
8438,40.98,443280.0,6
8473,18.1,403766.0,6
8476,66.05,172137.0,6
9930,-7.26,1059171.0,6
9955,-14.52,139228.0,6
3130,7.87,263272.0,6
6165,18.44,331474.0,6
6614,-19.54,382550.0,6
6689,4.41,1070868.0,6
6902,36.46,110192.0,6
6906,3.5,24967.0,6
7721,18.31,59477.0,6
7722,14.15,725583.0,6
7765,6.47,188492.0,6
7835,-6.45,53693.0,6
8454,6.49,9824825.0,6
8487,175.77,291915.0,6
1432,-39.5,65915.0,6
1598,16.55,420998.0,6
1736,14.48,5196509.0,6
4536,10.03,891246.0,6
5306,31.67,500315.0,6
6670,7.85,2426437.0,6
8462,20.11,601695.0,6
8478,76.32,687229.0,6
9904,-3.25,18951543.0,6
9910,-3.9,6839306.0,6
9914,-5.5,2385852.0,6
9921,15.98,5759149.0,6
2062,31.39,642373.0,6
3557,47.77,366867.0,6
6754,-18.5,270058.0,6
8464,11.72,2718045.0,6
9911,6.71,876052.0,6
9924,-3.73,636307.0,6
9934,29.84,1713457.0,6
9935,17.0,494043.0,6
1342,40.13,308127.0,6
1416,68.32,48734.0,6
1435,0.0,499.0,6
1437,71.22,117312.0,6
1443,-8.2,79901.0,6
1516,59.91,11413.0,6
2348,247.66,1498327.0,6
2496,-9.01,61315.0,6
2514,-14.62,1586845.0,6
2614,2.75,456582.0,6
2904,-20.75,34230.0,6
3040,8.72,9834.0,6
6184,-2.41,184094.0,6
6464,-1.28,357590.0,6
6504,11.26,549322.0,6
6585,91.43,324973.0,6
6592,-6.2,1845007.0,6
6625,-37.18,260597.0,6
6655,27.03,270159.0,6
6901,4396.63,2206633.0,6
6914,11.19,517207.0,6
6952,26.28,186727.0,6
6958,-9.94,821713.0,6
7855,13.02,2340586.0,6
8033,19.62,225784.0,6
8463,-16.32,511112.0,6
8481,23.66,105999.0,6
9902,111.59,8339.0,6
9905,49.14,1066495.0,6
9907,-6.09,3715210.0,6
9917,2.55,1673980.0,6
9919,-5.53,211729.0,6
9925,3.31,704175.0,6
9927,53.07,912350.0,6
9928,36.13,78333.0,6
9929,12.67,52124.0,6
9933,-16.63,7296591.0,6
9938,21.2,1256298.0,6
9939,12.13,2957178.0,6
9940,41.41,1083839.0,6
9941,-3.99,3303701.0,6
9942,26.64,418944.0,6
9944,19.04,228314.0,6
9945,29.56,4541485.0,6
1256,52.27,575547.0,6
1337,-21.21,44343.0,6
1340,-74.57,5224.0,6
1341,3.1,190490.0,6
4439,28.22,860663.0,6
1589,-5.37,720239.0,6
1590,44.88,3912577.0,6
4552,-16.52,251292.0,6
4560,36.03,170548.0,6
4571,5.51,232308.0,6
5288,71.58,857013.0,6
1626,19.75,1079582.0,6
4763,-10.1,1013200.0,6
4137,22.59,349359.0,6
4148,31.52,346721.0,6
4178,4.85,33793.0,6
4190,-8.32,162026.0,6
6431,37.09,29914.0,6
6541,267.35,97572.0,6
6550,-18.96,3807.0,6
6598,83.5,88891.0,6
6666,29.49,167760.0,6
7827,,0.0,6
5538,22.25,1222564.0,6
1338,-3.23,447304.0,6
2115,32.8,296722.0,6
2236,75.65,927824.0,6
2239,-19.68,1250670.0,6
2243,-40.07,228251.0,6
2248,106.58,307728.0,6
2250,-3.65,260427.0,6
4557,2.45,308849.0,6
4569,10.88,162894.0,6
4581,23.66,111401.0,6
3661,15.39,3572404.0,6
6415,37.77,2084305.0,6
6451,40.55,750026.0,6
6525,19.84,562901.0,6
6573,6.56,67271.0,6
6854,-51.64,48817.0,6
6962,-0.32,1511201.0,6
7749,64.48,162060.0,6
5215,1.98,213910.0,6
6591,-48.64,64754.0,6
6933,26.6,1416415.0,6
3673,7.02,6284949.0,6
4935,-12.86,402601.0,6
5243,38.27,1162478.0,6
6456,-48.22,3410725.0,6
4977,8.08,82280.0,6
6863,80.8,574299.0,6
4912,53.33,647288.0,6
4927,10.31,1028086.0,6
4943,37.77,190461.0,6
4958,32.83,17033197.0,6
6672,68.12,573491.0,6
6781,25.58,1685061.0,6
6862,-1.03,168424.0,6
6924,8.79,167022.0,6
3665,63.78,8518109.0,6
5225,17.8,948274.0,6
8499,116.29,354454.0,6
2923,294.84,888017.0,6
5546,-35.68,114350.0,6
2637,57.91,1877838.0,6
2723,-4.16,1362808.0,6
2929,72.8,97195.0,6
2939,5.42,19207.0,6
4807,29.71,258266.0,6
5906,10.07,127656.0,6
5907,14.52,221391.0,6
8429,11.6,12465.0,6
6641,28.68,208098.0,6
6887,183.71,809075.0,6
7823,-23.89,30206.0,6
2762,8.88,984612.0,6
6768,5.19,1483865.0,6
6890,-3.19,3000506.0,6
6965,7.51,1798924.0,6
8467,-45.25,145737.0,6
9802,15.45,2024229.0,6
6671,-22.31,136126.0,6
6807,16.33,314623.0,6
8482,-8.51,292848.0,6
5284,32.06,397000.0,6
5871,-0.81,7975156.0,6
6957,33.53,422045.0,6
8404,16.64,603079.0,6
8411,7.65,910618.0,6
8442,32.94,865806.0,6
8466,-17.28,224574.0,6
8488,36.96,369934.0,6
9105,46.05,12300596.0,6
912000,52.66,171929.0,6
1264,8.74,593252.0,7
1294,22.25,69919.0,7
1295,22.96,78660.0,7
1780,13.76,82537.0,7
1796,39.8,64643.0,7
4205,16.83,211728.0,7
4207,28.25,538483.0,7
6846,-16.48,62153.0,7
7743,-29.47,59716.0,7
4303,16.87,107880.0,7
4304,54.84,47974.0,7
4305,5.16,81957.0,7
9950,-1.69,161965.0,7
4401,-21.75,288742.0,7
4402,-28.57,1747.0,7
4406,-72.84,6939.0,7
4413,-64.59,42343.0,7
4417,26.84,369401.0,7
4420,-12.01,82044.0,7
4432,-27.1,96917.0,7
4433,61.31,325377.0,7
6506,17.76,170491.0,7
1570,-31.39,37664.0,7
1580,3.2,440522.0,7
1586,15.89,219209.0,7
1599,111.44,249147.0,7
2066,9.9,211148.0,7
2067,-2.34,75520.0,7
2070,75.77,106258.0,7
2235,-42.73,29036.0,7
3162,77.53,1076152.0,7
3226,48.99,186791.0,7
3379,88.87,136408.0,7
3685,-17.22,88462.0,7
4502,48.2,118612.0,7
4503,-75.88,17567.0,7
4506,-15.44,486652.0,7
4510,41.34,186015.0,7
4513,26.0,109845.0,7
4523,106.54,67130.0,7
4527,63.95,282229.0,7
4528,-4.03,127393.0,7
4533,9.23,404373.0,7
4534,42.49,116476.0,7
4535,4.38,221374.0,7
4538,4.07,38556.0,7
4543,17.85,72665.0,7
4549,-8.93,112179.0,7
4550,12.19,57960.0,7
4558,28.41,199469.0,7
4561,26.5,125967.0,7
4563,19.67,171855.0,7
4568,28.44,128710.0,7
4580,1.89,205169.0,7
4584,-11.43,103636.0,7
5381,6.33,242713.0,7
6122,16.11,347671.0,7
6125,4.03,365339.0,7
6425,226.94,178759.0,7
6603,36.55,443027.0,7
6609,62.78,239426.0,7
6843,-19.0,63574.0,7
6982,37.23,140493.0,7
7642,-9.97,74487.0,7
7709,-2.75,67271.0,7
7718,14.16,220147.0,7
8027,62.55,189408.0,7
8083,1.51,132076.0,7
8107,-38.34,60099.0,7
8255,1.21,666048.0,7
9951,0.76,536321.0,7
2061,41.29,126081.0,7
1742,-57.36,3653.0,7
3430,18.6,152253.0,7
4706,2.23,95163.0,7
4707,-16.96,101293.0,7
4711,-1.84,70668.0,7
4714,14.66,149459.0,7
4716,22.76,44288.0,7
4721,25.02,220002.0,7
4741,39.11,52442.0,7
4754,63.63,62188.0,7
4767,-10.1,75468.0,7
4768,79.0,105060.0,7
4772,269.27,324218.0,7
6509,11.99,462096.0,7
1565,-10.19,303353.0,7
1777,-9.97,102068.0,7
1781,-52.27,21098.0,7
1784,7.79,121005.0,7
1788,2.78,362860.0,7
1799,74.9,67691.0,7
1813,-2.16,22779.0,7
3118,5.49,65528.0,7
3176,-16.43,96429.0,7
3205,-14.16,31430.0,7
3218,19.33,405819.0,7
4102,16.72,41704.0,7
4105,11.28,537048.0,7
4107,8.44,192877.0,7
4109,33.34,48736.0,7
4111,-1.21,118833.0,7
4114,59.79,791740.0,7
4116,-6.6,431417.0,7
4120,13.31,395754.0,7
4121,1.16,324503.0,7
4123,15.28,156530.0,7
4126,0.49,224734.0,7
4127,25.18,58916.0,7
4128,-2.82,152047.0,7
4129,7.11,567506.0,7
4131,-31.52,16775.0,7
4138,13.42,117429.0,7
4147,68.36,63691.0,7
4153,30.24,83052.0,7
4160,9.62,58876.0,7
4161,41.3,95489.0,7
4162,4.37,23335.0,7
4163,49.86,290155.0,7
4166,20.08,131837.0,7
4167,-10.43,97481.0,7
4168,3544.82,1057.0,7
4173,7.34,123679.0,7
4174,-0.58,4081.0,7
4175,0.48,659023.0,7
4183,-37.19,26236.0,7
4188,56.54,3336.0,7
4192,-12.25,2177.0,7
4198,75.05,21155.0,7
4726,38.55,85963.0,7
4728,49.7,221485.0,7
4735,43.13,114761.0,7
4743,-50.02,8679.0,7
4744,-34.17,37207.0,7
4747,23.55,54470.0,7
4905,35.44,104164.0,7
4911,-59.5,11290.0,7
5312,16.77,392998.0,7
6130,92.65,22411.0,7
6242,-0.08,42064.0,7
6461,-70.23,211.0,7
6469,5.77,1588849.0,7
6492,-3.61,80.0,7
6496,30.36,87972.0,7
6499,68.75,42424.0,7
6523,-7.18,82967.0,7
6527,25.22,73105.0,7
6535,-98.92,78.0,7
6547,-15.29,47371.0,7
6569,-50.55,54973.0,7
6574,23.69,68444.0,7
6576,242.1,30280.0,7
6612,28.81,108192.0,7
6615,4.32,33668.0,7
6620,0.58,69658.0,7
6637,-8.62,50379.0,7
6649,-30.26,12387.0,7
6661,-0.85,33161.0,7
6662,7.26,23780.0,7
6703,32.47,264207.0,7
6712,20.72,99247.0,7
6730,4.24,45431.0,7
6733,-19.5,19715.0,7
6762,31.77,80869.0,7
6767,-15.95,25852.0,7
6785,,0.0,7
6841,2.46,29853.0,7
6844,-0.02,307947.0,7
6872,32.05,795.0,7
6875,-93.79,248.0,7
6929,1.32,270039.0,7
6945,,0.0,7
6986,5.81,15310.0,7
7713,26.4,119973.0,7
7814,36.51,13686.0,7
8279,6.61,178054.0,7
8403,10.58,412183.0,7
8409,-22.72,15026.0,7
8432,26.56,106976.0,7
8436,-12.18,513329.0,7
2035,18.44,880207.0,7
2063,-17.89,88303.0,7
2064,18.44,143500.0,7
2065,43.28,240139.0,7
2073,247.84,147018.0,7
4950,48.81,124411.0,7
5009,16.67,1109543.0,7
5011,-46.16,264441.0,7
5013,40.9,833363.0,7
5014,31.36,1664278.0,7
5015,3.91,136717.0,7
5016,10.96,187738.0,7
6248,9.23,628864.0,7
8349,14.6,1004144.0,7
8415,36.75,2666400.0,7
8930,-0.75,112315.0,7
9962,82.48,187849.0,7
1595,467.99,111520.0,7
3105,31.17,1892049.0,7
3122,-11.8,22289.0,7
3131,42.4,792895.0,7
3141,39.6,215671.0,7
3169,22.42,91252.0,7
3178,27.96,135120.0,7
3227,23.56,893048.0,7
3228,27.56,34278.0,7
3259,8.14,21161.0,7
3260,331.29,18379079.0,7
3264,52.26,1766652.0,7
3265,6.55,421419.0,7
3268,0.27,84243.0,7
3317,7.59,235344.0,7
3372,22.84,126159.0,7
3374,30.96,860894.0,7
3438,-27.45,71159.0,7
3467,33.1,68667.0,7
3527,-10.28,101996.0,7
3529,23.76,675856.0,7
3555,31.44,78823.0,7
3556,75.26,116697.0,7
3567,13.31,25501.0,7
3581,73.94,179420.0,7
3675,29.77,291073.0,7
3680,71.69,870996.0,7
3707,30.57,647766.0,7
4749,22.53,414991.0,7
4923,49.72,120061.0,7
4951,-8.84,45429.0,7
4973,228.14,1008161.0,7
5272,31.22,33967.0,7
5274,97.59,1524018.0,7
5299,-6.45,121937.0,7
5302,97.84,4137.0,7
5344,5.81,32398.0,7
5347,30.25,4705722.0,7
5351,590.83,2125060.0,7
5425,24.08,1730537.0,7
5443,165.6,837103.0,7
5468,31.46,9304.0,7
5483,27.72,6997671.0,7
5487,17.55,15820.0,7
6103,-42.43,5329.0,7
6104,4.48,337913.0,7
6129,29.79,124407.0,7
6138,9.03,700098.0,7
6147,39.17,2522679.0,7
6182,18.89,994362.0,7
6187,73.44,1054680.0,7
6208,-1.87,356909.0,7
6223,66.49,1805362.0,7
6229,24.95,247273.0,7
6233,26.62,42866.0,7
6237,65.71,59139.0,7
6261,-7.56,374346.0,7
6291,39.44,244174.0,7
6411,16.32,257812.0,7
6423,47.94,77086.0,7
6435,24.17,334509.0,7
6462,63.85,796402.0,7
6485,11.2,114625.0,7
6488,19.59,4977758.0,7
6494,79.34,155174.0,7
6510,49.87,614606.0,7
6532,49.11,87975.0,7
6548,35.43,1555599.0,7
6568,34.32,105911.0,7
6640,266.0,688933.0,7
6643,29.21,165627.0,7
6651,56.42,186686.0,7
6679,8.72,174571.0,7
6683,24.37,230193.0,7
6684,8.45,27024.0,7
6693,108.9,242458.0,7
6708,15.89,30518.0,7
6716,102.07,169513.0,7
6720,2.51,32091.0,7
6732,-18.89,302819.0,7
6788,61.52,287236.0,7
6823,-33.69,43103.0,7
6829,22.97,201265.0,7
6895,-41.04,51183.0,7
6953,39.03,169370.0,7
6996,33.31,255402.0,7
7556,12.45,73025.0,7
7704,17.01,60912.0,7
7712,63.28,168173.0,7
7734,62.33,409159.0,7
7751,50.97,241946.0,7
7770,-58.17,22806.0,7
7772,12.14,29001.0,7
7810,109.78,83863.0,7
7828,397.15,129614.0,7
8024,99.47,16239.0,7
8040,42.52,83887.0,7
8054,97.88,633047.0,7
8086,18.38,418583.0,7
8088,44.85,216457.0,7
8091,84.83,333375.0,7
8102,-1.68,44085.0,7
8227,-13.54,131133.0,7
8277,-34.34,10629.0,7
8299,377.55,27161687.0,7
8383,77.53,496334.0,7
1569,-14.2,207224.0,7
3071,37.13,258660.0,7
3088,66.91,944420.0,7
3211,20.88,1228732.0,7
3213,70.37,366207.0,7
3272,30.9,257522.0,7
3287,2.51,76069.0,7
3323,-9.88,388693.0,7
3325,-65.14,37085.0,7
3349,-70.25,12273.0,7
3479,19.67,956538.0,7
3483,-16.02,639108.0,7
3540,-7.59,363837.0,7
3577,54.06,140503.0,7
3594,51.13,256954.0,7
3611,24.72,1045799.0,7
3625,5.86,35920.0,7
3693,148.92,1224872.0,7
3709,101.52,6513387.0,7
4931,159.51,449435.0,7
5289,636.52,8494810.0,7
5356,46.98,430233.0,7
5386,716.24,1992270.0,7
5426,40.52,224969.0,7
5438,-18.44,95856.0,7
5465,-27.43,375293.0,7
5474,18.5,166451.0,7
5490,56.01,140713.0,7
6121,12.34,7106470.0,7
6150,16.85,479412.0,7
6160,-17.16,90464.0,7
6161,12.17,123135.0,7
6188,4.48,681715.0,7
6228,13.99,3649.0,7
6276,-40.98,53996.0,7
6441,-53.31,10448.0,7
6570,99.23,106949.0,7
6577,19.44,192126.0,7
6680,8.08,37284.0,7
6922,89.29,283197.0,7
8050,12.17,515336.0,7
8076,93.93,253776.0,7
8234,74.54,751899.0,7
8410,-17.86,81756.0,7
3066,-60.19,21483.0,7
3128,-24.3,62980.0,7
3230,25.44,41635.0,7
3297,22.77,25485.0,7
3339,-13.01,67334.0,7
3362,1.88,416111.0,7
3434,-50.52,25027.0,7
3441,12.1,51374.0,7
3455,-9.37,149552.0,7
3490,9.43,30222.0,7
3516,-2.67,82689.0,7
3523,81.46,8264.0,7
3531,-28.86,69617.0,7
3615,-30.94,60179.0,7
3623,-19.24,19405.0,7
3630,-6.69,170881.0,7
3666,15.11,29473.0,7
3691,66.54,918839.0,7
4729,18.56,98129.0,7
4933,-29.48,190523.0,7
4972,27.26,87973.0,7
4995,49.77,141754.0,7
5220,52.6,87471.0,7
5230,19.06,130024.0,7
5245,49.15,81110.0,7
5251,-6.06,17907.0,7
5315,7.09,143294.0,7
5371,12.36,3534778.0,7
5392,16.58,852452.0,7
6167,-15.69,96076.0,7
6222,-40.74,112.0,7
6234,111.51,60801.0,7
6244,27.12,314183.0,7
6246,-12.45,121227.0,7
6419,474.47,171113.0,7
6498,-4.62,110979.0,7
6517,95.01,56732.0,7
6556,-30.18,98934.0,7
6560,12.8,15504.0,7
6859,0.23,54812.0,7
6899,6.21,95952.0,7
7402,35.31,49518.0,7
7753,-22.98,60955.0,7
8049,1.05,109720.0,7
8064,-40.68,143680.0,7
8069,-26.17,2876431.0,7
8111,-20.91,60729.0,7
8240,-7.72,570992.0,7
3081,176.53,501210.0,7
3095,-4.75,53089.0,7
3152,26.18,145418.0,7
3163,28.65,210064.0,7
3221,39.67,250686.0,7
3234,96.94,96043.0,7
3306,26.34,110135.0,7
3363,12.09,170843.0,7
3466,27.01,12740.0,7
3491,82.01,230139.0,7
3499,9.93,26935.0,7
3558,3.16,1292316.0,7
3564,80.14,296008.0,7
3632,55.69,26928.0,7
3672,107.1,19368.0,7
3684,7.08,105671.0,7
4903,-40.54,88352.0,7
4908,51.63,98660.0,7
4909,-21.31,16683.0,7
4979,31.01,508777.0,7
5353,9.96,172753.0,7
6109,33.23,75544.0,7
6143,5.15,722533.0,7
6170,-4.06,270405.0,7
6190,45.03,1063947.0,7
6218,34.19,102950.0,7
6241,18.63,62764.0,7
6245,102.54,1053432.0,7
6263,37.84,201059.0,7
6417,26.08,166748.0,7
6465,119.21,45076.0,7
6470,-39.6,105206.0,7
6486,59.89,171320.0,7
6530,19.53,32296.0,7
6546,14.04,213809.0,7
6561,18.03,359172.0,7
6588,110.54,30934.0,7
8034,-72.82,22804.0,7
8048,45.77,123568.0,7
8059,18.18,891953.0,7
8089,-47.7,23607.0,7
8097,404.43,16263.0,7
8176,30.24,34151.0,7
1336,67.07,324336.0,7
1815,68.1,854379.0,7
3078,-49.57,454323.0,7
3114,17.51,298699.0,7
3115,45.49,339.0,7
3191,11.11,17086.0,7
3206,27.95,350691.0,7
3207,-13.49,150528.0,7
3217,-4.13,340711.0,7
3236,35.53,247607.0,7
3276,79.5,80818.0,7
3288,71.37,5419.0,7
3290,89.85,366177.0,7
3294,5.42,383530.0,7
3310,538.64,860312.0,7
3322,25.05,291708.0,7
3332,12.1,178060.0,7
3354,27.51,12342.0,7
3357,63.31,875885.0,7
3388,19.53,729945.0,7
3390,41.28,85919.0,7
3484,1.34,415791.0,7
3485,38.24,57534.0,7
3492,19.01,76657.0,7
3511,57.03,188919.0,7
3520,44.06,140954.0,7
3526,41.35,403504.0,7
3537,8.56,304697.0,7
3548,6.31,656476.0,7
3597,35.57,97879.0,7
3609,-58.2,28697.0,7
3624,43.26,351605.0,7
3631,181.79,6997.0,7
3646,43.35,78979.0,7
3689,64.9,842762.0,7
3710,32.06,745256.0,7
4542,104.45,116044.0,7
4939,36.75,168175.0,7
4974,0.54,385056.0,7
5228,81.75,78793.0,7
5291,105.64,185331.0,7
5309,29.2,319017.0,7
5328,41.97,99219.0,7
5340,47.47,272928.0,7
5355,94.81,69023.0,7
5439,4.48,1050323.0,7
5457,-3.16,2015669.0,7
5460,12.77,21991.0,7
5464,37.47,100839.0,7
5475,264.03,229336.0,7
5488,33.4,85256.0,7
5498,102.99,226252.0,7
6114,10.69,81626.0,7
6124,5.44,182228.0,7
6126,68.78,552658.0,7
6127,20.55,93620.0,7
6134,24.53,231601.0,7
6156,50.83,617622.0,7
6158,7.29,168476.0,7
6173,47.86,537222.0,7
6174,40.74,75458.0,7
6175,40.64,474537.0,7
6185,55.74,65312.0,7
6194,-39.76,73380.0,7
6203,-37.16,149397.0,7
6204,33.77,46213.0,7
6207,6.3,112882.0,7
6210,138.76,42873.0,7
6217,27.79,421657.0,7
6220,59.11,985000.0,7
6259,92.24,74415.0,7
6266,0.77,286509.0,7
6274,121.52,5908074.0,7
6275,-1.23,344441.0,7
6279,38.19,975942.0,7
6284,0.76,642365.0,7
6290,14.36,902247.0,7
6292,25.96,117700.0,7
6418,62.96,96879.0,7
6432,21.2,117203.0,7
6538,63.36,157252.0,7
6584,32.8,280305.0,7
6597,0.9,61066.0,7
6642,71.47,71671.0,7
6664,30.2,274733.0,7
6727,37.87,194214.0,7
6761,16.17,203826.0,7
6821,-7.3,48875.0,7
6913,67.45,372741.0,7
6967,18.38,151304.0,7
7744,104.43,460037.0,7
8038,-31.36,48859.0,7
8042,40.34,436935.0,7
8043,63.24,762588.0,7
8071,39.14,220002.0,7
8074,28.02,140180.0,7
8093,104.43,23222.0,7
8109,45.35,211593.0,7
8121,32.21,313384.0,7
8147,49.6,188823.0,7
8155,52.0,557144.0,7
8182,12.48,262364.0,7
8289,61.6,217251.0,7
8291,359.32,271.0,7
8358,54.86,1008644.0,7
3224,48.87,199422.0,7
3232,27.77,92971.0,7
3360,56.04,999135.0,7
3444,35.83,137220.0,7
6113,170.44,120638.0,7
6118,18.87,1004094.0,7
6154,16.11,384814.0,7
6227,45.48,3339960.0,7
6265,712.42,631916.0,7
6270,63.79,384610.0,7
6474,73.56,497248.0,7
8032,75.27,487964.0,7
8067,-4.75,6751.0,7
8068,116.4,112884.0,7
8084,78.08,64916.0,7
8096,523.78,10407626.0,7
3147,117.44,1565626.0,7
3158,32.86,106191.0,7
3570,28.93,233330.0,7
4953,33.36,1273547.0,7
5201,-10.65,27759.0,7
5202,-5.6,12597.0,7
5210,14.81,25015.0,7
5211,49.53,28853.0,7
5212,-34.3,93840.0,7
5310,-78.12,7.0,7
5403,13.4,301682.0,7
5410,31.84,406263.0,7
6123,-1.28,416973.0,7
6140,24.03,288991.0,7
6148,-69.65,41885.0,7
6163,51.14,797162.0,7
6221,-50.54,266051.0,7
6231,-6.76,100921.0,7
6240,-17.85,3344.0,7
6516,9.14,43828.0,7
6590,7.98,60313.0,7
6593,23.09,32256.0,7
6697,-18.11,117396.0,7
6751,-17.73,145638.0,7
6752,7.0,177870.0,7
6791,9.28,72894.0,7
6874,38.46,117427.0,7
6884,89.95,174463.0,7
7767,127.42,322536.0,7
7819,-69.29,24702.0,7
8099,35.64,387394.0,7
8272,-13.24,27364.0,7
8284,13.95,296382.0,7
8416,19.25,137452.0,7
1785,46.43,5261124.0,7
3093,8.5,248629.0,7
3219,17.97,243178.0,7
3285,95.96,104722.0,7
3289,-3.61,400151.0,7
3303,31.25,346240.0,7
3324,116.69,3765466.0,7
3373,22.7,37012.0,7
3402,36.77,592044.0,7
3465,-9.25,144566.0,7
3498,712.57,429406.0,7
3508,15.28,84050.0,7
3541,30.74,108671.0,7
3552,-3.8,636561.0,7
3580,-29.34,29720.0,7
3587,18.55,563117.0,7
3628,23.92,375871.0,7
3663,7.89,516713.0,7
4554,5.63,44973.0,7
4577,59.81,96544.0,7
4760,78.37,269740.0,7
5452,9.82,442343.0,7
5489,15.44,176330.0,7
5493,26.34,547645.0,7
5536,3.41,3885491.0,7
6146,10.63,415135.0,7
6151,14.03,155384.0,7
6512,-78.1,3235.0,7
6613,64.32,1292507.0,7
6654,203.54,90547.0,7
6667,-21.58,452041.0,7
6725,-15.61,355094.0,7
6735,-37.8,19084.0,7
6739,99.48,138046.0,7
6840,17.12,90739.0,7
6855,59.85,73290.0,7
6877,38.94,55977.0,7
6903,160.93,600396.0,7
6983,-20.39,25367.0,7
7703,74.7,313709.0,7
7728,50.78,30565.0,7
7792,4.51,617274.0,7
8047,193.64,87002.0,7
8085,3.82,52868.0,7
8092,-38.24,36423.0,7
8183,55.75,855049.0,7
8431,-18.47,81846.0,7
8908,4.78,883594.0,7
8917,2.79,237385.0,7
8927,6.55,838011.0,7
8931,23.33,304339.0,7
2596,535.39,146580.0,7
2718,-96.01,19419.0,7
3188,-52.98,221791.0,7
3313,-84.36,631.0,7
3489,48.95,86746.0,7
3512,-100.0,0.0,7
3521,-99.8,1.0,7
4113,1096390.56,581140.0,7
4416,5471.69,514602.0,7
4907,-99.99,69.0,7
5206,-100.0,0.0,7
5213,76.23,279577.0,7
5324,5.38,48281.0,7
5455,0.5,198.0,7
5508,170.26,275059.0,7
5511,1.83,1048103.0,7
5512,89.96,762231.0,7
5514,217.01,1528.0,7
5516,47.47,188981.0,7
5520,-6.36,365849.0,7
5523,-67.13,377.0,7
5529,10.18,31292.0,7
5547,58.24,220229.0,7
5548,48.61,243174.0,7
6171,-99.98,34.0,7
6186,-99.33,14651.0,7
6198,0.0,22.0,7
6212,8.86,115918.0,7
6219,316264.75,718148.0,7
6264,39.68,2478.0,7
8080,-66.57,6093.0,7
8424,-6.55,84895.0,7
2641,7.32,196763.0,7
2643,-1.77,704464.0,7
5601,2.05,7686.0,7
5603,4.35,118002.0,7
5609,37.77,3269476.0,7
7716,30.33,212894.0,7
1259,7.76,550828.0,7
1268,19.94,551405.0,7
2719,-31.68,120445.0,7
2729,-0.91,506325.0,7
2732,16.94,446855.0,7
2734,41.57,216192.0,7
2736,30.75,44716.0,7
2740,-60.95,3436.0,7
2743,-5.71,561704.0,7
2745,24.92,937667.0,7
2751,7.77,179589.0,7
2752,4.1,363362.0,7
2754,-2.97,507276.0,7
2755,20.25,311206.0,7
2756,-1.57,108222.0,7
3252,-32.87,25193.0,7
3522,-4.23,58452.0,7
4419,2.31,231015.0,7
4530,6.55,32513.0,7
5301,-73.23,3365.0,7
5364,-71.68,8860.0,7
5701,18.57,42291.0,7
5703,10.03,28013.0,7
5704,-96.8,843.0,7
5905,68.8,167415.0,7
6961,14.56,435626.0,7
7708,9.38,261095.0,7
7723,-20.25,318976.0,7
7757,-0.35,189362.0,7
8077,4.72,81297.0,7
5864,-692.58,-974304.0,7
5878,3.51,75226.0,7
6015,-249.27,-192974.0,7
6016,-448.57,-2015901.0,7
6020,-542.21,-142681.0,7
6021,-77.08,94130.0,7
6023,95.79,513559.0,7
6026,-44.16,45116.0,7
6028,59.59,515132.0,7
1584,-4.93,195477.0,7
2221,38.52,139767.0,7
3284,5.35,66004.0,7
4430,10.16,205483.0,7
4529,549.78,3015.0,7
4541,39.15,194527.0,7
4556,67.43,85038.0,7
5209,-25.01,381127.0,7
5314,149.62,552778.0,7
5345,328.91,2685.0,7
5398,-42.17,12630.0,7
5450,29.42,249747.0,7
5481,-8.51,8602.0,7
5530,2.88,346190.0,7
5604,2.36,13520.0,7
6179,298.43,1097072.0,7
6199,316.34,77561.0,7
6721,-12.57,273850.0,7
6881,-21.84,162570.0,7
6904,0.02,86741.0,7
7777,-229.97,-61900.0,7
8342,-5.19,141198.0,7
8354,12.67,55095.0,7
8401,1.79,130194.0,7
8421,20.98,119474.0,7
8435,31.36,63165.0,7
8489,29.08,163735.0,7
8905,22.26,196152.0,7
8906,-3.7,16012.0,7
8916,4.1,902934.0,7
8921,18.88,58467.0,7
8929,-9.63,49890.0,7
8935,-26.45,31609.0,7
8936,5.81,534947.0,7
8937,125.85,7783.0,7
8942,-3.17,290660.0,7
2926,-0.95,568096.0,7
3064,11.7,6861.0,7
3083,-25.08,27795.0,7
3086,-43.53,8957.0,7
3293,25.85,2228833.0,7
3546,21.94,153989.0,7
3629,972.81,5525.0,7
4806,125.03,11713.0,7
4946,48.12,35160.0,7
5263,87.11,202279.0,7
5478,7.72,552538.0,7
6101,-24.44,99816.0,7
6111,174.74,1149419.0,7
6144,-6.89,12454.0,7
6169,-99.24,23.0,7
6180,-10.22,852478.0,7
6294,-10.44,77984.0,7
6482,-31.73,31671.0,7
6542,18.59,76108.0,7
6596,-87.14,94502.0,7
6856,-3.65,53968.0,7
7584,42.47,97648.0,7
8446,15.8,85752.0,7
8450,2.59,13944.0,7
8923,14.09,33306.0,7
9949,-6.91,9338.0,7
1240,13.25,242511.0,7
4171,32.9,23251.0,7
6508,0.93,84947.0,7
6578,50.44,37717.0,7
3073,1107.88,52881.0,7
3551,25.2,299604.0,7
3713,336.4,62589.0,7
5205,-71.14,605.0,7
5432,32.15,23027.0,7
6624,-82.16,9011.0,7
6692,216.44,106566.0,7
6803,2.28,857407.0,7
6894,69.88,199018.0,7
6971,-25.14,168463.0,7
7715,-13.63,68150.0,7
7820,21.63,33772.0,7
7842,52.3,318783.0,7
8087,133.45,27557.0,7
8171,287.76,80034.0,7
8390,75.62,547848.0,7
8440,17.22,98519.0,7
2640,15.71,292401.0,7
2949,33.09,533608.0,7
3085,29.95,5353.0,7
3687,14.86,167898.0,7
5278,19.42,250132.0,7
5287,-2.6,199085.0,7
5321,-24.96,169731.0,7
6236,-0.27,2562.0,7
6690,8.89,210914.0,7
6763,12.66,157597.0,7
6811,46.78,1122017.0,7
6865,-47.88,16705.0,7
6870,35.81,90325.0,7
6910,-18.44,26682.0,7
6925,-4.58,16158.0,7
6997,41.18,503748.0,7
7547,22.96,37659.0,7
7714,61.06,215366.0,7
7738,9.16,54992.0,7
7747,35.17,153172.0,7
7805,13.58,584171.0,7
7839,4.54,15539.0,7
8044,3.02,2973775.0,7
8472,5.57,48131.0,7
8477,-9.75,27126.0,7
8932,10.66,192123.0,7
1593,13.47,122407.0,7
5348,52.21,26613.0,7
6804,7.56,130618.0,7
7811,9.64,264948.0,7
8924,-38.22,261459.0,7
8928,84.56,304158.0,7
8933,88.09,307950.0,7
8938,15.6,1093307.0,7
9960,-17.1,46662.0,7
2230,19.47,133854.0,7
2916,-7.01,113217.0,7
2937,26.01,472313.0,7
2941,-14.11,67375.0,7
2947,10.88,220460.0,7
2948,4.39,199666.0,7
3067,-19.68,4736.0,7
3171,13.29,218169.0,7
4609,-7.92,12096.0,7
4702,-94.01,402.0,7
5902,16.36,215040.0,7
5903,4.91,10173000.0,7
5904,19.21,2471748.0,7
6195,17.27,198160.0,7
6728,33.58,419284.0,7
6968,15.46,296119.0,7
7782,14.25,59597.0,7
7794,32.47,135765.0,7
8066,-10.76,360345.0,7
8433,9.66,330833.0,7
8941,22.45,247963.0,7
4442,77.01,134896.0,7
1591,64.83,42489.0,7
4139,5.97,90501.0,7
4157,-3.96,2956.0,7
4745,2.63,245525.0,7
6617,63.52,4587.0,7
4966,-4.33,1353309.0,7
4971,39.64,105081.0,7
4991,-6.92,145446.0,7
6907,198.45,402798.0,7
5223,15.38,198835.0,7
3664,7.7,31256.0,7
7717,37.09,109057.0,7
5227,-94.0,1340.0,7
8455,3.14,108143.0,7
5543,0.2,273764.0,7
2726,-13.04,47084.0,7
4804,-96.35,408.0,7
2724,174.55,34185.0,7
4154,197.43,5455.0,7
5276,18.92,103475.0,7
8426,4.54,273465.0,7
8437,43.34,18595.0,7
8444,-60.11,94396.0,7
4924,-15.15,69044.0,7
8423,32.85,35438.0,7
6741,36.4,184496.0,7
2924,-51.97,2949.0,7
6616,-27.65,67331.0,7
6629,99.49,240320.0,7
1101,1.53,13744103.0,7
1102,-7.51,5398231.0,7
1103,-3.78,242322.0,7
1104,15.32,663235.0,7
1108,-13.32,309786.0,7
1109,-20.63,292047.0,7
1110,36.96,261007.0,7
1201,7.62,1991488.0,7
1203,-1.81,431017.0,7
1210,21.49,9639463.0,7
1213,39.79,32555.0,7
1215,8.05,2562688.0,7
1216,8.84,62168637.0,7
1217,3.89,505906.0,7
1218,-36.92,563843.0,7
1219,-20.1,882904.0,7
1220,1.38,279357.0,7
1225,-10.25,903312.0,7
1227,7.74,2077948.0,7
1229,114.98,2104623.0,7
1231,3.53,1184866.0,7
1232,41.52,2488656.0,7
1233,4.05,166958.0,7
1234,2.43,866862.0,7
1235,-33.44,8605.0,7
1236,23.44,167970.0,7
1702,9.35,1864175.0,7
1737,5.19,276992.0,7
3054,92.36,35329.0,7
7780,32.07,197244.0,7
7791,-3.23,265715.0,7
1301,4.77,15293925.0,7
1303,44.53,30572583.0,7
1304,-4.94,3340929.0,7
1305,-24.55,567866.0,7
1307,11.01,1066159.0,7
1308,7.73,501654.0,7
1309,-10.6,1032063.0,7
1310,-14.51,668728.0,7
1312,-5.01,1422114.0,7
1313,-0.78,5091842.0,7
1314,-35.59,1059916.0,7
1315,-4.12,218590.0,7
1321,1.42,297426.0,7
1323,28.98,189518.0,7
1324,6.57,56386.0,7
1325,-0.15,19967.0,7
1326,34.17,31267016.0,7
4306,15.15,1274949.0,7
1402,20.57,23366547.0,7
1409,56.22,4641142.0,7
1410,30.74,18088.0,7
1413,1.89,173552.0,7
1414,-14.62,30089.0,7
1417,-8.08,24710.0,7
1418,4533.33,834.0,7
1419,30.69,429159.0,7
1423,10.14,5951.0,7
1434,-1.53,2152442.0,7
1440,16.29,1300342.0,7
1441,-27.5,89328.0,7
1444,-8.32,517228.0,7
1445,8.63,66134.0,7
1446,-87.65,10920.0,7
1447,21.3,1199980.0,7
1449,133.64,371228.0,7
1451,19.54,670302.0,7
1452,-5.71,113912.0,7
1454,-6.44,118586.0,7
1455,1.65,506492.0,7
1457,-1.64,238975.0,7
1459,5.1,95047.0,7
1460,7.71,517874.0,7
1463,-22.06,19873.0,7
1464,4.09,969593.0,7
1465,-25.74,31816.0,7
1466,7.87,207165.0,7
1467,-5.63,522427.0,7
1468,-40.11,42981.0,7
1470,-5.94,56595.0,7
1473,12.31,663144.0,7
1474,-8.79,223674.0,7
1475,14.96,127357.0,7
1476,23.25,3752424.0,7
1477,7.85,2999331.0,7
4414,25.16,1564975.0,7
4426,34.7,90592.0,7
4438,12.72,2209017.0,7
4440,-42.23,55277.0,7
4441,27.98,990237.0,7
1503,15.09,2971490.0,7
1504,13.81,5528934.0,7
1506,28.28,123620.0,7
1513,3.83,2410391.0,7
1514,6.51,894958.0,7
1515,4.61,434596.0,7
1517,36.33,196093.0,7
1519,-8.31,2049883.0,7
1526,-14.82,60672.0,7
1527,-4.6,281887.0,7
1528,19.66,317995.0,7
1529,-58.59,44186.0,7
1530,28.06,238923.0,7
1531,1.56,140170.0,7
1532,25.31,1245914.0,7
1535,-37.4,672022.0,7
1537,7.07,606200.0,7
1538,-75.5,3385.0,7
1539,-6.47,115130.0,7
1540,-41.21,20417.0,7
1541,-34.1,222307.0,7
1558,25.12,936760.0,7
1560,26.56,886323.0,7
1583,23.93,441308.0,7
1597,47.75,136585.0,7
2049,33.93,2681646.0,7
2371,-14.14,3677894.0,7
3167,152.87,1146916.0,7
4526,57.06,664788.0,7
4532,13.98,1667832.0,7
4540,35.69,306150.0,7
4555,33.77,182883.0,7
4562,-20.69,52576.0,7
4564,30.53,88620.0,7
4566,31.9,554718.0,7
4572,4.78,59549.0,7
4576,60.13,366927.0,7
4583,21.11,311819.0,7
4590,2.38,89566.0,7
6606,39.73,90532.0,7
7750,202.64,2869712.0,7
8222,46.81,91446.0,7
8374,39.76,516799.0,7
8996,57.63,922666.0,7
1603,2.61,504831.0,7
1604,11.02,800422.0,7
1605,10.08,15713997.0,7
1608,42.66,1267960.0,7
1609,11.53,2905704.0,7
1611,-1.57,88821.0,7
1612,7.43,746815.0,7
1614,7.94,511916.0,7
1615,11.51,494555.0,7
1616,4.11,532980.0,7
1617,40.37,419782.0,7
1618,187.03,670446.0,7
1623,14.51,619085.0,7
4930,2.02,528560.0,7
5283,3.42,700359.0,7
1708,24.65,639793.0,7
1709,83.29,1130202.0,7
1710,30.77,2249785.0,7
1711,25.7,781404.0,7
1712,21.54,1571098.0,7
1713,-6.06,33259.0,7
1714,77.38,3330687.0,7
1717,23.86,4092959.0,7
1718,11.17,4902256.0,7
1721,-43.46,99976.0,7
1722,9.75,986349.0,7
1723,46.18,683318.0,7
1725,22.38,856636.0,7
1726,11.55,844085.0,7
1727,32.45,235237.0,7
1730,17.36,214484.0,7
1732,-12.69,50473.0,7
1735,18.02,213751.0,7
1773,33.55,1336524.0,7
1776,5.32,84364.0,7
4720,24.52,365856.0,7
4722,27.2,442668.0,7
4739,128.91,975627.0,7
4755,12.89,407717.0,7
4764,44.06,294229.0,7
4766,20.75,2396727.0,7
4770,47.72,526548.0,7
1707,-5.07,716707.0,7
1720,6.35,597173.0,7
1731,13.82,147474.0,7
1733,30.51,142568.0,7
1734,-2.86,283359.0,7
1752,-6.56,171833.0,7
1760,19.55,173208.0,7
1762,23.22,89767.0,7
1783,-2.62,63763.0,7
1786,0.02,75206.0,7
1789,-7.05,185365.0,7
1795,3.93,2491699.0,7
3164,-12.92,27552.0,7
3705,2.71,719465.0,7
3716,3.52,669823.0,7
4104,18.28,843458.0,7
4106,1.18,220706.0,7
4108,-4.07,11893.0,7
4119,133.15,190796.0,7
4133,-6.03,26309.0,7
4142,28.58,308215.0,7
4155,33.81,152838.0,7
4164,13.62,326529.0,7
4169,6.66,61771.0,7
4195,8.51,52096.0,7
4736,-11.91,376619.0,7
4737,2.38,145718.0,7
4746,3.13,388241.0,7
4771,11.68,314572.0,7
6446,92.58,2507284.0,7
6472,5.76,1901563.0,7
6491,17.41,745591.0,7
6534,22.7,62238.0,7
6589,183.96,211799.0,7
6645,30.44,63149.0,7
6657,24.54,614.0,7
6782,17.2,465679.0,7
6794,-18.81,2425.0,7
6796,79.16,86523.0,7
6838,,0.0,7
6861,63.36,290806.0,7
6885,108.7,839.0,7
6918,20.14,86029.0,7
6919,-100.0,0.0,7
6931,24.47,112392.0,7
6934,-98.44,48.0,7
6936,13.08,145565.0,7
6949,-22.6,2520.0,7
6955,21.32,26370.0,7
7799,-100.0,0.0,7
7803,-39.97,1359.0,7
1802,28.44,4581358.0,7
1806,-22.66,209074.0,7
1809,-9.88,201583.0,7
1810,-3.71,388679.0,7
1817,5.19,234891.0,7
1903,-3.91,11204.0,7
1904,22.82,4255688.0,7
1905,1.47,1519667.0,7
1906,102.2,337926.0,7
1907,7.28,6450570.0,7
1909,20.32,4324449.0,7
6790,-7.88,841005.0,7
2002,21.84,29719695.0,7
2006,13.89,5196912.0,7
2007,9.55,457987.0,7
2008,3.68,159159.0,7
2009,21.41,345877.0,7
2010,-0.94,2093876.0,7
2012,-2.15,647377.0,7
2013,11.07,1757640.0,7
2014,17.19,1250747.0,7
2015,5.44,2472383.0,7
2017,-20.3,180742.0,7
2020,-62.27,284045.0,7
2022,19.23,903166.0,7
2023,10.98,5722528.0,7
2024,20.66,100086.0,7
2025,200.77,112761.0,7
2027,46.11,12618274.0,7
2028,12.83,665890.0,7
2029,30.25,1022366.0,7
2030,41.19,1078093.0,7
2031,37.56,1765571.0,7
2032,0.94,263658.0,7
2033,-16.47,53100.0,7
2034,41.22,1354182.0,7
2038,-1.43,608290.0,7
2069,-3.84,796947.0,7
2211,38.29,1458678.0,7
3004,53.03,494286.0,7
5007,-1.76,537219.0,7
9958,91.16,1931466.0,7
2101,43.08,1211182.0,7
2102,2.52,22187.0,7
2103,32.52,3641846.0,7
2104,-3.09,1546688.0,7
2105,12.39,8595349.0,7
2106,28.22,3237190.0,7
2107,18.24,122411.0,7
2108,32.74,1028039.0,7
2109,24.39,454629.0,7
2114,8.16,142852.0,7
6582,-31.81,42498.0,7
1319,22.65,2035775.0,7
1339,1.88,141514.0,7
1512,-12.61,74442.0,7
1521,-5.26,301739.0,7
1522,5.72,2356530.0,7
1524,11.18,226339.0,7
1525,18.45,125585.0,7
1533,28.2,385966.0,7
1536,9.59,439713.0,7
1563,11.93,650057.0,7
1568,18.19,94387.0,7
1587,-0.78,237679.0,7
2201,-3.91,5943538.0,7
2204,13.63,2878948.0,7
2206,-5.94,5407346.0,7
2207,15.89,30043601.0,7
2227,2.49,1228457.0,7
2228,-0.54,432522.0,7
2231,-13.16,248852.0,7
2233,-0.12,281958.0,7
2237,73.35,250888.0,7
2241,42.05,80051.0,7
2247,-1.35,4128800.0,7
2254,-89.33,3224.0,7
2258,113.29,597565.0,7
2497,16.54,534152.0,7
3346,-13.46,606827.0,7
3717,,513299.0,7
4551,23.11,824857.0,7
6605,24.27,1728233.0,7
6988,-17.35,54107.0,7
7732,-14.56,56615.0,7
7736,-30.98,96399.0,7
7821,45.09,1051004.0,7
2302,81.16,122214.0,7
2303,18.98,23844045.0,7
2329,1.84,1790428.0,7
2330,44.68,467580548.0,7
2337,180.47,7724730.0,7
2338,4.41,505327.0,7
2340,2.17,394291.0,7
2342,11.2,183537.0,7
2344,291.54,26773179.0,7
2351,54.0,1328046.0,7
2363,72.07,404550.0,7
2369,34.21,641835.0,7
2379,32.53,12895149.0,7
2388,43.29,1135921.0,7
2401,37.58,745822.0,7
2408,719.61,43867609.0,7
2434,-17.44,3526.0,7
2436,42.92,403610.0,7
2441,41.65,1998127.0,7
2449,36.74,3990702.0,7
2451,307.65,5195090.0,7
2454,12.15,48474930.0,7
2458,-13.21,878267.0,7
2481,30.97,1447660.0,7
3006,491.06,6784662.0,7
3014,8.76,642451.0,7
3016,51.43,482058.0,7
3034,26.79,10296332.0,7
3035,9.96,1062105.0,7
3041,270.58,184990.0,7
3094,32.13,21836.0,7
3135,204.32,1967120.0,7
3150,4.22,31745.0,7
3189,35.85,4548833.0,7
3257,-38.0,62449.0,7
3413,30.06,2162154.0,7
3443,158.38,5769170.0,7
3450,98.0,1218533.0,7
3530,32.48,172444.0,7
3532,28.77,1303041.0,7
3545,-14.26,910914.0,7
3583,6.58,973288.0,7
3588,48.0,153552.0,7
3592,13.97,2100048.0,7
3686,-0.52,7950.0,7
3711,43.15,73783701.0,7
4919,7.92,2566187.0,7
4952,47.3,250485.0,7
4961,32.91,1967297.0,7
4967,98.74,2544932.0,7
4968,-1.62,320015.0,7
5222,-18.09,65810.0,7
5236,-1.49,180850.0,7
5269,-37.99,783204.0,7
5285,27.23,604625.0,7
5471,37.73,315750.0,7
6202,40.77,365463.0,7
6239,29.37,8270133.0,7
6243,-42.29,31860.0,7
6257,26.61,2014186.0,7
6271,22.42,1130269.0,7
6515,155.57,1600351.0,7
6526,17.43,2288868.0,7
6531,144.57,1103906.0,7
6533,22.24,120282.0,7
6552,-23.16,89104.0,7
6695,10.86,101641.0,7
6719,-15.46,304063.0,7
6756,70.68,177234.0,7
6770,70.54,6668883.0,7
6789,24.63,914690.0,7
6799,15.91,88603.0,7
6909,-12.81,30496.0,7
6921,34.37,11028.0,7
6937,61.61,207467.0,7
7730,44.03,34916.0,7
7768,2.69,181782.0,7
7769,100.82,5245898.0,7
7822,63.39,273081.0,7
8016,34.48,2035657.0,7
8028,36.52,514661.0,7
8081,10.01,838544.0,7
8110,18.5,687852.0,7
8131,28.82,1087504.0,7
8150,43.59,2823014.0,7
8162,3.76,126131.0,7
8261,10.26,292761.0,7
8271,164.99,2791191.0,7
2301,37.6,19005536.0,7
2305,197.79,178558.0,7
2324,38.25,81005761.0,7
2331,-13.42,1554400.0,7
2352,4.13,18193769.0,7
2353,21.93,26903988.0,7
2356,65.72,90190327.0,7
2357,53.32,84131254.0,7
2362,-8.05,1817329.0,7
2364,51.51,189703.0,7
2365,21.83,111160.0,7
2376,59.67,44213037.0,7
2377,-0.01,19342388.0,7
2380,-11.7,199374.0,7
2382,131.31,366274080.0,7
2387,-27.11,1246972.0,7
2395,87.57,11272216.0,7
2397,51.27,1284852.0,7
2399,10.72,192758.0,7
2405,21.94,165225.0,7
2417,18.92,325100.0,7
2425,143.6,1909626.0,7
2432,87.1,489165.0,7
2465,280.87,1070629.0,7
2495,64.23,149804.0,7
3002,21.79,84744.0,7
3005,16.14,3623371.0,7
3013,32.13,824611.0,7
3017,57.39,18590152.0,7
3022,73.91,1009708.0,7
3046,51.65,950946.0,7
3057,52.34,72438.0,7
3060,36.44,385721.0,7
3231,60.76,308219198.0,7
3416,22.56,472718.0,7
3494,4.46,97141.0,7
3515,131.34,6610427.0,7
3652,15.61,253924.0,7
3701,6.71,883895.0,7
3706,49.73,12833645.0,7
3712,79.84,3356888.0,7
4916,128.94,520554.0,7
4938,11.55,86015154.0,7
5258,26.88,861104.0,7
6117,-9.06,275053.0,7
6128,0.28,438942.0,7
6166,38.15,1426503.0,7
6206,38.18,568481.0,7
6230,-0.33,788510.0,7
6235,1.92,550108.0,7
6277,30.9,476641.0,7
6414,55.06,16400623.0,7
6579,28.15,913921.0,7
6669,39.22,117685530.0,7
6831,31.24,553187.0,7
6928,18.26,182096.0,7
7711,286.16,5143796.0,7
8114,41.36,1967455.0,7
8163,16.17,2529227.0,7
8210,41.51,2462300.0,7
9912,4.31,37718.0,7
2323,2.87,644798.0,7
2349,-10.44,735585.0,7
2374,64.11,1159684.0,7
2393,17.43,1974254.0,7
2406,66.12,997619.0,7
2409,-2.64,20370071.0,7
2426,36.31,255443.0,7
2429,-31.54,34749.0,7
2438,185.56,137900.0,7
2466,-9.82,194036.0,7
2486,42.51,739794.0,7
2489,32.24,2690629.0,7
2491,6.54,16284.0,7
3008,-10.65,4877118.0,7
3019,14.8,2467266.0,7
3024,-6.74,113710.0,7
3031,44.13,123461.0,7
3038,-2.13,256362.0,7
3049,-70.79,30713.0,7
3050,2.69,99665.0,7
3051,23.22,184034.0,7
3059,4.71,793357.0,7
3149,24.12,213946.0,7
3168,40.46,368967.0,7
3356,35.52,103530.0,7
3406,1.62,2422368.0,7
3437,-2.94,109941.0,7
3481,-1.94,18890249.0,7
3504,25.84,266608.0,7
3535,1057.56,52322.0,7
3543,10.42,291108.0,7
3563,31.84,359659.0,7
3576,72.74,307968.0,7
3591,28.53,269503.0,7
3622,-6.02,143912.0,7
3714,24.91,2388026.0,7
4934,163.87,16682.0,7
4942,-9.74,450623.0,7
4949,98.63,364461.0,7
4956,0.74,120161.0,7
4960,-12.74,642565.0,7
4976,9.49,96973.0,7
5234,11.51,447398.0,7
5244,31.6,89866.0,7
5484,39.82,51112.0,7
6116,-3.13,871970.0,7
6120,-13.71,1000780.0,7
6164,56.05,65687.0,7
6168,12.75,205558.0,7
6176,-9.47,3760675.0,7
6209,93.15,524235.0,7
6225,112.91,2753.0,7
6226,21.5,60059.0,7
6278,12.18,4667997.0,7
6405,-100.0,0.0,7
6443,-1.66,67526.0,7
6477,-26.88,63694.0,7
6668,17.86,107699.0,7
6706,89.25,66265.0,7
6742,-20.93,30742.0,7
6916,47.21,253725.0,7
8104,-39.11,315340.0,7
8105,11.87,709302.0,7
8215,11.38,1663844.0,7
2314,-32.23,78392.0,7
2321,8.46,63646.0,7
2332,4.68,1155984.0,7
2345,71.68,39472637.0,7
2412,3.68,19884860.0,7
2419,-3.84,664742.0,7
2424,2.67,12147.0,7
2439,-0.28,3647858.0,7
2444,-5.36,81521.0,7
2450,13.06,2696323.0,7
2455,45.11,422106.0,7
2485,133.36,311758.0,7
2498,21.2,178710.0,7
3025,2.31,32084.0,7
3027,-40.4,88569.0,7
3045,7.14,16171068.0,7
3047,-6.17,244283.0,7
3062,5.12,362278.0,7
3138,-8.68,139577.0,7
3311,25.68,234539.0,7
3380,-2.14,1742978.0,7
3419,11.91,180060.0,7
3447,-35.21,199928.0,7
3596,7.73,4846705.0,7
3669,15.3,230577.0,7
3694,-21.76,842256.0,7
3704,-11.75,1916606.0,7
4904,14.86,9252373.0,7
4906,32.24,1549932.0,7
5388,51.3,7979722.0,7
6136,27.05,62782.0,7
6142,-13.28,166423.0,7
6152,156.08,302252.0,7
6216,7.02,63389.0,7
6285,89.81,16912812.0,7
6416,73.5,451310.0,7
6426,52.7,78293.0,7
6442,49.25,1229355.0,7
6674,-2.27,49214.0,7
6792,6.68,134601.0,7
7689,20.43,520159.0,7
8011,-31.33,127460.0,7
8045,-0.39,138605.0,7
8101,36.16,46216.0,7
1471,-42.16,8754.0,7
1582,22.47,868532.0,7
2059,355.52,6407256.0,7
2308,47.74,67073192.0,7
2313,16.0,6955176.0,7
2316,74.43,510275.0,7
2327,51.51,16131188.0,7
2328,16.37,2049542.0,7
2355,15.9,1472569.0,7
2367,24.95,1631312.0,7
2368,77.38,10014527.0,7
2375,37.91,621019.0,7
2383,129.4,19206698.0,7
2385,-12.23,7056988.0,7
2392,32.78,8941317.0,7
2402,24.01,1166674.0,7
2413,19.79,356396.0,7
2415,8.32,221741.0,7
2420,18.58,237960.0,7
2421,31.65,2119438.0,7
2428,48.36,979022.0,7
2431,-62.18,12297.0,7
2440,46.93,397352.0,7
2457,-12.57,870492.0,7
2460,71.21,432492.0,7
2462,3.59,373007.0,7
2467,132.72,1167511.0,7
2472,36.23,1327811.0,7
2476,54.39,970526.0,7
2478,47.48,660883.0,7
2483,37.18,201159.0,7
2484,7.1,235587.0,7
2492,41.95,4443982.0,7
2493,25.92,397828.0,7
3003,92.98,657875.0,7
3011,-25.29,41063.0,7
3015,-4.06,1146761.0,7
3021,-4.97,258801.0,7
3023,28.97,3167179.0,7
3026,37.04,1500937.0,7
3032,-1.69,1123201.0,7
3037,43.69,16253637.0,7
3042,22.91,1365597.0,7
3044,56.54,9821875.0,7
3058,28.0,302000.0,7
3090,66.62,2095232.0,7
3092,2.34,129323.0,7
3229,76.76,144608.0,7
3296,42.87,172487.0,7
3308,-6.85,516.0,7
3321,28.7,259529.0,7
3338,39.6,406479.0,7
3376,-10.25,811285.0,7
3432,24.98,23555.0,7
3501,14.86,506773.0,7
3533,18.6,3368915.0,7
3550,38.32,412542.0,7
3593,-29.83,60838.0,7
3605,29.8,1154175.0,7
3607,4.59,251098.0,7
3645,-32.57,140604.0,7
3653,90.95,3213171.0,7
3679,18.38,420332.0,7
3715,69.65,2531248.0,7
4545,-5.97,205337.0,7
4915,9.33,5857293.0,7
4989,105.41,339461.0,7
4999,-5.68,149039.0,7
5469,24.08,6589531.0,7
6108,63.19,654851.0,7
6115,11.91,745570.0,7
6133,7.6,135321.0,7
6141,79.49,254902.0,7
6153,20.6,565587.0,7
6155,22.67,64573.0,7
6191,18.96,3919950.0,7
6197,15.28,834706.0,7
6205,14.17,131228.0,7
6213,96.87,4749174.0,7
6224,43.79,317937.0,7
6269,3.96,2045178.0,7
6272,-18.2,309717.0,7
6282,42.45,3263384.0,7
6412,-12.99,2531200.0,7
6449,34.77,505817.0,7
6715,23.34,154589.0,7
6805,17.06,1360035.0,7
6834,88.24,242978.0,7
6835,-8.78,213810.0,7
7788,99.38,986396.0,7
7795,61.0,183826.0,7
8039,-6.06,847235.0,7
8046,50.24,5439751.0,7
8103,34.29,395463.0,7
8213,38.39,2189059.0,7
8249,45.21,345531.0,7
2347,126.87,72339062.0,7
2414,25.35,3225267.0,7
2430,3.14,1593343.0,7
3010,31.44,8540313.0,7
3028,117.58,7334078.0,7
3033,78.71,14411289.0,7
3036,94.85,182965655.0,7
3048,54.59,13745878.0,7
3055,173.49,41697.0,7
3209,47.9,6601728.0,7
3312,40.69,2603514.0,7
3528,62.59,1207978.0,7
3702,90.83,146095597.0,7
5434,42.61,8173773.0,7
6189,5.87,2781576.0,7
6281,4.3,1930675.0,7
6776,-2.15,3484758.0,7
6908,1.99,410451.0,7
8070,33.63,2232043.0,7
8072,-0.1,110590.0,7
8112,333.48,76873576.0,7
2427,31.47,384621.0,7
2453,5.29,587363.0,7
2468,15.69,174485.0,7
2471,6.66,84322.0,7
2480,22.35,813206.0,7
3029,59.17,3242008.0,7
4994,-28.74,89539.0,7
5203,-16.18,174346.0,7
6112,15.95,2221632.0,7
6183,42.51,346726.0,7
6214,31.81,4744529.0,7
2312,49.23,16022648.0,7
2317,54.18,946512543.0,7
2354,37.45,21422430.0,7
2359,36.32,411460.0,7
2360,175.25,5434240.0,7
2373,-3.52,931455.0,7
2390,6.68,60061.0,7
2404,63.77,9945328.0,7
2423,17.45,281182.0,7
2433,2.08,235142.0,7
2459,18.39,510199.0,7
2461,0.34,479333.0,7
2464,62.1,862979.0,7
2474,-34.28,1056467.0,7
2477,34.11,302621.0,7
2482,-27.09,38134.0,7
2488,58.17,377191.0,7
3018,-75.99,12052.0,7
3030,38.18,1033409.0,7
3043,42.49,107497.0,7
3305,59.23,1413913.0,7
3518,-16.27,23271.0,7
3617,13.58,1247424.0,7
4585,23.82,142491.0,7
4588,83.88,143991.0,7
6139,62.28,10928616.0,7
6192,53.76,916547.0,7
6196,101.35,7518568.0,7
6201,-6.97,327231.0,7
6215,37.19,378154.0,7
6283,-35.4,156347.0,7
6409,25.8,2013975.0,7
6438,5.38,638075.0,7
6558,-40.46,63265.0,7
6658,128.19,198794.0,7
6691,177.05,4763774.0,7
6698,-37.77,69224.0,7
6722,-5.77,378669.0,7
6743,50.23,791712.0,7
6830,26.14,240751.0,7
7631,128.15,166857.0,7
8021,102.55,730488.0,7
8201,-19.18,34200.0,7
2616,19.07,791533.0,7
6505,32.34,74820787.0,7
8926,1459.05,6147340.0,7
9908,3.58,263638.0,7
9918,5.51,137888.0,7
9926,-0.92,182030.0,7
9931,14.26,155550.0,7
9937,12.17,2063843.0,7
1316,102.03,695494.0,7
1436,-93.98,88560.0,7
1438,,39787.0,7
1439,-85.15,22489.0,7
1442,11.41,271346.0,7
1453,-14.51,106.0,7
1456,-18.12,90897.0,7
1472,16.56,360176.0,7
1805,0.87,115.0,7
1808,3460.15,1101405.0,7
2442,233.93,47983.0,7
2501,119.67,2481445.0,7
2504,-4.67,1752096.0,7
2505,-66.18,257522.0,7
2506,-57.06,89279.0,7
2509,5220.18,1074517.0,7
2511,-15.81,661057.0,7
2515,-12.29,1547226.0,7
2516,-7.43,707012.0,7
2520,-4.46,1761630.0,7
2524,226.19,492010.0,7
2527,30.48,166277.0,7
2528,-33.22,1365498.0,7
2530,-99.95,842.0,7
2534,4.68,133490.0,7
2535,20.62,2404520.0,7
2536,-95.1,14869.0,7
2537,-13.1,57492.0,7
2538,13.77,21827.0,7
2539,-15.43,527905.0,7
2540,7.03,1092561.0,7
2542,196.58,4808113.0,7
2543,93.82,1766665.0,7
2545,456.77,1193449.0,7
2546,5.51,1854655.0,7
2547,152.25,1221328.0,7
2548,-91.04,74491.0,7
2597,3.12,2790679.0,7
3052,35.86,404978.0,7
3056,10.39,63355.0,7
3266,163.09,177536.0,7
3703,-9.88,2336895.0,7
5515,30.84,697885.0,7
5519,-92.03,111792.0,7
5521,2.95,795349.0,7
5522,189.24,3552998.0,7
5525,1384.25,460075.0,7
5531,4.39,63049.0,7
5533,-21.24,55157.0,7
5534,269.79,906787.0,7
6177,470.04,1101399.0,7
9906,44.88,54944.0,7
9946,1180.82,44893.0,7
2208,20.16,1491536.0,7
2601,-53.32,146573.0,7
2603,43.07,48079100.0,7
2605,36.26,478915.0,7
2606,26.33,1764365.0,7
2607,40.6,2024250.0,7
2608,-2.21,1116135.0,7
2609,34.56,20836075.0,7
2610,25.33,22234995.0,7
2611,-6.86,49501.0,7
2612,18.29,480742.0,7
2613,6.3,309190.0,7
2615,50.12,18639594.0,7
2617,34.09,454515.0,7
2618,21.41,22453631.0,7
2630,-27.4,347368.0,7
2633,4.27,4573616.0,7
2634,19.98,3196727.0,7
2636,62.84,2812690.0,7
2642,-19.49,259457.0,7
2645,18.48,1722583.0,7
2646,42.79,5728856.0,7
5607,38.03,514899.0,7
5608,44.34,362125.0,7
6753,42.26,519142.0,7
6757,27.22,1770079.0,7
8367,13.32,316908.0,7
2701,-11.0,20861.0,7
2702,21.91,147632.0,7
2704,13.29,109890.0,7
2705,8.36,187880.0,7
2706,0.08,28289.0,7
2707,6.39,525069.0,7
2712,9.96,68935.0,7
2722,15.8,72998.0,7
2727,15.19,2102895.0,7
2731,13.4,2964348.0,7
2739,6.27,381227.0,7
2748,-3.47,169784.0,7
2753,10.39,806310.0,7
5706,13.65,301552.0,7
7705,-4.65,554451.0,7
7760,-14.11,84782.0,7
8940,6.59,77744.0,7
9943,1.69,193656.0,7
2801,7.11,4787242.0,7
2812,1.56,1830179.0,7
2816,-24.38,1019441.0,7
2820,-4.22,313382.0,7
2832,-5.12,984968.0,7
2834,17.99,3624795.0,7
2836,30.28,575211.0,7
2838,-22.03,1362136.0,7
2845,5.43,1281112.0,7
2849,11.12,545720.0,7
2851,-33.45,918369.0,7
2852,16.17,919254.0,7
2855,19.6,1689247.0,7
2867,-116.95,-2001948.0,7
2880,6.47,7755428.0,7
2881,-79.15,10661000.0,7
2882,-69.7,25135906.0,7
2884,4.74,8761315.0,7
2885,78.98,17560416.0,7
2886,4.11,8644030.0,7
2887,-15.63,18052275.0,7
2889,16.11,1111445.0,7
2890,51.29,9954051.0,7
2891,-18.42,18046269.0,7
2892,2.36,7765813.0,7
2897,17.35,1144689.0,7
5876,19.61,5216480.0,7
5880,20.43,7009749.0,7
6005,25.09,2046056.0,7
6024,81.0,410756.0,7
2901,2.61,11008.0,7
2903,-1.68,2417480.0,7
2905,-94.41,795921.0,7
2906,8.41,786740.0,7
2908,-14.76,2574895.0,7
2910,-0.02,42927.0,7
2911,-5.35,145172.0,7
2912,8.47,32199895.0,7
2913,-13.75,29297.0,7
2915,-18.52,139480.0,7
2945,42.14,1804636.0,7
8443,-6.98,74291.0,7
2072,105.65,1571712.0,7
3708,100.18,133276.0,7
4582,34.45,105327.0,7
5292,2.5,278768.0,7
6581,-50.52,90260.0,7
6771,-3.46,52005.0,7
6869,-21.98,580791.0,7
6873,-8.64,267181.0,7
6923,14.84,109179.0,7
6944,29.31,1799012.0,7
6947,46.44,180365.0,7
6951,23.36,83163.0,7
6969,-6.51,22733.0,7
6994,63.37,208877.0,7
7610,721.99,970895.0,7
7740,1528.78,924253.0,7
7786,22.66,1502904.0,7
7818,13.37,1099845.0,7
8341,17.54,373255.0,7
8422,59.86,572858.0,7
8438,47.95,474642.0,7
8473,42.17,441261.0,7
8476,-96.03,3007.0,7
9930,11.93,1197342.0,7
9955,-5.61,110805.0,7
3130,12.44,274714.0,7
6165,6.32,276543.0,7
6614,4.45,426845.0,7
6689,42.23,1333176.0,7
6902,30.83,109746.0,7
6906,14.73,23473.0,7
7721,67.15,62569.0,7
7722,13.17,724749.0,7
7765,9.37,210487.0,7
7835,40.96,26539.0,7
8454,5.22,8554761.0,7
8487,207.48,272891.0,7
1432,-40.61,70081.0,7
1598,5.8,477072.0,7
1736,35.79,4580338.0,7
4536,20.38,1022962.0,7
5306,27.06,492714.0,7
6670,25.08,2365928.0,7
8462,18.27,625939.0,7
8478,35.73,382395.0,7
9904,-0.64,19563446.0,7
9910,1.0,7394317.0,7
9914,-1.07,2456589.0,7
9921,12.74,5758164.0,7
2062,7.17,564590.0,7
3557,1.46,210515.0,7
6754,-13.12,312441.0,7
8464,16.43,3004077.0,7
9911,9.67,910863.0,7
9924,0.16,758783.0,7
9934,7.75,1483960.0,7
9935,9.49,474552.0,7
1342,76.92,337627.0,7
1416,74.24,44583.0,7
1435,0.0,499.0,7
1437,-34.01,107578.0,7
1443,-5.16,79430.0,7
1516,59.83,7546.0,7
2348,982.24,2077742.0,7
2496,-2.71,72277.0,7
2514,-17.32,1536521.0,7
2614,3.55,463540.0,7
2904,-16.18,33514.0,7
3040,7.61,10652.0,7
6184,-0.49,176222.0,7
6464,-8.37,344675.0,7
6504,0.67,518357.0,7
6585,50.26,294717.0,7
6592,-3.14,1901386.0,7
6625,26.52,375941.0,7
6655,32.72,306978.0,7
6901,-890.61,-926908.0,7
6914,9.95,507344.0,7
6952,17.38,202940.0,7
6958,-7.67,841128.0,7
7855,7.01,2702766.0,7
8033,-9.47,118213.0,7
8463,-8.1,573267.0,7
8481,14.1,112653.0,7
9902,-8.64,2188.0,7
9905,45.36,1114568.0,7
9907,-1.73,3747356.0,7
9917,4.93,1617699.0,7
9919,-12.74,223463.0,7
9925,2.0,687064.0,7
9927,62.5,997907.0,7
9928,4.65,72219.0,7
9929,22.75,67778.0,7
9933,-0.71,6501128.0,7
9938,15.99,1477652.0,7
9939,-1.0,2797806.0,7
9940,20.31,869527.0,7
9941,2.26,3438274.0,7
9942,11.0,392871.0,7
9944,15.46,194329.0,7
9945,2.0,3321019.0,7
1256,21.98,619291.0,7
1337,-1.82,50904.0,7
1340,138.88,7274.0,7
1341,22.54,265664.0,7
4439,32.65,813719.0,7
1589,2.25,728061.0,7
1590,50.77,3994281.0,7
4552,-12.87,257472.0,7
4560,30.4,170192.0,7
4571,36.12,327187.0,7
5288,52.8,850522.0,7
1626,8.37,672217.0,7
4763,32.05,1058745.0,7
4137,2.76,318557.0,7
4148,39.34,352962.0,7
4178,13.67,32419.0,7
4190,-7.67,157247.0,7
6431,101.67,35744.0,7
6541,218.62,53787.0,7
6550,-211.66,-3571.0,7
6598,10.68,45954.0,7
6666,12.5,94649.0,7
7827,,18120.0,7
5538,27.39,1326220.0,7
1338,-16.7,370408.0,7
2115,29.74,320318.0,7
2236,64.73,1238220.0,7
2239,-20.61,1326447.0,7
2243,-8.56,108679.0,7
2248,59.37,232376.0,7
2250,-1.13,285419.0,7
4557,6.91,336993.0,7
4569,5.89,180365.0,7
4581,6.98,98908.0,7
3661,181.78,7433152.0,7
6415,58.54,2356843.0,7
6451,7.42,777120.0,7
6525,31.99,614164.0,7
6573,5.89,76139.0,7
6854,-46.73,56856.0,7
6962,23.91,1930875.0,7
7749,42.66,208120.0,7
5215,20.08,292334.0,7
6591,-40.7,80249.0,7
6933,197.35,1439432.0,7
3673,16.66,6394077.0,7
4935,-21.59,372690.0,7
5243,48.09,1271880.0,7
6456,-24.67,4081086.0,7
4977,136.63,181218.0,7
6863,116.15,566039.0,7
4912,66.35,730490.0,7
4927,17.91,1187574.0,7
4943,62.11,204374.0,7
4958,31.81,17600546.0,7
6672,90.82,665315.0,7
6781,28.23,1723107.0,7
6862,27.85,192079.0,7
6924,25.83,185160.0,7
3665,59.59,9630165.0,7
5225,11.17,1121521.0,7
8499,135.89,376778.0,7
2923,75.3,638897.0,7
5546,4.87,155919.0,7
2637,56.21,2097738.0,7
2723,-0.52,1385948.0,7
2929,46.23,165598.0,7
2939,105.39,14390.0,7
4807,38.71,242998.0,7
5906,-0.14,132645.0,7
5907,15.87,202420.0,7
8429,21.46,12759.0,7
6641,11.68,168213.0,7
6887,35.54,297141.0,7
7823,3.11,30332.0,7
2762,7.92,988697.0,7
6768,6.63,1451831.0,7
6890,8.05,3086835.0,7
6965,3.29,1869153.0,7
8467,26.92,293859.0,7
9802,30.86,2144170.0,7
6671,0.92,150410.0,7
6807,38.24,380974.0,7
8482,-1.19,301311.0,7
5284,35.27,420741.0,7
5871,6.82,8463270.0,7
6957,-47.54,221321.0,7
8404,19.15,718355.0,7
8411,28.16,981754.0,7
8442,12.99,855073.0,7
8466,-21.61,235598.0,7
8488,38.7,316874.0,7
9105,67.94,13956638.0,7
912000,-18.25,72381.0,7
